state,period,period_type,months_since_launch,variable,value,unit,source_name,source_url,access_date,notes
MN,2026-02,month,5,total_sales_usd_adult_use,10000000,usd,OCM Cannabis Market Monitor (Power BI),https://app.powerbigov.us/view?r=eyJrIjoiMjdiYTg2NGMtN2U0Zi00YTZjLThmZmMtM2M5NjllMjNmMjYwIiwidCI6ImViMTRiMDQ2LTI0YzQtNDUxOS04ZjI2LWI4OWMyMTU5ODI4YyJ9,2026-09-23,"Data label on 'Total market sales' stacked bar, rounded by dashboard to nearest $1M (true value within +/- $0.5M). Retail Sales tab shows only Feb-Jul 2026. Transcribed from author-supplied dashboard screenshot captured 2026-09-23 (agent could not render Power BI)."
MN,2026-03,month,6,total_sales_usd_adult_use,13000000,usd,OCM Cannabis Market Monitor (Power BI),https://app.powerbigov.us/view?r=eyJrIjoiMjdiYTg2NGMtN2U0Zi00YTZjLThmZmMtM2M5NjllMjNmMjYwIiwidCI6ImViMTRiMDQ2LTI0YzQtNDUxOS04ZjI2LWI4OWMyMTU5ODI4YyJ9,2026-09-23,"Data label on 'Total market sales' stacked bar, rounded by dashboard to nearest $1M (true value within +/- $0.5M). Retail Sales tab shows only Feb-Jul 2026. Transcribed from author-supplied dashboard screenshot captured 2026-09-23 (agent could not render Power BI)."
MN,2026-04,month,7,total_sales_usd_adult_use,14000000,usd,OCM Cannabis Market Monitor (Power BI),https://app.powerbigov.us/view?r=eyJrIjoiMjdiYTg2NGMtN2U0Zi00YTZjLThmZmMtM2M5NjllMjNmMjYwIiwidCI6ImViMTRiMDQ2LTI0YzQtNDUxOS04ZjI2LWI4OWMyMTU5ODI4YyJ9,2026-09-23,"Data label on 'Total market sales' stacked bar, rounded by dashboard to nearest $1M (true value within +/- $0.5M). Retail Sales tab shows only Feb-Jul 2026. Transcribed from author-supplied dashboard screenshot captured 2026-09-23 (agent could not render Power BI)."
MN,2026-05,month,8,total_sales_usd_adult_use,17000000,usd,OCM Cannabis Market Monitor (Power BI),https://app.powerbigov.us/view?r=eyJrIjoiMjdiYTg2NGMtN2U0Zi00YTZjLThmZmMtM2M5NjllMjNmMjYwIiwidCI6ImViMTRiMDQ2LTI0YzQtNDUxOS04ZjI2LWI4OWMyMTU5ODI4YyJ9,2026-09-23,"Data label on 'Total market sales' stacked bar, rounded by dashboard to nearest $1M (true value within +/- $0.5M). Retail Sales tab shows only Feb-Jul 2026. Transcribed from author-supplied dashboard screenshot captured 2026-09-23 (agent could not render Power BI)."
MN,2026-06,month,9,total_sales_usd_adult_use,17000000,usd,OCM Cannabis Market Monitor (Power BI),https://app.powerbigov.us/view?r=eyJrIjoiMjdiYTg2NGMtN2U0Zi00YTZjLThmZmMtM2M5NjllMjNmMjYwIiwidCI6ImViMTRiMDQ2LTI0YzQtNDUxOS04ZjI2LWI4OWMyMTU5ODI4YyJ9,2026-09-23,"Data label on 'Total market sales' stacked bar, rounded by dashboard to nearest $1M (true value within +/- $0.5M). Retail Sales tab shows only Feb-Jul 2026. Transcribed from author-supplied dashboard screenshot captured 2026-09-23 (agent could not render Power BI)."
MN,2026-07,month,10,total_sales_usd_adult_use,18000000,usd,OCM Cannabis Market Monitor (Power BI),https://app.powerbigov.us/view?r=eyJrIjoiMjdiYTg2NGMtN2U0Zi00YTZjLThmZmMtM2M5NjllMjNmMjYwIiwidCI6ImViMTRiMDQ2LTI0YzQtNDUxOS04ZjI2LWI4OWMyMTU5ODI4YyJ9,2026-09-23,"Data label on 'Total market sales' stacked bar, rounded by dashboard to nearest $1M (true value within +/- $0.5M). Retail Sales tab shows only Feb-Jul 2026. Transcribed from author-supplied dashboard screenshot captured 2026-09-23 (agent could not render Power BI)."
MN,2024-01,month,-20,total_sales_usd_medical,6300000,usd,OCM Cannabis Market Monitor (Power BI),https://app.powerbigov.us/view?r=eyJrIjoiMjdiYTg2NGMtN2U0Zi00YTZjLThmZmMtM2M5NjllMjNmMjYwIiwidCI6ImViMTRiMDQ2LTI0YzQtNDUxOS04ZjI2LWI4OWMyMTU5ODI4YyJ9,2026-09-23,"CHART_READ from 'Year-over-year comparison of medical cannabis sales' line chart; precision +/- $0.25M. 2026 values agree with the stacked-bar medical labels (9,9,10,9,9,10 $M Feb-Jul). Pre-2025-09 values are the medical-only program (two manufacturers). Transcribed from author-supplied dashboard screenshot captured 2026-09-23 (agent could not render Power BI)."
MN,2024-02,month,-19,total_sales_usd_medical,6450000,usd,OCM Cannabis Market Monitor (Power BI),https://app.powerbigov.us/view?r=eyJrIjoiMjdiYTg2NGMtN2U0Zi00YTZjLThmZmMtM2M5NjllMjNmMjYwIiwidCI6ImViMTRiMDQ2LTI0YzQtNDUxOS04ZjI2LWI4OWMyMTU5ODI4YyJ9,2026-09-23,"CHART_READ from 'Year-over-year comparison of medical cannabis sales' line chart; precision +/- $0.25M. 2026 values agree with the stacked-bar medical labels (9,9,10,9,9,10 $M Feb-Jul). Pre-2025-09 values are the medical-only program (two manufacturers). Transcribed from author-supplied dashboard screenshot captured 2026-09-23 (agent could not render Power BI)."
MN,2024-03,month,-18,total_sales_usd_medical,7100000,usd,OCM Cannabis Market Monitor (Power BI),https://app.powerbigov.us/view?r=eyJrIjoiMjdiYTg2NGMtN2U0Zi00YTZjLThmZmMtM2M5NjllMjNmMjYwIiwidCI6ImViMTRiMDQ2LTI0YzQtNDUxOS04ZjI2LWI4OWMyMTU5ODI4YyJ9,2026-09-23,"CHART_READ from 'Year-over-year comparison of medical cannabis sales' line chart; precision +/- $0.25M. 2026 values agree with the stacked-bar medical labels (9,9,10,9,9,10 $M Feb-Jul). Pre-2025-09 values are the medical-only program (two manufacturers). Transcribed from author-supplied dashboard screenshot captured 2026-09-23 (agent could not render Power BI)."
MN,2024-04,month,-17,total_sales_usd_medical,7050000,usd,OCM Cannabis Market Monitor (Power BI),https://app.powerbigov.us/view?r=eyJrIjoiMjdiYTg2NGMtN2U0Zi00YTZjLThmZmMtM2M5NjllMjNmMjYwIiwidCI6ImViMTRiMDQ2LTI0YzQtNDUxOS04ZjI2LWI4OWMyMTU5ODI4YyJ9,2026-09-23,"CHART_READ from 'Year-over-year comparison of medical cannabis sales' line chart; precision +/- $0.25M. 2026 values agree with the stacked-bar medical labels (9,9,10,9,9,10 $M Feb-Jul). Pre-2025-09 values are the medical-only program (two manufacturers). Transcribed from author-supplied dashboard screenshot captured 2026-09-23 (agent could not render Power BI)."
MN,2024-05,month,-16,total_sales_usd_medical,7250000,usd,OCM Cannabis Market Monitor (Power BI),https://app.powerbigov.us/view?r=eyJrIjoiMjdiYTg2NGMtN2U0Zi00YTZjLThmZmMtM2M5NjllMjNmMjYwIiwidCI6ImViMTRiMDQ2LTI0YzQtNDUxOS04ZjI2LWI4OWMyMTU5ODI4YyJ9,2026-09-23,"CHART_READ from 'Year-over-year comparison of medical cannabis sales' line chart; precision +/- $0.25M. 2026 values agree with the stacked-bar medical labels (9,9,10,9,9,10 $M Feb-Jul). Pre-2025-09 values are the medical-only program (two manufacturers). Transcribed from author-supplied dashboard screenshot captured 2026-09-23 (agent could not render Power BI)."
MN,2024-06,month,-15,total_sales_usd_medical,7000000,usd,OCM Cannabis Market Monitor (Power BI),https://app.powerbigov.us/view?r=eyJrIjoiMjdiYTg2NGMtN2U0Zi00YTZjLThmZmMtM2M5NjllMjNmMjYwIiwidCI6ImViMTRiMDQ2LTI0YzQtNDUxOS04ZjI2LWI4OWMyMTU5ODI4YyJ9,2026-09-23,"CHART_READ from 'Year-over-year comparison of medical cannabis sales' line chart; precision +/- $0.25M. 2026 values agree with the stacked-bar medical labels (9,9,10,9,9,10 $M Feb-Jul). Pre-2025-09 values are the medical-only program (two manufacturers). Transcribed from author-supplied dashboard screenshot captured 2026-09-23 (agent could not render Power BI)."
MN,2024-07,month,-14,total_sales_usd_medical,6800000,usd,OCM Cannabis Market Monitor (Power BI),https://app.powerbigov.us/view?r=eyJrIjoiMjdiYTg2NGMtN2U0Zi00YTZjLThmZmMtM2M5NjllMjNmMjYwIiwidCI6ImViMTRiMDQ2LTI0YzQtNDUxOS04ZjI2LWI4OWMyMTU5ODI4YyJ9,2026-09-23,"CHART_READ from 'Year-over-year comparison of medical cannabis sales' line chart; precision +/- $0.25M. 2026 values agree with the stacked-bar medical labels (9,9,10,9,9,10 $M Feb-Jul). Pre-2025-09 values are the medical-only program (two manufacturers). Transcribed from author-supplied dashboard screenshot captured 2026-09-23 (agent could not render Power BI)."
MN,2024-08,month,-13,total_sales_usd_medical,7450000,usd,OCM Cannabis Market Monitor (Power BI),https://app.powerbigov.us/view?r=eyJrIjoiMjdiYTg2NGMtN2U0Zi00YTZjLThmZmMtM2M5NjllMjNmMjYwIiwidCI6ImViMTRiMDQ2LTI0YzQtNDUxOS04ZjI2LWI4OWMyMTU5ODI4YyJ9,2026-09-23,"CHART_READ from 'Year-over-year comparison of medical cannabis sales' line chart; precision +/- $0.25M. 2026 values agree with the stacked-bar medical labels (9,9,10,9,9,10 $M Feb-Jul). Pre-2025-09 values are the medical-only program (two manufacturers). Transcribed from author-supplied dashboard screenshot captured 2026-09-23 (agent could not render Power BI)."
MN,2024-09,month,-12,total_sales_usd_medical,6750000,usd,OCM Cannabis Market Monitor (Power BI),https://app.powerbigov.us/view?r=eyJrIjoiMjdiYTg2NGMtN2U0Zi00YTZjLThmZmMtM2M5NjllMjNmMjYwIiwidCI6ImViMTRiMDQ2LTI0YzQtNDUxOS04ZjI2LWI4OWMyMTU5ODI4YyJ9,2026-09-23,"CHART_READ from 'Year-over-year comparison of medical cannabis sales' line chart; precision +/- $0.25M. 2026 values agree with the stacked-bar medical labels (9,9,10,9,9,10 $M Feb-Jul). Pre-2025-09 values are the medical-only program (two manufacturers). Transcribed from author-supplied dashboard screenshot captured 2026-09-23 (agent could not render Power BI)."
MN,2024-10,month,-11,total_sales_usd_medical,7000000,usd,OCM Cannabis Market Monitor (Power BI),https://app.powerbigov.us/view?r=eyJrIjoiMjdiYTg2NGMtN2U0Zi00YTZjLThmZmMtM2M5NjllMjNmMjYwIiwidCI6ImViMTRiMDQ2LTI0YzQtNDUxOS04ZjI2LWI4OWMyMTU5ODI4YyJ9,2026-09-23,"CHART_READ from 'Year-over-year comparison of medical cannabis sales' line chart; precision +/- $0.25M. 2026 values agree with the stacked-bar medical labels (9,9,10,9,9,10 $M Feb-Jul). Pre-2025-09 values are the medical-only program (two manufacturers). Transcribed from author-supplied dashboard screenshot captured 2026-09-23 (agent could not render Power BI)."
MN,2024-11,month,-10,total_sales_usd_medical,7450000,usd,OCM Cannabis Market Monitor (Power BI),https://app.powerbigov.us/view?r=eyJrIjoiMjdiYTg2NGMtN2U0Zi00YTZjLThmZmMtM2M5NjllMjNmMjYwIiwidCI6ImViMTRiMDQ2LTI0YzQtNDUxOS04ZjI2LWI4OWMyMTU5ODI4YyJ9,2026-09-23,"CHART_READ from 'Year-over-year comparison of medical cannabis sales' line chart; precision +/- $0.25M. 2026 values agree with the stacked-bar medical labels (9,9,10,9,9,10 $M Feb-Jul). Pre-2025-09 values are the medical-only program (two manufacturers). Transcribed from author-supplied dashboard screenshot captured 2026-09-23 (agent could not render Power BI)."
MN,2024-12,month,-9,total_sales_usd_medical,7350000,usd,OCM Cannabis Market Monitor (Power BI),https://app.powerbigov.us/view?r=eyJrIjoiMjdiYTg2NGMtN2U0Zi00YTZjLThmZmMtM2M5NjllMjNmMjYwIiwidCI6ImViMTRiMDQ2LTI0YzQtNDUxOS04ZjI2LWI4OWMyMTU5ODI4YyJ9,2026-09-23,"CHART_READ from 'Year-over-year comparison of medical cannabis sales' line chart; precision +/- $0.25M. 2026 values agree with the stacked-bar medical labels (9,9,10,9,9,10 $M Feb-Jul). Pre-2025-09 values are the medical-only program (two manufacturers). Transcribed from author-supplied dashboard screenshot captured 2026-09-23 (agent could not render Power BI)."
MN,2025-01,month,-8,total_sales_usd_medical,7200000,usd,OCM Cannabis Market Monitor (Power BI),https://app.powerbigov.us/view?r=eyJrIjoiMjdiYTg2NGMtN2U0Zi00YTZjLThmZmMtM2M5NjllMjNmMjYwIiwidCI6ImViMTRiMDQ2LTI0YzQtNDUxOS04ZjI2LWI4OWMyMTU5ODI4YyJ9,2026-09-23,"CHART_READ from 'Year-over-year comparison of medical cannabis sales' line chart; precision +/- $0.25M. 2026 values agree with the stacked-bar medical labels (9,9,10,9,9,10 $M Feb-Jul). Pre-2025-09 values are the medical-only program (two manufacturers). Transcribed from author-supplied dashboard screenshot captured 2026-09-23 (agent could not render Power BI)."
MN,2025-02,month,-7,total_sales_usd_medical,6850000,usd,OCM Cannabis Market Monitor (Power BI),https://app.powerbigov.us/view?r=eyJrIjoiMjdiYTg2NGMtN2U0Zi00YTZjLThmZmMtM2M5NjllMjNmMjYwIiwidCI6ImViMTRiMDQ2LTI0YzQtNDUxOS04ZjI2LWI4OWMyMTU5ODI4YyJ9,2026-09-23,"CHART_READ from 'Year-over-year comparison of medical cannabis sales' line chart; precision +/- $0.25M. 2026 values agree with the stacked-bar medical labels (9,9,10,9,9,10 $M Feb-Jul). Pre-2025-09 values are the medical-only program (two manufacturers). Transcribed from author-supplied dashboard screenshot captured 2026-09-23 (agent could not render Power BI)."
MN,2025-03,month,-6,total_sales_usd_medical,7700000,usd,OCM Cannabis Market Monitor (Power BI),https://app.powerbigov.us/view?r=eyJrIjoiMjdiYTg2NGMtN2U0Zi00YTZjLThmZmMtM2M5NjllMjNmMjYwIiwidCI6ImViMTRiMDQ2LTI0YzQtNDUxOS04ZjI2LWI4OWMyMTU5ODI4YyJ9,2026-09-23,"CHART_READ from 'Year-over-year comparison of medical cannabis sales' line chart; precision +/- $0.25M. 2026 values agree with the stacked-bar medical labels (9,9,10,9,9,10 $M Feb-Jul). Pre-2025-09 values are the medical-only program (two manufacturers). Transcribed from author-supplied dashboard screenshot captured 2026-09-23 (agent could not render Power BI)."
MN,2025-04,month,-5,total_sales_usd_medical,7550000,usd,OCM Cannabis Market Monitor (Power BI),https://app.powerbigov.us/view?r=eyJrIjoiMjdiYTg2NGMtN2U0Zi00YTZjLThmZmMtM2M5NjllMjNmMjYwIiwidCI6ImViMTRiMDQ2LTI0YzQtNDUxOS04ZjI2LWI4OWMyMTU5ODI4YyJ9,2026-09-23,"CHART_READ from 'Year-over-year comparison of medical cannabis sales' line chart; precision +/- $0.25M. 2026 values agree with the stacked-bar medical labels (9,9,10,9,9,10 $M Feb-Jul). Pre-2025-09 values are the medical-only program (two manufacturers). Transcribed from author-supplied dashboard screenshot captured 2026-09-23 (agent could not render Power BI)."
MN,2025-05,month,-4,total_sales_usd_medical,7600000,usd,OCM Cannabis Market Monitor (Power BI),https://app.powerbigov.us/view?r=eyJrIjoiMjdiYTg2NGMtN2U0Zi00YTZjLThmZmMtM2M5NjllMjNmMjYwIiwidCI6ImViMTRiMDQ2LTI0YzQtNDUxOS04ZjI2LWI4OWMyMTU5ODI4YyJ9,2026-09-23,"CHART_READ from 'Year-over-year comparison of medical cannabis sales' line chart; precision +/- $0.25M. 2026 values agree with the stacked-bar medical labels (9,9,10,9,9,10 $M Feb-Jul). Pre-2025-09 values are the medical-only program (two manufacturers). Transcribed from author-supplied dashboard screenshot captured 2026-09-23 (agent could not render Power BI)."
MN,2025-06,month,-3,total_sales_usd_medical,7350000,usd,OCM Cannabis Market Monitor (Power BI),https://app.powerbigov.us/view?r=eyJrIjoiMjdiYTg2NGMtN2U0Zi00YTZjLThmZmMtM2M5NjllMjNmMjYwIiwidCI6ImViMTRiMDQ2LTI0YzQtNDUxOS04ZjI2LWI4OWMyMTU5ODI4YyJ9,2026-09-23,"CHART_READ from 'Year-over-year comparison of medical cannabis sales' line chart; precision +/- $0.25M. 2026 values agree with the stacked-bar medical labels (9,9,10,9,9,10 $M Feb-Jul). Pre-2025-09 values are the medical-only program (two manufacturers). Transcribed from author-supplied dashboard screenshot captured 2026-09-23 (agent could not render Power BI)."
MN,2025-07,month,-2,total_sales_usd_medical,7500000,usd,OCM Cannabis Market Monitor (Power BI),https://app.powerbigov.us/view?r=eyJrIjoiMjdiYTg2NGMtN2U0Zi00YTZjLThmZmMtM2M5NjllMjNmMjYwIiwidCI6ImViMTRiMDQ2LTI0YzQtNDUxOS04ZjI2LWI4OWMyMTU5ODI4YyJ9,2026-09-23,"CHART_READ from 'Year-over-year comparison of medical cannabis sales' line chart; precision +/- $0.25M. 2026 values agree with the stacked-bar medical labels (9,9,10,9,9,10 $M Feb-Jul). Pre-2025-09 values are the medical-only program (two manufacturers). Transcribed from author-supplied dashboard screenshot captured 2026-09-23 (agent could not render Power BI)."
MN,2025-08,month,-1,total_sales_usd_medical,7900000,usd,OCM Cannabis Market Monitor (Power BI),https://app.powerbigov.us/view?r=eyJrIjoiMjdiYTg2NGMtN2U0Zi00YTZjLThmZmMtM2M5NjllMjNmMjYwIiwidCI6ImViMTRiMDQ2LTI0YzQtNDUxOS04ZjI2LWI4OWMyMTU5ODI4YyJ9,2026-09-23,"CHART_READ from 'Year-over-year comparison of medical cannabis sales' line chart; precision +/- $0.25M. 2026 values agree with the stacked-bar medical labels (9,9,10,9,9,10 $M Feb-Jul). Pre-2025-09 values are the medical-only program (two manufacturers). Transcribed from author-supplied dashboard screenshot captured 2026-09-23 (agent could not render Power BI)."
MN,2025-09,month,0,total_sales_usd_medical,6950000,usd,OCM Cannabis Market Monitor (Power BI),https://app.powerbigov.us/view?r=eyJrIjoiMjdiYTg2NGMtN2U0Zi00YTZjLThmZmMtM2M5NjllMjNmMjYwIiwidCI6ImViMTRiMDQ2LTI0YzQtNDUxOS04ZjI2LWI4OWMyMTU5ODI4YyJ9,2026-09-23,"CHART_READ from 'Year-over-year comparison of medical cannabis sales' line chart; precision +/- $0.25M. 2026 values agree with the stacked-bar medical labels (9,9,10,9,9,10 $M Feb-Jul). Pre-2025-09 values are the medical-only program (two manufacturers). Transcribed from author-supplied dashboard screenshot captured 2026-09-23 (agent could not render Power BI)."
MN,2025-10,month,1,total_sales_usd_medical,7850000,usd,OCM Cannabis Market Monitor (Power BI),https://app.powerbigov.us/view?r=eyJrIjoiMjdiYTg2NGMtN2U0Zi00YTZjLThmZmMtM2M5NjllMjNmMjYwIiwidCI6ImViMTRiMDQ2LTI0YzQtNDUxOS04ZjI2LWI4OWMyMTU5ODI4YyJ9,2026-09-23,"CHART_READ from 'Year-over-year comparison of medical cannabis sales' line chart; precision +/- $0.25M. 2026 values agree with the stacked-bar medical labels (9,9,10,9,9,10 $M Feb-Jul). Pre-2025-09 values are the medical-only program (two manufacturers). Transcribed from author-supplied dashboard screenshot captured 2026-09-23 (agent could not render Power BI)."
MN,2025-11,month,2,total_sales_usd_medical,8050000,usd,OCM Cannabis Market Monitor (Power BI),https://app.powerbigov.us/view?r=eyJrIjoiMjdiYTg2NGMtN2U0Zi00YTZjLThmZmMtM2M5NjllMjNmMjYwIiwidCI6ImViMTRiMDQ2LTI0YzQtNDUxOS04ZjI2LWI4OWMyMTU5ODI4YyJ9,2026-09-23,"CHART_READ from 'Year-over-year comparison of medical cannabis sales' line chart; precision +/- $0.25M. 2026 values agree with the stacked-bar medical labels (9,9,10,9,9,10 $M Feb-Jul). Pre-2025-09 values are the medical-only program (two manufacturers). Transcribed from author-supplied dashboard screenshot captured 2026-09-23 (agent could not render Power BI)."
MN,2025-12,month,3,total_sales_usd_medical,8750000,usd,OCM Cannabis Market Monitor (Power BI),https://app.powerbigov.us/view?r=eyJrIjoiMjdiYTg2NGMtN2U0Zi00YTZjLThmZmMtM2M5NjllMjNmMjYwIiwidCI6ImViMTRiMDQ2LTI0YzQtNDUxOS04ZjI2LWI4OWMyMTU5ODI4YyJ9,2026-09-23,"CHART_READ from 'Year-over-year comparison of medical cannabis sales' line chart; precision +/- $0.25M. 2026 values agree with the stacked-bar medical labels (9,9,10,9,9,10 $M Feb-Jul). Pre-2025-09 values are the medical-only program (two manufacturers). Transcribed from author-supplied dashboard screenshot captured 2026-09-23 (agent could not render Power BI)."
MN,2026-01,month,4,total_sales_usd_medical,8800000,usd,OCM Cannabis Market Monitor (Power BI),https://app.powerbigov.us/view?r=eyJrIjoiMjdiYTg2NGMtN2U0Zi00YTZjLThmZmMtM2M5NjllMjNmMjYwIiwidCI6ImViMTRiMDQ2LTI0YzQtNDUxOS04ZjI2LWI4OWMyMTU5ODI4YyJ9,2026-09-23,"CHART_READ from 'Year-over-year comparison of medical cannabis sales' line chart; precision +/- $0.25M. 2026 values agree with the stacked-bar medical labels (9,9,10,9,9,10 $M Feb-Jul). Pre-2025-09 values are the medical-only program (two manufacturers). Transcribed from author-supplied dashboard screenshot captured 2026-09-23 (agent could not render Power BI)."
MN,2026-02,month,5,total_sales_usd_medical,8550000,usd,OCM Cannabis Market Monitor (Power BI),https://app.powerbigov.us/view?r=eyJrIjoiMjdiYTg2NGMtN2U0Zi00YTZjLThmZmMtM2M5NjllMjNmMjYwIiwidCI6ImViMTRiMDQ2LTI0YzQtNDUxOS04ZjI2LWI4OWMyMTU5ODI4YyJ9,2026-09-23,"CHART_READ from 'Year-over-year comparison of medical cannabis sales' line chart; precision +/- $0.25M. 2026 values agree with the stacked-bar medical labels (9,9,10,9,9,10 $M Feb-Jul). Pre-2025-09 values are the medical-only program (two manufacturers). Transcribed from author-supplied dashboard screenshot captured 2026-09-23 (agent could not render Power BI)."
MN,2026-03,month,6,total_sales_usd_medical,9400000,usd,OCM Cannabis Market Monitor (Power BI),https://app.powerbigov.us/view?r=eyJrIjoiMjdiYTg2NGMtN2U0Zi00YTZjLThmZmMtM2M5NjllMjNmMjYwIiwidCI6ImViMTRiMDQ2LTI0YzQtNDUxOS04ZjI2LWI4OWMyMTU5ODI4YyJ9,2026-09-23,"CHART_READ from 'Year-over-year comparison of medical cannabis sales' line chart; precision +/- $0.25M. 2026 values agree with the stacked-bar medical labels (9,9,10,9,9,10 $M Feb-Jul). Pre-2025-09 values are the medical-only program (two manufacturers). Transcribed from author-supplied dashboard screenshot captured 2026-09-23 (agent could not render Power BI)."
MN,2026-04,month,7,total_sales_usd_medical,10000000,usd,OCM Cannabis Market Monitor (Power BI),https://app.powerbigov.us/view?r=eyJrIjoiMjdiYTg2NGMtN2U0Zi00YTZjLThmZmMtM2M5NjllMjNmMjYwIiwidCI6ImViMTRiMDQ2LTI0YzQtNDUxOS04ZjI2LWI4OWMyMTU5ODI4YyJ9,2026-09-23,"CHART_READ from 'Year-over-year comparison of medical cannabis sales' line chart; precision +/- $0.25M. 2026 values agree with the stacked-bar medical labels (9,9,10,9,9,10 $M Feb-Jul). Pre-2025-09 values are the medical-only program (two manufacturers). Transcribed from author-supplied dashboard screenshot captured 2026-09-23 (agent could not render Power BI)."
MN,2026-05,month,8,total_sales_usd_medical,9300000,usd,OCM Cannabis Market Monitor (Power BI),https://app.powerbigov.us/view?r=eyJrIjoiMjdiYTg2NGMtN2U0Zi00YTZjLThmZmMtM2M5NjllMjNmMjYwIiwidCI6ImViMTRiMDQ2LTI0YzQtNDUxOS04ZjI2LWI4OWMyMTU5ODI4YyJ9,2026-09-23,"CHART_READ from 'Year-over-year comparison of medical cannabis sales' line chart; precision +/- $0.25M. 2026 values agree with the stacked-bar medical labels (9,9,10,9,9,10 $M Feb-Jul). Pre-2025-09 values are the medical-only program (two manufacturers). Transcribed from author-supplied dashboard screenshot captured 2026-09-23 (agent could not render Power BI)."
MN,2026-06,month,9,total_sales_usd_medical,9200000,usd,OCM Cannabis Market Monitor (Power BI),https://app.powerbigov.us/view?r=eyJrIjoiMjdiYTg2NGMtN2U0Zi00YTZjLThmZmMtM2M5NjllMjNmMjYwIiwidCI6ImViMTRiMDQ2LTI0YzQtNDUxOS04ZjI2LWI4OWMyMTU5ODI4YyJ9,2026-09-23,"CHART_READ from 'Year-over-year comparison of medical cannabis sales' line chart; precision +/- $0.25M. 2026 values agree with the stacked-bar medical labels (9,9,10,9,9,10 $M Feb-Jul). Pre-2025-09 values are the medical-only program (two manufacturers). Transcribed from author-supplied dashboard screenshot captured 2026-09-23 (agent could not render Power BI)."
MN,2026-07,month,10,total_sales_usd_medical,10000000,usd,OCM Cannabis Market Monitor (Power BI),https://app.powerbigov.us/view?r=eyJrIjoiMjdiYTg2NGMtN2U0Zi00YTZjLThmZmMtM2M5NjllMjNmMjYwIiwidCI6ImViMTRiMDQ2LTI0YzQtNDUxOS04ZjI2LWI4OWMyMTU5ODI4YyJ9,2026-09-23,"CHART_READ from 'Year-over-year comparison of medical cannabis sales' line chart; precision +/- $0.25M. 2026 values agree with the stacked-bar medical labels (9,9,10,9,9,10 $M Feb-Jul). Pre-2025-09 values are the medical-only program (two manufacturers). Transcribed from author-supplied dashboard screenshot captured 2026-09-23 (agent could not render Power BI)."
MN,2026-07,ttm,10,total_sales_usd_combined,234350000,usd,OCM Cannabis Market Monitor (Power BI),https://app.powerbigov.us/view?r=eyJrIjoiMjdiYTg2NGMtN2U0Zi00YTZjLThmZmMtM2M5NjllMjNmMjYwIiwidCI6ImViMTRiMDQ2LTI0YzQtNDUxOS04ZjI2LWI4OWMyMTU5ODI4YyJ9,2026-09-23,"'Market sales (TTM)' card, adult-use plus medical. Window inferred 2025-08 to 2026-07. Transcribed from author-supplied dashboard screenshot captured 2026-09-23 (agent could not render Power BI)."
MN,2026-07,ttm,10,transactions_combined,3863123,transactions,OCM Cannabis Market Monitor (Power BI),https://app.powerbigov.us/view?r=eyJrIjoiMjdiYTg2NGMtN2U0Zi00YTZjLThmZmMtM2M5NjllMjNmMjYwIiwidCI6ImViMTRiMDQ2LTI0YzQtNDUxOS04ZjI2LWI4OWMyMTU5ODI4YyJ9,2026-09-23,'Total transactions (TTM)' card. Transcribed from author-supplied dashboard screenshot captured 2026-09-23 (agent could not render Power BI).
MN,2025-12,ttm,3,total_sales_usd_combined,122500000,usd,OCM press release 2026-01-15,https://content.govdelivery.com/accounts/MNOCM/bulletins/4048e26,2026-09-23,'$122.5 million in overall combined sales' over past 12 months.
MN,2025-12,ttm,3,transactions_combined,1200000,transactions,OCM press release 2026-01-15,https://content.govdelivery.com/accounts/MNOCM/bulletins/4048e26,2026-09-23,Release says 'more than 1.2 million'; value is a lower bound.
MN,2025-12,cumulative,3,total_sales_usd_adult_use,31100000,usd,OCM press release 2026-01-15,https://content.govdelivery.com/accounts/MNOCM/bulletins/4048e26,2026-09-23,Approximate; cumulative 2025-09-16 to 2025-12-31.
MN,2025-12,cumulative,3,total_sales_usd_medical,31700000,usd,OCM press release 2026-01-15,https://content.govdelivery.com/accounts/MNOCM/bulletins/4048e26,2026-09-23,Approximate; cumulative 2025-09 to 2025-12.
MN,2025-12,cumulative,3,transactions_adult_use,466000,transactions,"Axios Twin Cities, citing OCM",https://www.axios.com/local/twin-cities/2026/01/20/minnesota-marijuana-growers-increase-plantings,2026-09-23,Tier 3 (trade press citing OCM). Cumulative adult-use transactions 2025-09 to 2025-12-31.
MN,2026-09,cumulative,12,total_sales_usd_adult_use,150000000,usd,OCM press release 2026-09-15,https://content.govdelivery.com/accounts/MNOCM/bulletins/42aab6d,2026-09-23,'Approximately $150 million' since 2025-09-16; release does not state the data end date.
MN,2026-09,cumulative,12,total_sales_usd_medical,100000000,usd,OCM press release 2026-09-15,https://content.govdelivery.com/accounts/MNOCM/bulletins/42aab6d,2026-09-23,'$100 million' medical over the same year; end date not stated.
MN,2026-07,cumulative,10,cannabis_tax_revenue_usd,45600000,usd,OCM press release 2026-09-15 citing MN Dept. of Revenue,https://content.govdelivery.com/accounts/MNOCM/bulletins/42aab6d,2026-09-23,New variable. State tax revenue 2025-09 to 2026-07 INCLUDING lower-potency hemp edibles and beverages; not separable from cannabis in this source.
MN,2026-07,ttm,10,flower_sales_usd,111000000,usd,OCM Cannabis Market Monitor (Power BI),https://app.powerbigov.us/view?r=eyJrIjoiMjdiYTg2NGMtN2U0Zi00YTZjLThmZmMtM2M5NjllMjNmMjYwIiwidCI6ImViMTRiMDQ2LTI0YzQtNDUxOS04ZjI2LWI4OWMyMTU5ODI4YyJ9,2026-09-23,"'Sales by product type (TTM)', adult-use plus medical, rounded to $1M by dashboard. Categories sum to $234M, matching TTM total. Dashboard glossary (Overview tab, 2026-09-23): Flower = flower regardless of packaged size; Shake/trim = shake/trim or raw prerolls; Concentrate = distillate, resin, rosin, extracted oil, kief, vape cartridges; Edible = infused edibles, beverages, tinctures; Nonedible = transdermals, topicals. DEFINITION NOTE (dated 2026-09-23): the 2026-01-15 OCM release listed prerolls as a separate category; the current taxonomy places raw prerolls in shake/trim. Excludes Tribal sales and hemp products. New variable if not flower_sales_usd. Transcribed from author-supplied dashboard screenshot captured 2026-09-23 (agent could not render Power BI)."
MN,2026-07,ttm,10,sales_usd_concentrate,72000000,usd,OCM Cannabis Market Monitor (Power BI),https://app.powerbigov.us/view?r=eyJrIjoiMjdiYTg2NGMtN2U0Zi00YTZjLThmZmMtM2M5NjllMjNmMjYwIiwidCI6ImViMTRiMDQ2LTI0YzQtNDUxOS04ZjI2LWI4OWMyMTU5ODI4YyJ9,2026-09-23,"'Sales by product type (TTM)', adult-use plus medical, rounded to $1M by dashboard. Categories sum to $234M, matching TTM total. Dashboard glossary (Overview tab, 2026-09-23): Flower = flower regardless of packaged size; Shake/trim = shake/trim or raw prerolls; Concentrate = distillate, resin, rosin, extracted oil, kief, vape cartridges; Edible = infused edibles, beverages, tinctures; Nonedible = transdermals, topicals. DEFINITION NOTE (dated 2026-09-23): the 2026-01-15 OCM release listed prerolls as a separate category; the current taxonomy places raw prerolls in shake/trim. Excludes Tribal sales and hemp products. New variable if not flower_sales_usd. Transcribed from author-supplied dashboard screenshot captured 2026-09-23 (agent could not render Power BI)."
MN,2026-07,ttm,10,sales_usd_shake_trim,31000000,usd,OCM Cannabis Market Monitor (Power BI),https://app.powerbigov.us/view?r=eyJrIjoiMjdiYTg2NGMtN2U0Zi00YTZjLThmZmMtM2M5NjllMjNmMjYwIiwidCI6ImViMTRiMDQ2LTI0YzQtNDUxOS04ZjI2LWI4OWMyMTU5ODI4YyJ9,2026-09-23,"'Sales by product type (TTM)', adult-use plus medical, rounded to $1M by dashboard. Categories sum to $234M, matching TTM total. Dashboard glossary (Overview tab, 2026-09-23): Flower = flower regardless of packaged size; Shake/trim = shake/trim or raw prerolls; Concentrate = distillate, resin, rosin, extracted oil, kief, vape cartridges; Edible = infused edibles, beverages, tinctures; Nonedible = transdermals, topicals. DEFINITION NOTE (dated 2026-09-23): the 2026-01-15 OCM release listed prerolls as a separate category; the current taxonomy places raw prerolls in shake/trim. Excludes Tribal sales and hemp products. New variable if not flower_sales_usd. Transcribed from author-supplied dashboard screenshot captured 2026-09-23 (agent could not render Power BI)."
MN,2026-07,ttm,10,sales_usd_edible,18000000,usd,OCM Cannabis Market Monitor (Power BI),https://app.powerbigov.us/view?r=eyJrIjoiMjdiYTg2NGMtN2U0Zi00YTZjLThmZmMtM2M5NjllMjNmMjYwIiwidCI6ImViMTRiMDQ2LTI0YzQtNDUxOS04ZjI2LWI4OWMyMTU5ODI4YyJ9,2026-09-23,"'Sales by product type (TTM)', adult-use plus medical, rounded to $1M by dashboard. Categories sum to $234M, matching TTM total. Dashboard glossary (Overview tab, 2026-09-23): Flower = flower regardless of packaged size; Shake/trim = shake/trim or raw prerolls; Concentrate = distillate, resin, rosin, extracted oil, kief, vape cartridges; Edible = infused edibles, beverages, tinctures; Nonedible = transdermals, topicals. DEFINITION NOTE (dated 2026-09-23): the 2026-01-15 OCM release listed prerolls as a separate category; the current taxonomy places raw prerolls in shake/trim. Excludes Tribal sales and hemp products. New variable if not flower_sales_usd. Transcribed from author-supplied dashboard screenshot captured 2026-09-23 (agent could not render Power BI)."
MN,2026-07,ttm,10,sales_usd_nonedible,2000000,usd,OCM Cannabis Market Monitor (Power BI),https://app.powerbigov.us/view?r=eyJrIjoiMjdiYTg2NGMtN2U0Zi00YTZjLThmZmMtM2M5NjllMjNmMjYwIiwidCI6ImViMTRiMDQ2LTI0YzQtNDUxOS04ZjI2LWI4OWMyMTU5ODI4YyJ9,2026-09-23,"'Sales by product type (TTM)', adult-use plus medical, rounded to $1M by dashboard. Categories sum to $234M, matching TTM total. Dashboard glossary (Overview tab, 2026-09-23): Flower = flower regardless of packaged size; Shake/trim = shake/trim or raw prerolls; Concentrate = distillate, resin, rosin, extracted oil, kief, vape cartridges; Edible = infused edibles, beverages, tinctures; Nonedible = transdermals, topicals. DEFINITION NOTE (dated 2026-09-23): the 2026-01-15 OCM release listed prerolls as a separate category; the current taxonomy places raw prerolls in shake/trim. Excludes Tribal sales and hemp products. New variable if not flower_sales_usd. Transcribed from author-supplied dashboard screenshot captured 2026-09-23 (agent could not render Power BI)."
MN,2026-07,ttm,10,flower_sold_oz_adult_use,172269,ounces,OCM Cannabis Market Monitor (Power BI),https://app.powerbigov.us/view?r=eyJrIjoiMjdiYTg2NGMtN2U0Zi00YTZjLThmZmMtM2M5NjllMjNmMjYwIiwidCI6ImViMTRiMDQ2LTI0YzQtNDUxOS04ZjI2LWI4OWMyMTU5ODI4YyJ9,2026-09-23,"'Retail flower sales volume in ounces (TTM)' donut, exact value from the visual's 'Show as table' view (column 'Oz Sold'), supplied by the author 2026-09-23. Replaces the earlier chart-read 172K. New variable (reported in ounces; Task 6 converts). Flower per dashboard glossary includes flower regardless of package size and excludes prerolls."
MN,2026-07,ttm,10,flower_sold_oz_medical,184860,ounces,OCM Cannabis Market Monitor (Power BI),https://app.powerbigov.us/view?r=eyJrIjoiMjdiYTg2NGMtN2U0Zi00YTZjLThmZmMtM2M5NjllMjNmMjYwIiwidCI6ImViMTRiMDQ2LTI0YzQtNDUxOS04ZjI2LWI4OWMyMTU5ODI4YyJ9,2026-09-23,"Exact value from 'Show as table' view, supplied by the author 2026-09-23. Confirms medical flower volume exceeded adult-use over the TTM window."
MN,2026,year,,sales_share_flower,46.6,percent,OCM Cannabis Market Monitor (Power BI),https://app.powerbigov.us/view?r=eyJrIjoiMjdiYTg2NGMtN2U0Zi00YTZjLThmZmMtM2M5NjllMjNmMjYwIiwidCI6ImViMTRiMDQ2LTI0YzQtNDUxOS04ZjI2LWI4OWMyMTU5ODI4YyJ9,2026-09-23,"'Share of annual sales by product type per year', adult-use plus medical. 2023-2024 are medical-only years. Shake/trim includes raw prerolls per dashboard glossary. 2026 is year-to-date through 2026-07. New variable. Transcribed from author-supplied dashboard screenshot captured 2026-09-23 (agent could not render Power BI)."
MN,2026,year,,sales_share_concentrate,31.3,percent,OCM Cannabis Market Monitor (Power BI),https://app.powerbigov.us/view?r=eyJrIjoiMjdiYTg2NGMtN2U0Zi00YTZjLThmZmMtM2M5NjllMjNmMjYwIiwidCI6ImViMTRiMDQ2LTI0YzQtNDUxOS04ZjI2LWI4OWMyMTU5ODI4YyJ9,2026-09-23,"'Share of annual sales by product type per year', adult-use plus medical. 2023-2024 are medical-only years. Shake/trim includes raw prerolls per dashboard glossary. 2026 is year-to-date through 2026-07. New variable. Transcribed from author-supplied dashboard screenshot captured 2026-09-23 (agent could not render Power BI)."
MN,2026,year,,sales_share_shake_trim,14.1,percent,OCM Cannabis Market Monitor (Power BI),https://app.powerbigov.us/view?r=eyJrIjoiMjdiYTg2NGMtN2U0Zi00YTZjLThmZmMtM2M5NjllMjNmMjYwIiwidCI6ImViMTRiMDQ2LTI0YzQtNDUxOS04ZjI2LWI4OWMyMTU5ODI4YyJ9,2026-09-23,"'Share of annual sales by product type per year', adult-use plus medical. 2023-2024 are medical-only years. Shake/trim includes raw prerolls per dashboard glossary. 2026 is year-to-date through 2026-07. New variable. Transcribed from author-supplied dashboard screenshot captured 2026-09-23 (agent could not render Power BI)."
MN,2026,year,,sales_share_edible,7.6,percent,OCM Cannabis Market Monitor (Power BI),https://app.powerbigov.us/view?r=eyJrIjoiMjdiYTg2NGMtN2U0Zi00YTZjLThmZmMtM2M5NjllMjNmMjYwIiwidCI6ImViMTRiMDQ2LTI0YzQtNDUxOS04ZjI2LWI4OWMyMTU5ODI4YyJ9,2026-09-23,"'Share of annual sales by product type per year', adult-use plus medical. 2023-2024 are medical-only years. Shake/trim includes raw prerolls per dashboard glossary. 2026 is year-to-date through 2026-07. New variable. Transcribed from author-supplied dashboard screenshot captured 2026-09-23 (agent could not render Power BI)."
MN,2026,year,,sales_share_nonedible,,percent,OCM Cannabis Market Monitor (Power BI),https://app.powerbigov.us/view?r=eyJrIjoiMjdiYTg2NGMtN2U0Zi00YTZjLThmZmMtM2M5NjllMjNmMjYwIiwidCI6ImViMTRiMDQ2LTI0YzQtNDUxOS04ZjI2LWI4OWMyMTU5ODI4YyJ9,2026-09-23,"'Share of annual sales by product type per year', adult-use plus medical. 2023-2024 are medical-only years. Shake/trim includes raw prerolls per dashboard glossary. 2026 is year-to-date through 2026-07. Nonedible 2026 segment is unlabeled on the chart (sliver); left blank. New variable. Transcribed from author-supplied dashboard screenshot captured 2026-09-23 (agent could not render Power BI)."
MN,2025,year,,sales_share_flower,48.1,percent,OCM Cannabis Market Monitor (Power BI),https://app.powerbigov.us/view?r=eyJrIjoiMjdiYTg2NGMtN2U0Zi00YTZjLThmZmMtM2M5NjllMjNmMjYwIiwidCI6ImViMTRiMDQ2LTI0YzQtNDUxOS04ZjI2LWI4OWMyMTU5ODI4YyJ9,2026-09-23,"'Share of annual sales by product type per year', adult-use plus medical. 2023-2024 are medical-only years. Shake/trim includes raw prerolls per dashboard glossary. New variable. Transcribed from author-supplied dashboard screenshot captured 2026-09-23 (agent could not render Power BI)."
MN,2025,year,,sales_share_concentrate,29.3,percent,OCM Cannabis Market Monitor (Power BI),https://app.powerbigov.us/view?r=eyJrIjoiMjdiYTg2NGMtN2U0Zi00YTZjLThmZmMtM2M5NjllMjNmMjYwIiwidCI6ImViMTRiMDQ2LTI0YzQtNDUxOS04ZjI2LWI4OWMyMTU5ODI4YyJ9,2026-09-23,"'Share of annual sales by product type per year', adult-use plus medical. 2023-2024 are medical-only years. Shake/trim includes raw prerolls per dashboard glossary. New variable. Transcribed from author-supplied dashboard screenshot captured 2026-09-23 (agent could not render Power BI)."
MN,2025,year,,sales_share_shake_trim,9.7,percent,OCM Cannabis Market Monitor (Power BI),https://app.powerbigov.us/view?r=eyJrIjoiMjdiYTg2NGMtN2U0Zi00YTZjLThmZmMtM2M5NjllMjNmMjYwIiwidCI6ImViMTRiMDQ2LTI0YzQtNDUxOS04ZjI2LWI4OWMyMTU5ODI4YyJ9,2026-09-23,"'Share of annual sales by product type per year', adult-use plus medical. 2023-2024 are medical-only years. Shake/trim includes raw prerolls per dashboard glossary. New variable. Transcribed from author-supplied dashboard screenshot captured 2026-09-23 (agent could not render Power BI)."
MN,2025,year,,sales_share_edible,8.8,percent,OCM Cannabis Market Monitor (Power BI),https://app.powerbigov.us/view?r=eyJrIjoiMjdiYTg2NGMtN2U0Zi00YTZjLThmZmMtM2M5NjllMjNmMjYwIiwidCI6ImViMTRiMDQ2LTI0YzQtNDUxOS04ZjI2LWI4OWMyMTU5ODI4YyJ9,2026-09-23,"'Share of annual sales by product type per year', adult-use plus medical. 2023-2024 are medical-only years. Shake/trim includes raw prerolls per dashboard glossary. New variable. Transcribed from author-supplied dashboard screenshot captured 2026-09-23 (agent could not render Power BI)."
MN,2025,year,,sales_share_nonedible,4.1,percent,OCM Cannabis Market Monitor (Power BI),https://app.powerbigov.us/view?r=eyJrIjoiMjdiYTg2NGMtN2U0Zi00YTZjLThmZmMtM2M5NjllMjNmMjYwIiwidCI6ImViMTRiMDQ2LTI0YzQtNDUxOS04ZjI2LWI4OWMyMTU5ODI4YyJ9,2026-09-23,"'Share of annual sales by product type per year', adult-use plus medical. 2023-2024 are medical-only years. Shake/trim includes raw prerolls per dashboard glossary. New variable. Transcribed from author-supplied dashboard screenshot captured 2026-09-23 (agent could not render Power BI)."
MN,2024,year,,sales_share_flower,46.4,percent,OCM Cannabis Market Monitor (Power BI),https://app.powerbigov.us/view?r=eyJrIjoiMjdiYTg2NGMtN2U0Zi00YTZjLThmZmMtM2M5NjllMjNmMjYwIiwidCI6ImViMTRiMDQ2LTI0YzQtNDUxOS04ZjI2LWI4OWMyMTU5ODI4YyJ9,2026-09-23,"'Share of annual sales by product type per year', adult-use plus medical. 2023-2024 are medical-only years. Shake/trim includes raw prerolls per dashboard glossary. New variable. Transcribed from author-supplied dashboard screenshot captured 2026-09-23 (agent could not render Power BI)."
MN,2024,year,,sales_share_concentrate,29.7,percent,OCM Cannabis Market Monitor (Power BI),https://app.powerbigov.us/view?r=eyJrIjoiMjdiYTg2NGMtN2U0Zi00YTZjLThmZmMtM2M5NjllMjNmMjYwIiwidCI6ImViMTRiMDQ2LTI0YzQtNDUxOS04ZjI2LWI4OWMyMTU5ODI4YyJ9,2026-09-23,"'Share of annual sales by product type per year', adult-use plus medical. 2023-2024 are medical-only years. Shake/trim includes raw prerolls per dashboard glossary. New variable. Transcribed from author-supplied dashboard screenshot captured 2026-09-23 (agent could not render Power BI)."
MN,2024,year,,sales_share_shake_trim,5.9,percent,OCM Cannabis Market Monitor (Power BI),https://app.powerbigov.us/view?r=eyJrIjoiMjdiYTg2NGMtN2U0Zi00YTZjLThmZmMtM2M5NjllMjNmMjYwIiwidCI6ImViMTRiMDQ2LTI0YzQtNDUxOS04ZjI2LWI4OWMyMTU5ODI4YyJ9,2026-09-23,"'Share of annual sales by product type per year', adult-use plus medical. 2023-2024 are medical-only years. Shake/trim includes raw prerolls per dashboard glossary. New variable. Transcribed from author-supplied dashboard screenshot captured 2026-09-23 (agent could not render Power BI)."
MN,2024,year,,sales_share_edible,9.9,percent,OCM Cannabis Market Monitor (Power BI),https://app.powerbigov.us/view?r=eyJrIjoiMjdiYTg2NGMtN2U0Zi00YTZjLThmZmMtM2M5NjllMjNmMjYwIiwidCI6ImViMTRiMDQ2LTI0YzQtNDUxOS04ZjI2LWI4OWMyMTU5ODI4YyJ9,2026-09-23,"'Share of annual sales by product type per year', adult-use plus medical. 2023-2024 are medical-only years. Shake/trim includes raw prerolls per dashboard glossary. New variable. Transcribed from author-supplied dashboard screenshot captured 2026-09-23 (agent could not render Power BI)."
MN,2024,year,,sales_share_nonedible,8.1,percent,OCM Cannabis Market Monitor (Power BI),https://app.powerbigov.us/view?r=eyJrIjoiMjdiYTg2NGMtN2U0Zi00YTZjLThmZmMtM2M5NjllMjNmMjYwIiwidCI6ImViMTRiMDQ2LTI0YzQtNDUxOS04ZjI2LWI4OWMyMTU5ODI4YyJ9,2026-09-23,"'Share of annual sales by product type per year', adult-use plus medical. 2023-2024 are medical-only years. Shake/trim includes raw prerolls per dashboard glossary. New variable. Transcribed from author-supplied dashboard screenshot captured 2026-09-23 (agent could not render Power BI)."
MN,2023,year,,sales_share_flower,43.9,percent,OCM Cannabis Market Monitor (Power BI),https://app.powerbigov.us/view?r=eyJrIjoiMjdiYTg2NGMtN2U0Zi00YTZjLThmZmMtM2M5NjllMjNmMjYwIiwidCI6ImViMTRiMDQ2LTI0YzQtNDUxOS04ZjI2LWI4OWMyMTU5ODI4YyJ9,2026-09-23,"'Share of annual sales by product type per year', adult-use plus medical. 2023-2024 are medical-only years. Shake/trim includes raw prerolls per dashboard glossary. New variable. Transcribed from author-supplied dashboard screenshot captured 2026-09-23 (agent could not render Power BI)."
MN,2023,year,,sales_share_concentrate,29.6,percent,OCM Cannabis Market Monitor (Power BI),https://app.powerbigov.us/view?r=eyJrIjoiMjdiYTg2NGMtN2U0Zi00YTZjLThmZmMtM2M5NjllMjNmMjYwIiwidCI6ImViMTRiMDQ2LTI0YzQtNDUxOS04ZjI2LWI4OWMyMTU5ODI4YyJ9,2026-09-23,"'Share of annual sales by product type per year', adult-use plus medical. 2023-2024 are medical-only years. Shake/trim includes raw prerolls per dashboard glossary. New variable. Transcribed from author-supplied dashboard screenshot captured 2026-09-23 (agent could not render Power BI)."
MN,2023,year,,sales_share_shake_trim,5.8,percent,OCM Cannabis Market Monitor (Power BI),https://app.powerbigov.us/view?r=eyJrIjoiMjdiYTg2NGMtN2U0Zi00YTZjLThmZmMtM2M5NjllMjNmMjYwIiwidCI6ImViMTRiMDQ2LTI0YzQtNDUxOS04ZjI2LWI4OWMyMTU5ODI4YyJ9,2026-09-23,"'Share of annual sales by product type per year', adult-use plus medical. 2023-2024 are medical-only years. Shake/trim includes raw prerolls per dashboard glossary. New variable. Transcribed from author-supplied dashboard screenshot captured 2026-09-23 (agent could not render Power BI)."
MN,2023,year,,sales_share_edible,9.6,percent,OCM Cannabis Market Monitor (Power BI),https://app.powerbigov.us/view?r=eyJrIjoiMjdiYTg2NGMtN2U0Zi00YTZjLThmZmMtM2M5NjllMjNmMjYwIiwidCI6ImViMTRiMDQ2LTI0YzQtNDUxOS04ZjI2LWI4OWMyMTU5ODI4YyJ9,2026-09-23,"'Share of annual sales by product type per year', adult-use plus medical. 2023-2024 are medical-only years. Shake/trim includes raw prerolls per dashboard glossary. New variable. Transcribed from author-supplied dashboard screenshot captured 2026-09-23 (agent could not render Power BI)."
MN,2023,year,,sales_share_nonedible,11.0,percent,OCM Cannabis Market Monitor (Power BI),https://app.powerbigov.us/view?r=eyJrIjoiMjdiYTg2NGMtN2U0Zi00YTZjLThmZmMtM2M5NjllMjNmMjYwIiwidCI6ImViMTRiMDQ2LTI0YzQtNDUxOS04ZjI2LWI4OWMyMTU5ODI4YyJ9,2026-09-23,"'Share of annual sales by product type per year', adult-use plus medical. 2023-2024 are medical-only years. Shake/trim includes raw prerolls per dashboard glossary. New variable. Transcribed from author-supplied dashboard screenshot captured 2026-09-23 (agent could not render Power BI)."
MN,2026-09,snapshot,12,licensed_testing_sites,5,sites,OCM Cannabis Market Monitor (Power BI),https://app.powerbigov.us/view?r=eyJrIjoiMjdiYTg2NGMtN2U0Zi00YTZjLThmZmMtM2M5NjllMjNmMjYwIiwidCI6ImViMTRiMDQ2LTI0YzQtNDUxOS04ZjI2LWI4OWMyMTU5ODI4YyJ9,2026-10-01,"'Number of licensed business sites': counts facilities, not licenses. 'licensed_retail_sites' is the dashboard's adult-use retail count. Licenses tab, data as of 2026-09-25 (extracted 2026-10-01), captured by the author 2026-10-01; replaces the 2026-09-23 capture."
MN,2026-09,snapshot,12,licensed_cultivation_sites,168,sites,OCM Cannabis Market Monitor (Power BI),https://app.powerbigov.us/view?r=eyJrIjoiMjdiYTg2NGMtN2U0Zi00YTZjLThmZmMtM2M5NjllMjNmMjYwIiwidCI6ImViMTRiMDQ2LTI0YzQtNDUxOS04ZjI2LWI4OWMyMTU5ODI4YyJ9,2026-10-01,"'Number of licensed business sites': counts facilities, not licenses. 'licensed_retail_sites' is the dashboard's adult-use retail count. Licenses tab, data as of 2026-09-25 (extracted 2026-10-01), captured by the author 2026-10-01; replaces the 2026-09-23 capture."
MN,2026-09,snapshot,12,licensed_manufacturing_sites,57,sites,OCM Cannabis Market Monitor (Power BI),https://app.powerbigov.us/view?r=eyJrIjoiMjdiYTg2NGMtN2U0Zi00YTZjLThmZmMtM2M5NjllMjNmMjYwIiwidCI6ImViMTRiMDQ2LTI0YzQtNDUxOS04ZjI2LWI4OWMyMTU5ODI4YyJ9,2026-10-01,"'Number of licensed business sites': counts facilities, not licenses. 'licensed_retail_sites' is the dashboard's adult-use retail count. Licenses tab, data as of 2026-09-25 (extracted 2026-10-01), captured by the author 2026-10-01; replaces the 2026-09-23 capture."
MN,2026-09,snapshot,12,licensed_transport_sites,9,sites,OCM Cannabis Market Monitor (Power BI),https://app.powerbigov.us/view?r=eyJrIjoiMjdiYTg2NGMtN2U0Zi00YTZjLThmZmMtM2M5NjllMjNmMjYwIiwidCI6ImViMTRiMDQ2LTI0YzQtNDUxOS04ZjI2LWI4OWMyMTU5ODI4YyJ9,2026-10-01,"'Number of licensed business sites': counts facilities, not licenses. 'licensed_retail_sites' is the dashboard's adult-use retail count. Licenses tab, data as of 2026-09-25 (extracted 2026-10-01), captured by the author 2026-10-01; replaces the 2026-09-23 capture."
MN,2026-09,snapshot,12,licensed_retail_sites,223,sites,OCM Cannabis Market Monitor (Power BI),https://app.powerbigov.us/view?r=eyJrIjoiMjdiYTg2NGMtN2U0Zi00YTZjLThmZmMtM2M5NjllMjNmMjYwIiwidCI6ImViMTRiMDQ2LTI0YzQtNDUxOS04ZjI2LWI4OWMyMTU5ODI4YyJ9,2026-10-01,"'Number of licensed business sites': counts facilities, not licenses. 'licensed_retail_sites' is the dashboard's adult-use retail count. Licenses tab, data as of 2026-09-25 (extracted 2026-10-01), captured by the author 2026-10-01; replaces the 2026-09-23 capture."
MN,2026-09,snapshot,12,licensed_retail_sites_medical,48,sites,OCM Cannabis Market Monitor (Power BI),https://app.powerbigov.us/view?r=eyJrIjoiMjdiYTg2NGMtN2U0Zi00YTZjLThmZmMtM2M5NjllMjNmMjYwIiwidCI6ImViMTRiMDQ2LTI0YzQtNDUxOS04ZjI2LWI4OWMyMTU5ODI4YyJ9,2026-10-01,"'Number of licensed business sites': counts facilities, not licenses. 'licensed_retail_sites' is the dashboard's adult-use retail count. Licenses tab, data as of 2026-09-25 (extracted 2026-10-01), captured by the author 2026-10-01; replaces the 2026-09-23 capture."
MN,2025-12,snapshot,3,licensed_testing_sites,3,sites,OCM press release 2026-01-15 (Figure 1 alt text),https://content.govdelivery.com/accounts/MNOCM/bulletins/4048e26,2026-09-23,Site counts at close of 2025 as shown in dashboard image in release. Release text calls the cultivation figure '24 total businesses authorized to cultivate'.
MN,2025-12,snapshot,3,licensed_cultivation_sites,24,sites,OCM press release 2026-01-15 (Figure 1 alt text),https://content.govdelivery.com/accounts/MNOCM/bulletins/4048e26,2026-09-23,Site counts at close of 2025 as shown in dashboard image in release. Release text calls the cultivation figure '24 total businesses authorized to cultivate'.
MN,2025-12,snapshot,3,licensed_manufacturing_sites,11,sites,OCM press release 2026-01-15 (Figure 1 alt text),https://content.govdelivery.com/accounts/MNOCM/bulletins/4048e26,2026-09-23,Site counts at close of 2025 as shown in dashboard image in release. Release text calls the cultivation figure '24 total businesses authorized to cultivate'.
MN,2025-12,snapshot,3,licensed_transport_sites,3,sites,OCM press release 2026-01-15 (Figure 1 alt text),https://content.govdelivery.com/accounts/MNOCM/bulletins/4048e26,2026-09-23,Site counts at close of 2025 as shown in dashboard image in release. Release text calls the cultivation figure '24 total businesses authorized to cultivate'.
MN,2025-12,snapshot,3,licensed_retail_sites,59,sites,OCM press release 2026-01-15 (Figure 1 alt text),https://content.govdelivery.com/accounts/MNOCM/bulletins/4048e26,2026-09-23,Site counts at close of 2025 as shown in dashboard image in release. Release text calls the cultivation figure '24 total businesses authorized to cultivate'.
MN,2025-12,snapshot,3,licensed_retail_sites_medical,20,sites,OCM press release 2026-01-15 (Figure 1 alt text),https://content.govdelivery.com/accounts/MNOCM/bulletins/4048e26,2026-09-23,Site counts at close of 2025 as shown in dashboard image in release. Release text calls the cultivation figure '24 total businesses authorized to cultivate'.
MN,2026-09,snapshot,12,licensed_cultivators,24,licenses,OCM Cannabis Market Monitor (Power BI),https://app.powerbigov.us/view?r=eyJrIjoiMjdiYTg2NGMtN2U0Zi00YTZjLThmZmMtM2M5NjllMjNmMjYwIiwidCI6ImViMTRiMDQ2LTI0YzQtNDUxOS04ZjI2LWI4OWMyMTU5ODI4YyJ9,2026-10-01,"'Cannabis business licenses issued' table (dashboard). Licenses tab, data as of 2026-09-25 (extracted 2026-10-01), captured by the author 2026-10-01; replaces the 2026-09-23 capture."
MN,2026-09,snapshot,12,licenses_issued_delivery_service,6,licenses,OCM Cannabis Market Monitor (Power BI),https://app.powerbigov.us/view?r=eyJrIjoiMjdiYTg2NGMtN2U0Zi00YTZjLThmZmMtM2M5NjllMjNmMjYwIiwidCI6ImViMTRiMDQ2LTI0YzQtNDUxOS04ZjI2LWI4OWMyMTU5ODI4YyJ9,2026-10-01,"'Cannabis business licenses issued' table (dashboard). Licenses tab, data as of 2026-09-25 (extracted 2026-10-01), captured by the author 2026-10-01; replaces the 2026-09-23 capture."
MN,2026-09,snapshot,12,licenses_issued_event_organizer,6,licenses,OCM Cannabis Market Monitor (Power BI),https://app.powerbigov.us/view?r=eyJrIjoiMjdiYTg2NGMtN2U0Zi00YTZjLThmZmMtM2M5NjllMjNmMjYwIiwidCI6ImViMTRiMDQ2LTI0YzQtNDUxOS04ZjI2LWI4OWMyMTU5ODI4YyJ9,2026-10-01,"'Cannabis business licenses issued' table (dashboard). Licenses tab, data as of 2026-09-25 (extracted 2026-10-01), captured by the author 2026-10-01; replaces the 2026-09-23 capture."
MN,2026-09,snapshot,12,licenses_issued_manufacturer,3,licenses,OCM Cannabis Market Monitor (Power BI),https://app.powerbigov.us/view?r=eyJrIjoiMjdiYTg2NGMtN2U0Zi00YTZjLThmZmMtM2M5NjllMjNmMjYwIiwidCI6ImViMTRiMDQ2LTI0YzQtNDUxOS04ZjI2LWI4OWMyMTU5ODI4YyJ9,2026-10-01,"'Cannabis business licenses issued' table (dashboard). Licenses tab, data as of 2026-09-25 (extracted 2026-10-01), captured by the author 2026-10-01; replaces the 2026-09-23 capture."
MN,2026-09,snapshot,12,licenses_issued_med_combo,3,licenses,OCM Cannabis Market Monitor (Power BI),https://app.powerbigov.us/view?r=eyJrIjoiMjdiYTg2NGMtN2U0Zi00YTZjLThmZmMtM2M5NjllMjNmMjYwIiwidCI6ImViMTRiMDQ2LTI0YzQtNDUxOS04ZjI2LWI4OWMyMTU5ODI4YyJ9,2026-10-01,"'Cannabis business licenses issued' table (dashboard). Licenses tab, data as of 2026-09-25 (extracted 2026-10-01), captured by the author 2026-10-01; replaces the 2026-09-23 capture."
MN,2026-09,snapshot,12,licenses_issued_mezzobusiness,25,licenses,OCM Cannabis Market Monitor (Power BI),https://app.powerbigov.us/view?r=eyJrIjoiMjdiYTg2NGMtN2U0Zi00YTZjLThmZmMtM2M5NjllMjNmMjYwIiwidCI6ImViMTRiMDQ2LTI0YzQtNDUxOS04ZjI2LWI4OWMyMTU5ODI4YyJ9,2026-10-01,"'Cannabis business licenses issued' table (dashboard). Licenses tab, data as of 2026-09-25 (extracted 2026-10-01), captured by the author 2026-10-01; replaces the 2026-09-23 capture."
MN,2026-09,snapshot,12,licensed_microbusinesses,280,licenses,OCM Cannabis Market Monitor (Power BI),https://app.powerbigov.us/view?r=eyJrIjoiMjdiYTg2NGMtN2U0Zi00YTZjLThmZmMtM2M5NjllMjNmMjYwIiwidCI6ImViMTRiMDQ2LTI0YzQtNDUxOS04ZjI2LWI4OWMyMTU5ODI4YyJ9,2026-10-01,"'Cannabis business licenses issued' table (dashboard). Licenses tab, data as of 2026-09-25 (extracted 2026-10-01), captured by the author 2026-10-01; replaces the 2026-09-23 capture."
MN,2026-09,snapshot,12,licenses_issued_retailer,18,licenses,OCM Cannabis Market Monitor (Power BI),https://app.powerbigov.us/view?r=eyJrIjoiMjdiYTg2NGMtN2U0Zi00YTZjLThmZmMtM2M5NjllMjNmMjYwIiwidCI6ImViMTRiMDQ2LTI0YzQtNDUxOS04ZjI2LWI4OWMyMTU5ODI4YyJ9,2026-10-01,"'Cannabis business licenses issued' table (dashboard). Licenses tab, data as of 2026-09-25 (extracted 2026-10-01), captured by the author 2026-10-01; replaces the 2026-09-23 capture."
MN,2026-09,snapshot,12,licenses_issued_testing,5,licenses,OCM Cannabis Market Monitor (Power BI),https://app.powerbigov.us/view?r=eyJrIjoiMjdiYTg2NGMtN2U0Zi00YTZjLThmZmMtM2M5NjllMjNmMjYwIiwidCI6ImViMTRiMDQ2LTI0YzQtNDUxOS04ZjI2LWI4OWMyMTU5ODI4YyJ9,2026-10-01,"'Cannabis business licenses issued' table (dashboard). Licenses tab, data as of 2026-09-25 (extracted 2026-10-01), captured by the author 2026-10-01; replaces the 2026-09-23 capture."
MN,2026-09,snapshot,12,licenses_issued_transporter,12,licenses,OCM Cannabis Market Monitor (Power BI),https://app.powerbigov.us/view?r=eyJrIjoiMjdiYTg2NGMtN2U0Zi00YTZjLThmZmMtM2M5NjllMjNmMjYwIiwidCI6ImViMTRiMDQ2LTI0YzQtNDUxOS04ZjI2LWI4OWMyMTU5ODI4YyJ9,2026-10-01,"'Cannabis business licenses issued' table (dashboard). Licenses tab, data as of 2026-09-25 (extracted 2026-10-01), captured by the author 2026-10-01; replaces the 2026-09-23 capture."
MN,2026-09,snapshot,12,licenses_issued_wholesaler,10,licenses,OCM Cannabis Market Monitor (Power BI),https://app.powerbigov.us/view?r=eyJrIjoiMjdiYTg2NGMtN2U0Zi00YTZjLThmZmMtM2M5NjllMjNmMjYwIiwidCI6ImViMTRiMDQ2LTI0YzQtNDUxOS04ZjI2LWI4OWMyMTU5ODI4YyJ9,2026-10-01,"'Cannabis business licenses issued' table (dashboard). Licenses tab, data as of 2026-09-25 (extracted 2026-10-01), captured by the author 2026-10-01; replaces the 2026-09-23 capture."
MN,2026-09,snapshot,12,licenses_issued_all,392,licenses,OCM Cannabis Market Monitor (Power BI),https://app.powerbigov.us/view?r=eyJrIjoiMjdiYTg2NGMtN2U0Zi00YTZjLThmZmMtM2M5NjllMjNmMjYwIiwidCI6ImViMTRiMDQ2LTI0YzQtNDUxOS04ZjI2LWI4OWMyMTU5ODI4YyJ9,2026-10-01,"'Cannabis business licenses issued' table (dashboard). Licenses tab, data as of 2026-09-25 (extracted 2026-10-01), captured by the author 2026-10-01; replaces the 2026-09-23 capture."
MN,2026-09,snapshot,12,licenses_issued_testing,5,licenses,OCM Summary Application Data,https://mn.gov/ocm/data-reports/application-data/,2026-09-26,"OCM Summary Application Data, table as of 2026-09-21 (first recorded from the 2026-09-14 table); data labeled preliminary. Same value in the 2026-09-14 table."
MN,2026-09,snapshot,12,prelim_approvals_testing,7,applications,OCM Summary Application Data,https://mn.gov/ocm/data-reports/application-data/,2026-09-26,"OCM Summary Application Data, table as of 2026-09-21 (first recorded from the 2026-09-14 table); data labeled preliminary. Preliminarily approved applicants have 18 months to convert; SF 4401 (2026) adds up to two 6-month extensions. Approval dates not published. Same value in the 2026-09-14 table."
MN,2026-09,snapshot,12,qualified_applicants_testing,5,applications,OCM Summary Application Data,https://mn.gov/ocm/data-reports/application-data/,2026-09-26,"OCM Summary Application Data, table as of 2026-09-21 (first recorded from the 2026-09-14 table); data labeled preliminary. Qualified = met initial requirements, not yet preliminarily approved. Same value in the 2026-09-14 table."
MN,2026-09,snapshot,12,licensed_cultivators,24,licenses,OCM Summary Application Data,https://mn.gov/ocm/data-reports/application-data/,2026-09-26,"OCM Summary Application Data, table as of 2026-09-21 (first recorded from the 2026-09-14 table); data labeled preliminary. Same value in the 2026-09-14 table."
MN,2026-09,snapshot,12,prelim_approvals_cultivator,19,applications,OCM Summary Application Data,https://mn.gov/ocm/data-reports/application-data/,2026-09-26,"OCM Summary Application Data, table as of 2026-09-21 (first recorded from the 2026-09-14 table); data labeled preliminary. Preliminarily approved applicants have 18 months to convert; SF 4401 (2026) adds up to two 6-month extensions. Approval dates not published. Value in the 2026-09-14 table: 18."
MN,2026-09,snapshot,12,qualified_applicants_cultivator,7,applications,OCM Summary Application Data,https://mn.gov/ocm/data-reports/application-data/,2026-09-26,"OCM Summary Application Data, table as of 2026-09-21 (first recorded from the 2026-09-14 table); data labeled preliminary. Qualified = met initial requirements, not yet preliminarily approved. Value in the 2026-09-14 table: 8."
MN,2026-09,snapshot,12,licenses_issued_mezzobusiness,25,licenses,OCM Summary Application Data,https://mn.gov/ocm/data-reports/application-data/,2026-09-26,"OCM Summary Application Data, table as of 2026-09-21 (first recorded from the 2026-09-14 table); data labeled preliminary. Value in the 2026-09-14 table: 24."
MN,2026-09,snapshot,12,prelim_approvals_mezzobusiness,48,applications,OCM Summary Application Data,https://mn.gov/ocm/data-reports/application-data/,2026-09-26,"OCM Summary Application Data, table as of 2026-09-21 (first recorded from the 2026-09-14 table); data labeled preliminary. Preliminarily approved applicants have 18 months to convert; SF 4401 (2026) adds up to two 6-month extensions. Approval dates not published. Value in the 2026-09-14 table: 49."
MN,2026-09,snapshot,12,qualified_applicants_mezzobusiness,26,applications,OCM Summary Application Data,https://mn.gov/ocm/data-reports/application-data/,2026-09-26,"OCM Summary Application Data, table as of 2026-09-21 (first recorded from the 2026-09-14 table); data labeled preliminary. Qualified = met initial requirements, not yet preliminarily approved. Same value in the 2026-09-14 table."
MN,2026-09,snapshot,12,licensed_microbusinesses,276,licenses,OCM Summary Application Data,https://mn.gov/ocm/data-reports/application-data/,2026-09-26,"OCM Summary Application Data, table as of 2026-09-21 (first recorded from the 2026-09-14 table); data labeled preliminary. Value in the 2026-09-14 table: 273."
MN,2026-09,snapshot,12,prelim_approvals_microbusiness,975,applications,OCM Summary Application Data,https://mn.gov/ocm/data-reports/application-data/,2026-09-26,"OCM Summary Application Data, table as of 2026-09-21 (first recorded from the 2026-09-14 table); data labeled preliminary. Preliminarily approved applicants have 18 months to convert; SF 4401 (2026) adds up to two 6-month extensions. Approval dates not published. Value in the 2026-09-14 table: 978."
MN,2026-09,snapshot,12,qualified_applicants_microbusiness,330,applications,OCM Summary Application Data,https://mn.gov/ocm/data-reports/application-data/,2026-09-26,"OCM Summary Application Data, table as of 2026-09-21 (first recorded from the 2026-09-14 table); data labeled preliminary. Qualified = met initial requirements, not yet preliminarily approved. Same value in the 2026-09-14 table."
MN,2026-09,snapshot,12,licenses_issued_med_combo,3,licenses,OCM Summary Application Data,https://mn.gov/ocm/data-reports/application-data/,2026-09-26,"OCM Summary Application Data, table as of 2026-09-21 (first recorded from the 2026-09-14 table); data labeled preliminary. Same value in the 2026-09-14 table."
MN,2026-09,snapshot,12,prelim_approvals_med_combo,3,applications,OCM Summary Application Data,https://mn.gov/ocm/data-reports/application-data/,2026-09-26,"OCM Summary Application Data, table as of 2026-09-21 (first recorded from the 2026-09-14 table); data labeled preliminary. Preliminarily approved applicants have 18 months to convert; SF 4401 (2026) adds up to two 6-month extensions. Approval dates not published. Same value in the 2026-09-14 table."
MN,2026-09,snapshot,12,qualified_applicants_med_combo,0,applications,OCM Summary Application Data,https://mn.gov/ocm/data-reports/application-data/,2026-09-26,"OCM Summary Application Data, table as of 2026-09-21 (first recorded from the 2026-09-14 table); data labeled preliminary. Qualified = met initial requirements, not yet preliminarily approved. Same value in the 2026-09-14 table."
MN,2026-09,snapshot,12,licenses_issued_manufacturer,3,licenses,OCM Summary Application Data,https://mn.gov/ocm/data-reports/application-data/,2026-09-26,"OCM Summary Application Data, table as of 2026-09-21 (first recorded from the 2026-09-14 table); data labeled preliminary. Same value in the 2026-09-14 table."
MN,2026-09,snapshot,12,prelim_approvals_manufacturer,17,applications,OCM Summary Application Data,https://mn.gov/ocm/data-reports/application-data/,2026-09-26,"OCM Summary Application Data, table as of 2026-09-21 (first recorded from the 2026-09-14 table); data labeled preliminary. Preliminarily approved applicants have 18 months to convert; SF 4401 (2026) adds up to two 6-month extensions. Approval dates not published. Same value in the 2026-09-14 table."
MN,2026-09,snapshot,12,qualified_applicants_manufacturer,4,applications,OCM Summary Application Data,https://mn.gov/ocm/data-reports/application-data/,2026-09-26,"OCM Summary Application Data, table as of 2026-09-21 (first recorded from the 2026-09-14 table); data labeled preliminary. Qualified = met initial requirements, not yet preliminarily approved. Same value in the 2026-09-14 table."
MN,2026-09,snapshot,12,licenses_issued_transporter,12,licenses,OCM Summary Application Data,https://mn.gov/ocm/data-reports/application-data/,2026-09-26,"OCM Summary Application Data, table as of 2026-09-21 (first recorded from the 2026-09-14 table); data labeled preliminary. Same value in the 2026-09-14 table."
MN,2026-09,snapshot,12,prelim_approvals_transporter,25,applications,OCM Summary Application Data,https://mn.gov/ocm/data-reports/application-data/,2026-09-26,"OCM Summary Application Data, table as of 2026-09-21 (first recorded from the 2026-09-14 table); data labeled preliminary. Preliminarily approved applicants have 18 months to convert; SF 4401 (2026) adds up to two 6-month extensions. Approval dates not published. Same value in the 2026-09-14 table."
MN,2026-09,snapshot,12,qualified_applicants_transporter,11,applications,OCM Summary Application Data,https://mn.gov/ocm/data-reports/application-data/,2026-09-26,"OCM Summary Application Data, table as of 2026-09-21 (first recorded from the 2026-09-14 table); data labeled preliminary. Qualified = met initial requirements, not yet preliminarily approved. Same value in the 2026-09-14 table."
MN,2026-09,snapshot,12,licenses_issued_wholesaler,10,licenses,OCM Summary Application Data,https://mn.gov/ocm/data-reports/application-data/,2026-09-26,"OCM Summary Application Data, table as of 2026-09-21 (first recorded from the 2026-09-14 table); data labeled preliminary. Same value in the 2026-09-14 table."
MN,2026-09,snapshot,12,prelim_approvals_wholesaler,19,applications,OCM Summary Application Data,https://mn.gov/ocm/data-reports/application-data/,2026-09-26,"OCM Summary Application Data, table as of 2026-09-21 (first recorded from the 2026-09-14 table); data labeled preliminary. Preliminarily approved applicants have 18 months to convert; SF 4401 (2026) adds up to two 6-month extensions. Approval dates not published. Same value in the 2026-09-14 table."
MN,2026-09,snapshot,12,qualified_applicants_wholesaler,13,applications,OCM Summary Application Data,https://mn.gov/ocm/data-reports/application-data/,2026-09-26,"OCM Summary Application Data, table as of 2026-09-21 (first recorded from the 2026-09-14 table); data labeled preliminary. Qualified = met initial requirements, not yet preliminarily approved. Same value in the 2026-09-14 table."
MN,2026-09,snapshot,12,licenses_issued_retailer,17,licenses,OCM Summary Application Data,https://mn.gov/ocm/data-reports/application-data/,2026-09-26,"OCM Summary Application Data, table as of 2026-09-21 (first recorded from the 2026-09-14 table); data labeled preliminary. Retailer row includes 1 municipal license. Value in the 2026-09-14 table: 16."
MN,2026-09,snapshot,12,prelim_approvals_retailer,79,applications,OCM Summary Application Data,https://mn.gov/ocm/data-reports/application-data/,2026-09-26,"OCM Summary Application Data, table as of 2026-09-21 (first recorded from the 2026-09-14 table); data labeled preliminary. Preliminarily approved applicants have 18 months to convert; SF 4401 (2026) adds up to two 6-month extensions. Approval dates not published. Value in the 2026-09-14 table: 80."
MN,2026-09,snapshot,12,qualified_applicants_retailer,38,applications,OCM Summary Application Data,https://mn.gov/ocm/data-reports/application-data/,2026-09-26,"OCM Summary Application Data, table as of 2026-09-21 (first recorded from the 2026-09-14 table); data labeled preliminary. Qualified = met initial requirements, not yet preliminarily approved. Same value in the 2026-09-14 table."
MN,2026-09,snapshot,12,licenses_issued_delivery_service,6,licenses,OCM Summary Application Data,https://mn.gov/ocm/data-reports/application-data/,2026-09-26,"OCM Summary Application Data, table as of 2026-09-21 (first recorded from the 2026-09-14 table); data labeled preliminary. Same value in the 2026-09-14 table."
MN,2026-09,snapshot,12,prelim_approvals_delivery_service,37,applications,OCM Summary Application Data,https://mn.gov/ocm/data-reports/application-data/,2026-09-26,"OCM Summary Application Data, table as of 2026-09-21 (first recorded from the 2026-09-14 table); data labeled preliminary. Preliminarily approved applicants have 18 months to convert; SF 4401 (2026) adds up to two 6-month extensions. Approval dates not published. Same value in the 2026-09-14 table."
MN,2026-09,snapshot,12,qualified_applicants_delivery_service,27,applications,OCM Summary Application Data,https://mn.gov/ocm/data-reports/application-data/,2026-09-26,"OCM Summary Application Data, table as of 2026-09-21 (first recorded from the 2026-09-14 table); data labeled preliminary. Qualified = met initial requirements, not yet preliminarily approved. Same value in the 2026-09-14 table."
MN,2026-09,snapshot,12,licenses_issued_all,381,licenses,OCM Summary Application Data,https://mn.gov/ocm/data-reports/application-data/,2026-09-26,"OCM Summary Application Data, table as of 2026-09-21 (first recorded from the 2026-09-14 table); data labeled preliminary. Value in the 2026-09-14 table: 376."
MN,2026-09,snapshot,12,prelim_approvals_all,1229,applications,OCM Summary Application Data,https://mn.gov/ocm/data-reports/application-data/,2026-09-26,"OCM Summary Application Data, table as of 2026-09-21 (first recorded from the 2026-09-14 table); data labeled preliminary. Preliminarily approved applicants have 18 months to convert; SF 4401 (2026) adds up to two 6-month extensions. Approval dates not published. Value in the 2026-09-14 table: 1233."
MN,2026-09,snapshot,12,qualified_applicants_all,461,applications,OCM Summary Application Data,https://mn.gov/ocm/data-reports/application-data/,2026-09-26,"OCM Summary Application Data, table as of 2026-09-21 (first recorded from the 2026-09-14 table); data labeled preliminary. Qualified = met initial requirements, not yet preliminarily approved. Value in the 2026-09-14 table: 462."
MN,2025-12,snapshot,3,licensed_cultivators,4,licenses,OCM 2025 Market Analysis Report,https://www.lrl.mn.gov/docs/2026/mandated/260064.pdf,2026-09-23,"OCM 2025 Market Analysis Report, Table 2.1, as of Dec. 31, 2025. "
MN,2025-12,snapshot,3,prelim_approvals_cultivator,23,applications,OCM 2025 Market Analysis Report,https://www.lrl.mn.gov/docs/2026/mandated/260064.pdf,2026-09-23,"OCM 2025 Market Analysis Report, Table 2.1, as of Dec. 31, 2025. "
MN,2025-12,snapshot,3,qualified_applicants_cultivator,23,applications,OCM 2025 Market Analysis Report,https://www.lrl.mn.gov/docs/2026/mandated/260064.pdf,2026-09-23,"OCM 2025 Market Analysis Report, Table 2.1, as of Dec. 31, 2025. "
MN,2025-12,snapshot,3,licenses_issued_delivery_service,0,licenses,OCM 2025 Market Analysis Report,https://www.lrl.mn.gov/docs/2026/mandated/260064.pdf,2026-09-23,"OCM 2025 Market Analysis Report, Table 2.1, as of Dec. 31, 2025. "
MN,2025-12,snapshot,3,prelim_approvals_delivery_service,38,applications,OCM 2025 Market Analysis Report,https://www.lrl.mn.gov/docs/2026/mandated/260064.pdf,2026-09-23,"OCM 2025 Market Analysis Report, Table 2.1, as of Dec. 31, 2025. "
MN,2025-12,snapshot,3,qualified_applicants_delivery_service,33,applications,OCM 2025 Market Analysis Report,https://www.lrl.mn.gov/docs/2026/mandated/260064.pdf,2026-09-23,"OCM 2025 Market Analysis Report, Table 2.1, as of Dec. 31, 2025. "
MN,2025-12,snapshot,3,licenses_issued_mezzobusiness,3,licenses,OCM 2025 Market Analysis Report,https://www.lrl.mn.gov/docs/2026/mandated/260064.pdf,2026-09-23,"OCM 2025 Market Analysis Report, Table 2.1, as of Dec. 31, 2025. "
MN,2025-12,snapshot,3,prelim_approvals_mezzobusiness,54,applications,OCM 2025 Market Analysis Report,https://www.lrl.mn.gov/docs/2026/mandated/260064.pdf,2026-09-23,"OCM 2025 Market Analysis Report, Table 2.1, as of Dec. 31, 2025. "
MN,2025-12,snapshot,3,qualified_applicants_mezzobusiness,43,applications,OCM 2025 Market Analysis Report,https://www.lrl.mn.gov/docs/2026/mandated/260064.pdf,2026-09-23,"OCM 2025 Market Analysis Report, Table 2.1, as of Dec. 31, 2025. "
MN,2025-12,snapshot,3,licensed_microbusinesses,96,licenses,OCM 2025 Market Analysis Report,https://www.lrl.mn.gov/docs/2026/mandated/260064.pdf,2026-09-23,"OCM 2025 Market Analysis Report, Table 2.1, as of Dec. 31, 2025. "
MN,2025-12,snapshot,3,prelim_approvals_microbusiness,1124,applications,OCM 2025 Market Analysis Report,https://www.lrl.mn.gov/docs/2026/mandated/260064.pdf,2026-09-23,"OCM 2025 Market Analysis Report, Table 2.1, as of Dec. 31, 2025. "
MN,2025-12,snapshot,3,qualified_applicants_microbusiness,373,applications,OCM 2025 Market Analysis Report,https://www.lrl.mn.gov/docs/2026/mandated/260064.pdf,2026-09-23,"OCM 2025 Market Analysis Report, Table 2.1, as of Dec. 31, 2025. "
MN,2025-12,snapshot,3,licenses_issued_manufacturer,1,licenses,OCM 2025 Market Analysis Report,https://www.lrl.mn.gov/docs/2026/mandated/260064.pdf,2026-09-23,"OCM 2025 Market Analysis Report, Table 2.1, as of Dec. 31, 2025. "
MN,2025-12,snapshot,3,prelim_approvals_manufacturer,15,applications,OCM 2025 Market Analysis Report,https://www.lrl.mn.gov/docs/2026/mandated/260064.pdf,2026-09-23,"OCM 2025 Market Analysis Report, Table 2.1, as of Dec. 31, 2025. "
MN,2025-12,snapshot,3,qualified_applicants_manufacturer,8,applications,OCM 2025 Market Analysis Report,https://www.lrl.mn.gov/docs/2026/mandated/260064.pdf,2026-09-23,"OCM 2025 Market Analysis Report, Table 2.1, as of Dec. 31, 2025. "
MN,2025-12,snapshot,3,licenses_issued_med_combo,2,licenses,OCM 2025 Market Analysis Report,https://www.lrl.mn.gov/docs/2026/mandated/260064.pdf,2026-09-23,"OCM 2025 Market Analysis Report, Table 2.1, as of Dec. 31, 2025. "
MN,2025-12,snapshot,3,prelim_approvals_med_combo,3,applications,OCM 2025 Market Analysis Report,https://www.lrl.mn.gov/docs/2026/mandated/260064.pdf,2026-09-23,"OCM 2025 Market Analysis Report, Table 2.1, as of Dec. 31, 2025. "
MN,2025-12,snapshot,3,qualified_applicants_med_combo,1,applications,OCM 2025 Market Analysis Report,https://www.lrl.mn.gov/docs/2026/mandated/260064.pdf,2026-09-23,"OCM 2025 Market Analysis Report, Table 2.1, as of Dec. 31, 2025. "
MN,2025-12,snapshot,3,licenses_issued_retailer,4,licenses,OCM 2025 Market Analysis Report,https://www.lrl.mn.gov/docs/2026/mandated/260064.pdf,2026-09-23,"OCM 2025 Market Analysis Report, Table 2.1, as of Dec. 31, 2025. "
MN,2025-12,snapshot,3,prelim_approvals_retailer,86,applications,OCM 2025 Market Analysis Report,https://www.lrl.mn.gov/docs/2026/mandated/260064.pdf,2026-09-23,"OCM 2025 Market Analysis Report, Table 2.1, as of Dec. 31, 2025. "
MN,2025-12,snapshot,3,qualified_applicants_retailer,73,applications,OCM 2025 Market Analysis Report,https://www.lrl.mn.gov/docs/2026/mandated/260064.pdf,2026-09-23,"OCM 2025 Market Analysis Report, Table 2.1, as of Dec. 31, 2025. "
MN,2025-12,snapshot,3,licenses_issued_testing,3,licenses,OCM 2025 Market Analysis Report,https://www.lrl.mn.gov/docs/2026/mandated/260064.pdf,2026-09-23,"OCM 2025 Market Analysis Report, Table 2.1, as of Dec. 31, 2025. "
MN,2025-12,snapshot,3,prelim_approvals_testing,9,applications,OCM 2025 Market Analysis Report,https://www.lrl.mn.gov/docs/2026/mandated/260064.pdf,2026-09-23,"OCM 2025 Market Analysis Report, Table 2.1, as of Dec. 31, 2025. "
MN,2025-12,snapshot,3,qualified_applicants_testing,5,applications,OCM 2025 Market Analysis Report,https://www.lrl.mn.gov/docs/2026/mandated/260064.pdf,2026-09-23,"OCM 2025 Market Analysis Report, Table 2.1, as of Dec. 31, 2025. "
MN,2025-12,snapshot,3,licenses_issued_transporter,3,licenses,OCM 2025 Market Analysis Report,https://www.lrl.mn.gov/docs/2026/mandated/260064.pdf,2026-09-23,"OCM 2025 Market Analysis Report, Table 2.1, as of Dec. 31, 2025. "
MN,2025-12,snapshot,3,prelim_approvals_transporter,30,applications,OCM 2025 Market Analysis Report,https://www.lrl.mn.gov/docs/2026/mandated/260064.pdf,2026-09-23,"OCM 2025 Market Analysis Report, Table 2.1, as of Dec. 31, 2025. "
MN,2025-12,snapshot,3,qualified_applicants_transporter,16,applications,OCM 2025 Market Analysis Report,https://www.lrl.mn.gov/docs/2026/mandated/260064.pdf,2026-09-23,"OCM 2025 Market Analysis Report, Table 2.1, as of Dec. 31, 2025. "
MN,2025-12,snapshot,3,licenses_issued_wholesaler,3,licenses,OCM 2025 Market Analysis Report,https://www.lrl.mn.gov/docs/2026/mandated/260064.pdf,2026-09-23,"OCM 2025 Market Analysis Report, Table 2.1, as of Dec. 31, 2025. "
MN,2025-12,snapshot,3,prelim_approvals_wholesaler,22,applications,OCM 2025 Market Analysis Report,https://www.lrl.mn.gov/docs/2026/mandated/260064.pdf,2026-09-23,"OCM 2025 Market Analysis Report, Table 2.1, as of Dec. 31, 2025. "
MN,2025-12,snapshot,3,qualified_applicants_wholesaler,19,applications,OCM 2025 Market Analysis Report,https://www.lrl.mn.gov/docs/2026/mandated/260064.pdf,2026-09-23,"OCM 2025 Market Analysis Report, Table 2.1, as of Dec. 31, 2025. "
MN,2025-12,snapshot,3,licenses_issued_all,119,licenses,OCM 2025 Market Analysis Report,https://www.lrl.mn.gov/docs/2026/mandated/260064.pdf,2026-09-23,Section 3 states 119; Table 2.1 sums to 119. OCM press release of 2026-01-15 states 118 for the same date.
MN,2025-12,snapshot,3,prelim_approvals_all,1405,applications,OCM 2025 Market Analysis Report,https://www.lrl.mn.gov/docs/2026/mandated/260064.pdf,2026-09-23,"Section 3 states 1,405; Table 2.1 rows sum to 1,404."
MN,2025-06,snapshot,-3,licenses_issued_all,1,licenses,OCM 2025 Market Analysis Report,https://www.lrl.mn.gov/docs/2026/mandated/260064.pdf,2026-09-23,First license issued 2025-06-18 to a microbusiness focused on outdoor cultivation.
MN,2026-03,snapshot,6,licenses_issued_all,178,licenses,OCM Cannabis Insider newsletter 2026-03-31,https://content.govdelivery.com/accounts/MNOCM/bulletins/40f183b,2026-09-23,"As of March 30, 2026; 42 licensed for cultivation activities."
MN,2026-03,snapshot,6,licenses_cultivation_authorized,42,licenses,OCM Cannabis Insider newsletter 2026-03-31,https://content.govdelivery.com/accounts/MNOCM/bulletins/40f183b,2026-09-23,New variable: licenses authorized for cultivation activities (all license types).
MN,2026-09,snapshot,12,licenses_issued_all_press,369,licenses,OCM press release 2026-09-15,https://content.govdelivery.com/accounts/MNOCM/bulletins/42aab6d,2026-09-23,"Press-release count; differs from Summary Application Data (376, as of 2026-09-14) and dashboard (355). Kept as separate variable to avoid double counting."
MN,2026-01,month,4,plants_started_adult_use,24000,plants,OCM Cannabis Market Monitor (Power BI),https://app.powerbigov.us/view?r=eyJrIjoiMjdiYTg2NGMtN2U0Zi00YTZjLThmZmMtM2M5NjllMjNmMjYwIiwidCI6ImViMTRiMDQ2LTI0YzQtNDUxOS04ZjI2LWI4OWMyMTU5ODI4YyJ9,2026-09-23,'Total plants started by month planted' data label rounded to 1K; y-axis titled 'Total seeds planted'. New variable. Jun-Jul spike coincides with outdoor season. Transcribed from author-supplied dashboard screenshot captured 2026-09-23 (agent could not render Power BI).
MN,2026-01,month,4,plants_started_medical,13000,plants,OCM Cannabis Market Monitor (Power BI),https://app.powerbigov.us/view?r=eyJrIjoiMjdiYTg2NGMtN2U0Zi00YTZjLThmZmMtM2M5NjllMjNmMjYwIiwidCI6ImViMTRiMDQ2LTI0YzQtNDUxOS04ZjI2LWI4OWMyMTU5ODI4YyJ9,2026-09-23,See plants_started_adult_use note. Transcribed from author-supplied dashboard screenshot captured 2026-09-23 (agent could not render Power BI).
MN,2026-02,month,5,plants_started_adult_use,21611,plants,OCM Cannabis Market Monitor (Power BI),https://app.powerbigov.us/view?r=eyJrIjoiMjdiYTg2NGMtN2U0Zi00YTZjLThmZmMtM2M5NjllMjNmMjYwIiwidCI6ImViMTRiMDQ2LTI0YzQtNDUxOS04ZjI2LWI4OWMyMTU5ODI4YyJ9,2026-10-01,"Exact value from the 'Total plants started by month planted' visual's 'Show as table' view, supplied by the author 2026-10-01. Dashboard extracted 2026-10-01; Metrc data as of 2026-08-31. The table starts in February 2026; January stays at the earlier rounded label."
MN,2026-02,month,5,plants_started_medical,8674,plants,OCM Cannabis Market Monitor (Power BI),https://app.powerbigov.us/view?r=eyJrIjoiMjdiYTg2NGMtN2U0Zi00YTZjLThmZmMtM2M5NjllMjNmMjYwIiwidCI6ImViMTRiMDQ2LTI0YzQtNDUxOS04ZjI2LWI4OWMyMTU5ODI4YyJ9,2026-10-01,"Exact value from the 'Total plants started by month planted' visual's 'Show as table' view, supplied by the author 2026-10-01. Dashboard extracted 2026-10-01; Metrc data as of 2026-08-31."
MN,2026-03,month,6,plants_started_adult_use,19638,plants,OCM Cannabis Market Monitor (Power BI),https://app.powerbigov.us/view?r=eyJrIjoiMjdiYTg2NGMtN2U0Zi00YTZjLThmZmMtM2M5NjllMjNmMjYwIiwidCI6ImViMTRiMDQ2LTI0YzQtNDUxOS04ZjI2LWI4OWMyMTU5ODI4YyJ9,2026-10-01,"Exact value from the 'Total plants started by month planted' visual's 'Show as table' view, supplied by the author 2026-10-01. Dashboard extracted 2026-10-01; Metrc data as of 2026-08-31. The table starts in February 2026; January stays at the earlier rounded label."
MN,2026-03,month,6,plants_started_medical,11011,plants,OCM Cannabis Market Monitor (Power BI),https://app.powerbigov.us/view?r=eyJrIjoiMjdiYTg2NGMtN2U0Zi00YTZjLThmZmMtM2M5NjllMjNmMjYwIiwidCI6ImViMTRiMDQ2LTI0YzQtNDUxOS04ZjI2LWI4OWMyMTU5ODI4YyJ9,2026-10-01,"Exact value from the 'Total plants started by month planted' visual's 'Show as table' view, supplied by the author 2026-10-01. Dashboard extracted 2026-10-01; Metrc data as of 2026-08-31."
MN,2026-04,month,7,plants_started_adult_use,34473,plants,OCM Cannabis Market Monitor (Power BI),https://app.powerbigov.us/view?r=eyJrIjoiMjdiYTg2NGMtN2U0Zi00YTZjLThmZmMtM2M5NjllMjNmMjYwIiwidCI6ImViMTRiMDQ2LTI0YzQtNDUxOS04ZjI2LWI4OWMyMTU5ODI4YyJ9,2026-10-01,"Exact value from the 'Total plants started by month planted' visual's 'Show as table' view, supplied by the author 2026-10-01. Dashboard extracted 2026-10-01; Metrc data as of 2026-08-31. The table starts in February 2026; January stays at the earlier rounded label."
MN,2026-04,month,7,plants_started_medical,12688,plants,OCM Cannabis Market Monitor (Power BI),https://app.powerbigov.us/view?r=eyJrIjoiMjdiYTg2NGMtN2U0Zi00YTZjLThmZmMtM2M5NjllMjNmMjYwIiwidCI6ImViMTRiMDQ2LTI0YzQtNDUxOS04ZjI2LWI4OWMyMTU5ODI4YyJ9,2026-10-01,"Exact value from the 'Total plants started by month planted' visual's 'Show as table' view, supplied by the author 2026-10-01. Dashboard extracted 2026-10-01; Metrc data as of 2026-08-31."
MN,2026-05,month,8,plants_started_adult_use,61273,plants,OCM Cannabis Market Monitor (Power BI),https://app.powerbigov.us/view?r=eyJrIjoiMjdiYTg2NGMtN2U0Zi00YTZjLThmZmMtM2M5NjllMjNmMjYwIiwidCI6ImViMTRiMDQ2LTI0YzQtNDUxOS04ZjI2LWI4OWMyMTU5ODI4YyJ9,2026-10-01,"Exact value from the 'Total plants started by month planted' visual's 'Show as table' view, supplied by the author 2026-10-01. Dashboard extracted 2026-10-01; Metrc data as of 2026-08-31. The table starts in February 2026; January stays at the earlier rounded label."
MN,2026-05,month,8,plants_started_medical,9361,plants,OCM Cannabis Market Monitor (Power BI),https://app.powerbigov.us/view?r=eyJrIjoiMjdiYTg2NGMtN2U0Zi00YTZjLThmZmMtM2M5NjllMjNmMjYwIiwidCI6ImViMTRiMDQ2LTI0YzQtNDUxOS04ZjI2LWI4OWMyMTU5ODI4YyJ9,2026-10-01,"Exact value from the 'Total plants started by month planted' visual's 'Show as table' view, supplied by the author 2026-10-01. Dashboard extracted 2026-10-01; Metrc data as of 2026-08-31."
MN,2026-06,month,9,plants_started_adult_use,100666,plants,OCM Cannabis Market Monitor (Power BI),https://app.powerbigov.us/view?r=eyJrIjoiMjdiYTg2NGMtN2U0Zi00YTZjLThmZmMtM2M5NjllMjNmMjYwIiwidCI6ImViMTRiMDQ2LTI0YzQtNDUxOS04ZjI2LWI4OWMyMTU5ODI4YyJ9,2026-10-01,"Exact value from the 'Total plants started by month planted' visual's 'Show as table' view, supplied by the author 2026-10-01. Dashboard extracted 2026-10-01; Metrc data as of 2026-08-31. The table starts in February 2026; January stays at the earlier rounded label."
MN,2026-06,month,9,plants_started_medical,11568,plants,OCM Cannabis Market Monitor (Power BI),https://app.powerbigov.us/view?r=eyJrIjoiMjdiYTg2NGMtN2U0Zi00YTZjLThmZmMtM2M5NjllMjNmMjYwIiwidCI6ImViMTRiMDQ2LTI0YzQtNDUxOS04ZjI2LWI4OWMyMTU5ODI4YyJ9,2026-10-01,"Exact value from the 'Total plants started by month planted' visual's 'Show as table' view, supplied by the author 2026-10-01. Dashboard extracted 2026-10-01; Metrc data as of 2026-08-31."
MN,2026-07,month,10,plants_started_adult_use,214283,plants,OCM Cannabis Market Monitor (Power BI),https://app.powerbigov.us/view?r=eyJrIjoiMjdiYTg2NGMtN2U0Zi00YTZjLThmZmMtM2M5NjllMjNmMjYwIiwidCI6ImViMTRiMDQ2LTI0YzQtNDUxOS04ZjI2LWI4OWMyMTU5ODI4YyJ9,2026-10-01,"Exact value from the 'Total plants started by month planted' visual's 'Show as table' view, supplied by the author 2026-10-01. Dashboard extracted 2026-10-01; Metrc data as of 2026-08-31. July revised from 203,000 (rounded label in the 2026-09-23 capture) to 214,283. The table starts in February 2026; January stays at the earlier rounded label."
MN,2026-07,month,10,plants_started_medical,8676,plants,OCM Cannabis Market Monitor (Power BI),https://app.powerbigov.us/view?r=eyJrIjoiMjdiYTg2NGMtN2U0Zi00YTZjLThmZmMtM2M5NjllMjNmMjYwIiwidCI6ImViMTRiMDQ2LTI0YzQtNDUxOS04ZjI2LWI4OWMyMTU5ODI4YyJ9,2026-10-01,"Exact value from the 'Total plants started by month planted' visual's 'Show as table' view, supplied by the author 2026-10-01. Dashboard extracted 2026-10-01; Metrc data as of 2026-08-31."
MN,2025-06,month,-3,plants_started_combined,1000,plants,OCM press release 2026-01-15 (Figure 2 alt text),https://content.govdelivery.com/accounts/MNOCM/bulletins/4048e26,2026-09-23,"Rounded to 1K in release image text; market split not stated, so recorded as combined. New variable."
MN,2025-07,month,-2,plants_started_combined,5000,plants,OCM press release 2026-01-15 (Figure 2 alt text),https://content.govdelivery.com/accounts/MNOCM/bulletins/4048e26,2026-09-23,"Rounded to 1K in release image text; market split not stated, so recorded as combined. New variable."
MN,2025-08,month,-1,plants_started_combined,2000,plants,OCM press release 2026-01-15 (Figure 2 alt text),https://content.govdelivery.com/accounts/MNOCM/bulletins/4048e26,2026-09-23,"Rounded to 1K in release image text; market split not stated, so recorded as combined. New variable."
MN,2025-09,month,0,plants_started_combined,7000,plants,OCM press release 2026-01-15 (Figure 2 alt text),https://content.govdelivery.com/accounts/MNOCM/bulletins/4048e26,2026-09-23,"Rounded to 1K in release image text; market split not stated, so recorded as combined. New variable."
MN,2025-10,month,1,plants_started_combined,18000,plants,OCM press release 2026-01-15 (Figure 2 alt text),https://content.govdelivery.com/accounts/MNOCM/bulletins/4048e26,2026-09-23,"Rounded to 1K in release image text; market split not stated, so recorded as combined. New variable."
MN,2025-11,month,2,plants_started_combined,14000,plants,OCM press release 2026-01-15 (Figure 2 alt text),https://content.govdelivery.com/accounts/MNOCM/bulletins/4048e26,2026-09-23,"Rounded to 1K in release image text; market split not stated, so recorded as combined. New variable."
MN,2025-12,month,3,plants_started_combined,14000,plants,OCM press release 2026-01-15 (Figure 2 alt text),https://content.govdelivery.com/accounts/MNOCM/bulletins/4048e26,2026-09-23,"Rounded to 1K in release image text; market split not stated, so recorded as combined. New variable."
MN,2024-01,month,-20,plants_harvested,4354,plants,OCM Cannabis Market Monitor (Power BI),https://app.powerbigov.us/view?r=eyJrIjoiMjdiYTg2NGMtN2U0Zi00YTZjLThmZmMtM2M5NjllMjNmMjYwIiwidCI6ImViMTRiMDQ2LTI0YzQtNDUxOS04ZjI2LWI4OWMyMTU5ODI4YyJ9,2026-10-01,"Exact value from the 'Total harvested plants by month' visual's 'Show as table' view, supplied by the author 2026-10-01. Dashboard extracted 2026-10-01; Metrc data as of 2026-08-31. Replaces the earlier chart read (+/- 500 plants). Count of plants, not weight; unfiltered (adult-use plus medical)."
MN,2024-02,month,-19,plants_harvested,4021,plants,OCM Cannabis Market Monitor (Power BI),https://app.powerbigov.us/view?r=eyJrIjoiMjdiYTg2NGMtN2U0Zi00YTZjLThmZmMtM2M5NjllMjNmMjYwIiwidCI6ImViMTRiMDQ2LTI0YzQtNDUxOS04ZjI2LWI4OWMyMTU5ODI4YyJ9,2026-10-01,"Exact value from the 'Total harvested plants by month' visual's 'Show as table' view, supplied by the author 2026-10-01. Dashboard extracted 2026-10-01; Metrc data as of 2026-08-31. Replaces the earlier chart read (+/- 500 plants). Count of plants, not weight; unfiltered (adult-use plus medical)."
MN,2024-03,month,-18,plants_harvested,3795,plants,OCM Cannabis Market Monitor (Power BI),https://app.powerbigov.us/view?r=eyJrIjoiMjdiYTg2NGMtN2U0Zi00YTZjLThmZmMtM2M5NjllMjNmMjYwIiwidCI6ImViMTRiMDQ2LTI0YzQtNDUxOS04ZjI2LWI4OWMyMTU5ODI4YyJ9,2026-10-01,"Exact value from the 'Total harvested plants by month' visual's 'Show as table' view, supplied by the author 2026-10-01. Dashboard extracted 2026-10-01; Metrc data as of 2026-08-31. Replaces the earlier chart read (+/- 500 plants). Count of plants, not weight; unfiltered (adult-use plus medical)."
MN,2024-04,month,-17,plants_harvested,3853,plants,OCM Cannabis Market Monitor (Power BI),https://app.powerbigov.us/view?r=eyJrIjoiMjdiYTg2NGMtN2U0Zi00YTZjLThmZmMtM2M5NjllMjNmMjYwIiwidCI6ImViMTRiMDQ2LTI0YzQtNDUxOS04ZjI2LWI4OWMyMTU5ODI4YyJ9,2026-10-01,"Exact value from the 'Total harvested plants by month' visual's 'Show as table' view, supplied by the author 2026-10-01. Dashboard extracted 2026-10-01; Metrc data as of 2026-08-31. Replaces the earlier chart read (+/- 500 plants). Count of plants, not weight; unfiltered (adult-use plus medical)."
MN,2024-05,month,-16,plants_harvested,4970,plants,OCM Cannabis Market Monitor (Power BI),https://app.powerbigov.us/view?r=eyJrIjoiMjdiYTg2NGMtN2U0Zi00YTZjLThmZmMtM2M5NjllMjNmMjYwIiwidCI6ImViMTRiMDQ2LTI0YzQtNDUxOS04ZjI2LWI4OWMyMTU5ODI4YyJ9,2026-10-01,"Exact value from the 'Total harvested plants by month' visual's 'Show as table' view, supplied by the author 2026-10-01. Dashboard extracted 2026-10-01; Metrc data as of 2026-08-31. Replaces the earlier chart read (+/- 500 plants). Count of plants, not weight; unfiltered (adult-use plus medical)."
MN,2024-06,month,-15,plants_harvested,5080,plants,OCM Cannabis Market Monitor (Power BI),https://app.powerbigov.us/view?r=eyJrIjoiMjdiYTg2NGMtN2U0Zi00YTZjLThmZmMtM2M5NjllMjNmMjYwIiwidCI6ImViMTRiMDQ2LTI0YzQtNDUxOS04ZjI2LWI4OWMyMTU5ODI4YyJ9,2026-10-01,"Exact value from the 'Total harvested plants by month' visual's 'Show as table' view, supplied by the author 2026-10-01. Dashboard extracted 2026-10-01; Metrc data as of 2026-08-31. Replaces the earlier chart read (+/- 500 plants). Count of plants, not weight; unfiltered (adult-use plus medical)."
MN,2024-07,month,-14,plants_harvested,7515,plants,OCM Cannabis Market Monitor (Power BI),https://app.powerbigov.us/view?r=eyJrIjoiMjdiYTg2NGMtN2U0Zi00YTZjLThmZmMtM2M5NjllMjNmMjYwIiwidCI6ImViMTRiMDQ2LTI0YzQtNDUxOS04ZjI2LWI4OWMyMTU5ODI4YyJ9,2026-10-01,"Exact value from the 'Total harvested plants by month' visual's 'Show as table' view, supplied by the author 2026-10-01. Dashboard extracted 2026-10-01; Metrc data as of 2026-08-31. Replaces the earlier chart read (+/- 500 plants). Count of plants, not weight; unfiltered (adult-use plus medical)."
MN,2024-08,month,-13,plants_harvested,4775,plants,OCM Cannabis Market Monitor (Power BI),https://app.powerbigov.us/view?r=eyJrIjoiMjdiYTg2NGMtN2U0Zi00YTZjLThmZmMtM2M5NjllMjNmMjYwIiwidCI6ImViMTRiMDQ2LTI0YzQtNDUxOS04ZjI2LWI4OWMyMTU5ODI4YyJ9,2026-10-01,"Exact value from the 'Total harvested plants by month' visual's 'Show as table' view, supplied by the author 2026-10-01. Dashboard extracted 2026-10-01; Metrc data as of 2026-08-31. Replaces the earlier chart read (+/- 500 plants). Count of plants, not weight; unfiltered (adult-use plus medical)."
MN,2024-09,month,-12,plants_harvested,12220,plants,OCM Cannabis Market Monitor (Power BI),https://app.powerbigov.us/view?r=eyJrIjoiMjdiYTg2NGMtN2U0Zi00YTZjLThmZmMtM2M5NjllMjNmMjYwIiwidCI6ImViMTRiMDQ2LTI0YzQtNDUxOS04ZjI2LWI4OWMyMTU5ODI4YyJ9,2026-10-01,"Exact value from the 'Total harvested plants by month' visual's 'Show as table' view, supplied by the author 2026-10-01. Dashboard extracted 2026-10-01; Metrc data as of 2026-08-31. Replaces the earlier chart read (+/- 500 plants). Count of plants, not weight; unfiltered (adult-use plus medical)."
MN,2024-10,month,-11,plants_harvested,4855,plants,OCM Cannabis Market Monitor (Power BI),https://app.powerbigov.us/view?r=eyJrIjoiMjdiYTg2NGMtN2U0Zi00YTZjLThmZmMtM2M5NjllMjNmMjYwIiwidCI6ImViMTRiMDQ2LTI0YzQtNDUxOS04ZjI2LWI4OWMyMTU5ODI4YyJ9,2026-10-01,"Exact value from the 'Total harvested plants by month' visual's 'Show as table' view, supplied by the author 2026-10-01. Dashboard extracted 2026-10-01; Metrc data as of 2026-08-31. Replaces the earlier chart read (+/- 500 plants). Count of plants, not weight; unfiltered (adult-use plus medical)."
MN,2024-11,month,-10,plants_harvested,5928,plants,OCM Cannabis Market Monitor (Power BI),https://app.powerbigov.us/view?r=eyJrIjoiMjdiYTg2NGMtN2U0Zi00YTZjLThmZmMtM2M5NjllMjNmMjYwIiwidCI6ImViMTRiMDQ2LTI0YzQtNDUxOS04ZjI2LWI4OWMyMTU5ODI4YyJ9,2026-10-01,"Exact value from the 'Total harvested plants by month' visual's 'Show as table' view, supplied by the author 2026-10-01. Dashboard extracted 2026-10-01; Metrc data as of 2026-08-31. Replaces the earlier chart read (+/- 500 plants). Count of plants, not weight; unfiltered (adult-use plus medical)."
MN,2024-12,month,-9,plants_harvested,9563,plants,OCM Cannabis Market Monitor (Power BI),https://app.powerbigov.us/view?r=eyJrIjoiMjdiYTg2NGMtN2U0Zi00YTZjLThmZmMtM2M5NjllMjNmMjYwIiwidCI6ImViMTRiMDQ2LTI0YzQtNDUxOS04ZjI2LWI4OWMyMTU5ODI4YyJ9,2026-10-01,"Exact value from the 'Total harvested plants by month' visual's 'Show as table' view, supplied by the author 2026-10-01. Dashboard extracted 2026-10-01; Metrc data as of 2026-08-31. Replaces the earlier chart read (+/- 500 plants). Count of plants, not weight; unfiltered (adult-use plus medical)."
MN,2025-01,month,-8,plants_harvested,6312,plants,OCM Cannabis Market Monitor (Power BI),https://app.powerbigov.us/view?r=eyJrIjoiMjdiYTg2NGMtN2U0Zi00YTZjLThmZmMtM2M5NjllMjNmMjYwIiwidCI6ImViMTRiMDQ2LTI0YzQtNDUxOS04ZjI2LWI4OWMyMTU5ODI4YyJ9,2026-10-01,"Exact value from the 'Total harvested plants by month' visual's 'Show as table' view, supplied by the author 2026-10-01. Dashboard extracted 2026-10-01; Metrc data as of 2026-08-31. Replaces the earlier chart read (+/- 500 plants). Count of plants, not weight; unfiltered (adult-use plus medical)."
MN,2025-02,month,-7,plants_harvested,8800,plants,OCM Cannabis Market Monitor (Power BI),https://app.powerbigov.us/view?r=eyJrIjoiMjdiYTg2NGMtN2U0Zi00YTZjLThmZmMtM2M5NjllMjNmMjYwIiwidCI6ImViMTRiMDQ2LTI0YzQtNDUxOS04ZjI2LWI4OWMyMTU5ODI4YyJ9,2026-10-01,"Exact value from the 'Total harvested plants by month' visual's 'Show as table' view, supplied by the author 2026-10-01. Dashboard extracted 2026-10-01; Metrc data as of 2026-08-31. Replaces the earlier chart read (+/- 500 plants). Count of plants, not weight; unfiltered (adult-use plus medical)."
MN,2025-03,month,-6,plants_harvested,7171,plants,OCM Cannabis Market Monitor (Power BI),https://app.powerbigov.us/view?r=eyJrIjoiMjdiYTg2NGMtN2U0Zi00YTZjLThmZmMtM2M5NjllMjNmMjYwIiwidCI6ImViMTRiMDQ2LTI0YzQtNDUxOS04ZjI2LWI4OWMyMTU5ODI4YyJ9,2026-10-01,"Exact value from the 'Total harvested plants by month' visual's 'Show as table' view, supplied by the author 2026-10-01. Dashboard extracted 2026-10-01; Metrc data as of 2026-08-31. Replaces the earlier chart read (+/- 500 plants). Count of plants, not weight; unfiltered (adult-use plus medical)."
MN,2025-04,month,-5,plants_harvested,9079,plants,OCM Cannabis Market Monitor (Power BI),https://app.powerbigov.us/view?r=eyJrIjoiMjdiYTg2NGMtN2U0Zi00YTZjLThmZmMtM2M5NjllMjNmMjYwIiwidCI6ImViMTRiMDQ2LTI0YzQtNDUxOS04ZjI2LWI4OWMyMTU5ODI4YyJ9,2026-10-01,"Exact value from the 'Total harvested plants by month' visual's 'Show as table' view, supplied by the author 2026-10-01. Dashboard extracted 2026-10-01; Metrc data as of 2026-08-31. Replaces the earlier chart read (+/- 500 plants). Count of plants, not weight; unfiltered (adult-use plus medical)."
MN,2025-05,month,-4,plants_harvested,6531,plants,OCM Cannabis Market Monitor (Power BI),https://app.powerbigov.us/view?r=eyJrIjoiMjdiYTg2NGMtN2U0Zi00YTZjLThmZmMtM2M5NjllMjNmMjYwIiwidCI6ImViMTRiMDQ2LTI0YzQtNDUxOS04ZjI2LWI4OWMyMTU5ODI4YyJ9,2026-10-01,"Exact value from the 'Total harvested plants by month' visual's 'Show as table' view, supplied by the author 2026-10-01. Dashboard extracted 2026-10-01; Metrc data as of 2026-08-31. Replaces the earlier chart read (+/- 500 plants). Count of plants, not weight; unfiltered (adult-use plus medical)."
MN,2025-06,month,-3,plants_harvested,10547,plants,OCM Cannabis Market Monitor (Power BI),https://app.powerbigov.us/view?r=eyJrIjoiMjdiYTg2NGMtN2U0Zi00YTZjLThmZmMtM2M5NjllMjNmMjYwIiwidCI6ImViMTRiMDQ2LTI0YzQtNDUxOS04ZjI2LWI4OWMyMTU5ODI4YyJ9,2026-10-01,"Exact value from the 'Total harvested plants by month' visual's 'Show as table' view, supplied by the author 2026-10-01. Dashboard extracted 2026-10-01; Metrc data as of 2026-08-31. Replaces the earlier chart read (+/- 500 plants). Count of plants, not weight; unfiltered (adult-use plus medical)."
MN,2025-07,month,-2,plants_harvested,6978,plants,OCM Cannabis Market Monitor (Power BI),https://app.powerbigov.us/view?r=eyJrIjoiMjdiYTg2NGMtN2U0Zi00YTZjLThmZmMtM2M5NjllMjNmMjYwIiwidCI6ImViMTRiMDQ2LTI0YzQtNDUxOS04ZjI2LWI4OWMyMTU5ODI4YyJ9,2026-10-01,"Exact value from the 'Total harvested plants by month' visual's 'Show as table' view, supplied by the author 2026-10-01. Dashboard extracted 2026-10-01; Metrc data as of 2026-08-31. Replaces the earlier chart read (+/- 500 plants). Count of plants, not weight; unfiltered (adult-use plus medical)."
MN,2025-08,month,-1,plants_harvested,7614,plants,OCM Cannabis Market Monitor (Power BI),https://app.powerbigov.us/view?r=eyJrIjoiMjdiYTg2NGMtN2U0Zi00YTZjLThmZmMtM2M5NjllMjNmMjYwIiwidCI6ImViMTRiMDQ2LTI0YzQtNDUxOS04ZjI2LWI4OWMyMTU5ODI4YyJ9,2026-10-01,"Exact value from the 'Total harvested plants by month' visual's 'Show as table' view, supplied by the author 2026-10-01. Dashboard extracted 2026-10-01; Metrc data as of 2026-08-31. Replaces the earlier chart read (+/- 500 plants). Count of plants, not weight; unfiltered (adult-use plus medical)."
MN,2025-09,month,0,plants_harvested,10610,plants,OCM Cannabis Market Monitor (Power BI),https://app.powerbigov.us/view?r=eyJrIjoiMjdiYTg2NGMtN2U0Zi00YTZjLThmZmMtM2M5NjllMjNmMjYwIiwidCI6ImViMTRiMDQ2LTI0YzQtNDUxOS04ZjI2LWI4OWMyMTU5ODI4YyJ9,2026-10-01,"Exact value from the 'Total harvested plants by month' visual's 'Show as table' view, supplied by the author 2026-10-01. Dashboard extracted 2026-10-01; Metrc data as of 2026-08-31. Replaces the earlier chart read (+/- 500 plants). Count of plants, not weight; unfiltered (adult-use plus medical)."
MN,2025-10,month,1,plants_harvested,10084,plants,OCM Cannabis Market Monitor (Power BI),https://app.powerbigov.us/view?r=eyJrIjoiMjdiYTg2NGMtN2U0Zi00YTZjLThmZmMtM2M5NjllMjNmMjYwIiwidCI6ImViMTRiMDQ2LTI0YzQtNDUxOS04ZjI2LWI4OWMyMTU5ODI4YyJ9,2026-10-01,"Exact value from the 'Total harvested plants by month' visual's 'Show as table' view, supplied by the author 2026-10-01. Dashboard extracted 2026-10-01; Metrc data as of 2026-08-31. Replaces the earlier chart read (+/- 500 plants). Count of plants, not weight; unfiltered (adult-use plus medical)."
MN,2025-11,month,2,plants_harvested,10029,plants,OCM Cannabis Market Monitor (Power BI),https://app.powerbigov.us/view?r=eyJrIjoiMjdiYTg2NGMtN2U0Zi00YTZjLThmZmMtM2M5NjllMjNmMjYwIiwidCI6ImViMTRiMDQ2LTI0YzQtNDUxOS04ZjI2LWI4OWMyMTU5ODI4YyJ9,2026-10-01,"Exact value from the 'Total harvested plants by month' visual's 'Show as table' view, supplied by the author 2026-10-01. Dashboard extracted 2026-10-01; Metrc data as of 2026-08-31. Replaces the earlier chart read (+/- 500 plants). Count of plants, not weight; unfiltered (adult-use plus medical)."
MN,2025-12,month,3,plants_harvested,13557,plants,OCM Cannabis Market Monitor (Power BI),https://app.powerbigov.us/view?r=eyJrIjoiMjdiYTg2NGMtN2U0Zi00YTZjLThmZmMtM2M5NjllMjNmMjYwIiwidCI6ImViMTRiMDQ2LTI0YzQtNDUxOS04ZjI2LWI4OWMyMTU5ODI4YyJ9,2026-10-01,"Exact value from the 'Total harvested plants by month' visual's 'Show as table' view, supplied by the author 2026-10-01. Dashboard extracted 2026-10-01; Metrc data as of 2026-08-31. Replaces the earlier chart read (+/- 500 plants). Count of plants, not weight; unfiltered (adult-use plus medical)."
MN,2026-01,month,4,plants_harvested,17819,plants,OCM Cannabis Market Monitor (Power BI),https://app.powerbigov.us/view?r=eyJrIjoiMjdiYTg2NGMtN2U0Zi00YTZjLThmZmMtM2M5NjllMjNmMjYwIiwidCI6ImViMTRiMDQ2LTI0YzQtNDUxOS04ZjI2LWI4OWMyMTU5ODI4YyJ9,2026-10-01,"Exact value from the 'Total harvested plants by month' visual's 'Show as table' view, supplied by the author 2026-10-01. Dashboard extracted 2026-10-01; Metrc data as of 2026-08-31. Replaces the earlier chart read (+/- 500 plants). Count of plants, not weight; unfiltered (adult-use plus medical)."
MN,2026-02,month,5,plants_harvested,13238,plants,OCM Cannabis Market Monitor (Power BI),https://app.powerbigov.us/view?r=eyJrIjoiMjdiYTg2NGMtN2U0Zi00YTZjLThmZmMtM2M5NjllMjNmMjYwIiwidCI6ImViMTRiMDQ2LTI0YzQtNDUxOS04ZjI2LWI4OWMyMTU5ODI4YyJ9,2026-10-01,"Exact value from the 'Total harvested plants by month' visual's 'Show as table' view, supplied by the author 2026-10-01. Dashboard extracted 2026-10-01; Metrc data as of 2026-08-31. Replaces the earlier chart read (+/- 500 plants). Count of plants, not weight; unfiltered (adult-use plus medical)."
MN,2026-03,month,6,plants_harvested,19557,plants,OCM Cannabis Market Monitor (Power BI),https://app.powerbigov.us/view?r=eyJrIjoiMjdiYTg2NGMtN2U0Zi00YTZjLThmZmMtM2M5NjllMjNmMjYwIiwidCI6ImViMTRiMDQ2LTI0YzQtNDUxOS04ZjI2LWI4OWMyMTU5ODI4YyJ9,2026-10-01,"Exact value from the 'Total harvested plants by month' visual's 'Show as table' view, supplied by the author 2026-10-01. Dashboard extracted 2026-10-01; Metrc data as of 2026-08-31. Replaces the earlier chart read (+/- 500 plants). Count of plants, not weight; unfiltered (adult-use plus medical)."
MN,2026-04,month,7,plants_harvested,17503,plants,OCM Cannabis Market Monitor (Power BI),https://app.powerbigov.us/view?r=eyJrIjoiMjdiYTg2NGMtN2U0Zi00YTZjLThmZmMtM2M5NjllMjNmMjYwIiwidCI6ImViMTRiMDQ2LTI0YzQtNDUxOS04ZjI2LWI4OWMyMTU5ODI4YyJ9,2026-10-01,"Exact value from the 'Total harvested plants by month' visual's 'Show as table' view, supplied by the author 2026-10-01. Dashboard extracted 2026-10-01; Metrc data as of 2026-08-31. Replaces the earlier chart read (+/- 500 plants). Count of plants, not weight; unfiltered (adult-use plus medical)."
MN,2026-05,month,8,plants_harvested,16594,plants,OCM Cannabis Market Monitor (Power BI),https://app.powerbigov.us/view?r=eyJrIjoiMjdiYTg2NGMtN2U0Zi00YTZjLThmZmMtM2M5NjllMjNmMjYwIiwidCI6ImViMTRiMDQ2LTI0YzQtNDUxOS04ZjI2LWI4OWMyMTU5ODI4YyJ9,2026-10-01,"Exact value from the 'Total harvested plants by month' visual's 'Show as table' view, supplied by the author 2026-10-01. Dashboard extracted 2026-10-01; Metrc data as of 2026-08-31. Replaces the earlier chart read (+/- 500 plants). Count of plants, not weight; unfiltered (adult-use plus medical)."
MN,2026-06,month,9,plants_harvested,23858,plants,OCM Cannabis Market Monitor (Power BI),https://app.powerbigov.us/view?r=eyJrIjoiMjdiYTg2NGMtN2U0Zi00YTZjLThmZmMtM2M5NjllMjNmMjYwIiwidCI6ImViMTRiMDQ2LTI0YzQtNDUxOS04ZjI2LWI4OWMyMTU5ODI4YyJ9,2026-10-01,"Exact value from the 'Total harvested plants by month' visual's 'Show as table' view, supplied by the author 2026-10-01. Dashboard extracted 2026-10-01; Metrc data as of 2026-08-31. Replaces the earlier chart read (+/- 500 plants). Count of plants, not weight; unfiltered (adult-use plus medical)."
MN,2026-07,month,10,plants_harvested,21047,plants,OCM Cannabis Market Monitor (Power BI),https://app.powerbigov.us/view?r=eyJrIjoiMjdiYTg2NGMtN2U0Zi00YTZjLThmZmMtM2M5NjllMjNmMjYwIiwidCI6ImViMTRiMDQ2LTI0YzQtNDUxOS04ZjI2LWI4OWMyMTU5ODI4YyJ9,2026-10-01,"Exact value from the 'Total harvested plants by month' visual's 'Show as table' view, supplied by the author 2026-10-01. Dashboard extracted 2026-10-01; Metrc data as of 2026-08-31. Replaces the earlier chart read (+/- 500 plants). Count of plants, not weight; unfiltered (adult-use plus medical)."
MN,2026-09,snapshot,12,plants_total,264368,plants,OCM Cannabis Market Monitor (Power BI),https://app.powerbigov.us/view?r=eyJrIjoiMjdiYTg2NGMtN2U0Zi00YTZjLThmZmMtM2M5NjllMjNmMjYwIiwidCI6ImViMTRiMDQ2LTI0YzQtNDUxOS04ZjI2LWI4OWMyMTU5ODI4YyJ9,2026-09-23,"'Total living plants' card. Conflicts with OCM press release 2026-09-15 (486,720 plants in inventory). Plants under 8 inches are tracked by batch, not individual tag; the two figures likely differ in scope or date. Not reconciled. Transcribed from author-supplied dashboard screenshot captured 2026-09-23 (agent could not render Power BI)."
MN,2026-09,snapshot,12,plants_in_inventory_press,486720,plants,OCM press release 2026-09-15,https://content.govdelivery.com/accounts/MNOCM/bulletins/42aab6d,2026-09-23,Plants in inventory across 102 license holders. Separate variable from plants_total because the scope differs from the dashboard card.
MN,2025-09,snapshot,0,plants_in_inventory_press,72083,plants,OCM press release 2026-09-15,https://content.govdelivery.com/accounts/MNOCM/bulletins/42aab6d,2026-09-23,"'A year ago': 72,083 plants across 11 license holders."
MN,2025-12,snapshot,3,plants_total,66000,plants,OCM press release 2026-01-15,https://content.govdelivery.com/accounts/MNOCM/bulletins/4048e26,2026-09-23,"'Nearly 66,000' living plants at end of 2025; approximate upper bound."
MN,2026-09,snapshot,12,cultivating_license_holders,102,license holders,OCM press release 2026-09-15,https://content.govdelivery.com/accounts/MNOCM/bulletins/42aab6d,2026-09-23,New variable. 95 cultivators newly licensed Jun-Aug 2026 (60% of businesses currently cultivating).
MN,2025-09,snapshot,0,cultivating_license_holders,11,license holders,OCM press release 2026-09-15,https://content.govdelivery.com/accounts/MNOCM/bulletins/42aab6d,2026-09-23,'A year ago'.
MN,2022-08,snapshot,-37,medical_patients,37230,patients,OCM 2025 Market Analysis Report,https://www.lrl.mn.gov/docs/2026/mandated/260064.pdf,2026-09-23,Active registry patients.
MN,2025-09,snapshot,0,medical_patients,59000,patients,OCM news release 2025-09-16,https://mn.gov/ocm/media/news-releases/?id=1202-705993,2026-09-23,"'More than 59,000'; lower bound."
MN,2025-12,snapshot,3,medical_patients,72000,patients,OCM 2025 Market Analysis Report,https://www.lrl.mn.gov/docs/2026/mandated/260064.pdf,2026-09-23,"'More than 72,000' in Dec 2025 (Sec. 6.1). Same report Sec. 4 says 'more than 68,000'; internal inconsistency."
MN,2026-09,snapshot,12,medical_patients,90000,patients,OCM press release 2026-09-15,https://content.govdelivery.com/accounts/MNOCM/bulletins/42aab6d,2026-09-23,"'More than 90,000'; lower bound."
MN,2026-09,snapshot,12,lphe_licenses_issued_retailer,1895,licenses,OCM Summary Application Data,https://mn.gov/ocm/data-reports/application-data/,2026-09-26,Table as of 2026-09-21 (first recorded from the 2026-09-14 table). New variable. Competing hemp-derived THC channel. Value in the 2026-09-14 table: 1893.
MN,2026-09,snapshot,12,lphe_licenses_issued_manufacturer,69,licenses,OCM Summary Application Data,https://mn.gov/ocm/data-reports/application-data/,2026-09-26,Table as of 2026-09-21 (first recorded from the 2026-09-14 table). New variable. Competing hemp-derived THC channel. Same value in the 2026-09-14 table.
MN,2026-09,snapshot,12,lphe_licenses_issued_wholesaler,51,licenses,OCM Summary Application Data,https://mn.gov/ocm/data-reports/application-data/,2026-09-26,Table as of 2026-09-21 (first recorded from the 2026-09-14 table). New variable. Competing hemp-derived THC channel. Same value in the 2026-09-14 table.
MN,2026-09,snapshot,12,lphe_licenses_issued_all,2015,licenses,OCM Summary Application Data,https://mn.gov/ocm/data-reports/application-data/,2026-09-26,Table as of 2026-09-21 (first recorded from the 2026-09-14 table). New variable. Competing hemp-derived THC channel. Value in the 2026-09-14 table: 2013.
MN,2025-08,snapshot,-1,hemp_registered_businesses,5380,businesses,OCM 2025 Market Analysis Report,https://www.lrl.mn.gov/docs/2026/mandated/260064.pdf,2026-09-23,"Registered hemp-derived cannabinoid product businesses when registration closed Aug. 31, 2025. New variable."
MN,2025-06,month,-3,licenses_issued_all_recon,1,licenses,OCM public license-holder workbook (updated 2026-09-14),https://mn.gov/ocm/assets/MN_OCM_licensed_businesses_091426_tcm1202-714418.xlsx,2026-09-23,"RECONSTRUCTED from the workbook of currently licensed businesses: counts sites/licenses whose Site License Issued Date is on or before month end. Survivor-based: licenses surrendered, revoked, or expired before 2026-09-14 are absent. Validation: license totals match OCM's contemporaneous counts (118 on 2025-12-31 and 178 on 2026-03-30 when event organizers are included; this series excludes them to match the Summary Application Data definition, giving 117 and 177). "
MN,2025-06,month,-3,licenses_issued_microbusiness_recon,1,licenses,OCM public license-holder workbook (updated 2026-09-14),https://mn.gov/ocm/assets/MN_OCM_licensed_businesses_091426_tcm1202-714418.xlsx,2026-09-23,"RECONSTRUCTED from the workbook of currently licensed businesses: counts sites/licenses whose Site License Issued Date is on or before month end. Survivor-based: licenses surrendered, revoked, or expired before 2026-09-14 are absent. Validation: license totals match OCM's contemporaneous counts (118 on 2025-12-31 and 178 on 2026-03-30 when event organizers are included; this series excludes them to match the Summary Application Data definition, giving 117 and 177). "
MN,2025-06,month,-3,licenses_issued_cultivator_recon,0,licenses,OCM public license-holder workbook (updated 2026-09-14),https://mn.gov/ocm/assets/MN_OCM_licensed_businesses_091426_tcm1202-714418.xlsx,2026-09-23,"RECONSTRUCTED from the workbook of currently licensed businesses: counts sites/licenses whose Site License Issued Date is on or before month end. Survivor-based: licenses surrendered, revoked, or expired before 2026-09-14 are absent. Validation: license totals match OCM's contemporaneous counts (118 on 2025-12-31 and 178 on 2026-03-30 when event organizers are included; this series excludes them to match the Summary Application Data definition, giving 117 and 177). "
MN,2025-06,month,-3,licenses_issued_mezzobusiness_recon,0,licenses,OCM public license-holder workbook (updated 2026-09-14),https://mn.gov/ocm/assets/MN_OCM_licensed_businesses_091426_tcm1202-714418.xlsx,2026-09-23,"RECONSTRUCTED from the workbook of currently licensed businesses: counts sites/licenses whose Site License Issued Date is on or before month end. Survivor-based: licenses surrendered, revoked, or expired before 2026-09-14 are absent. Validation: license totals match OCM's contemporaneous counts (118 on 2025-12-31 and 178 on 2026-03-30 when event organizers are included; this series excludes them to match the Summary Application Data definition, giving 117 and 177). "
MN,2025-06,month,-3,licenses_issued_retailer_recon,0,licenses,OCM public license-holder workbook (updated 2026-09-14),https://mn.gov/ocm/assets/MN_OCM_licensed_businesses_091426_tcm1202-714418.xlsx,2026-09-23,"RECONSTRUCTED from the workbook of currently licensed businesses: counts sites/licenses whose Site License Issued Date is on or before month end. Survivor-based: licenses surrendered, revoked, or expired before 2026-09-14 are absent. Validation: license totals match OCM's contemporaneous counts (118 on 2025-12-31 and 178 on 2026-03-30 when event organizers are included; this series excludes them to match the Summary Application Data definition, giving 117 and 177). "
MN,2025-06,month,-3,licenses_issued_med_combo_recon,0,licenses,OCM public license-holder workbook (updated 2026-09-14),https://mn.gov/ocm/assets/MN_OCM_licensed_businesses_091426_tcm1202-714418.xlsx,2026-09-23,"RECONSTRUCTED from the workbook of currently licensed businesses: counts sites/licenses whose Site License Issued Date is on or before month end. Survivor-based: licenses surrendered, revoked, or expired before 2026-09-14 are absent. Validation: license totals match OCM's contemporaneous counts (118 on 2025-12-31 and 178 on 2026-03-30 when event organizers are included; this series excludes them to match the Summary Application Data definition, giving 117 and 177). "
MN,2025-06,month,-3,licenses_issued_manufacturer_recon,0,licenses,OCM public license-holder workbook (updated 2026-09-14),https://mn.gov/ocm/assets/MN_OCM_licensed_businesses_091426_tcm1202-714418.xlsx,2026-09-23,"RECONSTRUCTED from the workbook of currently licensed businesses: counts sites/licenses whose Site License Issued Date is on or before month end. Survivor-based: licenses surrendered, revoked, or expired before 2026-09-14 are absent. Validation: license totals match OCM's contemporaneous counts (118 on 2025-12-31 and 178 on 2026-03-30 when event organizers are included; this series excludes them to match the Summary Application Data definition, giving 117 and 177). "
MN,2025-06,month,-3,licensed_retail_sites_all_recon,0,sites,OCM public license-holder workbook (updated 2026-09-14),https://mn.gov/ocm/assets/MN_OCM_licensed_businesses_091426_tcm1202-714418.xlsx,2026-09-23,"All retail sites (adult-use and medical-endorsed). RECONSTRUCTED from the workbook of currently licensed businesses: counts sites/licenses whose Site License Issued Date is on or before month end. Survivor-based: licenses surrendered, revoked, or expired before 2026-09-14 are absent. Validation: license totals match OCM's contemporaneous counts (118 on 2025-12-31 and 178 on 2026-03-30 when event organizers are included; this series excludes them to match the Summary Application Data definition, giving 117 and 177). "
MN,2025-06,month,-3,licensed_retail_sites_medical_recon,0,sites,OCM public license-holder workbook (updated 2026-09-14),https://mn.gov/ocm/assets/MN_OCM_licensed_businesses_091426_tcm1202-714418.xlsx,2026-09-23,"Retail sites flagged Medical Cannabis Retail = Yes. RECONSTRUCTED from the workbook of currently licensed businesses: counts sites/licenses whose Site License Issued Date is on or before month end. Survivor-based: licenses surrendered, revoked, or expired before 2026-09-14 are absent. Validation: license totals match OCM's contemporaneous counts (118 on 2025-12-31 and 178 on 2026-03-30 when event organizers are included; this series excludes them to match the Summary Application Data definition, giving 117 and 177). "
MN,2025-06,month,-3,licensed_cultivation_sites_recon,1,sites,OCM public license-holder workbook (updated 2026-09-14),https://mn.gov/ocm/assets/MN_OCM_licensed_businesses_091426_tcm1202-714418.xlsx,2026-09-23,"Business Type is the site's CURRENT activity designation, back-dated to the site issue date, so activities added after licensing appear early. Cultivation counts run 8 to 10 above OCM's contemporaneous figures (34 vs 24 at 2025-12-31; 50 vs 42 at 2026-03-30). RECONSTRUCTED from the workbook of currently licensed businesses: counts sites/licenses whose Site License Issued Date is on or before month end. Survivor-based: licenses surrendered, revoked, or expired before 2026-09-14 are absent. Validation: license totals match OCM's contemporaneous counts (118 on 2025-12-31 and 178 on 2026-03-30 when event organizers are included; this series excludes them to match the Summary Application Data definition, giving 117 and 177). "
MN,2025-06,month,-3,licensed_manufacturing_sites_recon,0,sites,OCM public license-holder workbook (updated 2026-09-14),https://mn.gov/ocm/assets/MN_OCM_licensed_businesses_091426_tcm1202-714418.xlsx,2026-09-23,"Business Type is the site's CURRENT activity designation, back-dated to the site issue date, so activities added after licensing appear early. Cultivation counts run 8 to 10 above OCM's contemporaneous figures (34 vs 24 at 2025-12-31; 50 vs 42 at 2026-03-30). RECONSTRUCTED from the workbook of currently licensed businesses: counts sites/licenses whose Site License Issued Date is on or before month end. Survivor-based: licenses surrendered, revoked, or expired before 2026-09-14 are absent. Validation: license totals match OCM's contemporaneous counts (118 on 2025-12-31 and 178 on 2026-03-30 when event organizers are included; this series excludes them to match the Summary Application Data definition, giving 117 and 177). "
MN,2025-07,month,-2,licenses_issued_all_recon,9,licenses,OCM public license-holder workbook (updated 2026-09-14),https://mn.gov/ocm/assets/MN_OCM_licensed_businesses_091426_tcm1202-714418.xlsx,2026-09-23,"RECONSTRUCTED from the workbook of currently licensed businesses: counts sites/licenses whose Site License Issued Date is on or before month end. Survivor-based: licenses surrendered, revoked, or expired before 2026-09-14 are absent. Validation: license totals match OCM's contemporaneous counts (118 on 2025-12-31 and 178 on 2026-03-30 when event organizers are included; this series excludes them to match the Summary Application Data definition, giving 117 and 177). "
MN,2025-07,month,-2,licenses_issued_microbusiness_recon,9,licenses,OCM public license-holder workbook (updated 2026-09-14),https://mn.gov/ocm/assets/MN_OCM_licensed_businesses_091426_tcm1202-714418.xlsx,2026-09-23,"RECONSTRUCTED from the workbook of currently licensed businesses: counts sites/licenses whose Site License Issued Date is on or before month end. Survivor-based: licenses surrendered, revoked, or expired before 2026-09-14 are absent. Validation: license totals match OCM's contemporaneous counts (118 on 2025-12-31 and 178 on 2026-03-30 when event organizers are included; this series excludes them to match the Summary Application Data definition, giving 117 and 177). "
MN,2025-07,month,-2,licenses_issued_cultivator_recon,0,licenses,OCM public license-holder workbook (updated 2026-09-14),https://mn.gov/ocm/assets/MN_OCM_licensed_businesses_091426_tcm1202-714418.xlsx,2026-09-23,"RECONSTRUCTED from the workbook of currently licensed businesses: counts sites/licenses whose Site License Issued Date is on or before month end. Survivor-based: licenses surrendered, revoked, or expired before 2026-09-14 are absent. Validation: license totals match OCM's contemporaneous counts (118 on 2025-12-31 and 178 on 2026-03-30 when event organizers are included; this series excludes them to match the Summary Application Data definition, giving 117 and 177). "
MN,2025-07,month,-2,licenses_issued_mezzobusiness_recon,0,licenses,OCM public license-holder workbook (updated 2026-09-14),https://mn.gov/ocm/assets/MN_OCM_licensed_businesses_091426_tcm1202-714418.xlsx,2026-09-23,"RECONSTRUCTED from the workbook of currently licensed businesses: counts sites/licenses whose Site License Issued Date is on or before month end. Survivor-based: licenses surrendered, revoked, or expired before 2026-09-14 are absent. Validation: license totals match OCM's contemporaneous counts (118 on 2025-12-31 and 178 on 2026-03-30 when event organizers are included; this series excludes them to match the Summary Application Data definition, giving 117 and 177). "
MN,2025-07,month,-2,licenses_issued_retailer_recon,0,licenses,OCM public license-holder workbook (updated 2026-09-14),https://mn.gov/ocm/assets/MN_OCM_licensed_businesses_091426_tcm1202-714418.xlsx,2026-09-23,"RECONSTRUCTED from the workbook of currently licensed businesses: counts sites/licenses whose Site License Issued Date is on or before month end. Survivor-based: licenses surrendered, revoked, or expired before 2026-09-14 are absent. Validation: license totals match OCM's contemporaneous counts (118 on 2025-12-31 and 178 on 2026-03-30 when event organizers are included; this series excludes them to match the Summary Application Data definition, giving 117 and 177). "
MN,2025-07,month,-2,licenses_issued_med_combo_recon,0,licenses,OCM public license-holder workbook (updated 2026-09-14),https://mn.gov/ocm/assets/MN_OCM_licensed_businesses_091426_tcm1202-714418.xlsx,2026-09-23,"RECONSTRUCTED from the workbook of currently licensed businesses: counts sites/licenses whose Site License Issued Date is on or before month end. Survivor-based: licenses surrendered, revoked, or expired before 2026-09-14 are absent. Validation: license totals match OCM's contemporaneous counts (118 on 2025-12-31 and 178 on 2026-03-30 when event organizers are included; this series excludes them to match the Summary Application Data definition, giving 117 and 177). "
MN,2025-07,month,-2,licenses_issued_manufacturer_recon,0,licenses,OCM public license-holder workbook (updated 2026-09-14),https://mn.gov/ocm/assets/MN_OCM_licensed_businesses_091426_tcm1202-714418.xlsx,2026-09-23,"RECONSTRUCTED from the workbook of currently licensed businesses: counts sites/licenses whose Site License Issued Date is on or before month end. Survivor-based: licenses surrendered, revoked, or expired before 2026-09-14 are absent. Validation: license totals match OCM's contemporaneous counts (118 on 2025-12-31 and 178 on 2026-03-30 when event organizers are included; this series excludes them to match the Summary Application Data definition, giving 117 and 177). "
MN,2025-07,month,-2,licensed_retail_sites_all_recon,4,sites,OCM public license-holder workbook (updated 2026-09-14),https://mn.gov/ocm/assets/MN_OCM_licensed_businesses_091426_tcm1202-714418.xlsx,2026-09-23,"All retail sites (adult-use and medical-endorsed). RECONSTRUCTED from the workbook of currently licensed businesses: counts sites/licenses whose Site License Issued Date is on or before month end. Survivor-based: licenses surrendered, revoked, or expired before 2026-09-14 are absent. Validation: license totals match OCM's contemporaneous counts (118 on 2025-12-31 and 178 on 2026-03-30 when event organizers are included; this series excludes them to match the Summary Application Data definition, giving 117 and 177). "
MN,2025-07,month,-2,licensed_retail_sites_medical_recon,0,sites,OCM public license-holder workbook (updated 2026-09-14),https://mn.gov/ocm/assets/MN_OCM_licensed_businesses_091426_tcm1202-714418.xlsx,2026-09-23,"Retail sites flagged Medical Cannabis Retail = Yes. RECONSTRUCTED from the workbook of currently licensed businesses: counts sites/licenses whose Site License Issued Date is on or before month end. Survivor-based: licenses surrendered, revoked, or expired before 2026-09-14 are absent. Validation: license totals match OCM's contemporaneous counts (118 on 2025-12-31 and 178 on 2026-03-30 when event organizers are included; this series excludes them to match the Summary Application Data definition, giving 117 and 177). "
MN,2025-07,month,-2,licensed_cultivation_sites_recon,4,sites,OCM public license-holder workbook (updated 2026-09-14),https://mn.gov/ocm/assets/MN_OCM_licensed_businesses_091426_tcm1202-714418.xlsx,2026-09-23,"Business Type is the site's CURRENT activity designation, back-dated to the site issue date, so activities added after licensing appear early. Cultivation counts run 8 to 10 above OCM's contemporaneous figures (34 vs 24 at 2025-12-31; 50 vs 42 at 2026-03-30). RECONSTRUCTED from the workbook of currently licensed businesses: counts sites/licenses whose Site License Issued Date is on or before month end. Survivor-based: licenses surrendered, revoked, or expired before 2026-09-14 are absent. Validation: license totals match OCM's contemporaneous counts (118 on 2025-12-31 and 178 on 2026-03-30 when event organizers are included; this series excludes them to match the Summary Application Data definition, giving 117 and 177). "
MN,2025-07,month,-2,licensed_manufacturing_sites_recon,2,sites,OCM public license-holder workbook (updated 2026-09-14),https://mn.gov/ocm/assets/MN_OCM_licensed_businesses_091426_tcm1202-714418.xlsx,2026-09-23,"Business Type is the site's CURRENT activity designation, back-dated to the site issue date, so activities added after licensing appear early. Cultivation counts run 8 to 10 above OCM's contemporaneous figures (34 vs 24 at 2025-12-31; 50 vs 42 at 2026-03-30). RECONSTRUCTED from the workbook of currently licensed businesses: counts sites/licenses whose Site License Issued Date is on or before month end. Survivor-based: licenses surrendered, revoked, or expired before 2026-09-14 are absent. Validation: license totals match OCM's contemporaneous counts (118 on 2025-12-31 and 178 on 2026-03-30 when event organizers are included; this series excludes them to match the Summary Application Data definition, giving 117 and 177). "
MN,2025-08,month,-1,licenses_issued_all_recon,21,licenses,OCM public license-holder workbook (updated 2026-09-14),https://mn.gov/ocm/assets/MN_OCM_licensed_businesses_091426_tcm1202-714418.xlsx,2026-09-23,"RECONSTRUCTED from the workbook of currently licensed businesses: counts sites/licenses whose Site License Issued Date is on or before month end. Survivor-based: licenses surrendered, revoked, or expired before 2026-09-14 are absent. Validation: license totals match OCM's contemporaneous counts (118 on 2025-12-31 and 178 on 2026-03-30 when event organizers are included; this series excludes them to match the Summary Application Data definition, giving 117 and 177). "
MN,2025-08,month,-1,licenses_issued_microbusiness_recon,21,licenses,OCM public license-holder workbook (updated 2026-09-14),https://mn.gov/ocm/assets/MN_OCM_licensed_businesses_091426_tcm1202-714418.xlsx,2026-09-23,"RECONSTRUCTED from the workbook of currently licensed businesses: counts sites/licenses whose Site License Issued Date is on or before month end. Survivor-based: licenses surrendered, revoked, or expired before 2026-09-14 are absent. Validation: license totals match OCM's contemporaneous counts (118 on 2025-12-31 and 178 on 2026-03-30 when event organizers are included; this series excludes them to match the Summary Application Data definition, giving 117 and 177). "
MN,2025-08,month,-1,licenses_issued_cultivator_recon,0,licenses,OCM public license-holder workbook (updated 2026-09-14),https://mn.gov/ocm/assets/MN_OCM_licensed_businesses_091426_tcm1202-714418.xlsx,2026-09-23,"RECONSTRUCTED from the workbook of currently licensed businesses: counts sites/licenses whose Site License Issued Date is on or before month end. Survivor-based: licenses surrendered, revoked, or expired before 2026-09-14 are absent. Validation: license totals match OCM's contemporaneous counts (118 on 2025-12-31 and 178 on 2026-03-30 when event organizers are included; this series excludes them to match the Summary Application Data definition, giving 117 and 177). "
MN,2025-08,month,-1,licenses_issued_mezzobusiness_recon,0,licenses,OCM public license-holder workbook (updated 2026-09-14),https://mn.gov/ocm/assets/MN_OCM_licensed_businesses_091426_tcm1202-714418.xlsx,2026-09-23,"RECONSTRUCTED from the workbook of currently licensed businesses: counts sites/licenses whose Site License Issued Date is on or before month end. Survivor-based: licenses surrendered, revoked, or expired before 2026-09-14 are absent. Validation: license totals match OCM's contemporaneous counts (118 on 2025-12-31 and 178 on 2026-03-30 when event organizers are included; this series excludes them to match the Summary Application Data definition, giving 117 and 177). "
MN,2025-08,month,-1,licenses_issued_retailer_recon,0,licenses,OCM public license-holder workbook (updated 2026-09-14),https://mn.gov/ocm/assets/MN_OCM_licensed_businesses_091426_tcm1202-714418.xlsx,2026-09-23,"RECONSTRUCTED from the workbook of currently licensed businesses: counts sites/licenses whose Site License Issued Date is on or before month end. Survivor-based: licenses surrendered, revoked, or expired before 2026-09-14 are absent. Validation: license totals match OCM's contemporaneous counts (118 on 2025-12-31 and 178 on 2026-03-30 when event organizers are included; this series excludes them to match the Summary Application Data definition, giving 117 and 177). "
MN,2025-08,month,-1,licenses_issued_med_combo_recon,0,licenses,OCM public license-holder workbook (updated 2026-09-14),https://mn.gov/ocm/assets/MN_OCM_licensed_businesses_091426_tcm1202-714418.xlsx,2026-09-23,"RECONSTRUCTED from the workbook of currently licensed businesses: counts sites/licenses whose Site License Issued Date is on or before month end. Survivor-based: licenses surrendered, revoked, or expired before 2026-09-14 are absent. Validation: license totals match OCM's contemporaneous counts (118 on 2025-12-31 and 178 on 2026-03-30 when event organizers are included; this series excludes them to match the Summary Application Data definition, giving 117 and 177). "
MN,2025-08,month,-1,licenses_issued_manufacturer_recon,0,licenses,OCM public license-holder workbook (updated 2026-09-14),https://mn.gov/ocm/assets/MN_OCM_licensed_businesses_091426_tcm1202-714418.xlsx,2026-09-23,"RECONSTRUCTED from the workbook of currently licensed businesses: counts sites/licenses whose Site License Issued Date is on or before month end. Survivor-based: licenses surrendered, revoked, or expired before 2026-09-14 are absent. Validation: license totals match OCM's contemporaneous counts (118 on 2025-12-31 and 178 on 2026-03-30 when event organizers are included; this series excludes them to match the Summary Application Data definition, giving 117 and 177). "
MN,2025-08,month,-1,licensed_retail_sites_all_recon,12,sites,OCM public license-holder workbook (updated 2026-09-14),https://mn.gov/ocm/assets/MN_OCM_licensed_businesses_091426_tcm1202-714418.xlsx,2026-09-23,"All retail sites (adult-use and medical-endorsed). RECONSTRUCTED from the workbook of currently licensed businesses: counts sites/licenses whose Site License Issued Date is on or before month end. Survivor-based: licenses surrendered, revoked, or expired before 2026-09-14 are absent. Validation: license totals match OCM's contemporaneous counts (118 on 2025-12-31 and 178 on 2026-03-30 when event organizers are included; this series excludes them to match the Summary Application Data definition, giving 117 and 177). "
MN,2025-08,month,-1,licensed_retail_sites_medical_recon,4,sites,OCM public license-holder workbook (updated 2026-09-14),https://mn.gov/ocm/assets/MN_OCM_licensed_businesses_091426_tcm1202-714418.xlsx,2026-09-23,"Retail sites flagged Medical Cannabis Retail = Yes. RECONSTRUCTED from the workbook of currently licensed businesses: counts sites/licenses whose Site License Issued Date is on or before month end. Survivor-based: licenses surrendered, revoked, or expired before 2026-09-14 are absent. Validation: license totals match OCM's contemporaneous counts (118 on 2025-12-31 and 178 on 2026-03-30 when event organizers are included; this series excludes them to match the Summary Application Data definition, giving 117 and 177). "
MN,2025-08,month,-1,licensed_cultivation_sites_recon,8,sites,OCM public license-holder workbook (updated 2026-09-14),https://mn.gov/ocm/assets/MN_OCM_licensed_businesses_091426_tcm1202-714418.xlsx,2026-09-23,"Business Type is the site's CURRENT activity designation, back-dated to the site issue date, so activities added after licensing appear early. Cultivation counts run 8 to 10 above OCM's contemporaneous figures (34 vs 24 at 2025-12-31; 50 vs 42 at 2026-03-30). RECONSTRUCTED from the workbook of currently licensed businesses: counts sites/licenses whose Site License Issued Date is on or before month end. Survivor-based: licenses surrendered, revoked, or expired before 2026-09-14 are absent. Validation: license totals match OCM's contemporaneous counts (118 on 2025-12-31 and 178 on 2026-03-30 when event organizers are included; this series excludes them to match the Summary Application Data definition, giving 117 and 177). "
MN,2025-08,month,-1,licensed_manufacturing_sites_recon,4,sites,OCM public license-holder workbook (updated 2026-09-14),https://mn.gov/ocm/assets/MN_OCM_licensed_businesses_091426_tcm1202-714418.xlsx,2026-09-23,"Business Type is the site's CURRENT activity designation, back-dated to the site issue date, so activities added after licensing appear early. Cultivation counts run 8 to 10 above OCM's contemporaneous figures (34 vs 24 at 2025-12-31; 50 vs 42 at 2026-03-30). RECONSTRUCTED from the workbook of currently licensed businesses: counts sites/licenses whose Site License Issued Date is on or before month end. Survivor-based: licenses surrendered, revoked, or expired before 2026-09-14 are absent. Validation: license totals match OCM's contemporaneous counts (118 on 2025-12-31 and 178 on 2026-03-30 when event organizers are included; this series excludes them to match the Summary Application Data definition, giving 117 and 177). "
MN,2025-09,month,0,licenses_issued_all_recon,44,licenses,OCM public license-holder workbook (updated 2026-09-14),https://mn.gov/ocm/assets/MN_OCM_licensed_businesses_091426_tcm1202-714418.xlsx,2026-09-23,"RECONSTRUCTED from the workbook of currently licensed businesses: counts sites/licenses whose Site License Issued Date is on or before month end. Survivor-based: licenses surrendered, revoked, or expired before 2026-09-14 are absent. Validation: license totals match OCM's contemporaneous counts (118 on 2025-12-31 and 178 on 2026-03-30 when event organizers are included; this series excludes them to match the Summary Application Data definition, giving 117 and 177). "
MN,2025-09,month,0,licenses_issued_microbusiness_recon,39,licenses,OCM public license-holder workbook (updated 2026-09-14),https://mn.gov/ocm/assets/MN_OCM_licensed_businesses_091426_tcm1202-714418.xlsx,2026-09-23,"RECONSTRUCTED from the workbook of currently licensed businesses: counts sites/licenses whose Site License Issued Date is on or before month end. Survivor-based: licenses surrendered, revoked, or expired before 2026-09-14 are absent. Validation: license totals match OCM's contemporaneous counts (118 on 2025-12-31 and 178 on 2026-03-30 when event organizers are included; this series excludes them to match the Summary Application Data definition, giving 117 and 177). "
MN,2025-09,month,0,licenses_issued_cultivator_recon,1,licenses,OCM public license-holder workbook (updated 2026-09-14),https://mn.gov/ocm/assets/MN_OCM_licensed_businesses_091426_tcm1202-714418.xlsx,2026-09-23,"RECONSTRUCTED from the workbook of currently licensed businesses: counts sites/licenses whose Site License Issued Date is on or before month end. Survivor-based: licenses surrendered, revoked, or expired before 2026-09-14 are absent. Validation: license totals match OCM's contemporaneous counts (118 on 2025-12-31 and 178 on 2026-03-30 when event organizers are included; this series excludes them to match the Summary Application Data definition, giving 117 and 177). "
MN,2025-09,month,0,licenses_issued_mezzobusiness_recon,1,licenses,OCM public license-holder workbook (updated 2026-09-14),https://mn.gov/ocm/assets/MN_OCM_licensed_businesses_091426_tcm1202-714418.xlsx,2026-09-23,"RECONSTRUCTED from the workbook of currently licensed businesses: counts sites/licenses whose Site License Issued Date is on or before month end. Survivor-based: licenses surrendered, revoked, or expired before 2026-09-14 are absent. Validation: license totals match OCM's contemporaneous counts (118 on 2025-12-31 and 178 on 2026-03-30 when event organizers are included; this series excludes them to match the Summary Application Data definition, giving 117 and 177). "
MN,2025-09,month,0,licenses_issued_retailer_recon,0,licenses,OCM public license-holder workbook (updated 2026-09-14),https://mn.gov/ocm/assets/MN_OCM_licensed_businesses_091426_tcm1202-714418.xlsx,2026-09-23,"RECONSTRUCTED from the workbook of currently licensed businesses: counts sites/licenses whose Site License Issued Date is on or before month end. Survivor-based: licenses surrendered, revoked, or expired before 2026-09-14 are absent. Validation: license totals match OCM's contemporaneous counts (118 on 2025-12-31 and 178 on 2026-03-30 when event organizers are included; this series excludes them to match the Summary Application Data definition, giving 117 and 177). "
MN,2025-09,month,0,licenses_issued_med_combo_recon,2,licenses,OCM public license-holder workbook (updated 2026-09-14),https://mn.gov/ocm/assets/MN_OCM_licensed_businesses_091426_tcm1202-714418.xlsx,2026-09-23,"RECONSTRUCTED from the workbook of currently licensed businesses: counts sites/licenses whose Site License Issued Date is on or before month end. Survivor-based: licenses surrendered, revoked, or expired before 2026-09-14 are absent. Validation: license totals match OCM's contemporaneous counts (118 on 2025-12-31 and 178 on 2026-03-30 when event organizers are included; this series excludes them to match the Summary Application Data definition, giving 117 and 177). "
MN,2025-09,month,0,licenses_issued_manufacturer_recon,0,licenses,OCM public license-holder workbook (updated 2026-09-14),https://mn.gov/ocm/assets/MN_OCM_licensed_businesses_091426_tcm1202-714418.xlsx,2026-09-23,"RECONSTRUCTED from the workbook of currently licensed businesses: counts sites/licenses whose Site License Issued Date is on or before month end. Survivor-based: licenses surrendered, revoked, or expired before 2026-09-14 are absent. Validation: license totals match OCM's contemporaneous counts (118 on 2025-12-31 and 178 on 2026-03-30 when event organizers are included; this series excludes them to match the Summary Application Data definition, giving 117 and 177). "
MN,2025-09,month,0,licensed_retail_sites_all_recon,46,sites,OCM public license-holder workbook (updated 2026-09-14),https://mn.gov/ocm/assets/MN_OCM_licensed_businesses_091426_tcm1202-714418.xlsx,2026-09-23,"All retail sites (adult-use and medical-endorsed). RECONSTRUCTED from the workbook of currently licensed businesses: counts sites/licenses whose Site License Issued Date is on or before month end. Survivor-based: licenses surrendered, revoked, or expired before 2026-09-14 are absent. Validation: license totals match OCM's contemporaneous counts (118 on 2025-12-31 and 178 on 2026-03-30 when event organizers are included; this series excludes them to match the Summary Application Data definition, giving 117 and 177). "
MN,2025-09,month,0,licensed_retail_sites_medical_recon,21,sites,OCM public license-holder workbook (updated 2026-09-14),https://mn.gov/ocm/assets/MN_OCM_licensed_businesses_091426_tcm1202-714418.xlsx,2026-09-23,"Retail sites flagged Medical Cannabis Retail = Yes. RECONSTRUCTED from the workbook of currently licensed businesses: counts sites/licenses whose Site License Issued Date is on or before month end. Survivor-based: licenses surrendered, revoked, or expired before 2026-09-14 are absent. Validation: license totals match OCM's contemporaneous counts (118 on 2025-12-31 and 178 on 2026-03-30 when event organizers are included; this series excludes them to match the Summary Application Data definition, giving 117 and 177). "
MN,2025-09,month,0,licensed_cultivation_sites_recon,12,sites,OCM public license-holder workbook (updated 2026-09-14),https://mn.gov/ocm/assets/MN_OCM_licensed_businesses_091426_tcm1202-714418.xlsx,2026-09-23,"Business Type is the site's CURRENT activity designation, back-dated to the site issue date, so activities added after licensing appear early. Cultivation counts run 8 to 10 above OCM's contemporaneous figures (34 vs 24 at 2025-12-31; 50 vs 42 at 2026-03-30). RECONSTRUCTED from the workbook of currently licensed businesses: counts sites/licenses whose Site License Issued Date is on or before month end. Survivor-based: licenses surrendered, revoked, or expired before 2026-09-14 are absent. Validation: license totals match OCM's contemporaneous counts (118 on 2025-12-31 and 178 on 2026-03-30 when event organizers are included; this series excludes them to match the Summary Application Data definition, giving 117 and 177). "
MN,2025-09,month,0,licensed_manufacturing_sites_recon,8,sites,OCM public license-holder workbook (updated 2026-09-14),https://mn.gov/ocm/assets/MN_OCM_licensed_businesses_091426_tcm1202-714418.xlsx,2026-09-23,"Business Type is the site's CURRENT activity designation, back-dated to the site issue date, so activities added after licensing appear early. Cultivation counts run 8 to 10 above OCM's contemporaneous figures (34 vs 24 at 2025-12-31; 50 vs 42 at 2026-03-30). RECONSTRUCTED from the workbook of currently licensed businesses: counts sites/licenses whose Site License Issued Date is on or before month end. Survivor-based: licenses surrendered, revoked, or expired before 2026-09-14 are absent. Validation: license totals match OCM's contemporaneous counts (118 on 2025-12-31 and 178 on 2026-03-30 when event organizers are included; this series excludes them to match the Summary Application Data definition, giving 117 and 177). "
MN,2025-10,month,1,licenses_issued_all_recon,75,licenses,OCM public license-holder workbook (updated 2026-09-14),https://mn.gov/ocm/assets/MN_OCM_licensed_businesses_091426_tcm1202-714418.xlsx,2026-09-23,"RECONSTRUCTED from the workbook of currently licensed businesses: counts sites/licenses whose Site License Issued Date is on or before month end. Survivor-based: licenses surrendered, revoked, or expired before 2026-09-14 are absent. Validation: license totals match OCM's contemporaneous counts (118 on 2025-12-31 and 178 on 2026-03-30 when event organizers are included; this series excludes them to match the Summary Application Data definition, giving 117 and 177). "
MN,2025-10,month,1,licenses_issued_microbusiness_recon,66,licenses,OCM public license-holder workbook (updated 2026-09-14),https://mn.gov/ocm/assets/MN_OCM_licensed_businesses_091426_tcm1202-714418.xlsx,2026-09-23,"RECONSTRUCTED from the workbook of currently licensed businesses: counts sites/licenses whose Site License Issued Date is on or before month end. Survivor-based: licenses surrendered, revoked, or expired before 2026-09-14 are absent. Validation: license totals match OCM's contemporaneous counts (118 on 2025-12-31 and 178 on 2026-03-30 when event organizers are included; this series excludes them to match the Summary Application Data definition, giving 117 and 177). "
MN,2025-10,month,1,licenses_issued_cultivator_recon,2,licenses,OCM public license-holder workbook (updated 2026-09-14),https://mn.gov/ocm/assets/MN_OCM_licensed_businesses_091426_tcm1202-714418.xlsx,2026-09-23,"RECONSTRUCTED from the workbook of currently licensed businesses: counts sites/licenses whose Site License Issued Date is on or before month end. Survivor-based: licenses surrendered, revoked, or expired before 2026-09-14 are absent. Validation: license totals match OCM's contemporaneous counts (118 on 2025-12-31 and 178 on 2026-03-30 when event organizers are included; this series excludes them to match the Summary Application Data definition, giving 117 and 177). "
MN,2025-10,month,1,licenses_issued_mezzobusiness_recon,2,licenses,OCM public license-holder workbook (updated 2026-09-14),https://mn.gov/ocm/assets/MN_OCM_licensed_businesses_091426_tcm1202-714418.xlsx,2026-09-23,"RECONSTRUCTED from the workbook of currently licensed businesses: counts sites/licenses whose Site License Issued Date is on or before month end. Survivor-based: licenses surrendered, revoked, or expired before 2026-09-14 are absent. Validation: license totals match OCM's contemporaneous counts (118 on 2025-12-31 and 178 on 2026-03-30 when event organizers are included; this series excludes them to match the Summary Application Data definition, giving 117 and 177). "
MN,2025-10,month,1,licenses_issued_retailer_recon,2,licenses,OCM public license-holder workbook (updated 2026-09-14),https://mn.gov/ocm/assets/MN_OCM_licensed_businesses_091426_tcm1202-714418.xlsx,2026-09-23,"RECONSTRUCTED from the workbook of currently licensed businesses: counts sites/licenses whose Site License Issued Date is on or before month end. Survivor-based: licenses surrendered, revoked, or expired before 2026-09-14 are absent. Validation: license totals match OCM's contemporaneous counts (118 on 2025-12-31 and 178 on 2026-03-30 when event organizers are included; this series excludes them to match the Summary Application Data definition, giving 117 and 177). "
MN,2025-10,month,1,licenses_issued_med_combo_recon,2,licenses,OCM public license-holder workbook (updated 2026-09-14),https://mn.gov/ocm/assets/MN_OCM_licensed_businesses_091426_tcm1202-714418.xlsx,2026-09-23,"RECONSTRUCTED from the workbook of currently licensed businesses: counts sites/licenses whose Site License Issued Date is on or before month end. Survivor-based: licenses surrendered, revoked, or expired before 2026-09-14 are absent. Validation: license totals match OCM's contemporaneous counts (118 on 2025-12-31 and 178 on 2026-03-30 when event organizers are included; this series excludes them to match the Summary Application Data definition, giving 117 and 177). "
MN,2025-10,month,1,licenses_issued_manufacturer_recon,0,licenses,OCM public license-holder workbook (updated 2026-09-14),https://mn.gov/ocm/assets/MN_OCM_licensed_businesses_091426_tcm1202-714418.xlsx,2026-09-23,"RECONSTRUCTED from the workbook of currently licensed businesses: counts sites/licenses whose Site License Issued Date is on or before month end. Survivor-based: licenses surrendered, revoked, or expired before 2026-09-14 are absent. Validation: license totals match OCM's contemporaneous counts (118 on 2025-12-31 and 178 on 2026-03-30 when event organizers are included; this series excludes them to match the Summary Application Data definition, giving 117 and 177). "
MN,2025-10,month,1,licensed_retail_sites_all_recon,73,sites,OCM public license-holder workbook (updated 2026-09-14),https://mn.gov/ocm/assets/MN_OCM_licensed_businesses_091426_tcm1202-714418.xlsx,2026-09-23,"All retail sites (adult-use and medical-endorsed). RECONSTRUCTED from the workbook of currently licensed businesses: counts sites/licenses whose Site License Issued Date is on or before month end. Survivor-based: licenses surrendered, revoked, or expired before 2026-09-14 are absent. Validation: license totals match OCM's contemporaneous counts (118 on 2025-12-31 and 178 on 2026-03-30 when event organizers are included; this series excludes them to match the Summary Application Data definition, giving 117 and 177). "
MN,2025-10,month,1,licensed_retail_sites_medical_recon,25,sites,OCM public license-holder workbook (updated 2026-09-14),https://mn.gov/ocm/assets/MN_OCM_licensed_businesses_091426_tcm1202-714418.xlsx,2026-09-23,"Retail sites flagged Medical Cannabis Retail = Yes. RECONSTRUCTED from the workbook of currently licensed businesses: counts sites/licenses whose Site License Issued Date is on or before month end. Survivor-based: licenses surrendered, revoked, or expired before 2026-09-14 are absent. Validation: license totals match OCM's contemporaneous counts (118 on 2025-12-31 and 178 on 2026-03-30 when event organizers are included; this series excludes them to match the Summary Application Data definition, giving 117 and 177). "
MN,2025-10,month,1,licensed_cultivation_sites_recon,20,sites,OCM public license-holder workbook (updated 2026-09-14),https://mn.gov/ocm/assets/MN_OCM_licensed_businesses_091426_tcm1202-714418.xlsx,2026-09-23,"Business Type is the site's CURRENT activity designation, back-dated to the site issue date, so activities added after licensing appear early. Cultivation counts run 8 to 10 above OCM's contemporaneous figures (34 vs 24 at 2025-12-31; 50 vs 42 at 2026-03-30). RECONSTRUCTED from the workbook of currently licensed businesses: counts sites/licenses whose Site License Issued Date is on or before month end. Survivor-based: licenses surrendered, revoked, or expired before 2026-09-14 are absent. Validation: license totals match OCM's contemporaneous counts (118 on 2025-12-31 and 178 on 2026-03-30 when event organizers are included; this series excludes them to match the Summary Application Data definition, giving 117 and 177). "
MN,2025-10,month,1,licensed_manufacturing_sites_recon,13,sites,OCM public license-holder workbook (updated 2026-09-14),https://mn.gov/ocm/assets/MN_OCM_licensed_businesses_091426_tcm1202-714418.xlsx,2026-09-23,"Business Type is the site's CURRENT activity designation, back-dated to the site issue date, so activities added after licensing appear early. Cultivation counts run 8 to 10 above OCM's contemporaneous figures (34 vs 24 at 2025-12-31; 50 vs 42 at 2026-03-30). RECONSTRUCTED from the workbook of currently licensed businesses: counts sites/licenses whose Site License Issued Date is on or before month end. Survivor-based: licenses surrendered, revoked, or expired before 2026-09-14 are absent. Validation: license totals match OCM's contemporaneous counts (118 on 2025-12-31 and 178 on 2026-03-30 when event organizers are included; this series excludes them to match the Summary Application Data definition, giving 117 and 177). "
MN,2025-11,month,2,licenses_issued_all_recon,94,licenses,OCM public license-holder workbook (updated 2026-09-14),https://mn.gov/ocm/assets/MN_OCM_licensed_businesses_091426_tcm1202-714418.xlsx,2026-09-23,"RECONSTRUCTED from the workbook of currently licensed businesses: counts sites/licenses whose Site License Issued Date is on or before month end. Survivor-based: licenses surrendered, revoked, or expired before 2026-09-14 are absent. Validation: license totals match OCM's contemporaneous counts (118 on 2025-12-31 and 178 on 2026-03-30 when event organizers are included; this series excludes them to match the Summary Application Data definition, giving 117 and 177). "
MN,2025-11,month,2,licenses_issued_microbusiness_recon,78,licenses,OCM public license-holder workbook (updated 2026-09-14),https://mn.gov/ocm/assets/MN_OCM_licensed_businesses_091426_tcm1202-714418.xlsx,2026-09-23,"RECONSTRUCTED from the workbook of currently licensed businesses: counts sites/licenses whose Site License Issued Date is on or before month end. Survivor-based: licenses surrendered, revoked, or expired before 2026-09-14 are absent. Validation: license totals match OCM's contemporaneous counts (118 on 2025-12-31 and 178 on 2026-03-30 when event organizers are included; this series excludes them to match the Summary Application Data definition, giving 117 and 177). "
MN,2025-11,month,2,licenses_issued_cultivator_recon,3,licenses,OCM public license-holder workbook (updated 2026-09-14),https://mn.gov/ocm/assets/MN_OCM_licensed_businesses_091426_tcm1202-714418.xlsx,2026-09-23,"RECONSTRUCTED from the workbook of currently licensed businesses: counts sites/licenses whose Site License Issued Date is on or before month end. Survivor-based: licenses surrendered, revoked, or expired before 2026-09-14 are absent. Validation: license totals match OCM's contemporaneous counts (118 on 2025-12-31 and 178 on 2026-03-30 when event organizers are included; this series excludes them to match the Summary Application Data definition, giving 117 and 177). "
MN,2025-11,month,2,licenses_issued_mezzobusiness_recon,2,licenses,OCM public license-holder workbook (updated 2026-09-14),https://mn.gov/ocm/assets/MN_OCM_licensed_businesses_091426_tcm1202-714418.xlsx,2026-09-23,"RECONSTRUCTED from the workbook of currently licensed businesses: counts sites/licenses whose Site License Issued Date is on or before month end. Survivor-based: licenses surrendered, revoked, or expired before 2026-09-14 are absent. Validation: license totals match OCM's contemporaneous counts (118 on 2025-12-31 and 178 on 2026-03-30 when event organizers are included; this series excludes them to match the Summary Application Data definition, giving 117 and 177). "
MN,2025-11,month,2,licenses_issued_retailer_recon,2,licenses,OCM public license-holder workbook (updated 2026-09-14),https://mn.gov/ocm/assets/MN_OCM_licensed_businesses_091426_tcm1202-714418.xlsx,2026-09-23,"RECONSTRUCTED from the workbook of currently licensed businesses: counts sites/licenses whose Site License Issued Date is on or before month end. Survivor-based: licenses surrendered, revoked, or expired before 2026-09-14 are absent. Validation: license totals match OCM's contemporaneous counts (118 on 2025-12-31 and 178 on 2026-03-30 when event organizers are included; this series excludes them to match the Summary Application Data definition, giving 117 and 177). "
MN,2025-11,month,2,licenses_issued_med_combo_recon,2,licenses,OCM public license-holder workbook (updated 2026-09-14),https://mn.gov/ocm/assets/MN_OCM_licensed_businesses_091426_tcm1202-714418.xlsx,2026-09-23,"RECONSTRUCTED from the workbook of currently licensed businesses: counts sites/licenses whose Site License Issued Date is on or before month end. Survivor-based: licenses surrendered, revoked, or expired before 2026-09-14 are absent. Validation: license totals match OCM's contemporaneous counts (118 on 2025-12-31 and 178 on 2026-03-30 when event organizers are included; this series excludes them to match the Summary Application Data definition, giving 117 and 177). "
MN,2025-11,month,2,licenses_issued_manufacturer_recon,0,licenses,OCM public license-holder workbook (updated 2026-09-14),https://mn.gov/ocm/assets/MN_OCM_licensed_businesses_091426_tcm1202-714418.xlsx,2026-09-23,"RECONSTRUCTED from the workbook of currently licensed businesses: counts sites/licenses whose Site License Issued Date is on or before month end. Survivor-based: licenses surrendered, revoked, or expired before 2026-09-14 are absent. Validation: license totals match OCM's contemporaneous counts (118 on 2025-12-31 and 178 on 2026-03-30 when event organizers are included; this series excludes them to match the Summary Application Data definition, giving 117 and 177). "
MN,2025-11,month,2,licensed_retail_sites_all_recon,84,sites,OCM public license-holder workbook (updated 2026-09-14),https://mn.gov/ocm/assets/MN_OCM_licensed_businesses_091426_tcm1202-714418.xlsx,2026-09-23,"All retail sites (adult-use and medical-endorsed). RECONSTRUCTED from the workbook of currently licensed businesses: counts sites/licenses whose Site License Issued Date is on or before month end. Survivor-based: licenses surrendered, revoked, or expired before 2026-09-14 are absent. Validation: license totals match OCM's contemporaneous counts (118 on 2025-12-31 and 178 on 2026-03-30 when event organizers are included; this series excludes them to match the Summary Application Data definition, giving 117 and 177). "
MN,2025-11,month,2,licensed_retail_sites_medical_recon,27,sites,OCM public license-holder workbook (updated 2026-09-14),https://mn.gov/ocm/assets/MN_OCM_licensed_businesses_091426_tcm1202-714418.xlsx,2026-09-23,"Retail sites flagged Medical Cannabis Retail = Yes. RECONSTRUCTED from the workbook of currently licensed businesses: counts sites/licenses whose Site License Issued Date is on or before month end. Survivor-based: licenses surrendered, revoked, or expired before 2026-09-14 are absent. Validation: license totals match OCM's contemporaneous counts (118 on 2025-12-31 and 178 on 2026-03-30 when event organizers are included; this series excludes them to match the Summary Application Data definition, giving 117 and 177). "
MN,2025-11,month,2,licensed_cultivation_sites_recon,25,sites,OCM public license-holder workbook (updated 2026-09-14),https://mn.gov/ocm/assets/MN_OCM_licensed_businesses_091426_tcm1202-714418.xlsx,2026-09-23,"Business Type is the site's CURRENT activity designation, back-dated to the site issue date, so activities added after licensing appear early. Cultivation counts run 8 to 10 above OCM's contemporaneous figures (34 vs 24 at 2025-12-31; 50 vs 42 at 2026-03-30). RECONSTRUCTED from the workbook of currently licensed businesses: counts sites/licenses whose Site License Issued Date is on or before month end. Survivor-based: licenses surrendered, revoked, or expired before 2026-09-14 are absent. Validation: license totals match OCM's contemporaneous counts (118 on 2025-12-31 and 178 on 2026-03-30 when event organizers are included; this series excludes them to match the Summary Application Data definition, giving 117 and 177). "
MN,2025-11,month,2,licensed_manufacturing_sites_recon,16,sites,OCM public license-holder workbook (updated 2026-09-14),https://mn.gov/ocm/assets/MN_OCM_licensed_businesses_091426_tcm1202-714418.xlsx,2026-09-23,"Business Type is the site's CURRENT activity designation, back-dated to the site issue date, so activities added after licensing appear early. Cultivation counts run 8 to 10 above OCM's contemporaneous figures (34 vs 24 at 2025-12-31; 50 vs 42 at 2026-03-30). RECONSTRUCTED from the workbook of currently licensed businesses: counts sites/licenses whose Site License Issued Date is on or before month end. Survivor-based: licenses surrendered, revoked, or expired before 2026-09-14 are absent. Validation: license totals match OCM's contemporaneous counts (118 on 2025-12-31 and 178 on 2026-03-30 when event organizers are included; this series excludes them to match the Summary Application Data definition, giving 117 and 177). "
MN,2025-12,month,3,licenses_issued_all_recon,117,licenses,OCM public license-holder workbook (updated 2026-09-14),https://mn.gov/ocm/assets/MN_OCM_licensed_businesses_091426_tcm1202-714418.xlsx,2026-09-23,"RECONSTRUCTED from the workbook of currently licensed businesses: counts sites/licenses whose Site License Issued Date is on or before month end. Survivor-based: licenses surrendered, revoked, or expired before 2026-09-14 are absent. Validation: license totals match OCM's contemporaneous counts (118 on 2025-12-31 and 178 on 2026-03-30 when event organizers are included; this series excludes them to match the Summary Application Data definition, giving 117 and 177). "
MN,2025-12,month,3,licenses_issued_microbusiness_recon,95,licenses,OCM public license-holder workbook (updated 2026-09-14),https://mn.gov/ocm/assets/MN_OCM_licensed_businesses_091426_tcm1202-714418.xlsx,2026-09-23,"RECONSTRUCTED from the workbook of currently licensed businesses: counts sites/licenses whose Site License Issued Date is on or before month end. Survivor-based: licenses surrendered, revoked, or expired before 2026-09-14 are absent. Validation: license totals match OCM's contemporaneous counts (118 on 2025-12-31 and 178 on 2026-03-30 when event organizers are included; this series excludes them to match the Summary Application Data definition, giving 117 and 177). "
MN,2025-12,month,3,licenses_issued_cultivator_recon,4,licenses,OCM public license-holder workbook (updated 2026-09-14),https://mn.gov/ocm/assets/MN_OCM_licensed_businesses_091426_tcm1202-714418.xlsx,2026-09-23,"RECONSTRUCTED from the workbook of currently licensed businesses: counts sites/licenses whose Site License Issued Date is on or before month end. Survivor-based: licenses surrendered, revoked, or expired before 2026-09-14 are absent. Validation: license totals match OCM's contemporaneous counts (118 on 2025-12-31 and 178 on 2026-03-30 when event organizers are included; this series excludes them to match the Summary Application Data definition, giving 117 and 177). "
MN,2025-12,month,3,licenses_issued_mezzobusiness_recon,3,licenses,OCM public license-holder workbook (updated 2026-09-14),https://mn.gov/ocm/assets/MN_OCM_licensed_businesses_091426_tcm1202-714418.xlsx,2026-09-23,"RECONSTRUCTED from the workbook of currently licensed businesses: counts sites/licenses whose Site License Issued Date is on or before month end. Survivor-based: licenses surrendered, revoked, or expired before 2026-09-14 are absent. Validation: license totals match OCM's contemporaneous counts (118 on 2025-12-31 and 178 on 2026-03-30 when event organizers are included; this series excludes them to match the Summary Application Data definition, giving 117 and 177). "
MN,2025-12,month,3,licenses_issued_retailer_recon,4,licenses,OCM public license-holder workbook (updated 2026-09-14),https://mn.gov/ocm/assets/MN_OCM_licensed_businesses_091426_tcm1202-714418.xlsx,2026-09-23,"RECONSTRUCTED from the workbook of currently licensed businesses: counts sites/licenses whose Site License Issued Date is on or before month end. Survivor-based: licenses surrendered, revoked, or expired before 2026-09-14 are absent. Validation: license totals match OCM's contemporaneous counts (118 on 2025-12-31 and 178 on 2026-03-30 when event organizers are included; this series excludes them to match the Summary Application Data definition, giving 117 and 177). "
MN,2025-12,month,3,licenses_issued_med_combo_recon,2,licenses,OCM public license-holder workbook (updated 2026-09-14),https://mn.gov/ocm/assets/MN_OCM_licensed_businesses_091426_tcm1202-714418.xlsx,2026-09-23,"RECONSTRUCTED from the workbook of currently licensed businesses: counts sites/licenses whose Site License Issued Date is on or before month end. Survivor-based: licenses surrendered, revoked, or expired before 2026-09-14 are absent. Validation: license totals match OCM's contemporaneous counts (118 on 2025-12-31 and 178 on 2026-03-30 when event organizers are included; this series excludes them to match the Summary Application Data definition, giving 117 and 177). "
MN,2025-12,month,3,licenses_issued_manufacturer_recon,1,licenses,OCM public license-holder workbook (updated 2026-09-14),https://mn.gov/ocm/assets/MN_OCM_licensed_businesses_091426_tcm1202-714418.xlsx,2026-09-23,"RECONSTRUCTED from the workbook of currently licensed businesses: counts sites/licenses whose Site License Issued Date is on or before month end. Survivor-based: licenses surrendered, revoked, or expired before 2026-09-14 are absent. Validation: license totals match OCM's contemporaneous counts (118 on 2025-12-31 and 178 on 2026-03-30 when event organizers are included; this series excludes them to match the Summary Application Data definition, giving 117 and 177). "
MN,2025-12,month,3,licensed_retail_sites_all_recon,99,sites,OCM public license-holder workbook (updated 2026-09-14),https://mn.gov/ocm/assets/MN_OCM_licensed_businesses_091426_tcm1202-714418.xlsx,2026-09-23,"All retail sites (adult-use and medical-endorsed). RECONSTRUCTED from the workbook of currently licensed businesses: counts sites/licenses whose Site License Issued Date is on or before month end. Survivor-based: licenses surrendered, revoked, or expired before 2026-09-14 are absent. Validation: license totals match OCM's contemporaneous counts (118 on 2025-12-31 and 178 on 2026-03-30 when event organizers are included; this series excludes them to match the Summary Application Data definition, giving 117 and 177). "
MN,2025-12,month,3,licensed_retail_sites_medical_recon,29,sites,OCM public license-holder workbook (updated 2026-09-14),https://mn.gov/ocm/assets/MN_OCM_licensed_businesses_091426_tcm1202-714418.xlsx,2026-09-23,"Retail sites flagged Medical Cannabis Retail = Yes. RECONSTRUCTED from the workbook of currently licensed businesses: counts sites/licenses whose Site License Issued Date is on or before month end. Survivor-based: licenses surrendered, revoked, or expired before 2026-09-14 are absent. Validation: license totals match OCM's contemporaneous counts (118 on 2025-12-31 and 178 on 2026-03-30 when event organizers are included; this series excludes them to match the Summary Application Data definition, giving 117 and 177). "
MN,2025-12,month,3,licensed_cultivation_sites_recon,34,sites,OCM public license-holder workbook (updated 2026-09-14),https://mn.gov/ocm/assets/MN_OCM_licensed_businesses_091426_tcm1202-714418.xlsx,2026-09-23,"Business Type is the site's CURRENT activity designation, back-dated to the site issue date, so activities added after licensing appear early. Cultivation counts run 8 to 10 above OCM's contemporaneous figures (34 vs 24 at 2025-12-31; 50 vs 42 at 2026-03-30). RECONSTRUCTED from the workbook of currently licensed businesses: counts sites/licenses whose Site License Issued Date is on or before month end. Survivor-based: licenses surrendered, revoked, or expired before 2026-09-14 are absent. Validation: license totals match OCM's contemporaneous counts (118 on 2025-12-31 and 178 on 2026-03-30 when event organizers are included; this series excludes them to match the Summary Application Data definition, giving 117 and 177). "
MN,2025-12,month,3,licensed_manufacturing_sites_recon,22,sites,OCM public license-holder workbook (updated 2026-09-14),https://mn.gov/ocm/assets/MN_OCM_licensed_businesses_091426_tcm1202-714418.xlsx,2026-09-23,"Business Type is the site's CURRENT activity designation, back-dated to the site issue date, so activities added after licensing appear early. Cultivation counts run 8 to 10 above OCM's contemporaneous figures (34 vs 24 at 2025-12-31; 50 vs 42 at 2026-03-30). RECONSTRUCTED from the workbook of currently licensed businesses: counts sites/licenses whose Site License Issued Date is on or before month end. Survivor-based: licenses surrendered, revoked, or expired before 2026-09-14 are absent. Validation: license totals match OCM's contemporaneous counts (118 on 2025-12-31 and 178 on 2026-03-30 when event organizers are included; this series excludes them to match the Summary Application Data definition, giving 117 and 177). "
MN,2026-01,month,4,licenses_issued_all_recon,138,licenses,OCM public license-holder workbook (updated 2026-09-14),https://mn.gov/ocm/assets/MN_OCM_licensed_businesses_091426_tcm1202-714418.xlsx,2026-09-23,"RECONSTRUCTED from the workbook of currently licensed businesses: counts sites/licenses whose Site License Issued Date is on or before month end. Survivor-based: licenses surrendered, revoked, or expired before 2026-09-14 are absent. Validation: license totals match OCM's contemporaneous counts (118 on 2025-12-31 and 178 on 2026-03-30 when event organizers are included; this series excludes them to match the Summary Application Data definition, giving 117 and 177). "
MN,2026-01,month,4,licenses_issued_microbusiness_recon,112,licenses,OCM public license-holder workbook (updated 2026-09-14),https://mn.gov/ocm/assets/MN_OCM_licensed_businesses_091426_tcm1202-714418.xlsx,2026-09-23,"RECONSTRUCTED from the workbook of currently licensed businesses: counts sites/licenses whose Site License Issued Date is on or before month end. Survivor-based: licenses surrendered, revoked, or expired before 2026-09-14 are absent. Validation: license totals match OCM's contemporaneous counts (118 on 2025-12-31 and 178 on 2026-03-30 when event organizers are included; this series excludes them to match the Summary Application Data definition, giving 117 and 177). "
MN,2026-01,month,4,licenses_issued_cultivator_recon,4,licenses,OCM public license-holder workbook (updated 2026-09-14),https://mn.gov/ocm/assets/MN_OCM_licensed_businesses_091426_tcm1202-714418.xlsx,2026-09-23,"RECONSTRUCTED from the workbook of currently licensed businesses: counts sites/licenses whose Site License Issued Date is on or before month end. Survivor-based: licenses surrendered, revoked, or expired before 2026-09-14 are absent. Validation: license totals match OCM's contemporaneous counts (118 on 2025-12-31 and 178 on 2026-03-30 when event organizers are included; this series excludes them to match the Summary Application Data definition, giving 117 and 177). "
MN,2026-01,month,4,licenses_issued_mezzobusiness_recon,3,licenses,OCM public license-holder workbook (updated 2026-09-14),https://mn.gov/ocm/assets/MN_OCM_licensed_businesses_091426_tcm1202-714418.xlsx,2026-09-23,"RECONSTRUCTED from the workbook of currently licensed businesses: counts sites/licenses whose Site License Issued Date is on or before month end. Survivor-based: licenses surrendered, revoked, or expired before 2026-09-14 are absent. Validation: license totals match OCM's contemporaneous counts (118 on 2025-12-31 and 178 on 2026-03-30 when event organizers are included; this series excludes them to match the Summary Application Data definition, giving 117 and 177). "
MN,2026-01,month,4,licenses_issued_retailer_recon,5,licenses,OCM public license-holder workbook (updated 2026-09-14),https://mn.gov/ocm/assets/MN_OCM_licensed_businesses_091426_tcm1202-714418.xlsx,2026-09-23,"RECONSTRUCTED from the workbook of currently licensed businesses: counts sites/licenses whose Site License Issued Date is on or before month end. Survivor-based: licenses surrendered, revoked, or expired before 2026-09-14 are absent. Validation: license totals match OCM's contemporaneous counts (118 on 2025-12-31 and 178 on 2026-03-30 when event organizers are included; this series excludes them to match the Summary Application Data definition, giving 117 and 177). "
MN,2026-01,month,4,licenses_issued_med_combo_recon,2,licenses,OCM public license-holder workbook (updated 2026-09-14),https://mn.gov/ocm/assets/MN_OCM_licensed_businesses_091426_tcm1202-714418.xlsx,2026-09-23,"RECONSTRUCTED from the workbook of currently licensed businesses: counts sites/licenses whose Site License Issued Date is on or before month end. Survivor-based: licenses surrendered, revoked, or expired before 2026-09-14 are absent. Validation: license totals match OCM's contemporaneous counts (118 on 2025-12-31 and 178 on 2026-03-30 when event organizers are included; this series excludes them to match the Summary Application Data definition, giving 117 and 177). "
MN,2026-01,month,4,licenses_issued_manufacturer_recon,1,licenses,OCM public license-holder workbook (updated 2026-09-14),https://mn.gov/ocm/assets/MN_OCM_licensed_businesses_091426_tcm1202-714418.xlsx,2026-09-23,"RECONSTRUCTED from the workbook of currently licensed businesses: counts sites/licenses whose Site License Issued Date is on or before month end. Survivor-based: licenses surrendered, revoked, or expired before 2026-09-14 are absent. Validation: license totals match OCM's contemporaneous counts (118 on 2025-12-31 and 178 on 2026-03-30 when event organizers are included; this series excludes them to match the Summary Application Data definition, giving 117 and 177). "
MN,2026-01,month,4,licensed_retail_sites_all_recon,113,sites,OCM public license-holder workbook (updated 2026-09-14),https://mn.gov/ocm/assets/MN_OCM_licensed_businesses_091426_tcm1202-714418.xlsx,2026-09-23,"All retail sites (adult-use and medical-endorsed). RECONSTRUCTED from the workbook of currently licensed businesses: counts sites/licenses whose Site License Issued Date is on or before month end. Survivor-based: licenses surrendered, revoked, or expired before 2026-09-14 are absent. Validation: license totals match OCM's contemporaneous counts (118 on 2025-12-31 and 178 on 2026-03-30 when event organizers are included; this series excludes them to match the Summary Application Data definition, giving 117 and 177). "
MN,2026-01,month,4,licensed_retail_sites_medical_recon,31,sites,OCM public license-holder workbook (updated 2026-09-14),https://mn.gov/ocm/assets/MN_OCM_licensed_businesses_091426_tcm1202-714418.xlsx,2026-09-23,"Retail sites flagged Medical Cannabis Retail = Yes. RECONSTRUCTED from the workbook of currently licensed businesses: counts sites/licenses whose Site License Issued Date is on or before month end. Survivor-based: licenses surrendered, revoked, or expired before 2026-09-14 are absent. Validation: license totals match OCM's contemporaneous counts (118 on 2025-12-31 and 178 on 2026-03-30 when event organizers are included; this series excludes them to match the Summary Application Data definition, giving 117 and 177). "
MN,2026-01,month,4,licensed_cultivation_sites_recon,39,sites,OCM public license-holder workbook (updated 2026-09-14),https://mn.gov/ocm/assets/MN_OCM_licensed_businesses_091426_tcm1202-714418.xlsx,2026-09-23,"Business Type is the site's CURRENT activity designation, back-dated to the site issue date, so activities added after licensing appear early. Cultivation counts run 8 to 10 above OCM's contemporaneous figures (34 vs 24 at 2025-12-31; 50 vs 42 at 2026-03-30). RECONSTRUCTED from the workbook of currently licensed businesses: counts sites/licenses whose Site License Issued Date is on or before month end. Survivor-based: licenses surrendered, revoked, or expired before 2026-09-14 are absent. Validation: license totals match OCM's contemporaneous counts (118 on 2025-12-31 and 178 on 2026-03-30 when event organizers are included; this series excludes them to match the Summary Application Data definition, giving 117 and 177). "
MN,2026-01,month,4,licensed_manufacturing_sites_recon,23,sites,OCM public license-holder workbook (updated 2026-09-14),https://mn.gov/ocm/assets/MN_OCM_licensed_businesses_091426_tcm1202-714418.xlsx,2026-09-23,"Business Type is the site's CURRENT activity designation, back-dated to the site issue date, so activities added after licensing appear early. Cultivation counts run 8 to 10 above OCM's contemporaneous figures (34 vs 24 at 2025-12-31; 50 vs 42 at 2026-03-30). RECONSTRUCTED from the workbook of currently licensed businesses: counts sites/licenses whose Site License Issued Date is on or before month end. Survivor-based: licenses surrendered, revoked, or expired before 2026-09-14 are absent. Validation: license totals match OCM's contemporaneous counts (118 on 2025-12-31 and 178 on 2026-03-30 when event organizers are included; this series excludes them to match the Summary Application Data definition, giving 117 and 177). "
MN,2026-02,month,5,licenses_issued_all_recon,154,licenses,OCM public license-holder workbook (updated 2026-09-14),https://mn.gov/ocm/assets/MN_OCM_licensed_businesses_091426_tcm1202-714418.xlsx,2026-09-23,"RECONSTRUCTED from the workbook of currently licensed businesses: counts sites/licenses whose Site License Issued Date is on or before month end. Survivor-based: licenses surrendered, revoked, or expired before 2026-09-14 are absent. Validation: license totals match OCM's contemporaneous counts (118 on 2025-12-31 and 178 on 2026-03-30 when event organizers are included; this series excludes them to match the Summary Application Data definition, giving 117 and 177). "
MN,2026-02,month,5,licenses_issued_microbusiness_recon,119,licenses,OCM public license-holder workbook (updated 2026-09-14),https://mn.gov/ocm/assets/MN_OCM_licensed_businesses_091426_tcm1202-714418.xlsx,2026-09-23,"RECONSTRUCTED from the workbook of currently licensed businesses: counts sites/licenses whose Site License Issued Date is on or before month end. Survivor-based: licenses surrendered, revoked, or expired before 2026-09-14 are absent. Validation: license totals match OCM's contemporaneous counts (118 on 2025-12-31 and 178 on 2026-03-30 when event organizers are included; this series excludes them to match the Summary Application Data definition, giving 117 and 177). "
MN,2026-02,month,5,licenses_issued_cultivator_recon,4,licenses,OCM public license-holder workbook (updated 2026-09-14),https://mn.gov/ocm/assets/MN_OCM_licensed_businesses_091426_tcm1202-714418.xlsx,2026-09-23,"RECONSTRUCTED from the workbook of currently licensed businesses: counts sites/licenses whose Site License Issued Date is on or before month end. Survivor-based: licenses surrendered, revoked, or expired before 2026-09-14 are absent. Validation: license totals match OCM's contemporaneous counts (118 on 2025-12-31 and 178 on 2026-03-30 when event organizers are included; this series excludes them to match the Summary Application Data definition, giving 117 and 177). "
MN,2026-02,month,5,licenses_issued_mezzobusiness_recon,7,licenses,OCM public license-holder workbook (updated 2026-09-14),https://mn.gov/ocm/assets/MN_OCM_licensed_businesses_091426_tcm1202-714418.xlsx,2026-09-23,"RECONSTRUCTED from the workbook of currently licensed businesses: counts sites/licenses whose Site License Issued Date is on or before month end. Survivor-based: licenses surrendered, revoked, or expired before 2026-09-14 are absent. Validation: license totals match OCM's contemporaneous counts (118 on 2025-12-31 and 178 on 2026-03-30 when event organizers are included; this series excludes them to match the Summary Application Data definition, giving 117 and 177). "
MN,2026-02,month,5,licenses_issued_retailer_recon,6,licenses,OCM public license-holder workbook (updated 2026-09-14),https://mn.gov/ocm/assets/MN_OCM_licensed_businesses_091426_tcm1202-714418.xlsx,2026-09-23,"RECONSTRUCTED from the workbook of currently licensed businesses: counts sites/licenses whose Site License Issued Date is on or before month end. Survivor-based: licenses surrendered, revoked, or expired before 2026-09-14 are absent. Validation: license totals match OCM's contemporaneous counts (118 on 2025-12-31 and 178 on 2026-03-30 when event organizers are included; this series excludes them to match the Summary Application Data definition, giving 117 and 177). "
MN,2026-02,month,5,licenses_issued_med_combo_recon,2,licenses,OCM public license-holder workbook (updated 2026-09-14),https://mn.gov/ocm/assets/MN_OCM_licensed_businesses_091426_tcm1202-714418.xlsx,2026-09-23,"RECONSTRUCTED from the workbook of currently licensed businesses: counts sites/licenses whose Site License Issued Date is on or before month end. Survivor-based: licenses surrendered, revoked, or expired before 2026-09-14 are absent. Validation: license totals match OCM's contemporaneous counts (118 on 2025-12-31 and 178 on 2026-03-30 when event organizers are included; this series excludes them to match the Summary Application Data definition, giving 117 and 177). "
MN,2026-02,month,5,licenses_issued_manufacturer_recon,2,licenses,OCM public license-holder workbook (updated 2026-09-14),https://mn.gov/ocm/assets/MN_OCM_licensed_businesses_091426_tcm1202-714418.xlsx,2026-09-23,"RECONSTRUCTED from the workbook of currently licensed businesses: counts sites/licenses whose Site License Issued Date is on or before month end. Survivor-based: licenses surrendered, revoked, or expired before 2026-09-14 are absent. Validation: license totals match OCM's contemporaneous counts (118 on 2025-12-31 and 178 on 2026-03-30 when event organizers are included; this series excludes them to match the Summary Application Data definition, giving 117 and 177). "
MN,2026-02,month,5,licensed_retail_sites_all_recon,125,sites,OCM public license-holder workbook (updated 2026-09-14),https://mn.gov/ocm/assets/MN_OCM_licensed_businesses_091426_tcm1202-714418.xlsx,2026-09-23,"All retail sites (adult-use and medical-endorsed). RECONSTRUCTED from the workbook of currently licensed businesses: counts sites/licenses whose Site License Issued Date is on or before month end. Survivor-based: licenses surrendered, revoked, or expired before 2026-09-14 are absent. Validation: license totals match OCM's contemporaneous counts (118 on 2025-12-31 and 178 on 2026-03-30 when event organizers are included; this series excludes them to match the Summary Application Data definition, giving 117 and 177). "
MN,2026-02,month,5,licensed_retail_sites_medical_recon,33,sites,OCM public license-holder workbook (updated 2026-09-14),https://mn.gov/ocm/assets/MN_OCM_licensed_businesses_091426_tcm1202-714418.xlsx,2026-09-23,"Retail sites flagged Medical Cannabis Retail = Yes. RECONSTRUCTED from the workbook of currently licensed businesses: counts sites/licenses whose Site License Issued Date is on or before month end. Survivor-based: licenses surrendered, revoked, or expired before 2026-09-14 are absent. Validation: license totals match OCM's contemporaneous counts (118 on 2025-12-31 and 178 on 2026-03-30 when event organizers are included; this series excludes them to match the Summary Application Data definition, giving 117 and 177). "
MN,2026-02,month,5,licensed_cultivation_sites_recon,42,sites,OCM public license-holder workbook (updated 2026-09-14),https://mn.gov/ocm/assets/MN_OCM_licensed_businesses_091426_tcm1202-714418.xlsx,2026-09-23,"Business Type is the site's CURRENT activity designation, back-dated to the site issue date, so activities added after licensing appear early. Cultivation counts run 8 to 10 above OCM's contemporaneous figures (34 vs 24 at 2025-12-31; 50 vs 42 at 2026-03-30). RECONSTRUCTED from the workbook of currently licensed businesses: counts sites/licenses whose Site License Issued Date is on or before month end. Survivor-based: licenses surrendered, revoked, or expired before 2026-09-14 are absent. Validation: license totals match OCM's contemporaneous counts (118 on 2025-12-31 and 178 on 2026-03-30 when event organizers are included; this series excludes them to match the Summary Application Data definition, giving 117 and 177). "
MN,2026-02,month,5,licensed_manufacturing_sites_recon,25,sites,OCM public license-holder workbook (updated 2026-09-14),https://mn.gov/ocm/assets/MN_OCM_licensed_businesses_091426_tcm1202-714418.xlsx,2026-09-23,"Business Type is the site's CURRENT activity designation, back-dated to the site issue date, so activities added after licensing appear early. Cultivation counts run 8 to 10 above OCM's contemporaneous figures (34 vs 24 at 2025-12-31; 50 vs 42 at 2026-03-30). RECONSTRUCTED from the workbook of currently licensed businesses: counts sites/licenses whose Site License Issued Date is on or before month end. Survivor-based: licenses surrendered, revoked, or expired before 2026-09-14 are absent. Validation: license totals match OCM's contemporaneous counts (118 on 2025-12-31 and 178 on 2026-03-30 when event organizers are included; this series excludes them to match the Summary Application Data definition, giving 117 and 177). "
MN,2026-03,month,6,licenses_issued_all_recon,179,licenses,OCM public license-holder workbook (updated 2026-09-14),https://mn.gov/ocm/assets/MN_OCM_licensed_businesses_091426_tcm1202-714418.xlsx,2026-09-23,"RECONSTRUCTED from the workbook of currently licensed businesses: counts sites/licenses whose Site License Issued Date is on or before month end. Survivor-based: licenses surrendered, revoked, or expired before 2026-09-14 are absent. Validation: license totals match OCM's contemporaneous counts (118 on 2025-12-31 and 178 on 2026-03-30 when event organizers are included; this series excludes them to match the Summary Application Data definition, giving 117 and 177). "
MN,2026-03,month,6,licenses_issued_microbusiness_recon,135,licenses,OCM public license-holder workbook (updated 2026-09-14),https://mn.gov/ocm/assets/MN_OCM_licensed_businesses_091426_tcm1202-714418.xlsx,2026-09-23,"RECONSTRUCTED from the workbook of currently licensed businesses: counts sites/licenses whose Site License Issued Date is on or before month end. Survivor-based: licenses surrendered, revoked, or expired before 2026-09-14 are absent. Validation: license totals match OCM's contemporaneous counts (118 on 2025-12-31 and 178 on 2026-03-30 when event organizers are included; this series excludes them to match the Summary Application Data definition, giving 117 and 177). "
MN,2026-03,month,6,licenses_issued_cultivator_recon,4,licenses,OCM public license-holder workbook (updated 2026-09-14),https://mn.gov/ocm/assets/MN_OCM_licensed_businesses_091426_tcm1202-714418.xlsx,2026-09-23,"RECONSTRUCTED from the workbook of currently licensed businesses: counts sites/licenses whose Site License Issued Date is on or before month end. Survivor-based: licenses surrendered, revoked, or expired before 2026-09-14 are absent. Validation: license totals match OCM's contemporaneous counts (118 on 2025-12-31 and 178 on 2026-03-30 when event organizers are included; this series excludes them to match the Summary Application Data definition, giving 117 and 177). "
MN,2026-03,month,6,licenses_issued_mezzobusiness_recon,8,licenses,OCM public license-holder workbook (updated 2026-09-14),https://mn.gov/ocm/assets/MN_OCM_licensed_businesses_091426_tcm1202-714418.xlsx,2026-09-23,"RECONSTRUCTED from the workbook of currently licensed businesses: counts sites/licenses whose Site License Issued Date is on or before month end. Survivor-based: licenses surrendered, revoked, or expired before 2026-09-14 are absent. Validation: license totals match OCM's contemporaneous counts (118 on 2025-12-31 and 178 on 2026-03-30 when event organizers are included; this series excludes them to match the Summary Application Data definition, giving 117 and 177). "
MN,2026-03,month,6,licenses_issued_retailer_recon,9,licenses,OCM public license-holder workbook (updated 2026-09-14),https://mn.gov/ocm/assets/MN_OCM_licensed_businesses_091426_tcm1202-714418.xlsx,2026-09-23,"RECONSTRUCTED from the workbook of currently licensed businesses: counts sites/licenses whose Site License Issued Date is on or before month end. Survivor-based: licenses surrendered, revoked, or expired before 2026-09-14 are absent. Validation: license totals match OCM's contemporaneous counts (118 on 2025-12-31 and 178 on 2026-03-30 when event organizers are included; this series excludes them to match the Summary Application Data definition, giving 117 and 177). "
MN,2026-03,month,6,licenses_issued_med_combo_recon,2,licenses,OCM public license-holder workbook (updated 2026-09-14),https://mn.gov/ocm/assets/MN_OCM_licensed_businesses_091426_tcm1202-714418.xlsx,2026-09-23,"RECONSTRUCTED from the workbook of currently licensed businesses: counts sites/licenses whose Site License Issued Date is on or before month end. Survivor-based: licenses surrendered, revoked, or expired before 2026-09-14 are absent. Validation: license totals match OCM's contemporaneous counts (118 on 2025-12-31 and 178 on 2026-03-30 when event organizers are included; this series excludes them to match the Summary Application Data definition, giving 117 and 177). "
MN,2026-03,month,6,licenses_issued_manufacturer_recon,2,licenses,OCM public license-holder workbook (updated 2026-09-14),https://mn.gov/ocm/assets/MN_OCM_licensed_businesses_091426_tcm1202-714418.xlsx,2026-09-23,"RECONSTRUCTED from the workbook of currently licensed businesses: counts sites/licenses whose Site License Issued Date is on or before month end. Survivor-based: licenses surrendered, revoked, or expired before 2026-09-14 are absent. Validation: license totals match OCM's contemporaneous counts (118 on 2025-12-31 and 178 on 2026-03-30 when event organizers are included; this series excludes them to match the Summary Application Data definition, giving 117 and 177). "
MN,2026-03,month,6,licensed_retail_sites_all_recon,138,sites,OCM public license-holder workbook (updated 2026-09-14),https://mn.gov/ocm/assets/MN_OCM_licensed_businesses_091426_tcm1202-714418.xlsx,2026-09-23,"All retail sites (adult-use and medical-endorsed). RECONSTRUCTED from the workbook of currently licensed businesses: counts sites/licenses whose Site License Issued Date is on or before month end. Survivor-based: licenses surrendered, revoked, or expired before 2026-09-14 are absent. Validation: license totals match OCM's contemporaneous counts (118 on 2025-12-31 and 178 on 2026-03-30 when event organizers are included; this series excludes them to match the Summary Application Data definition, giving 117 and 177). "
MN,2026-03,month,6,licensed_retail_sites_medical_recon,36,sites,OCM public license-holder workbook (updated 2026-09-14),https://mn.gov/ocm/assets/MN_OCM_licensed_businesses_091426_tcm1202-714418.xlsx,2026-09-23,"Retail sites flagged Medical Cannabis Retail = Yes. RECONSTRUCTED from the workbook of currently licensed businesses: counts sites/licenses whose Site License Issued Date is on or before month end. Survivor-based: licenses surrendered, revoked, or expired before 2026-09-14 are absent. Validation: license totals match OCM's contemporaneous counts (118 on 2025-12-31 and 178 on 2026-03-30 when event organizers are included; this series excludes them to match the Summary Application Data definition, giving 117 and 177). "
MN,2026-03,month,6,licensed_cultivation_sites_recon,50,sites,OCM public license-holder workbook (updated 2026-09-14),https://mn.gov/ocm/assets/MN_OCM_licensed_businesses_091426_tcm1202-714418.xlsx,2026-09-23,"Business Type is the site's CURRENT activity designation, back-dated to the site issue date, so activities added after licensing appear early. Cultivation counts run 8 to 10 above OCM's contemporaneous figures (34 vs 24 at 2025-12-31; 50 vs 42 at 2026-03-30). RECONSTRUCTED from the workbook of currently licensed businesses: counts sites/licenses whose Site License Issued Date is on or before month end. Survivor-based: licenses surrendered, revoked, or expired before 2026-09-14 are absent. Validation: license totals match OCM's contemporaneous counts (118 on 2025-12-31 and 178 on 2026-03-30 when event organizers are included; this series excludes them to match the Summary Application Data definition, giving 117 and 177). "
MN,2026-03,month,6,licensed_manufacturing_sites_recon,29,sites,OCM public license-holder workbook (updated 2026-09-14),https://mn.gov/ocm/assets/MN_OCM_licensed_businesses_091426_tcm1202-714418.xlsx,2026-09-23,"Business Type is the site's CURRENT activity designation, back-dated to the site issue date, so activities added after licensing appear early. Cultivation counts run 8 to 10 above OCM's contemporaneous figures (34 vs 24 at 2025-12-31; 50 vs 42 at 2026-03-30). RECONSTRUCTED from the workbook of currently licensed businesses: counts sites/licenses whose Site License Issued Date is on or before month end. Survivor-based: licenses surrendered, revoked, or expired before 2026-09-14 are absent. Validation: license totals match OCM's contemporaneous counts (118 on 2025-12-31 and 178 on 2026-03-30 when event organizers are included; this series excludes them to match the Summary Application Data definition, giving 117 and 177). "
MN,2026-04,month,7,licenses_issued_all_recon,202,licenses,OCM public license-holder workbook (updated 2026-09-14),https://mn.gov/ocm/assets/MN_OCM_licensed_businesses_091426_tcm1202-714418.xlsx,2026-09-23,"RECONSTRUCTED from the workbook of currently licensed businesses: counts sites/licenses whose Site License Issued Date is on or before month end. Survivor-based: licenses surrendered, revoked, or expired before 2026-09-14 are absent. Validation: license totals match OCM's contemporaneous counts (118 on 2025-12-31 and 178 on 2026-03-30 when event organizers are included; this series excludes them to match the Summary Application Data definition, giving 117 and 177). "
MN,2026-04,month,7,licenses_issued_microbusiness_recon,155,licenses,OCM public license-holder workbook (updated 2026-09-14),https://mn.gov/ocm/assets/MN_OCM_licensed_businesses_091426_tcm1202-714418.xlsx,2026-09-23,"RECONSTRUCTED from the workbook of currently licensed businesses: counts sites/licenses whose Site License Issued Date is on or before month end. Survivor-based: licenses surrendered, revoked, or expired before 2026-09-14 are absent. Validation: license totals match OCM's contemporaneous counts (118 on 2025-12-31 and 178 on 2026-03-30 when event organizers are included; this series excludes them to match the Summary Application Data definition, giving 117 and 177). "
MN,2026-04,month,7,licenses_issued_cultivator_recon,4,licenses,OCM public license-holder workbook (updated 2026-09-14),https://mn.gov/ocm/assets/MN_OCM_licensed_businesses_091426_tcm1202-714418.xlsx,2026-09-23,"RECONSTRUCTED from the workbook of currently licensed businesses: counts sites/licenses whose Site License Issued Date is on or before month end. Survivor-based: licenses surrendered, revoked, or expired before 2026-09-14 are absent. Validation: license totals match OCM's contemporaneous counts (118 on 2025-12-31 and 178 on 2026-03-30 when event organizers are included; this series excludes them to match the Summary Application Data definition, giving 117 and 177). "
MN,2026-04,month,7,licenses_issued_mezzobusiness_recon,8,licenses,OCM public license-holder workbook (updated 2026-09-14),https://mn.gov/ocm/assets/MN_OCM_licensed_businesses_091426_tcm1202-714418.xlsx,2026-09-23,"RECONSTRUCTED from the workbook of currently licensed businesses: counts sites/licenses whose Site License Issued Date is on or before month end. Survivor-based: licenses surrendered, revoked, or expired before 2026-09-14 are absent. Validation: license totals match OCM's contemporaneous counts (118 on 2025-12-31 and 178 on 2026-03-30 when event organizers are included; this series excludes them to match the Summary Application Data definition, giving 117 and 177). "
MN,2026-04,month,7,licenses_issued_retailer_recon,9,licenses,OCM public license-holder workbook (updated 2026-09-14),https://mn.gov/ocm/assets/MN_OCM_licensed_businesses_091426_tcm1202-714418.xlsx,2026-09-23,"RECONSTRUCTED from the workbook of currently licensed businesses: counts sites/licenses whose Site License Issued Date is on or before month end. Survivor-based: licenses surrendered, revoked, or expired before 2026-09-14 are absent. Validation: license totals match OCM's contemporaneous counts (118 on 2025-12-31 and 178 on 2026-03-30 when event organizers are included; this series excludes them to match the Summary Application Data definition, giving 117 and 177). "
MN,2026-04,month,7,licenses_issued_med_combo_recon,2,licenses,OCM public license-holder workbook (updated 2026-09-14),https://mn.gov/ocm/assets/MN_OCM_licensed_businesses_091426_tcm1202-714418.xlsx,2026-09-23,"RECONSTRUCTED from the workbook of currently licensed businesses: counts sites/licenses whose Site License Issued Date is on or before month end. Survivor-based: licenses surrendered, revoked, or expired before 2026-09-14 are absent. Validation: license totals match OCM's contemporaneous counts (118 on 2025-12-31 and 178 on 2026-03-30 when event organizers are included; this series excludes them to match the Summary Application Data definition, giving 117 and 177). "
MN,2026-04,month,7,licenses_issued_manufacturer_recon,2,licenses,OCM public license-holder workbook (updated 2026-09-14),https://mn.gov/ocm/assets/MN_OCM_licensed_businesses_091426_tcm1202-714418.xlsx,2026-09-23,"RECONSTRUCTED from the workbook of currently licensed businesses: counts sites/licenses whose Site License Issued Date is on or before month end. Survivor-based: licenses surrendered, revoked, or expired before 2026-09-14 are absent. Validation: license totals match OCM's contemporaneous counts (118 on 2025-12-31 and 178 on 2026-03-30 when event organizers are included; this series excludes them to match the Summary Application Data definition, giving 117 and 177). "
MN,2026-04,month,7,licensed_retail_sites_all_recon,154,sites,OCM public license-holder workbook (updated 2026-09-14),https://mn.gov/ocm/assets/MN_OCM_licensed_businesses_091426_tcm1202-714418.xlsx,2026-09-23,"All retail sites (adult-use and medical-endorsed). RECONSTRUCTED from the workbook of currently licensed businesses: counts sites/licenses whose Site License Issued Date is on or before month end. Survivor-based: licenses surrendered, revoked, or expired before 2026-09-14 are absent. Validation: license totals match OCM's contemporaneous counts (118 on 2025-12-31 and 178 on 2026-03-30 when event organizers are included; this series excludes them to match the Summary Application Data definition, giving 117 and 177). "
MN,2026-04,month,7,licensed_retail_sites_medical_recon,39,sites,OCM public license-holder workbook (updated 2026-09-14),https://mn.gov/ocm/assets/MN_OCM_licensed_businesses_091426_tcm1202-714418.xlsx,2026-09-23,"Retail sites flagged Medical Cannabis Retail = Yes. RECONSTRUCTED from the workbook of currently licensed businesses: counts sites/licenses whose Site License Issued Date is on or before month end. Survivor-based: licenses surrendered, revoked, or expired before 2026-09-14 are absent. Validation: license totals match OCM's contemporaneous counts (118 on 2025-12-31 and 178 on 2026-03-30 when event organizers are included; this series excludes them to match the Summary Application Data definition, giving 117 and 177). "
MN,2026-04,month,7,licensed_cultivation_sites_recon,57,sites,OCM public license-holder workbook (updated 2026-09-14),https://mn.gov/ocm/assets/MN_OCM_licensed_businesses_091426_tcm1202-714418.xlsx,2026-09-23,"Business Type is the site's CURRENT activity designation, back-dated to the site issue date, so activities added after licensing appear early. Cultivation counts run 8 to 10 above OCM's contemporaneous figures (34 vs 24 at 2025-12-31; 50 vs 42 at 2026-03-30). RECONSTRUCTED from the workbook of currently licensed businesses: counts sites/licenses whose Site License Issued Date is on or before month end. Survivor-based: licenses surrendered, revoked, or expired before 2026-09-14 are absent. Validation: license totals match OCM's contemporaneous counts (118 on 2025-12-31 and 178 on 2026-03-30 when event organizers are included; this series excludes them to match the Summary Application Data definition, giving 117 and 177). "
MN,2026-04,month,7,licensed_manufacturing_sites_recon,33,sites,OCM public license-holder workbook (updated 2026-09-14),https://mn.gov/ocm/assets/MN_OCM_licensed_businesses_091426_tcm1202-714418.xlsx,2026-09-23,"Business Type is the site's CURRENT activity designation, back-dated to the site issue date, so activities added after licensing appear early. Cultivation counts run 8 to 10 above OCM's contemporaneous figures (34 vs 24 at 2025-12-31; 50 vs 42 at 2026-03-30). RECONSTRUCTED from the workbook of currently licensed businesses: counts sites/licenses whose Site License Issued Date is on or before month end. Survivor-based: licenses surrendered, revoked, or expired before 2026-09-14 are absent. Validation: license totals match OCM's contemporaneous counts (118 on 2025-12-31 and 178 on 2026-03-30 when event organizers are included; this series excludes them to match the Summary Application Data definition, giving 117 and 177). "
MN,2026-05,month,8,licenses_issued_all_recon,221,licenses,OCM public license-holder workbook (updated 2026-09-14),https://mn.gov/ocm/assets/MN_OCM_licensed_businesses_091426_tcm1202-714418.xlsx,2026-09-23,"RECONSTRUCTED from the workbook of currently licensed businesses: counts sites/licenses whose Site License Issued Date is on or before month end. Survivor-based: licenses surrendered, revoked, or expired before 2026-09-14 are absent. Validation: license totals match OCM's contemporaneous counts (118 on 2025-12-31 and 178 on 2026-03-30 when event organizers are included; this series excludes them to match the Summary Application Data definition, giving 117 and 177). "
MN,2026-05,month,8,licenses_issued_microbusiness_recon,169,licenses,OCM public license-holder workbook (updated 2026-09-14),https://mn.gov/ocm/assets/MN_OCM_licensed_businesses_091426_tcm1202-714418.xlsx,2026-09-23,"RECONSTRUCTED from the workbook of currently licensed businesses: counts sites/licenses whose Site License Issued Date is on or before month end. Survivor-based: licenses surrendered, revoked, or expired before 2026-09-14 are absent. Validation: license totals match OCM's contemporaneous counts (118 on 2025-12-31 and 178 on 2026-03-30 when event organizers are included; this series excludes them to match the Summary Application Data definition, giving 117 and 177). "
MN,2026-05,month,8,licenses_issued_cultivator_recon,4,licenses,OCM public license-holder workbook (updated 2026-09-14),https://mn.gov/ocm/assets/MN_OCM_licensed_businesses_091426_tcm1202-714418.xlsx,2026-09-23,"RECONSTRUCTED from the workbook of currently licensed businesses: counts sites/licenses whose Site License Issued Date is on or before month end. Survivor-based: licenses surrendered, revoked, or expired before 2026-09-14 are absent. Validation: license totals match OCM's contemporaneous counts (118 on 2025-12-31 and 178 on 2026-03-30 when event organizers are included; this series excludes them to match the Summary Application Data definition, giving 117 and 177). "
MN,2026-05,month,8,licenses_issued_mezzobusiness_recon,9,licenses,OCM public license-holder workbook (updated 2026-09-14),https://mn.gov/ocm/assets/MN_OCM_licensed_businesses_091426_tcm1202-714418.xlsx,2026-09-23,"RECONSTRUCTED from the workbook of currently licensed businesses: counts sites/licenses whose Site License Issued Date is on or before month end. Survivor-based: licenses surrendered, revoked, or expired before 2026-09-14 are absent. Validation: license totals match OCM's contemporaneous counts (118 on 2025-12-31 and 178 on 2026-03-30 when event organizers are included; this series excludes them to match the Summary Application Data definition, giving 117 and 177). "
MN,2026-05,month,8,licenses_issued_retailer_recon,9,licenses,OCM public license-holder workbook (updated 2026-09-14),https://mn.gov/ocm/assets/MN_OCM_licensed_businesses_091426_tcm1202-714418.xlsx,2026-09-23,"RECONSTRUCTED from the workbook of currently licensed businesses: counts sites/licenses whose Site License Issued Date is on or before month end. Survivor-based: licenses surrendered, revoked, or expired before 2026-09-14 are absent. Validation: license totals match OCM's contemporaneous counts (118 on 2025-12-31 and 178 on 2026-03-30 when event organizers are included; this series excludes them to match the Summary Application Data definition, giving 117 and 177). "
MN,2026-05,month,8,licenses_issued_med_combo_recon,2,licenses,OCM public license-holder workbook (updated 2026-09-14),https://mn.gov/ocm/assets/MN_OCM_licensed_businesses_091426_tcm1202-714418.xlsx,2026-09-23,"RECONSTRUCTED from the workbook of currently licensed businesses: counts sites/licenses whose Site License Issued Date is on or before month end. Survivor-based: licenses surrendered, revoked, or expired before 2026-09-14 are absent. Validation: license totals match OCM's contemporaneous counts (118 on 2025-12-31 and 178 on 2026-03-30 when event organizers are included; this series excludes them to match the Summary Application Data definition, giving 117 and 177). "
MN,2026-05,month,8,licenses_issued_manufacturer_recon,2,licenses,OCM public license-holder workbook (updated 2026-09-14),https://mn.gov/ocm/assets/MN_OCM_licensed_businesses_091426_tcm1202-714418.xlsx,2026-09-23,"RECONSTRUCTED from the workbook of currently licensed businesses: counts sites/licenses whose Site License Issued Date is on or before month end. Survivor-based: licenses surrendered, revoked, or expired before 2026-09-14 are absent. Validation: license totals match OCM's contemporaneous counts (118 on 2025-12-31 and 178 on 2026-03-30 when event organizers are included; this series excludes them to match the Summary Application Data definition, giving 117 and 177). "
MN,2026-05,month,8,licensed_retail_sites_all_recon,167,sites,OCM public license-holder workbook (updated 2026-09-14),https://mn.gov/ocm/assets/MN_OCM_licensed_businesses_091426_tcm1202-714418.xlsx,2026-09-23,"All retail sites (adult-use and medical-endorsed). RECONSTRUCTED from the workbook of currently licensed businesses: counts sites/licenses whose Site License Issued Date is on or before month end. Survivor-based: licenses surrendered, revoked, or expired before 2026-09-14 are absent. Validation: license totals match OCM's contemporaneous counts (118 on 2025-12-31 and 178 on 2026-03-30 when event organizers are included; this series excludes them to match the Summary Application Data definition, giving 117 and 177). "
MN,2026-05,month,8,licensed_retail_sites_medical_recon,41,sites,OCM public license-holder workbook (updated 2026-09-14),https://mn.gov/ocm/assets/MN_OCM_licensed_businesses_091426_tcm1202-714418.xlsx,2026-09-23,"Retail sites flagged Medical Cannabis Retail = Yes. RECONSTRUCTED from the workbook of currently licensed businesses: counts sites/licenses whose Site License Issued Date is on or before month end. Survivor-based: licenses surrendered, revoked, or expired before 2026-09-14 are absent. Validation: license totals match OCM's contemporaneous counts (118 on 2025-12-31 and 178 on 2026-03-30 when event organizers are included; this series excludes them to match the Summary Application Data definition, giving 117 and 177). "
MN,2026-05,month,8,licensed_cultivation_sites_recon,63,sites,OCM public license-holder workbook (updated 2026-09-14),https://mn.gov/ocm/assets/MN_OCM_licensed_businesses_091426_tcm1202-714418.xlsx,2026-09-23,"Business Type is the site's CURRENT activity designation, back-dated to the site issue date, so activities added after licensing appear early. Cultivation counts run 8 to 10 above OCM's contemporaneous figures (34 vs 24 at 2025-12-31; 50 vs 42 at 2026-03-30). RECONSTRUCTED from the workbook of currently licensed businesses: counts sites/licenses whose Site License Issued Date is on or before month end. Survivor-based: licenses surrendered, revoked, or expired before 2026-09-14 are absent. Validation: license totals match OCM's contemporaneous counts (118 on 2025-12-31 and 178 on 2026-03-30 when event organizers are included; this series excludes them to match the Summary Application Data definition, giving 117 and 177). "
MN,2026-05,month,8,licensed_manufacturing_sites_recon,35,sites,OCM public license-holder workbook (updated 2026-09-14),https://mn.gov/ocm/assets/MN_OCM_licensed_businesses_091426_tcm1202-714418.xlsx,2026-09-23,"Business Type is the site's CURRENT activity designation, back-dated to the site issue date, so activities added after licensing appear early. Cultivation counts run 8 to 10 above OCM's contemporaneous figures (34 vs 24 at 2025-12-31; 50 vs 42 at 2026-03-30). RECONSTRUCTED from the workbook of currently licensed businesses: counts sites/licenses whose Site License Issued Date is on or before month end. Survivor-based: licenses surrendered, revoked, or expired before 2026-09-14 are absent. Validation: license totals match OCM's contemporaneous counts (118 on 2025-12-31 and 178 on 2026-03-30 when event organizers are included; this series excludes them to match the Summary Application Data definition, giving 117 and 177). "
MN,2026-06,month,9,licenses_issued_all_recon,263,licenses,OCM public license-holder workbook (updated 2026-09-14),https://mn.gov/ocm/assets/MN_OCM_licensed_businesses_091426_tcm1202-714418.xlsx,2026-09-23,"RECONSTRUCTED from the workbook of currently licensed businesses: counts sites/licenses whose Site License Issued Date is on or before month end. Survivor-based: licenses surrendered, revoked, or expired before 2026-09-14 are absent. Validation: license totals match OCM's contemporaneous counts (118 on 2025-12-31 and 178 on 2026-03-30 when event organizers are included; this series excludes them to match the Summary Application Data definition, giving 117 and 177). "
MN,2026-06,month,9,licenses_issued_microbusiness_recon,199,licenses,OCM public license-holder workbook (updated 2026-09-14),https://mn.gov/ocm/assets/MN_OCM_licensed_businesses_091426_tcm1202-714418.xlsx,2026-09-23,"RECONSTRUCTED from the workbook of currently licensed businesses: counts sites/licenses whose Site License Issued Date is on or before month end. Survivor-based: licenses surrendered, revoked, or expired before 2026-09-14 are absent. Validation: license totals match OCM's contemporaneous counts (118 on 2025-12-31 and 178 on 2026-03-30 when event organizers are included; this series excludes them to match the Summary Application Data definition, giving 117 and 177). "
MN,2026-06,month,9,licenses_issued_cultivator_recon,7,licenses,OCM public license-holder workbook (updated 2026-09-14),https://mn.gov/ocm/assets/MN_OCM_licensed_businesses_091426_tcm1202-714418.xlsx,2026-09-23,"RECONSTRUCTED from the workbook of currently licensed businesses: counts sites/licenses whose Site License Issued Date is on or before month end. Survivor-based: licenses surrendered, revoked, or expired before 2026-09-14 are absent. Validation: license totals match OCM's contemporaneous counts (118 on 2025-12-31 and 178 on 2026-03-30 when event organizers are included; this series excludes them to match the Summary Application Data definition, giving 117 and 177). "
MN,2026-06,month,9,licenses_issued_mezzobusiness_recon,11,licenses,OCM public license-holder workbook (updated 2026-09-14),https://mn.gov/ocm/assets/MN_OCM_licensed_businesses_091426_tcm1202-714418.xlsx,2026-09-23,"RECONSTRUCTED from the workbook of currently licensed businesses: counts sites/licenses whose Site License Issued Date is on or before month end. Survivor-based: licenses surrendered, revoked, or expired before 2026-09-14 are absent. Validation: license totals match OCM's contemporaneous counts (118 on 2025-12-31 and 178 on 2026-03-30 when event organizers are included; this series excludes them to match the Summary Application Data definition, giving 117 and 177). "
MN,2026-06,month,9,licenses_issued_retailer_recon,12,licenses,OCM public license-holder workbook (updated 2026-09-14),https://mn.gov/ocm/assets/MN_OCM_licensed_businesses_091426_tcm1202-714418.xlsx,2026-09-23,"RECONSTRUCTED from the workbook of currently licensed businesses: counts sites/licenses whose Site License Issued Date is on or before month end. Survivor-based: licenses surrendered, revoked, or expired before 2026-09-14 are absent. Validation: license totals match OCM's contemporaneous counts (118 on 2025-12-31 and 178 on 2026-03-30 when event organizers are included; this series excludes them to match the Summary Application Data definition, giving 117 and 177). "
MN,2026-06,month,9,licenses_issued_med_combo_recon,2,licenses,OCM public license-holder workbook (updated 2026-09-14),https://mn.gov/ocm/assets/MN_OCM_licensed_businesses_091426_tcm1202-714418.xlsx,2026-09-23,"RECONSTRUCTED from the workbook of currently licensed businesses: counts sites/licenses whose Site License Issued Date is on or before month end. Survivor-based: licenses surrendered, revoked, or expired before 2026-09-14 are absent. Validation: license totals match OCM's contemporaneous counts (118 on 2025-12-31 and 178 on 2026-03-30 when event organizers are included; this series excludes them to match the Summary Application Data definition, giving 117 and 177). "
MN,2026-06,month,9,licenses_issued_manufacturer_recon,2,licenses,OCM public license-holder workbook (updated 2026-09-14),https://mn.gov/ocm/assets/MN_OCM_licensed_businesses_091426_tcm1202-714418.xlsx,2026-09-23,"RECONSTRUCTED from the workbook of currently licensed businesses: counts sites/licenses whose Site License Issued Date is on or before month end. Survivor-based: licenses surrendered, revoked, or expired before 2026-09-14 are absent. Validation: license totals match OCM's contemporaneous counts (118 on 2025-12-31 and 178 on 2026-03-30 when event organizers are included; this series excludes them to match the Summary Application Data definition, giving 117 and 177). "
MN,2026-06,month,9,licensed_retail_sites_all_recon,191,sites,OCM public license-holder workbook (updated 2026-09-14),https://mn.gov/ocm/assets/MN_OCM_licensed_businesses_091426_tcm1202-714418.xlsx,2026-09-23,"All retail sites (adult-use and medical-endorsed). RECONSTRUCTED from the workbook of currently licensed businesses: counts sites/licenses whose Site License Issued Date is on or before month end. Survivor-based: licenses surrendered, revoked, or expired before 2026-09-14 are absent. Validation: license totals match OCM's contemporaneous counts (118 on 2025-12-31 and 178 on 2026-03-30 when event organizers are included; this series excludes them to match the Summary Application Data definition, giving 117 and 177). "
MN,2026-06,month,9,licensed_retail_sites_medical_recon,46,sites,OCM public license-holder workbook (updated 2026-09-14),https://mn.gov/ocm/assets/MN_OCM_licensed_businesses_091426_tcm1202-714418.xlsx,2026-09-23,"Retail sites flagged Medical Cannabis Retail = Yes. RECONSTRUCTED from the workbook of currently licensed businesses: counts sites/licenses whose Site License Issued Date is on or before month end. Survivor-based: licenses surrendered, revoked, or expired before 2026-09-14 are absent. Validation: license totals match OCM's contemporaneous counts (118 on 2025-12-31 and 178 on 2026-03-30 when event organizers are included; this series excludes them to match the Summary Application Data definition, giving 117 and 177). "
MN,2026-06,month,9,licensed_cultivation_sites_recon,79,sites,OCM public license-holder workbook (updated 2026-09-14),https://mn.gov/ocm/assets/MN_OCM_licensed_businesses_091426_tcm1202-714418.xlsx,2026-09-23,"Business Type is the site's CURRENT activity designation, back-dated to the site issue date, so activities added after licensing appear early. Cultivation counts run 8 to 10 above OCM's contemporaneous figures (34 vs 24 at 2025-12-31; 50 vs 42 at 2026-03-30). RECONSTRUCTED from the workbook of currently licensed businesses: counts sites/licenses whose Site License Issued Date is on or before month end. Survivor-based: licenses surrendered, revoked, or expired before 2026-09-14 are absent. Validation: license totals match OCM's contemporaneous counts (118 on 2025-12-31 and 178 on 2026-03-30 when event organizers are included; this series excludes them to match the Summary Application Data definition, giving 117 and 177). "
MN,2026-06,month,9,licensed_manufacturing_sites_recon,39,sites,OCM public license-holder workbook (updated 2026-09-14),https://mn.gov/ocm/assets/MN_OCM_licensed_businesses_091426_tcm1202-714418.xlsx,2026-09-23,"Business Type is the site's CURRENT activity designation, back-dated to the site issue date, so activities added after licensing appear early. Cultivation counts run 8 to 10 above OCM's contemporaneous figures (34 vs 24 at 2025-12-31; 50 vs 42 at 2026-03-30). RECONSTRUCTED from the workbook of currently licensed businesses: counts sites/licenses whose Site License Issued Date is on or before month end. Survivor-based: licenses surrendered, revoked, or expired before 2026-09-14 are absent. Validation: license totals match OCM's contemporaneous counts (118 on 2025-12-31 and 178 on 2026-03-30 when event organizers are included; this series excludes them to match the Summary Application Data definition, giving 117 and 177). "
MN,2026-07,month,10,licenses_issued_all_recon,309,licenses,OCM public license-holder workbook (updated 2026-09-14),https://mn.gov/ocm/assets/MN_OCM_licensed_businesses_091426_tcm1202-714418.xlsx,2026-09-23,"RECONSTRUCTED from the workbook of currently licensed businesses: counts sites/licenses whose Site License Issued Date is on or before month end. Survivor-based: licenses surrendered, revoked, or expired before 2026-09-14 are absent. Validation: license totals match OCM's contemporaneous counts (118 on 2025-12-31 and 178 on 2026-03-30 when event organizers are included; this series excludes them to match the Summary Application Data definition, giving 117 and 177). "
MN,2026-07,month,10,licenses_issued_microbusiness_recon,230,licenses,OCM public license-holder workbook (updated 2026-09-14),https://mn.gov/ocm/assets/MN_OCM_licensed_businesses_091426_tcm1202-714418.xlsx,2026-09-23,"RECONSTRUCTED from the workbook of currently licensed businesses: counts sites/licenses whose Site License Issued Date is on or before month end. Survivor-based: licenses surrendered, revoked, or expired before 2026-09-14 are absent. Validation: license totals match OCM's contemporaneous counts (118 on 2025-12-31 and 178 on 2026-03-30 when event organizers are included; this series excludes them to match the Summary Application Data definition, giving 117 and 177). "
MN,2026-07,month,10,licenses_issued_cultivator_recon,14,licenses,OCM public license-holder workbook (updated 2026-09-14),https://mn.gov/ocm/assets/MN_OCM_licensed_businesses_091426_tcm1202-714418.xlsx,2026-09-23,"RECONSTRUCTED from the workbook of currently licensed businesses: counts sites/licenses whose Site License Issued Date is on or before month end. Survivor-based: licenses surrendered, revoked, or expired before 2026-09-14 are absent. Validation: license totals match OCM's contemporaneous counts (118 on 2025-12-31 and 178 on 2026-03-30 when event organizers are included; this series excludes them to match the Summary Application Data definition, giving 117 and 177). "
MN,2026-07,month,10,licenses_issued_mezzobusiness_recon,16,licenses,OCM public license-holder workbook (updated 2026-09-14),https://mn.gov/ocm/assets/MN_OCM_licensed_businesses_091426_tcm1202-714418.xlsx,2026-09-23,"RECONSTRUCTED from the workbook of currently licensed businesses: counts sites/licenses whose Site License Issued Date is on or before month end. Survivor-based: licenses surrendered, revoked, or expired before 2026-09-14 are absent. Validation: license totals match OCM's contemporaneous counts (118 on 2025-12-31 and 178 on 2026-03-30 when event organizers are included; this series excludes them to match the Summary Application Data definition, giving 117 and 177). "
MN,2026-07,month,10,licenses_issued_retailer_recon,13,licenses,OCM public license-holder workbook (updated 2026-09-14),https://mn.gov/ocm/assets/MN_OCM_licensed_businesses_091426_tcm1202-714418.xlsx,2026-09-23,"RECONSTRUCTED from the workbook of currently licensed businesses: counts sites/licenses whose Site License Issued Date is on or before month end. Survivor-based: licenses surrendered, revoked, or expired before 2026-09-14 are absent. Validation: license totals match OCM's contemporaneous counts (118 on 2025-12-31 and 178 on 2026-03-30 when event organizers are included; this series excludes them to match the Summary Application Data definition, giving 117 and 177). "
MN,2026-07,month,10,licenses_issued_med_combo_recon,2,licenses,OCM public license-holder workbook (updated 2026-09-14),https://mn.gov/ocm/assets/MN_OCM_licensed_businesses_091426_tcm1202-714418.xlsx,2026-09-23,"RECONSTRUCTED from the workbook of currently licensed businesses: counts sites/licenses whose Site License Issued Date is on or before month end. Survivor-based: licenses surrendered, revoked, or expired before 2026-09-14 are absent. Validation: license totals match OCM's contemporaneous counts (118 on 2025-12-31 and 178 on 2026-03-30 when event organizers are included; this series excludes them to match the Summary Application Data definition, giving 117 and 177). "
MN,2026-07,month,10,licenses_issued_manufacturer_recon,2,licenses,OCM public license-holder workbook (updated 2026-09-14),https://mn.gov/ocm/assets/MN_OCM_licensed_businesses_091426_tcm1202-714418.xlsx,2026-09-23,"RECONSTRUCTED from the workbook of currently licensed businesses: counts sites/licenses whose Site License Issued Date is on or before month end. Survivor-based: licenses surrendered, revoked, or expired before 2026-09-14 are absent. Validation: license totals match OCM's contemporaneous counts (118 on 2025-12-31 and 178 on 2026-03-30 when event organizers are included; this series excludes them to match the Summary Application Data definition, giving 117 and 177). "
MN,2026-07,month,10,licensed_retail_sites_all_recon,210,sites,OCM public license-holder workbook (updated 2026-09-14),https://mn.gov/ocm/assets/MN_OCM_licensed_businesses_091426_tcm1202-714418.xlsx,2026-09-23,"All retail sites (adult-use and medical-endorsed). RECONSTRUCTED from the workbook of currently licensed businesses: counts sites/licenses whose Site License Issued Date is on or before month end. Survivor-based: licenses surrendered, revoked, or expired before 2026-09-14 are absent. Validation: license totals match OCM's contemporaneous counts (118 on 2025-12-31 and 178 on 2026-03-30 when event organizers are included; this series excludes them to match the Summary Application Data definition, giving 117 and 177). "
MN,2026-07,month,10,licensed_retail_sites_medical_recon,48,sites,OCM public license-holder workbook (updated 2026-09-14),https://mn.gov/ocm/assets/MN_OCM_licensed_businesses_091426_tcm1202-714418.xlsx,2026-09-23,"Retail sites flagged Medical Cannabis Retail = Yes. RECONSTRUCTED from the workbook of currently licensed businesses: counts sites/licenses whose Site License Issued Date is on or before month end. Survivor-based: licenses surrendered, revoked, or expired before 2026-09-14 are absent. Validation: license totals match OCM's contemporaneous counts (118 on 2025-12-31 and 178 on 2026-03-30 when event organizers are included; this series excludes them to match the Summary Application Data definition, giving 117 and 177). "
MN,2026-07,month,10,licensed_cultivation_sites_recon,108,sites,OCM public license-holder workbook (updated 2026-09-14),https://mn.gov/ocm/assets/MN_OCM_licensed_businesses_091426_tcm1202-714418.xlsx,2026-09-23,"Business Type is the site's CURRENT activity designation, back-dated to the site issue date, so activities added after licensing appear early. Cultivation counts run 8 to 10 above OCM's contemporaneous figures (34 vs 24 at 2025-12-31; 50 vs 42 at 2026-03-30). RECONSTRUCTED from the workbook of currently licensed businesses: counts sites/licenses whose Site License Issued Date is on or before month end. Survivor-based: licenses surrendered, revoked, or expired before 2026-09-14 are absent. Validation: license totals match OCM's contemporaneous counts (118 on 2025-12-31 and 178 on 2026-03-30 when event organizers are included; this series excludes them to match the Summary Application Data definition, giving 117 and 177). "
MN,2026-07,month,10,licensed_manufacturing_sites_recon,45,sites,OCM public license-holder workbook (updated 2026-09-14),https://mn.gov/ocm/assets/MN_OCM_licensed_businesses_091426_tcm1202-714418.xlsx,2026-09-23,"Business Type is the site's CURRENT activity designation, back-dated to the site issue date, so activities added after licensing appear early. Cultivation counts run 8 to 10 above OCM's contemporaneous figures (34 vs 24 at 2025-12-31; 50 vs 42 at 2026-03-30). RECONSTRUCTED from the workbook of currently licensed businesses: counts sites/licenses whose Site License Issued Date is on or before month end. Survivor-based: licenses surrendered, revoked, or expired before 2026-09-14 are absent. Validation: license totals match OCM's contemporaneous counts (118 on 2025-12-31 and 178 on 2026-03-30 when event organizers are included; this series excludes them to match the Summary Application Data definition, giving 117 and 177). "
MN,2026-08,month,11,licenses_issued_all_recon,369,licenses,OCM public license-holder workbook (updated 2026-09-14),https://mn.gov/ocm/assets/MN_OCM_licensed_businesses_091426_tcm1202-714418.xlsx,2026-09-23,"RECONSTRUCTED from the workbook of currently licensed businesses: counts sites/licenses whose Site License Issued Date is on or before month end. Survivor-based: licenses surrendered, revoked, or expired before 2026-09-14 are absent. Validation: license totals match OCM's contemporaneous counts (118 on 2025-12-31 and 178 on 2026-03-30 when event organizers are included; this series excludes them to match the Summary Application Data definition, giving 117 and 177). "
MN,2026-08,month,11,licenses_issued_microbusiness_recon,267,licenses,OCM public license-holder workbook (updated 2026-09-14),https://mn.gov/ocm/assets/MN_OCM_licensed_businesses_091426_tcm1202-714418.xlsx,2026-09-23,"RECONSTRUCTED from the workbook of currently licensed businesses: counts sites/licenses whose Site License Issued Date is on or before month end. Survivor-based: licenses surrendered, revoked, or expired before 2026-09-14 are absent. Validation: license totals match OCM's contemporaneous counts (118 on 2025-12-31 and 178 on 2026-03-30 when event organizers are included; this series excludes them to match the Summary Application Data definition, giving 117 and 177). "
MN,2026-08,month,11,licenses_issued_cultivator_recon,24,licenses,OCM public license-holder workbook (updated 2026-09-14),https://mn.gov/ocm/assets/MN_OCM_licensed_businesses_091426_tcm1202-714418.xlsx,2026-09-23,"RECONSTRUCTED from the workbook of currently licensed businesses: counts sites/licenses whose Site License Issued Date is on or before month end. Survivor-based: licenses surrendered, revoked, or expired before 2026-09-14 are absent. Validation: license totals match OCM's contemporaneous counts (118 on 2025-12-31 and 178 on 2026-03-30 when event organizers are included; this series excludes them to match the Summary Application Data definition, giving 117 and 177). "
MN,2026-08,month,11,licenses_issued_mezzobusiness_recon,23,licenses,OCM public license-holder workbook (updated 2026-09-14),https://mn.gov/ocm/assets/MN_OCM_licensed_businesses_091426_tcm1202-714418.xlsx,2026-09-23,"RECONSTRUCTED from the workbook of currently licensed businesses: counts sites/licenses whose Site License Issued Date is on or before month end. Survivor-based: licenses surrendered, revoked, or expired before 2026-09-14 are absent. Validation: license totals match OCM's contemporaneous counts (118 on 2025-12-31 and 178 on 2026-03-30 when event organizers are included; this series excludes them to match the Summary Application Data definition, giving 117 and 177). "
MN,2026-08,month,11,licenses_issued_retailer_recon,16,licenses,OCM public license-holder workbook (updated 2026-09-14),https://mn.gov/ocm/assets/MN_OCM_licensed_businesses_091426_tcm1202-714418.xlsx,2026-09-23,"RECONSTRUCTED from the workbook of currently licensed businesses: counts sites/licenses whose Site License Issued Date is on or before month end. Survivor-based: licenses surrendered, revoked, or expired before 2026-09-14 are absent. Validation: license totals match OCM's contemporaneous counts (118 on 2025-12-31 and 178 on 2026-03-30 when event organizers are included; this series excludes them to match the Summary Application Data definition, giving 117 and 177). "
MN,2026-08,month,11,licenses_issued_med_combo_recon,3,licenses,OCM public license-holder workbook (updated 2026-09-14),https://mn.gov/ocm/assets/MN_OCM_licensed_businesses_091426_tcm1202-714418.xlsx,2026-09-23,"RECONSTRUCTED from the workbook of currently licensed businesses: counts sites/licenses whose Site License Issued Date is on or before month end. Survivor-based: licenses surrendered, revoked, or expired before 2026-09-14 are absent. Validation: license totals match OCM's contemporaneous counts (118 on 2025-12-31 and 178 on 2026-03-30 when event organizers are included; this series excludes them to match the Summary Application Data definition, giving 117 and 177). "
MN,2026-08,month,11,licenses_issued_manufacturer_recon,3,licenses,OCM public license-holder workbook (updated 2026-09-14),https://mn.gov/ocm/assets/MN_OCM_licensed_businesses_091426_tcm1202-714418.xlsx,2026-09-23,"RECONSTRUCTED from the workbook of currently licensed businesses: counts sites/licenses whose Site License Issued Date is on or before month end. Survivor-based: licenses surrendered, revoked, or expired before 2026-09-14 are absent. Validation: license totals match OCM's contemporaneous counts (118 on 2025-12-31 and 178 on 2026-03-30 when event organizers are included; this series excludes them to match the Summary Application Data definition, giving 117 and 177). "
MN,2026-08,month,11,licensed_retail_sites_all_recon,227,sites,OCM public license-holder workbook (updated 2026-09-14),https://mn.gov/ocm/assets/MN_OCM_licensed_businesses_091426_tcm1202-714418.xlsx,2026-09-23,"All retail sites (adult-use and medical-endorsed). RECONSTRUCTED from the workbook of currently licensed businesses: counts sites/licenses whose Site License Issued Date is on or before month end. Survivor-based: licenses surrendered, revoked, or expired before 2026-09-14 are absent. Validation: license totals match OCM's contemporaneous counts (118 on 2025-12-31 and 178 on 2026-03-30 when event organizers are included; this series excludes them to match the Summary Application Data definition, giving 117 and 177). "
MN,2026-08,month,11,licensed_retail_sites_medical_recon,52,sites,OCM public license-holder workbook (updated 2026-09-14),https://mn.gov/ocm/assets/MN_OCM_licensed_businesses_091426_tcm1202-714418.xlsx,2026-09-23,"Retail sites flagged Medical Cannabis Retail = Yes. RECONSTRUCTED from the workbook of currently licensed businesses: counts sites/licenses whose Site License Issued Date is on or before month end. Survivor-based: licenses surrendered, revoked, or expired before 2026-09-14 are absent. Validation: license totals match OCM's contemporaneous counts (118 on 2025-12-31 and 178 on 2026-03-30 when event organizers are included; this series excludes them to match the Summary Application Data definition, giving 117 and 177). "
MN,2026-08,month,11,licensed_cultivation_sites_recon,158,sites,OCM public license-holder workbook (updated 2026-09-14),https://mn.gov/ocm/assets/MN_OCM_licensed_businesses_091426_tcm1202-714418.xlsx,2026-09-23,"Business Type is the site's CURRENT activity designation, back-dated to the site issue date, so activities added after licensing appear early. Cultivation counts run 8 to 10 above OCM's contemporaneous figures (34 vs 24 at 2025-12-31; 50 vs 42 at 2026-03-30). RECONSTRUCTED from the workbook of currently licensed businesses: counts sites/licenses whose Site License Issued Date is on or before month end. Survivor-based: licenses surrendered, revoked, or expired before 2026-09-14 are absent. Validation: license totals match OCM's contemporaneous counts (118 on 2025-12-31 and 178 on 2026-03-30 when event organizers are included; this series excludes them to match the Summary Application Data definition, giving 117 and 177). "
MN,2026-08,month,11,licensed_manufacturing_sites_recon,52,sites,OCM public license-holder workbook (updated 2026-09-14),https://mn.gov/ocm/assets/MN_OCM_licensed_businesses_091426_tcm1202-714418.xlsx,2026-09-23,"Business Type is the site's CURRENT activity designation, back-dated to the site issue date, so activities added after licensing appear early. Cultivation counts run 8 to 10 above OCM's contemporaneous figures (34 vs 24 at 2025-12-31; 50 vs 42 at 2026-03-30). RECONSTRUCTED from the workbook of currently licensed businesses: counts sites/licenses whose Site License Issued Date is on or before month end. Survivor-based: licenses surrendered, revoked, or expired before 2026-09-14 are absent. Validation: license totals match OCM's contemporaneous counts (118 on 2025-12-31 and 178 on 2026-03-30 when event organizers are included; this series excludes them to match the Summary Application Data definition, giving 117 and 177). "
MN,2026-09,snapshot,12,licenses_issued_all_recon,376,licenses,OCM public license-holder workbook (updated 2026-09-14),https://mn.gov/ocm/assets/MN_OCM_licensed_businesses_091426_tcm1202-714418.xlsx,2026-09-23,"RECONSTRUCTED from the workbook of currently licensed businesses: counts sites/licenses whose Site License Issued Date is on or before month end. Survivor-based: licenses surrendered, revoked, or expired before 2026-09-14 are absent. Validation: license totals match OCM's contemporaneous counts (118 on 2025-12-31 and 178 on 2026-03-30 when event organizers are included; this series excludes them to match the Summary Application Data definition, giving 117 and 177). Partial month: as of 2026-09-14. "
MN,2026-09,snapshot,12,licenses_issued_microbusiness_recon,273,licenses,OCM public license-holder workbook (updated 2026-09-14),https://mn.gov/ocm/assets/MN_OCM_licensed_businesses_091426_tcm1202-714418.xlsx,2026-09-23,"RECONSTRUCTED from the workbook of currently licensed businesses: counts sites/licenses whose Site License Issued Date is on or before month end. Survivor-based: licenses surrendered, revoked, or expired before 2026-09-14 are absent. Validation: license totals match OCM's contemporaneous counts (118 on 2025-12-31 and 178 on 2026-03-30 when event organizers are included; this series excludes them to match the Summary Application Data definition, giving 117 and 177). Partial month: as of 2026-09-14. "
MN,2026-09,snapshot,12,licenses_issued_cultivator_recon,24,licenses,OCM public license-holder workbook (updated 2026-09-14),https://mn.gov/ocm/assets/MN_OCM_licensed_businesses_091426_tcm1202-714418.xlsx,2026-09-23,"RECONSTRUCTED from the workbook of currently licensed businesses: counts sites/licenses whose Site License Issued Date is on or before month end. Survivor-based: licenses surrendered, revoked, or expired before 2026-09-14 are absent. Validation: license totals match OCM's contemporaneous counts (118 on 2025-12-31 and 178 on 2026-03-30 when event organizers are included; this series excludes them to match the Summary Application Data definition, giving 117 and 177). Partial month: as of 2026-09-14. "
MN,2026-09,snapshot,12,licenses_issued_mezzobusiness_recon,24,licenses,OCM public license-holder workbook (updated 2026-09-14),https://mn.gov/ocm/assets/MN_OCM_licensed_businesses_091426_tcm1202-714418.xlsx,2026-09-23,"RECONSTRUCTED from the workbook of currently licensed businesses: counts sites/licenses whose Site License Issued Date is on or before month end. Survivor-based: licenses surrendered, revoked, or expired before 2026-09-14 are absent. Validation: license totals match OCM's contemporaneous counts (118 on 2025-12-31 and 178 on 2026-03-30 when event organizers are included; this series excludes them to match the Summary Application Data definition, giving 117 and 177). Partial month: as of 2026-09-14. "
MN,2026-09,snapshot,12,licenses_issued_retailer_recon,16,licenses,OCM public license-holder workbook (updated 2026-09-14),https://mn.gov/ocm/assets/MN_OCM_licensed_businesses_091426_tcm1202-714418.xlsx,2026-09-23,"RECONSTRUCTED from the workbook of currently licensed businesses: counts sites/licenses whose Site License Issued Date is on or before month end. Survivor-based: licenses surrendered, revoked, or expired before 2026-09-14 are absent. Validation: license totals match OCM's contemporaneous counts (118 on 2025-12-31 and 178 on 2026-03-30 when event organizers are included; this series excludes them to match the Summary Application Data definition, giving 117 and 177). Partial month: as of 2026-09-14. "
MN,2026-09,snapshot,12,licenses_issued_med_combo_recon,3,licenses,OCM public license-holder workbook (updated 2026-09-14),https://mn.gov/ocm/assets/MN_OCM_licensed_businesses_091426_tcm1202-714418.xlsx,2026-09-23,"RECONSTRUCTED from the workbook of currently licensed businesses: counts sites/licenses whose Site License Issued Date is on or before month end. Survivor-based: licenses surrendered, revoked, or expired before 2026-09-14 are absent. Validation: license totals match OCM's contemporaneous counts (118 on 2025-12-31 and 178 on 2026-03-30 when event organizers are included; this series excludes them to match the Summary Application Data definition, giving 117 and 177). Partial month: as of 2026-09-14. "
MN,2026-09,snapshot,12,licenses_issued_manufacturer_recon,3,licenses,OCM public license-holder workbook (updated 2026-09-14),https://mn.gov/ocm/assets/MN_OCM_licensed_businesses_091426_tcm1202-714418.xlsx,2026-09-23,"RECONSTRUCTED from the workbook of currently licensed businesses: counts sites/licenses whose Site License Issued Date is on or before month end. Survivor-based: licenses surrendered, revoked, or expired before 2026-09-14 are absent. Validation: license totals match OCM's contemporaneous counts (118 on 2025-12-31 and 178 on 2026-03-30 when event organizers are included; this series excludes them to match the Summary Application Data definition, giving 117 and 177). Partial month: as of 2026-09-14. "
MN,2026-09,snapshot,12,licensed_retail_sites_all_recon,229,sites,OCM public license-holder workbook (updated 2026-09-14),https://mn.gov/ocm/assets/MN_OCM_licensed_businesses_091426_tcm1202-714418.xlsx,2026-09-23,"All retail sites (adult-use and medical-endorsed). RECONSTRUCTED from the workbook of currently licensed businesses: counts sites/licenses whose Site License Issued Date is on or before month end. Survivor-based: licenses surrendered, revoked, or expired before 2026-09-14 are absent. Validation: license totals match OCM's contemporaneous counts (118 on 2025-12-31 and 178 on 2026-03-30 when event organizers are included; this series excludes them to match the Summary Application Data definition, giving 117 and 177). Partial month: as of 2026-09-14. "
MN,2026-09,snapshot,12,licensed_retail_sites_medical_recon,52,sites,OCM public license-holder workbook (updated 2026-09-14),https://mn.gov/ocm/assets/MN_OCM_licensed_businesses_091426_tcm1202-714418.xlsx,2026-09-23,"Retail sites flagged Medical Cannabis Retail = Yes. RECONSTRUCTED from the workbook of currently licensed businesses: counts sites/licenses whose Site License Issued Date is on or before month end. Survivor-based: licenses surrendered, revoked, or expired before 2026-09-14 are absent. Validation: license totals match OCM's contemporaneous counts (118 on 2025-12-31 and 178 on 2026-03-30 when event organizers are included; this series excludes them to match the Summary Application Data definition, giving 117 and 177). Partial month: as of 2026-09-14. "
MN,2026-09,snapshot,12,licensed_cultivation_sites_recon,163,sites,OCM public license-holder workbook (updated 2026-09-14),https://mn.gov/ocm/assets/MN_OCM_licensed_businesses_091426_tcm1202-714418.xlsx,2026-09-23,"Business Type is the site's CURRENT activity designation, back-dated to the site issue date, so activities added after licensing appear early. Cultivation counts run 8 to 10 above OCM's contemporaneous figures (34 vs 24 at 2025-12-31; 50 vs 42 at 2026-03-30). RECONSTRUCTED from the workbook of currently licensed businesses: counts sites/licenses whose Site License Issued Date is on or before month end. Survivor-based: licenses surrendered, revoked, or expired before 2026-09-14 are absent. Validation: license totals match OCM's contemporaneous counts (118 on 2025-12-31 and 178 on 2026-03-30 when event organizers are included; this series excludes them to match the Summary Application Data definition, giving 117 and 177). Partial month: as of 2026-09-14. "
MN,2026-09,snapshot,12,licensed_manufacturing_sites_recon,53,sites,OCM public license-holder workbook (updated 2026-09-14),https://mn.gov/ocm/assets/MN_OCM_licensed_businesses_091426_tcm1202-714418.xlsx,2026-09-23,"Business Type is the site's CURRENT activity designation, back-dated to the site issue date, so activities added after licensing appear early. Cultivation counts run 8 to 10 above OCM's contemporaneous figures (34 vs 24 at 2025-12-31; 50 vs 42 at 2026-03-30). RECONSTRUCTED from the workbook of currently licensed businesses: counts sites/licenses whose Site License Issued Date is on or before month end. Survivor-based: licenses surrendered, revoked, or expired before 2026-09-14 are absent. Validation: license totals match OCM's contemporaneous counts (118 on 2025-12-31 and 178 on 2026-03-30 when event organizers are included; this series excludes them to match the Summary Application Data definition, giving 117 and 177). Partial month: as of 2026-09-14. "
MN,2025-12,month,3,lphe_retail_sites_recon,442,sites,OCM public license-holder workbook (updated 2026-09-14),https://mn.gov/ocm/assets/MN_OCM_licensed_businesses_091426_tcm1202-714418.xlsx,2026-09-23,"LPHE retailer sites licensed on or before month end (LPHE licensing began Dec 2025). Survivor-based, same caveat as cannabis series. "
MN,2026-01,month,4,lphe_retail_sites_recon,791,sites,OCM public license-holder workbook (updated 2026-09-14),https://mn.gov/ocm/assets/MN_OCM_licensed_businesses_091426_tcm1202-714418.xlsx,2026-09-23,"LPHE retailer sites licensed on or before month end (LPHE licensing began Dec 2025). Survivor-based, same caveat as cannabis series. "
MN,2026-02,month,5,lphe_retail_sites_recon,1275,sites,OCM public license-holder workbook (updated 2026-09-14),https://mn.gov/ocm/assets/MN_OCM_licensed_businesses_091426_tcm1202-714418.xlsx,2026-09-23,"LPHE retailer sites licensed on or before month end (LPHE licensing began Dec 2025). Survivor-based, same caveat as cannabis series. "
MN,2026-03,month,6,lphe_retail_sites_recon,1785,sites,OCM public license-holder workbook (updated 2026-09-14),https://mn.gov/ocm/assets/MN_OCM_licensed_businesses_091426_tcm1202-714418.xlsx,2026-09-23,"LPHE retailer sites licensed on or before month end (LPHE licensing began Dec 2025). Survivor-based, same caveat as cannabis series. "
MN,2026-04,month,7,lphe_retail_sites_recon,2432,sites,OCM public license-holder workbook (updated 2026-09-14),https://mn.gov/ocm/assets/MN_OCM_licensed_businesses_091426_tcm1202-714418.xlsx,2026-09-23,"LPHE retailer sites licensed on or before month end (LPHE licensing began Dec 2025). Survivor-based, same caveat as cannabis series. "
MN,2026-05,month,8,lphe_retail_sites_recon,2535,sites,OCM public license-holder workbook (updated 2026-09-14),https://mn.gov/ocm/assets/MN_OCM_licensed_businesses_091426_tcm1202-714418.xlsx,2026-09-23,"LPHE retailer sites licensed on or before month end (LPHE licensing began Dec 2025). Survivor-based, same caveat as cannabis series. "
MN,2026-06,month,9,lphe_retail_sites_recon,2588,sites,OCM public license-holder workbook (updated 2026-09-14),https://mn.gov/ocm/assets/MN_OCM_licensed_businesses_091426_tcm1202-714418.xlsx,2026-09-23,"LPHE retailer sites licensed on or before month end (LPHE licensing began Dec 2025). Survivor-based, same caveat as cannabis series. "
MN,2026-07,month,10,lphe_retail_sites_recon,2928,sites,OCM public license-holder workbook (updated 2026-09-14),https://mn.gov/ocm/assets/MN_OCM_licensed_businesses_091426_tcm1202-714418.xlsx,2026-09-23,"LPHE retailer sites licensed on or before month end (LPHE licensing began Dec 2025). Survivor-based, same caveat as cannabis series. "
MN,2026-08,month,11,lphe_retail_sites_recon,2992,sites,OCM public license-holder workbook (updated 2026-09-14),https://mn.gov/ocm/assets/MN_OCM_licensed_businesses_091426_tcm1202-714418.xlsx,2026-09-23,"LPHE retailer sites licensed on or before month end (LPHE licensing began Dec 2025). Survivor-based, same caveat as cannabis series. "
MN,2026-09,snapshot,12,lphe_retail_sites_recon,3000,sites,OCM public license-holder workbook (updated 2026-09-14),https://mn.gov/ocm/assets/MN_OCM_licensed_businesses_091426_tcm1202-714418.xlsx,2026-09-23,"LPHE retailer sites licensed on or before month end (LPHE licensing began Dec 2025). Survivor-based, same caveat as cannabis series. As of 2026-09-14."
MN,2026-08,month,11,plants_harvested,45835,plants,OCM Cannabis Market Monitor (Power BI),https://app.powerbigov.us/view?r=eyJrIjoiMjdiYTg2NGMtN2U0Zi00YTZjLThmZmMtM2M5NjllMjNmMjYwIiwidCI6ImViMTRiMDQ2LTI0YzQtNDUxOS04ZjI2LWI4OWMyMTU5ODI4YyJ9,2026-10-01,"Exact value from the 'Total harvested plants by month' visual's 'Show as table' view, supplied by the author 2026-10-01. Dashboard extracted 2026-10-01; Metrc data as of 2026-08-31. Replaces the earlier chart read (+/- 500 plants). Count of plants, not weight; unfiltered (adult-use plus medical)."
MN,2026-08,month,11,plants_started_adult_use,275300,plants,OCM Cannabis Market Monitor (Power BI),https://app.powerbigov.us/view?r=eyJrIjoiMjdiYTg2NGMtN2U0Zi00YTZjLThmZmMtM2M5NjllMjNmMjYwIiwidCI6ImViMTRiMDQ2LTI0YzQtNDUxOS04ZjI2LWI4OWMyMTU5ODI4YyJ9,2026-10-01,"Exact value from the 'Total plants started by month planted' visual's 'Show as table' view, supplied by the author 2026-10-01. Dashboard extracted 2026-10-01; Metrc data as of 2026-08-31. The table starts in February 2026; January stays at the earlier rounded label."
MN,2026-08,month,11,plants_started_medical,14193,plants,OCM Cannabis Market Monitor (Power BI),https://app.powerbigov.us/view?r=eyJrIjoiMjdiYTg2NGMtN2U0Zi00YTZjLThmZmMtM2M5NjllMjNmMjYwIiwidCI6ImViMTRiMDQ2LTI0YzQtNDUxOS04ZjI2LWI4OWMyMTU5ODI4YyJ9,2026-10-01,"Exact value from the 'Total plants started by month planted' visual's 'Show as table' view, supplied by the author 2026-10-01. Dashboard extracted 2026-10-01; Metrc data as of 2026-08-31."
MN,2026-08,ttm,11,flower_sold_oz_adult_use,197008,oz,OCM Cannabis Market Monitor (Power BI),https://app.powerbigov.us/view?r=eyJrIjoiMjdiYTg2NGMtN2U0Zi00YTZjLThmZmMtM2M5NjllMjNmMjYwIiwidCI6ImViMTRiMDQ2LTI0YzQtNDUxOS04ZjI2LWI4OWMyMTU5ODI4YyJ9,2026-10-01,"'Retail flower sales volume in ounces (TTM)' donut, exact value from the visual's 'Show as table' view (column 'Oz Sold'), supplied by the author 2026-10-01. Dashboard extracted 2026-10-01; Metrc data as of 2026-08-31. Window 2025-09 to 2026-08."
MN,2026-08,ttm,11,flower_sold_oz_medical,183602,oz,OCM Cannabis Market Monitor (Power BI),https://app.powerbigov.us/view?r=eyJrIjoiMjdiYTg2NGMtN2U0Zi00YTZjLThmZmMtM2M5NjllMjNmMjYwIiwidCI6ImViMTRiMDQ2LTI0YzQtNDUxOS04ZjI2LWI4OWMyMTU5ODI4YyJ9,2026-10-01,"'Retail flower sales volume in ounces (TTM)' donut, exact value from 'Show as table', supplied by the author 2026-10-01. Dashboard extracted 2026-10-01; Metrc data as of 2026-08-31. Window 2025-09 to 2026-08."
MN,2026-08,ttm,11,total_sales_usd_combined,254360000,usd,OCM Cannabis Market Monitor (Power BI),https://app.powerbigov.us/view?r=eyJrIjoiMjdiYTg2NGMtN2U0Zi00YTZjLThmZmMtM2M5NjllMjNmMjYwIiwidCI6ImViMTRiMDQ2LTI0YzQtNDUxOS04ZjI2LWI4OWMyMTU5ODI4YyJ9,2026-10-01,"'Market sales (TTM)' card ($254.36M), adult-use plus medical. Dashboard extracted 2026-10-01; Metrc data as of 2026-08-31."
MN,2026-08,ttm,11,transactions_combined,4274454,transactions,OCM Cannabis Market Monitor (Power BI),https://app.powerbigov.us/view?r=eyJrIjoiMjdiYTg2NGMtN2U0Zi00YTZjLThmZmMtM2M5NjllMjNmMjYwIiwidCI6ImViMTRiMDQ2LTI0YzQtNDUxOS04ZjI2LWI4OWMyMTU5ODI4YyJ9,2026-10-01,'Total transactions (TTM)' card. Dashboard extracted 2026-10-01; Metrc data as of 2026-08-31.
MN,2026-08,ttm,11,flower_sales_usd,120000000,usd,OCM Cannabis Market Monitor (Power BI),https://app.powerbigov.us/view?r=eyJrIjoiMjdiYTg2NGMtN2U0Zi00YTZjLThmZmMtM2M5NjllMjNmMjYwIiwidCI6ImViMTRiMDQ2LTI0YzQtNDUxOS04ZjI2LWI4OWMyMTU5ODI4YyJ9,2026-10-01,"'Sales by product type (TTM)', adult-use plus medical, rounded by the dashboard to $1M. Dashboard extracted 2026-10-01; Metrc data as of 2026-08-31."
MN,2026-08,ttm,11,sales_usd_concentrate,76000000,usd,OCM Cannabis Market Monitor (Power BI),https://app.powerbigov.us/view?r=eyJrIjoiMjdiYTg2NGMtN2U0Zi00YTZjLThmZmMtM2M5NjllMjNmMjYwIiwidCI6ImViMTRiMDQ2LTI0YzQtNDUxOS04ZjI2LWI4OWMyMTU5ODI4YyJ9,2026-10-01,"'Sales by product type (TTM)', adult-use plus medical, rounded by the dashboard to $1M. Dashboard extracted 2026-10-01; Metrc data as of 2026-08-31."
MN,2026-08,ttm,11,sales_usd_shake_trim,36000000,usd,OCM Cannabis Market Monitor (Power BI),https://app.powerbigov.us/view?r=eyJrIjoiMjdiYTg2NGMtN2U0Zi00YTZjLThmZmMtM2M5NjllMjNmMjYwIiwidCI6ImViMTRiMDQ2LTI0YzQtNDUxOS04ZjI2LWI4OWMyMTU5ODI4YyJ9,2026-10-01,"'Sales by product type (TTM)', adult-use plus medical, rounded by the dashboard to $1M. Dashboard extracted 2026-10-01; Metrc data as of 2026-08-31."
MN,2026-08,ttm,11,sales_usd_edible,19000000,usd,OCM Cannabis Market Monitor (Power BI),https://app.powerbigov.us/view?r=eyJrIjoiMjdiYTg2NGMtN2U0Zi00YTZjLThmZmMtM2M5NjllMjNmMjYwIiwidCI6ImViMTRiMDQ2LTI0YzQtNDUxOS04ZjI2LWI4OWMyMTU5ODI4YyJ9,2026-10-01,"'Sales by product type (TTM)', adult-use plus medical, rounded by the dashboard to $1M. Dashboard extracted 2026-10-01; Metrc data as of 2026-08-31."
MN,2026-08,ttm,11,sales_usd_nonedible,2000000,usd,OCM Cannabis Market Monitor (Power BI),https://app.powerbigov.us/view?r=eyJrIjoiMjdiYTg2NGMtN2U0Zi00YTZjLThmZmMtM2M5NjllMjNmMjYwIiwidCI6ImViMTRiMDQ2LTI0YzQtNDUxOS04ZjI2LWI4OWMyMTU5ODI4YyJ9,2026-10-01,"'Sales by product type (TTM)', adult-use plus medical, rounded by the dashboard to $1M. Dashboard extracted 2026-10-01; Metrc data as of 2026-08-31."
MN,2026-08,month,11,total_sales_usd_adult_use,18000000,usd,OCM Cannabis Market Monitor (Power BI),https://app.powerbigov.us/view?r=eyJrIjoiMjdiYTg2NGMtN2U0Zi00YTZjLThmZmMtM2M5NjllMjNmMjYwIiwidCI6ImViMTRiMDQ2LTI0YzQtNDUxOS04ZjI2LWI4OWMyMTU5ODI4YyJ9,2026-10-01,"Data label on 'Total market sales' stacked bar, rounded by dashboard to nearest $1M (true value within +/- $0.5M). Dashboard extracted 2026-10-01; Metrc data as of 2026-08-31."
MN,2026-08,snapshot,11,plants_total,414819,plants,OCM Cannabis Market Monitor (Power BI),https://app.powerbigov.us/view?r=eyJrIjoiMjdiYTg2NGMtN2U0Zi00YTZjLThmZmMtM2M5NjllMjNmMjYwIiwidCI6ImViMTRiMDQ2LTI0YzQtNDUxOS04ZjI2LWI4OWMyMTU5ODI4YyJ9,2026-10-01,"'Total living plants' card (Cultivation tab), as of 2026-08-31. Plants are individually tagged once 8 inches tall, so this counts tagged plants. Scope differs from the OCM release of 2026-09-15 (486,720 plants in inventory). Dashboard extracted 2026-10-01; Metrc data as of 2026-08-31."
