state,period,period_type,months_since_launch,market,level,category,package_size,metric,unit,value,tax_status,source_name,source_url,access_date,extraction_method,notes
MI,2019-12,month,0,adult_use,retail,flower,all,median,usd_per_ounce,506.86,unknown,"Michigan Cannabis Regulatory Agency, Monthly Report",https://www.michigan.gov/-/media/Project/Websites/cra/Agency-Reports/Statistical-Reports/monthly-report/Monthly_Report_-_December_2019.pdf?rev=82024e1f7f2e478eb6e5f8d21e3d254a,2026-09-24,transcribed,"'Average Retail Flower Prices (oz.)' table median, printed Dec 2019 to Sep 2020 only (not printed from Nov 2020; Oct 2020 not printed). Closest match to Minnesota OCM's median. Tax treatment not stated."
MI,2020-01,month,1,adult_use,retail,flower,all,median,usd_per_ounce,468.83,unknown,"Michigan Cannabis Regulatory Agency, Monthly Report",https://www.michigan.gov/-/media/Project/Websites/cra/Agency-Reports/Statistical-Reports/monthly-report/Monthly_Report_-_January_2019.pdf?rev=d28f881f63724061a6574a48cb55a70e,2026-09-24,transcribed,"'Average Retail Flower Prices (oz.)' table median, printed Dec 2019 to Sep 2020 only (not printed from Nov 2020; Oct 2020 not printed). Closest match to Minnesota OCM's median. Tax treatment not stated."
MI,2020-02,month,2,adult_use,retail,flower,all,median,usd_per_ounce,474.55,unknown,"Michigan Cannabis Regulatory Agency, Monthly Report",https://michigan.gov/-/media/Project/Websites/cra/Agency-Reports/Statistical-Reports/monthly-report/Monthly_Report_-_February_2020.pdf?rev=a672fdfed28048369c4a1eee906d6016,2026-09-24,transcribed,"'Average Retail Flower Prices (oz.)' table median, printed Dec 2019 to Sep 2020 only (not printed from Nov 2020; Oct 2020 not printed). Closest match to Minnesota OCM's median. Tax treatment not stated."
MI,2020-03,month,3,adult_use,retail,flower,all,median,usd_per_ounce,456.83,unknown,"Michigan Cannabis Regulatory Agency, Monthly Report",https://www.michigan.gov/-/media/Project/Websites/cra/Agency-Reports/Statistical-Reports/monthly-report/Monthly_Report_-_March_2020.pdf?rev=c3939025bd2d481caa43a5af39b81ac5,2026-09-24,transcribed,"'Average Retail Flower Prices (oz.)' table median, printed Dec 2019 to Sep 2020 only (not printed from Nov 2020; Oct 2020 not printed). Closest match to Minnesota OCM's median. Tax treatment not stated."
MI,2020-04,month,4,adult_use,retail,flower,all,median,usd_per_ounce,411.36,unknown,"Michigan Cannabis Regulatory Agency, Monthly Report",https://www.michigan.gov/-/media/Project/Websites/cra/Agency-Reports/Statistical-Reports/monthly-report/Monthly_Report_-_April_2020.pdf,2026-09-24,transcribed,"'Average Retail Flower Prices (oz.)' table median, printed Dec 2019 to Sep 2020 only (not printed from Nov 2020; Oct 2020 not printed). Closest match to Minnesota OCM's median. Tax treatment not stated."
MI,2020-05,month,5,adult_use,retail,flower,all,median,usd_per_ounce,396.10,unknown,"Michigan Cannabis Regulatory Agency, Monthly Report",https://www.michigan.gov/cra/-/media/Project/Websites/cra/Agency-Reports/Statistical-Reports/monthly-report/Monthly_Report_-_May_2020.pdf?hash=8D188C882C453D3894F8F9D8B1FD65E0&rev=73cbe738c8104454adf1e6b64e947114,2026-09-24,transcribed,"'Average Retail Flower Prices (oz.)' table median, printed Dec 2019 to Sep 2020 only (not printed from Nov 2020; Oct 2020 not printed). Closest match to Minnesota OCM's median. Tax treatment not stated."
MI,2020-06,month,6,adult_use,retail,flower,all,median,usd_per_ounce,397.70,unknown,"Michigan Cannabis Regulatory Agency, Monthly Report",https://www.michigan.gov/-/media/Project/Websites/cra/Agency-Reports/Statistical-Reports/monthly-report/Monthly_Report_-_June_2020.pdf?rev=5def2fe3191446be8cdce825481e8955,2026-09-24,transcribed,"'Average Retail Flower Prices (oz.)' table median, printed Dec 2019 to Sep 2020 only (not printed from Nov 2020; Oct 2020 not printed). Closest match to Minnesota OCM's median. Tax treatment not stated."
MI,2020-07,month,7,adult_use,retail,flower,all,median,usd_per_ounce,389.01,unknown,"Michigan Cannabis Regulatory Agency, Monthly Report",https://www.michigan.gov/-/media/Project/Websites/cra/Agency-Reports/Statistical-Reports/monthly-report/Monthly_Report_-_July_2020.pdf?rev=5a64f8c72275461bb34b12a525cf18b7,2026-09-24,transcribed,"'Average Retail Flower Prices (oz.)' table median, printed Dec 2019 to Sep 2020 only (not printed from Nov 2020; Oct 2020 not printed). Closest match to Minnesota OCM's median. Tax treatment not stated."
MI,2020-08,month,8,adult_use,retail,flower,all,median,usd_per_ounce,391.30,unknown,"Michigan Cannabis Regulatory Agency, Monthly Report",https://www.michigan.gov/-/media/Project/Websites/cra/Agency-Reports/Statistical-Reports/monthly-report/Monthly_Report_-_August_2020.pdf?rev=e0605e8242084cbc947bf1d884f06324,2026-09-24,transcribed,"'Average Retail Flower Prices (oz.)' table median, printed Dec 2019 to Sep 2020 only (not printed from Nov 2020; Oct 2020 not printed). Closest match to Minnesota OCM's median. Tax treatment not stated."
MI,2020-09,month,9,adult_use,retail,flower,all,median,usd_per_ounce,393.66,unknown,"Michigan Cannabis Regulatory Agency, Monthly Report",https://www.michigan.gov/-/media/Project/Websites/cra/Agency-Reports/Statistical-Reports/monthly-report/Monthly_Report_-_September_2020.pdf?rev=9f5d90c26b594a0887c9052633f5aad9,2026-09-24,transcribed,"'Average Retail Flower Prices (oz.)' table median, printed Dec 2019 to Sep 2020 only (not printed from Nov 2020; Oct 2020 not printed). Closest match to Minnesota OCM's median. Tax treatment not stated."
MI,2019-12,month,0,adult_use,retail,flower,all,weighted_avg,usd_per_ounce,516.21,unknown,"Michigan Cannabis Regulatory Agency, Monthly Report",https://www.michigan.gov/-/media/Project/Websites/cra/Agency-Reports/Statistical-Reports/monthly-report/Monthly_Report_-_December_2019.pdf?rev=82024e1f7f2e478eb6e5f8d21e3d254a,2026-09-24,transcribed,"CRA 'Average Retail Flower Price (oz.)' = flower sales dollars / (flower pounds sold x 16), i.e. a volume-weighted average; verified against the report's own sales table. Flower excludes shake/trim. Tax treatment not stated."
MI,2020-01,month,1,adult_use,retail,flower,all,weighted_avg,usd_per_ounce,512.05,unknown,"Michigan Cannabis Regulatory Agency, Monthly Report",https://www.michigan.gov/-/media/Project/Websites/cra/Agency-Reports/Statistical-Reports/monthly-report/Monthly_Report_-_January_2019.pdf?rev=d28f881f63724061a6574a48cb55a70e,2026-09-24,transcribed,"CRA 'Average Retail Flower Price (oz.)' = flower sales dollars / (flower pounds sold x 16), i.e. a volume-weighted average; verified against the report's own sales table. Flower excludes shake/trim. Tax treatment not stated."
MI,2020-02,month,2,adult_use,retail,flower,all,weighted_avg,usd_per_ounce,494.77,unknown,"Michigan Cannabis Regulatory Agency, Monthly Report",https://michigan.gov/-/media/Project/Websites/cra/Agency-Reports/Statistical-Reports/monthly-report/Monthly_Report_-_February_2020.pdf?rev=a672fdfed28048369c4a1eee906d6016,2026-09-24,transcribed,"CRA 'Average Retail Flower Price (oz.)' = flower sales dollars / (flower pounds sold x 16), i.e. a volume-weighted average; verified against the report's own sales table. Flower excludes shake/trim. Tax treatment not stated."
MI,2020-03,month,3,adult_use,retail,flower,all,weighted_avg,usd_per_ounce,470.99,unknown,"Michigan Cannabis Regulatory Agency, Monthly Report",https://www.michigan.gov/-/media/Project/Websites/cra/Agency-Reports/Statistical-Reports/monthly-report/Monthly_Report_-_March_2020.pdf?rev=c3939025bd2d481caa43a5af39b81ac5,2026-09-24,transcribed,"CRA 'Average Retail Flower Price (oz.)' = flower sales dollars / (flower pounds sold x 16), i.e. a volume-weighted average; verified against the report's own sales table. Flower excludes shake/trim. Tax treatment not stated."
MI,2020-04,month,4,adult_use,retail,flower,all,weighted_avg,usd_per_ounce,413.33,unknown,"Michigan Cannabis Regulatory Agency, Monthly Report",https://www.michigan.gov/-/media/Project/Websites/cra/Agency-Reports/Statistical-Reports/monthly-report/Monthly_Report_-_April_2020.pdf,2026-09-24,transcribed,"CRA 'Average Retail Flower Price (oz.)' = flower sales dollars / (flower pounds sold x 16), i.e. a volume-weighted average; verified against the report's own sales table. Flower excludes shake/trim. Tax treatment not stated."
MI,2020-05,month,5,adult_use,retail,flower,all,weighted_avg,usd_per_ounce,409.76,unknown,"Michigan Cannabis Regulatory Agency, Monthly Report",https://www.michigan.gov/cra/-/media/Project/Websites/cra/Agency-Reports/Statistical-Reports/monthly-report/Monthly_Report_-_May_2020.pdf?hash=8D188C882C453D3894F8F9D8B1FD65E0&rev=73cbe738c8104454adf1e6b64e947114,2026-09-24,transcribed,"CRA 'Average Retail Flower Price (oz.)' = flower sales dollars / (flower pounds sold x 16), i.e. a volume-weighted average; verified against the report's own sales table. Flower excludes shake/trim. Tax treatment not stated."
MI,2020-06,month,6,adult_use,retail,flower,all,weighted_avg,usd_per_ounce,400.52,unknown,"Michigan Cannabis Regulatory Agency, Monthly Report",https://www.michigan.gov/-/media/Project/Websites/cra/Agency-Reports/Statistical-Reports/monthly-report/Monthly_Report_-_June_2020.pdf?rev=5def2fe3191446be8cdce825481e8955,2026-09-24,transcribed,"CRA 'Average Retail Flower Price (oz.)' = flower sales dollars / (flower pounds sold x 16), i.e. a volume-weighted average; verified against the report's own sales table. Flower excludes shake/trim. Tax treatment not stated."
MI,2020-07,month,7,adult_use,retail,flower,all,weighted_avg,usd_per_ounce,402.72,unknown,"Michigan Cannabis Regulatory Agency, Monthly Report",https://www.michigan.gov/-/media/Project/Websites/cra/Agency-Reports/Statistical-Reports/monthly-report/Monthly_Report_-_July_2020.pdf?rev=5a64f8c72275461bb34b12a525cf18b7,2026-09-24,transcribed,"CRA 'Average Retail Flower Price (oz.)' = flower sales dollars / (flower pounds sold x 16), i.e. a volume-weighted average; verified against the report's own sales table. Flower excludes shake/trim. Tax treatment not stated."
MI,2020-08,month,8,adult_use,retail,flower,all,weighted_avg,usd_per_ounce,400.10,unknown,"Michigan Cannabis Regulatory Agency, Monthly Report",https://www.michigan.gov/-/media/Project/Websites/cra/Agency-Reports/Statistical-Reports/monthly-report/Monthly_Report_-_August_2020.pdf?rev=e0605e8242084cbc947bf1d884f06324,2026-09-24,transcribed,"CRA 'Average Retail Flower Price (oz.)' = flower sales dollars / (flower pounds sold x 16), i.e. a volume-weighted average; verified against the report's own sales table. Flower excludes shake/trim. Tax treatment not stated."
MI,2020-09,month,9,adult_use,retail,flower,all,weighted_avg,usd_per_ounce,401.43,unknown,"Michigan Cannabis Regulatory Agency, Monthly Report",https://www.michigan.gov/-/media/Project/Websites/cra/Agency-Reports/Statistical-Reports/monthly-report/Monthly_Report_-_September_2020.pdf?rev=9f5d90c26b594a0887c9052633f5aad9,2026-09-24,transcribed,"CRA 'Average Retail Flower Price (oz.)' = flower sales dollars / (flower pounds sold x 16), i.e. a volume-weighted average; verified against the report's own sales table. Flower excludes shake/trim. Tax treatment not stated."
MI,2020-10,month,10,adult_use,retail,flower,all,weighted_avg,usd_per_ounce,399.74,unknown,"Michigan Cannabis Regulatory Agency, Monthly Report",https://www.michigan.gov/-/media/Project/Websites/cra/Agency-Reports/Statistical-Reports/monthly-report/October_2020_Monthly_Report.pdf?rev=64d9aa8036b14069866af582c178e15f,2026-09-24,transcribed,"CRA 'Average Retail Flower Price (oz.)' = flower sales dollars / (flower pounds sold x 16), i.e. a volume-weighted average; verified against the report's own sales table. Flower excludes shake/trim. Tax treatment not stated."
MI,2020-11,month,11,adult_use,retail,flower,all,weighted_avg,usd_per_ounce,376.35,unknown,"Michigan Cannabis Regulatory Agency, Monthly Report",https://michigan.gov/documents/mra/November_2020_Monthly_Report_711023_7.pdf,2026-09-24,transcribed,"CRA 'Average Retail Flower Price (oz.)' = flower sales dollars / (flower pounds sold x 16), i.e. a volume-weighted average; verified against the report's own sales table. Flower excludes shake/trim. Tax treatment not stated."
MI,2020-12,month,12,adult_use,retail,flower,all,weighted_avg,usd_per_ounce,350.88,unknown,"Michigan Cannabis Regulatory Agency, Monthly Report",https://www.michigan.gov/cra/-/media/Project/Websites/cra/Agency-Reports/Statistical-Reports/monthly-report/December_2020_Monthly_Report_713049_7.pdf?hash=4707ABF728795646B969FF51512787BE&rev=31e3d64240a045d4b61d8f729a66fc92,2026-09-24,transcribed,"CRA 'Average Retail Flower Price (oz.)' = flower sales dollars / (flower pounds sold x 16), i.e. a volume-weighted average; verified against the report's own sales table. Flower excludes shake/trim. Tax treatment not stated."
MI,2021-01,month,13,adult_use,retail,flower,all,weighted_avg,usd_per_ounce,323.68,unknown,"Michigan Cannabis Regulatory Agency, Monthly Report",https://www.michigan.gov/cra/-/media/Project/Websites/cra/Agency-Reports/Statistical-Reports/monthly-report/January_2021_Monthly_Report.pdf?rev=c6b03e9802974b14b65cd32a39667e8f&hash=41DFE75508F4DBDD3EEA3996ED2F69E7,2026-09-24,transcribed,"CRA 'Average Retail Flower Price (oz.)' = flower sales dollars / (flower pounds sold x 16), i.e. a volume-weighted average; verified against the report's own sales table. Flower excludes shake/trim. Tax treatment not stated."
MI,2021-02,month,14,adult_use,retail,flower,all,weighted_avg,usd_per_ounce,267.20,unknown,"Michigan Cannabis Regulatory Agency, Monthly Report",https://www.michigan.gov/cra/-/media/Project/Websites/cra/Agency-Reports/Statistical-Reports/monthly-report/February_2021_Monthly_Report.pdf?rev=8c3740fc45114aeeb27b04d29780f541&hash=1A10838EB8644A5921D8B78F5B2EDD72,2026-09-24,transcribed,"CRA 'Average Retail Flower Price (oz.)' = flower sales dollars / (flower pounds sold x 16), i.e. a volume-weighted average; verified against the report's own sales table. Flower excludes shake/trim. Tax treatment not stated."
MI,2021-03,month,15,adult_use,retail,flower,all,weighted_avg,usd_per_ounce,254.91,unknown,"Michigan Cannabis Regulatory Agency, Monthly Report",https://www.michigan.gov/cra/-/media/Project/Websites/cra/Agency-Reports/Statistical-Reports/monthly-report/March_2021_Monthly_Report.pdf?rev=2a4ca101956b42d6a7f2c2e04b00cbc4&hash=A41347561FEF8CD387A1D592F7FDDD57,2026-09-24,transcribed,"CRA 'Average Retail Flower Price (oz.)' = flower sales dollars / (flower pounds sold x 16), i.e. a volume-weighted average; verified against the report's own sales table. Flower excludes shake/trim. Tax treatment not stated."
MI,2021-04,month,16,adult_use,retail,flower,all,weighted_avg,usd_per_ounce,245.99,unknown,"Michigan Cannabis Regulatory Agency, Monthly Report",https://www.michigan.gov/cra/-/media/Project/Websites/cra/Agency-Reports/Statistical-Reports/monthly-report/April_2021_Monthly_Report.pdf?rev=c7a887fe540449bc8295c4b96c0e3fa4&hash=DB6CC6876E59A7FAB1BC9DCC1D527336,2026-09-24,transcribed,"CRA 'Average Retail Flower Price (oz.)' = flower sales dollars / (flower pounds sold x 16), i.e. a volume-weighted average; verified against the report's own sales table. Flower excludes shake/trim. Tax treatment not stated."
MI,2021-05,month,17,adult_use,retail,flower,all,weighted_avg,usd_per_ounce,221.21,unknown,"Michigan Cannabis Regulatory Agency, Monthly Report",https://www.michigan.gov/cra/-/media/Project/Websites/cra/Agency-Reports/Statistical-Reports/monthly-report/May_2021_Monthly_Report_728562_7.pdf?rev=4b4e7e9a0df2444595e36f9576bc81bf&hash=DE7DCD8E9CA1DFD4D0D310552C6A66F0,2026-09-24,transcribed,"CRA 'Average Retail Flower Price (oz.)' = flower sales dollars / (flower pounds sold x 16), i.e. a volume-weighted average; verified against the report's own sales table. Flower excludes shake/trim. Tax treatment not stated."
MI,2021-06,month,18,adult_use,retail,flower,all,weighted_avg,usd_per_ounce,209.82,unknown,"Michigan Cannabis Regulatory Agency, Monthly Report",https://www.michigan.gov/cra/-/media/Project/Websites/cra/Agency-Reports/Statistical-Reports/monthly-report/June_2021_Monthly_Report_729777_7.pdf?rev=661cee221f64409d8b9b4370d5887028&hash=7B2A679BCF167A5C620684B3154DCB13,2026-09-24,transcribed,"CRA 'Average Retail Flower Price (oz.)' = flower sales dollars / (flower pounds sold x 16), i.e. a volume-weighted average; verified against the report's own sales table. Flower excludes shake/trim. Tax treatment not stated."
MI,2021-07,month,19,adult_use,retail,flower,all,weighted_avg,usd_per_ounce,217.98,unknown,"Michigan Cannabis Regulatory Agency, Monthly Report",https://www.michigan.gov/cra/-/media/Project/Websites/cra/Agency-Reports/Statistical-Reports/monthly-report/July_2021_Monthly_Report_732622_7.pdf?rev=1529a6a33c9f4237a16a09084d1ce062&hash=4380035950BE21E9129E8674672F7CC2,2026-09-24,transcribed,"CRA 'Average Retail Flower Price (oz.)' = flower sales dollars / (flower pounds sold x 16), i.e. a volume-weighted average; verified against the report's own sales table. Flower excludes shake/trim. Tax treatment not stated."
MI,2021-08,month,20,adult_use,retail,flower,all,weighted_avg,usd_per_ounce,222.42,unknown,"Michigan Cannabis Regulatory Agency, Monthly Report",https://www.michigan.gov/cra/-/media/Project/Websites/cra/Agency-Reports/Statistical-Reports/monthly-report/August_2021_Monthly_Report_735704_7.pdf?rev=2f9530a1d63f470ba776dc7742dd6c0e&hash=B4E0EE646DDCFE858FDDA519B958511C,2026-09-24,transcribed,"CRA 'Average Retail Flower Price (oz.)' = flower sales dollars / (flower pounds sold x 16), i.e. a volume-weighted average; verified against the report's own sales table. Flower excludes shake/trim. Tax treatment not stated."
MI,2021-09,month,21,adult_use,retail,flower,all,weighted_avg,usd_per_ounce,203.84,unknown,"Michigan Cannabis Regulatory Agency, Monthly Report",https://www.michigan.gov/cra/-/media/Project/Websites/cra/Agency-Reports/Statistical-Reports/monthly-report/September_2021_Monthly_Report_737999_7.pdf?rev=050a04e84ad041749aafc88e888818e9&hash=930EA5627568C69212A91A4732F7401E,2026-09-24,transcribed,"CRA 'Average Retail Flower Price (oz.)' = flower sales dollars / (flower pounds sold x 16), i.e. a volume-weighted average; verified against the report's own sales table. Flower excludes shake/trim. Tax treatment not stated."
MI,2021-10,month,22,adult_use,retail,flower,all,weighted_avg,usd_per_ounce,203.81,unknown,"Michigan Cannabis Regulatory Agency, Monthly Report",https://www.michigan.gov/cra/-/media/Project/Websites/cra/Agency-Reports/Statistical-Reports/monthly-report/October_2021_Monthly_Report_741224_7.pdf?rev=f9adea9656a1461c9af22cd9a5442143&hash=5A1322812A5783E09D032957182A00D7,2026-09-24,transcribed,"CRA 'Average Retail Flower Price (oz.)' = flower sales dollars / (flower pounds sold x 16), i.e. a volume-weighted average; verified against the report's own sales table. Flower excludes shake/trim. Tax treatment not stated."
MI,2021-11,month,23,adult_use,retail,flower,all,weighted_avg,usd_per_ounce,190.71,unknown,"Michigan Cannabis Regulatory Agency, Monthly Report",https://www.michigan.gov/cra/-/media/Project/Websites/cra/Agency-Reports/Statistical-Reports/monthly-report/November_2021_Monthly_Report_744212_7.pdf?rev=60e5698827334dc8b6744ecafd2356cd&hash=2499DA6A6FE82A0839BBD956C2B17170,2026-09-24,transcribed,"CRA 'Average Retail Flower Price (oz.)' = flower sales dollars / (flower pounds sold x 16), i.e. a volume-weighted average; verified against the report's own sales table. Flower excludes shake/trim. Tax treatment not stated."
MI,2021-12,month,24,adult_use,retail,flower,all,weighted_avg,usd_per_ounce,184.90,unknown,"Michigan Cannabis Regulatory Agency, Monthly Report",https://www.michigan.gov/cra/-/media/Project/Websites/cra/Agency-Reports/Statistical-Reports/monthly-report/December-2021-Monthly-Report.pdf?rev=dd89b06eb12a4d99ada7a8da35d2e2dc&hash=EFF1D6C3EF850BDE58D1CB612FF7E949,2026-09-24,transcribed,"CRA 'Average Retail Flower Price (oz.)' = flower sales dollars / (flower pounds sold x 16), i.e. a volume-weighted average; verified against the report's own sales table. Flower excludes shake/trim. Tax treatment not stated."
MI,2022-01,month,25,adult_use,retail,flower,all,weighted_avg,usd_per_ounce,152.74,unknown,"Michigan Cannabis Regulatory Agency, Monthly Report",https://www.michigan.gov/cra/-/media/Project/Websites/cra/Agency-Reports/Statistical-Reports/monthly-report/January-2022-Monthly-Report.pdf?rev=bb558a842bdf461eb2f72034028c6c17&hash=14BBE5E1C4CC566D55DB73D52BCB71F0,2026-09-24,transcribed,"CRA 'Average Retail Flower Price (oz.)' = flower sales dollars / (flower pounds sold x 16), i.e. a volume-weighted average; verified against the report's own sales table. Flower excludes shake/trim. Tax treatment not stated."
MI,2022-02,month,26,adult_use,retail,flower,all,weighted_avg,usd_per_ounce,160.10,unknown,"Michigan Cannabis Regulatory Agency, Monthly Report",https://www.michigan.gov/cra/-/media/Project/Websites/cra/Agency-Reports/Statistical-Reports/monthly-report/February-2022-Monthly-Report.pdf?rev=4166e5501402474cb3e964590c77b565&hash=2A24F6AC0E29BD35003CD8E552E5B116,2026-09-24,transcribed,"CRA 'Average Retail Flower Price (oz.)' = flower sales dollars / (flower pounds sold x 16), i.e. a volume-weighted average; verified against the report's own sales table. Flower excludes shake/trim. Tax treatment not stated."
MI,2022-03,month,27,adult_use,retail,flower,all,weighted_avg,usd_per_ounce,190.65,unknown,"Michigan Cannabis Regulatory Agency, Monthly Report",https://www.michigan.gov/cra/-/media/Project/Websites/cra/Agency-Reports/Statistical-Reports/monthly-report/March-2022-Monthly-Report.pdf?rev=0aae61b8f7e2415fba02b04295efe597&hash=B5B87F688476CE3BC132D2293B387596,2026-09-24,transcribed,"CRA 'Average Retail Flower Price (oz.)' = flower sales dollars / (flower pounds sold x 16), i.e. a volume-weighted average; verified against the report's own sales table. Flower excludes shake/trim. Tax treatment not stated."
MI,2022-04,month,28,adult_use,retail,flower,all,weighted_avg,usd_per_ounce,133.19,unknown,"Michigan Cannabis Regulatory Agency, Monthly Report",https://www.michigan.gov/cra/-/media/Project/Websites/cra/Agency-Reports/Statistical-Reports/monthly-report/April-2022-Monthly-Report.pdf?rev=1b375525f6514216ada4364fc404f3a2&hash=1F3074D4C4EE8BA9056CE13EAE726CED,2026-09-24,transcribed,"CRA 'Average Retail Flower Price (oz.)' = flower sales dollars / (flower pounds sold x 16), i.e. a volume-weighted average; verified against the report's own sales table. Flower excludes shake/trim. Tax treatment not stated."
MI,2022-05,month,29,adult_use,retail,flower,all,weighted_avg,usd_per_ounce,130.62,unknown,"Michigan Cannabis Regulatory Agency, Monthly Report",https://www.michigan.gov/cra/-/media/Project/Websites/cra/Agency-Reports/Statistical-Reports/monthly-report/May-2022-Monthly-Report.pdf?rev=5bbdb87d76a94279ae7dfede40cf1226&hash=008B7812DA757DAB08143BFC56623C31,2026-09-24,transcribed,"CRA 'Average Retail Flower Price (oz.)' = flower sales dollars / (flower pounds sold x 16), i.e. a volume-weighted average; verified against the report's own sales table. Flower excludes shake/trim. Tax treatment not stated."
MI,2022-06,month,30,adult_use,retail,flower,all,weighted_avg,usd_per_ounce,122.43,unknown,"Michigan Cannabis Regulatory Agency, Monthly Report",https://www.michigan.gov/cra/-/media/Project/Websites/cra/Agency-Reports/Statistical-Reports/monthly-report/June-2022-Monthly-Report.pdf?rev=8f6c44f2ad2c4d7d875e5739ce548ae4&hash=656BF7914BF53AD035F71B88164835A0,2026-09-24,transcribed,"CRA 'Average Retail Flower Price (oz.)' = flower sales dollars / (flower pounds sold x 16), i.e. a volume-weighted average; verified against the report's own sales table. Flower excludes shake/trim. Tax treatment not stated."
MI,2022-07,month,31,adult_use,retail,flower,all,weighted_avg,usd_per_ounce,121.58,unknown,"Michigan Cannabis Regulatory Agency, Monthly Report",https://www.michigan.gov/cra/-/media/Project/Websites/cra/Agency-Reports/Statistical-Reports/monthly-report/July-2022-Monthly-Report.pdf?rev=7d2fa8753f75443fbdcb48ebfda17a27&hash=5F3ED9FD6183AD00341BA90BE84CA135,2026-09-24,transcribed,"CRA 'Average Retail Flower Price (oz.)' = flower sales dollars / (flower pounds sold x 16), i.e. a volume-weighted average; verified against the report's own sales table. Flower excludes shake/trim. Tax treatment not stated."
MI,2022-08,month,32,adult_use,retail,flower,all,weighted_avg,usd_per_ounce,116.84,unknown,"Michigan Cannabis Regulatory Agency, Monthly Report",https://www.michigan.gov/cra/-/media/Project/Websites/cra/Agency-Reports/Statistical-Reports/monthly-report/August-2022-Monthly-Report.pdf?rev=4811fb0e785d4cdda0b8e1e39d869523&hash=7FCCACF31E88C65900A4F0BBF03800EF,2026-09-24,transcribed,"CRA 'Average Retail Flower Price (oz.)' = flower sales dollars / (flower pounds sold x 16), i.e. a volume-weighted average; verified against the report's own sales table. Flower excludes shake/trim. Tax treatment not stated."
MI,2022-09,month,33,adult_use,retail,flower,all,weighted_avg,usd_per_ounce,109.88,unknown,"Michigan Cannabis Regulatory Agency, Monthly Report",https://www.michigan.gov/cra/-/media/Project/Websites/cra/Agency-Reports/Statistical-Reports/monthly-report/September-2022-Monthly-Report.pdf?rev=86013c47aa004b60ab31f6ba77ad97a7&hash=73E2542612A3440239D48BFEA3F49FD8,2026-09-24,transcribed,"CRA 'Average Retail Flower Price (oz.)' = flower sales dollars / (flower pounds sold x 16), i.e. a volume-weighted average; verified against the report's own sales table. Flower excludes shake/trim. Tax treatment not stated."
MI,2022-10,month,34,adult_use,retail,flower,all,weighted_avg,usd_per_ounce,102.65,unknown,"Michigan Cannabis Regulatory Agency, Monthly Report",https://www.michigan.gov/cra/-/media/Project/Websites/cra/Agency-Reports/Statistical-Reports/monthly-report/October-2022-Monthly-Report.pdf?rev=5c5a5f27a0d449d195428bd04b202f7c&hash=0E6C2534BC99682F8E4D9519447E1BE4,2026-09-24,transcribed,"CRA 'Average Retail Flower Price (oz.)' = flower sales dollars / (flower pounds sold x 16), i.e. a volume-weighted average; verified against the report's own sales table. Flower excludes shake/trim. Tax treatment not stated."
MI,2022-11,month,35,adult_use,retail,flower,all,weighted_avg,usd_per_ounce,95.12,unknown,"Michigan Cannabis Regulatory Agency, Monthly Report",https://www.michigan.gov/cra/-/media/Project/Websites/cra/Agency-Reports/Statistical-Reports/monthly-report/November-2022-Monthly-Report.pdf?rev=10add7c67bf54548bc62eafb74e11c20&hash=0851965E1A869EE543429B4E2959EAFE,2026-09-24,transcribed,"CRA 'Average Retail Flower Price (oz.)' = flower sales dollars / (flower pounds sold x 16), i.e. a volume-weighted average; verified against the report's own sales table. Flower excludes shake/trim. Tax treatment not stated."
MI,2022-12,month,36,adult_use,retail,flower,all,weighted_avg,usd_per_ounce,90.68,unknown,"Michigan Cannabis Regulatory Agency, Monthly Report",https://www.michigan.gov/cra/-/media/Project/Websites/cra/Agency-Reports/Statistical-Reports/monthly-report/December-2022-Monthly-Report.pdf?rev=5a3ed023519b44feb4827f4d0513ec4d&hash=5483EB2B62E0AF6E725B2B7DE66E15AF,2026-09-24,transcribed,"CRA 'Average Retail Flower Price (oz.)' = flower sales dollars / (flower pounds sold x 16), i.e. a volume-weighted average; verified against the report's own sales table. Flower excludes shake/trim. Tax treatment not stated."
MI,2023-01,month,37,adult_use,retail,flower,all,weighted_avg,usd_per_ounce,80.16,unknown,"Michigan Cannabis Regulatory Agency, Monthly Report",https://www.michigan.gov/cra/-/media/Project/Websites/cra/Agency-Reports/Statistical-Reports/monthly-report/January-2023-Monthly-Report.pdf?rev=9b88427884274ae98870ea02aba5f9e7&hash=ECB3FE14B302FD1D2B915523F72F9E2C,2026-09-24,transcribed,"CRA 'Average Retail Flower Price (oz.)' = flower sales dollars / (flower pounds sold x 16), i.e. a volume-weighted average; verified against the report's own sales table. Flower excludes shake/trim. Tax treatment not stated."
MI,2023-02,month,38,adult_use,retail,flower,all,weighted_avg,usd_per_ounce,86.00,unknown,"Michigan Cannabis Regulatory Agency, Monthly Report",https://www.michigan.gov/cra/-/media/Project/Websites/cra/Agency-Reports/Statistical-Reports/monthly-report/February-2023-Monthly-Report.pdf?rev=f5cec2505c8845d2a254827ddd7061ac&hash=EB73047CC4C799C76C4939892BF043D5,2026-09-24,transcribed,"CRA 'Average Retail Flower Price (oz.)' = flower sales dollars / (flower pounds sold x 16), i.e. a volume-weighted average; verified against the report's own sales table. Flower excludes shake/trim. Tax treatment not stated."
MI,2023-03,month,39,adult_use,retail,flower,all,weighted_avg,usd_per_ounce,86.87,unknown,"Michigan Cannabis Regulatory Agency, Monthly Report",https://www.michigan.gov/cra/-/media/Project/Websites/cra/Agency-Reports/Statistical-Reports/monthly-report/March-2023-Monthly-Report.pdf?rev=ba57965b9055454687090c759ee42ee0&hash=539269952F4E7787F2CAFFC4C7F712D1,2026-09-24,transcribed,"CRA 'Average Retail Flower Price (oz.)' = flower sales dollars / (flower pounds sold x 16), i.e. a volume-weighted average; verified against the report's own sales table. Flower excludes shake/trim. Tax treatment not stated."
MI,2023-04,month,40,adult_use,retail,flower,all,weighted_avg,usd_per_ounce,87.76,unknown,"Michigan Cannabis Regulatory Agency, Monthly Report",https://www.michigan.gov/cra/-/media/Project/Websites/cra/Agency-Reports/Statistical-Reports/monthly-report/April-2023-Monthly-Report.pdf?rev=cb00f265e6b541c6ac30e22f3982493c&hash=FF87FD7B776DC02E1E0BD514384C8F0C,2026-09-24,transcribed,"CRA 'Average Retail Flower Price (oz.)' = flower sales dollars / (flower pounds sold x 16), i.e. a volume-weighted average; verified against the report's own sales table. Flower excludes shake/trim. Tax treatment not stated."
MI,2023-05,month,41,adult_use,retail,flower,all,weighted_avg,usd_per_ounce,90.64,unknown,"Michigan Cannabis Regulatory Agency, Monthly Report",https://www.michigan.gov/cra/-/media/Project/Websites/cra/Agency-Reports/Statistical-Reports/monthly-report/May-2023-Monthly-Report.pdf?rev=21272ca079d948978b037d5d10ba75ee&hash=B0822CE8259C175E95D650E6426DFFF4,2026-09-24,transcribed,"CRA 'Average Retail Flower Price (oz.)' = flower sales dollars / (flower pounds sold x 16), i.e. a volume-weighted average; verified against the report's own sales table. Flower excludes shake/trim. Tax treatment not stated."
MI,2023-06,month,42,adult_use,retail,flower,all,weighted_avg,usd_per_ounce,89.27,unknown,"Michigan Cannabis Regulatory Agency, Monthly Report",https://www.michigan.gov/cra/-/media/Project/Websites/cra/Agency-Reports/Statistical-Reports/monthly-report/June-2023-Monthly-Report.pdf?rev=8b0e7cd1af294fb4a132a882fe2f3d30&hash=D3242FC1D30DC586345B0E1D8077667F,2026-09-24,transcribed,"CRA 'Average Retail Flower Price (oz.)' = flower sales dollars / (flower pounds sold x 16), i.e. a volume-weighted average; verified against the report's own sales table. Flower excludes shake/trim. Tax treatment not stated."
MI,2023-07,month,43,adult_use,retail,flower,all,weighted_avg,usd_per_ounce,98.65,unknown,"Michigan Cannabis Regulatory Agency, Monthly Report",https://www.michigan.gov/cra/-/media/Project/Websites/cra/Agency-Reports/Statistical-Reports/monthly-report/July-2023-Monthly-Report.pdf?rev=f5b209cd9c9a4185a84eedea93a845f1&hash=57862B4A2894B9ED0153E653537C4B8A,2026-09-24,transcribed,"CRA 'Average Retail Flower Price (oz.)' = flower sales dollars / (flower pounds sold x 16), i.e. a volume-weighted average; verified against the report's own sales table. Flower excludes shake/trim. Tax treatment not stated."
MI,2023-08,month,44,adult_use,retail,flower,all,weighted_avg,usd_per_ounce,94.16,unknown,"Michigan Cannabis Regulatory Agency, Monthly Report",https://www.michigan.gov/cra/-/media/Project/Websites/cra/Agency-Reports/Statistical-Reports/monthly-report/August-2023-Monthly-Report.pdf?rev=cc809c867862498f97e89f6a12c41bb6&hash=DFAF9F84DD7A16AB531491154FF354BB,2026-09-24,transcribed,"CRA 'Average Retail Flower Price (oz.)' = flower sales dollars / (flower pounds sold x 16), i.e. a volume-weighted average; verified against the report's own sales table. Flower excludes shake/trim. Tax treatment not stated."
MI,2023-09,month,45,adult_use,retail,flower,all,weighted_avg,usd_per_ounce,100.14,unknown,"Michigan Cannabis Regulatory Agency, Monthly Report",https://www.michigan.gov/cra/-/media/Project/Websites/cra/Agency-Reports/Statistical-Reports/monthly-report/September-2023-Monthly-Report.pdf?rev=4cd5337d613242eeb09331786e34b19b&hash=0293984E3DC3962B7A030F94B5E98399,2026-09-24,transcribed,"CRA 'Average Retail Flower Price (oz.)' = flower sales dollars / (flower pounds sold x 16), i.e. a volume-weighted average; verified against the report's own sales table. Flower excludes shake/trim. Tax treatment not stated."
MI,2023-10,month,46,adult_use,retail,flower,all,weighted_avg,usd_per_ounce,97.62,unknown,"Michigan Cannabis Regulatory Agency, Monthly Report",https://www.michigan.gov/cra/-/media/Project/Websites/cra/Agency-Reports/Statistical-Reports/monthly-report/October-2023-Monthly-Report.pdf?rev=dba5ee9ce44b4106858fc88c52e48336&hash=89EB39E29A44A41DBC8401227F4B8C53,2026-09-24,transcribed,"CRA 'Average Retail Flower Price (oz.)' = flower sales dollars / (flower pounds sold x 16), i.e. a volume-weighted average; verified against the report's own sales table. Flower excludes shake/trim. Tax treatment not stated."
MI,2023-11,month,47,adult_use,retail,flower,all,weighted_avg,usd_per_ounce,97.51,unknown,"Michigan Cannabis Regulatory Agency, Monthly Report",https://www.michigan.gov/cra/-/media/Project/Websites/cra/Agency-Reports/Statistical-Reports/monthly-report/November-2023-Monthly-Report.pdf?rev=8d69b494fc564cd9963148fc1a3bc619&hash=BDEE7B8C586FCD41248029D7B689F915,2026-09-24,transcribed,"CRA 'Average Retail Flower Price (oz.)' = flower sales dollars / (flower pounds sold x 16), i.e. a volume-weighted average; verified against the report's own sales table. Flower excludes shake/trim. Tax treatment not stated."
MI,2023-12,month,48,adult_use,retail,flower,all,weighted_avg,usd_per_ounce,95.08,unknown,"Michigan Cannabis Regulatory Agency, Monthly Report",https://www.michigan.gov/cra/-/media/Project/Websites/cra/Agency-Reports/Statistical-Reports/monthly-report/December-2023-Monthly-Report.pdf?rev=9a96a7d99d404b64a3b1e37820675872&hash=7015994EE5CB638AD84553FCCA420493,2026-09-24,transcribed,"CRA 'Average Retail Flower Price (oz.)' = flower sales dollars / (flower pounds sold x 16), i.e. a volume-weighted average; verified against the report's own sales table. Flower excludes shake/trim. Tax treatment not stated."
MI,2024,year,,adult_use,retail,flower,all,weighted_avg,usd_per_ounce,82.5,unknown,"Cannabis Business Times, citing Michigan CRA monthly report",https://cannabisbusinesstimes.com/us-states/michigan/news/15711919/michigan-eclipses-10-billion-in-adultuse-cannabis-sales,2026-09-23,transcribed,Another CBT article gives $83.71 for 2024 (source 'prc'); definitions of the annual average not stated. Annual average as reported; method (simple mean of months vs. volume-weighted) not stated.
MI,2019-12,month,0,medical,retail,flower,all,median,usd_per_ounce,312.54,unknown,"Michigan Cannabis Regulatory Agency, Monthly Report",https://www.michigan.gov/-/media/Project/Websites/cra/Agency-Reports/Statistical-Reports/monthly-report/Monthly_Report_-_December_2019.pdf?rev=82024e1f7f2e478eb6e5f8d21e3d254a,2026-09-24,transcribed,"'Average Retail Flower Prices (oz.)' table median, printed Dec 2019 to Sep 2020 only (not printed from Nov 2020; Oct 2020 not printed). Closest match to Minnesota OCM's median. Tax treatment not stated."
MI,2020-01,month,1,medical,retail,flower,all,median,usd_per_ounce,311.96,unknown,"Michigan Cannabis Regulatory Agency, Monthly Report",https://www.michigan.gov/-/media/Project/Websites/cra/Agency-Reports/Statistical-Reports/monthly-report/Monthly_Report_-_January_2019.pdf?rev=d28f881f63724061a6574a48cb55a70e,2026-09-24,transcribed,"'Average Retail Flower Prices (oz.)' table median, printed Dec 2019 to Sep 2020 only (not printed from Nov 2020; Oct 2020 not printed). Closest match to Minnesota OCM's median. Tax treatment not stated."
MI,2020-02,month,2,medical,retail,flower,all,median,usd_per_ounce,316.21,unknown,"Michigan Cannabis Regulatory Agency, Monthly Report",https://michigan.gov/-/media/Project/Websites/cra/Agency-Reports/Statistical-Reports/monthly-report/Monthly_Report_-_February_2020.pdf?rev=a672fdfed28048369c4a1eee906d6016,2026-09-24,transcribed,"'Average Retail Flower Prices (oz.)' table median, printed Dec 2019 to Sep 2020 only (not printed from Nov 2020; Oct 2020 not printed). Closest match to Minnesota OCM's median. Tax treatment not stated."
MI,2020-03,month,3,medical,retail,flower,all,median,usd_per_ounce,317.96,unknown,"Michigan Cannabis Regulatory Agency, Monthly Report",https://www.michigan.gov/-/media/Project/Websites/cra/Agency-Reports/Statistical-Reports/monthly-report/Monthly_Report_-_March_2020.pdf?rev=c3939025bd2d481caa43a5af39b81ac5,2026-09-24,transcribed,"'Average Retail Flower Prices (oz.)' table median, printed Dec 2019 to Sep 2020 only (not printed from Nov 2020; Oct 2020 not printed). Closest match to Minnesota OCM's median. Tax treatment not stated."
MI,2020-04,month,4,medical,retail,flower,all,median,usd_per_ounce,293.63,unknown,"Michigan Cannabis Regulatory Agency, Monthly Report",https://www.michigan.gov/-/media/Project/Websites/cra/Agency-Reports/Statistical-Reports/monthly-report/Monthly_Report_-_April_2020.pdf,2026-09-24,transcribed,"'Average Retail Flower Prices (oz.)' table median, printed Dec 2019 to Sep 2020 only (not printed from Nov 2020; Oct 2020 not printed). Closest match to Minnesota OCM's median. Tax treatment not stated."
MI,2020-05,month,5,medical,retail,flower,all,median,usd_per_ounce,283.50,unknown,"Michigan Cannabis Regulatory Agency, Monthly Report",https://www.michigan.gov/cra/-/media/Project/Websites/cra/Agency-Reports/Statistical-Reports/monthly-report/Monthly_Report_-_May_2020.pdf?hash=8D188C882C453D3894F8F9D8B1FD65E0&rev=73cbe738c8104454adf1e6b64e947114,2026-09-24,transcribed,"'Average Retail Flower Prices (oz.)' table median, printed Dec 2019 to Sep 2020 only (not printed from Nov 2020; Oct 2020 not printed). Closest match to Minnesota OCM's median. Tax treatment not stated."
MI,2020-06,month,6,medical,retail,flower,all,median,usd_per_ounce,281.11,unknown,"Michigan Cannabis Regulatory Agency, Monthly Report",https://www.michigan.gov/-/media/Project/Websites/cra/Agency-Reports/Statistical-Reports/monthly-report/Monthly_Report_-_June_2020.pdf?rev=5def2fe3191446be8cdce825481e8955,2026-09-24,transcribed,"'Average Retail Flower Prices (oz.)' table median, printed Dec 2019 to Sep 2020 only (not printed from Nov 2020; Oct 2020 not printed). Closest match to Minnesota OCM's median. Tax treatment not stated."
MI,2020-07,month,7,medical,retail,flower,all,median,usd_per_ounce,288.15,unknown,"Michigan Cannabis Regulatory Agency, Monthly Report",https://www.michigan.gov/-/media/Project/Websites/cra/Agency-Reports/Statistical-Reports/monthly-report/Monthly_Report_-_July_2020.pdf?rev=5a64f8c72275461bb34b12a525cf18b7,2026-09-24,transcribed,"'Average Retail Flower Prices (oz.)' table median, printed Dec 2019 to Sep 2020 only (not printed from Nov 2020; Oct 2020 not printed). Closest match to Minnesota OCM's median. Tax treatment not stated."
MI,2020-08,month,8,medical,retail,flower,all,median,usd_per_ounce,292.46,unknown,"Michigan Cannabis Regulatory Agency, Monthly Report",https://www.michigan.gov/-/media/Project/Websites/cra/Agency-Reports/Statistical-Reports/monthly-report/Monthly_Report_-_August_2020.pdf?rev=e0605e8242084cbc947bf1d884f06324,2026-09-24,transcribed,"'Average Retail Flower Prices (oz.)' table median, printed Dec 2019 to Sep 2020 only (not printed from Nov 2020; Oct 2020 not printed). Closest match to Minnesota OCM's median. Tax treatment not stated."
MI,2020-09,month,9,medical,retail,flower,all,median,usd_per_ounce,295.03,unknown,"Michigan Cannabis Regulatory Agency, Monthly Report",https://www.michigan.gov/-/media/Project/Websites/cra/Agency-Reports/Statistical-Reports/monthly-report/Monthly_Report_-_September_2020.pdf?rev=9f5d90c26b594a0887c9052633f5aad9,2026-09-24,transcribed,"'Average Retail Flower Prices (oz.)' table median, printed Dec 2019 to Sep 2020 only (not printed from Nov 2020; Oct 2020 not printed). Closest match to Minnesota OCM's median. Tax treatment not stated."
MI,2019-12,month,0,medical,retail,flower,all,weighted_avg,usd_per_ounce,267.30,unknown,"Michigan Cannabis Regulatory Agency, Monthly Report",https://www.michigan.gov/-/media/Project/Websites/cra/Agency-Reports/Statistical-Reports/monthly-report/Monthly_Report_-_December_2019.pdf?rev=82024e1f7f2e478eb6e5f8d21e3d254a,2026-09-24,transcribed,"CRA 'Average Retail Flower Price (oz.)' = flower sales dollars / (flower pounds sold x 16), i.e. a volume-weighted average; verified against the report's own sales table. Flower excludes shake/trim. Tax treatment not stated."
MI,2020-01,month,1,medical,retail,flower,all,weighted_avg,usd_per_ounce,276.37,unknown,"Michigan Cannabis Regulatory Agency, Monthly Report",https://www.michigan.gov/-/media/Project/Websites/cra/Agency-Reports/Statistical-Reports/monthly-report/Monthly_Report_-_January_2019.pdf?rev=d28f881f63724061a6574a48cb55a70e,2026-09-24,transcribed,"CRA 'Average Retail Flower Price (oz.)' = flower sales dollars / (flower pounds sold x 16), i.e. a volume-weighted average; verified against the report's own sales table. Flower excludes shake/trim. Tax treatment not stated."
MI,2020-02,month,2,medical,retail,flower,all,weighted_avg,usd_per_ounce,285.50,unknown,"Michigan Cannabis Regulatory Agency, Monthly Report",https://michigan.gov/-/media/Project/Websites/cra/Agency-Reports/Statistical-Reports/monthly-report/Monthly_Report_-_February_2020.pdf?rev=a672fdfed28048369c4a1eee906d6016,2026-09-24,transcribed,"CRA 'Average Retail Flower Price (oz.)' = flower sales dollars / (flower pounds sold x 16), i.e. a volume-weighted average; verified against the report's own sales table. Flower excludes shake/trim. Tax treatment not stated."
MI,2020-03,month,3,medical,retail,flower,all,weighted_avg,usd_per_ounce,281.42,unknown,"Michigan Cannabis Regulatory Agency, Monthly Report",https://www.michigan.gov/-/media/Project/Websites/cra/Agency-Reports/Statistical-Reports/monthly-report/Monthly_Report_-_March_2020.pdf?rev=c3939025bd2d481caa43a5af39b81ac5,2026-09-24,transcribed,"CRA 'Average Retail Flower Price (oz.)' = flower sales dollars / (flower pounds sold x 16), i.e. a volume-weighted average; verified against the report's own sales table. Flower excludes shake/trim. Tax treatment not stated."
MI,2020-04,month,4,medical,retail,flower,all,weighted_avg,usd_per_ounce,259.14,unknown,"Michigan Cannabis Regulatory Agency, Monthly Report",https://www.michigan.gov/-/media/Project/Websites/cra/Agency-Reports/Statistical-Reports/monthly-report/Monthly_Report_-_April_2020.pdf,2026-09-24,transcribed,"CRA 'Average Retail Flower Price (oz.)' = flower sales dollars / (flower pounds sold x 16), i.e. a volume-weighted average; verified against the report's own sales table. Flower excludes shake/trim. Tax treatment not stated."
MI,2020-05,month,5,medical,retail,flower,all,weighted_avg,usd_per_ounce,251.46,unknown,"Michigan Cannabis Regulatory Agency, Monthly Report",https://www.michigan.gov/cra/-/media/Project/Websites/cra/Agency-Reports/Statistical-Reports/monthly-report/Monthly_Report_-_May_2020.pdf?hash=8D188C882C453D3894F8F9D8B1FD65E0&rev=73cbe738c8104454adf1e6b64e947114,2026-09-24,transcribed,"CRA 'Average Retail Flower Price (oz.)' = flower sales dollars / (flower pounds sold x 16), i.e. a volume-weighted average; verified against the report's own sales table. Flower excludes shake/trim. Tax treatment not stated."
MI,2020-06,month,6,medical,retail,flower,all,weighted_avg,usd_per_ounce,262.60,unknown,"Michigan Cannabis Regulatory Agency, Monthly Report",https://www.michigan.gov/-/media/Project/Websites/cra/Agency-Reports/Statistical-Reports/monthly-report/Monthly_Report_-_June_2020.pdf?rev=5def2fe3191446be8cdce825481e8955,2026-09-24,transcribed,"CRA 'Average Retail Flower Price (oz.)' = flower sales dollars / (flower pounds sold x 16), i.e. a volume-weighted average; verified against the report's own sales table. Flower excludes shake/trim. Tax treatment not stated."
MI,2020-07,month,7,medical,retail,flower,all,weighted_avg,usd_per_ounce,267.41,unknown,"Michigan Cannabis Regulatory Agency, Monthly Report",https://www.michigan.gov/-/media/Project/Websites/cra/Agency-Reports/Statistical-Reports/monthly-report/Monthly_Report_-_July_2020.pdf?rev=5a64f8c72275461bb34b12a525cf18b7,2026-09-24,transcribed,"CRA 'Average Retail Flower Price (oz.)' = flower sales dollars / (flower pounds sold x 16), i.e. a volume-weighted average; verified against the report's own sales table. Flower excludes shake/trim. Tax treatment not stated."
MI,2020-08,month,8,medical,retail,flower,all,weighted_avg,usd_per_ounce,270.58,unknown,"Michigan Cannabis Regulatory Agency, Monthly Report",https://www.michigan.gov/-/media/Project/Websites/cra/Agency-Reports/Statistical-Reports/monthly-report/Monthly_Report_-_August_2020.pdf?rev=e0605e8242084cbc947bf1d884f06324,2026-09-24,transcribed,"CRA 'Average Retail Flower Price (oz.)' = flower sales dollars / (flower pounds sold x 16), i.e. a volume-weighted average; verified against the report's own sales table. Flower excludes shake/trim. Tax treatment not stated."
MI,2020-09,month,9,medical,retail,flower,all,weighted_avg,usd_per_ounce,263.89,unknown,"Michigan Cannabis Regulatory Agency, Monthly Report",https://www.michigan.gov/-/media/Project/Websites/cra/Agency-Reports/Statistical-Reports/monthly-report/Monthly_Report_-_September_2020.pdf?rev=9f5d90c26b594a0887c9052633f5aad9,2026-09-24,transcribed,"CRA 'Average Retail Flower Price (oz.)' = flower sales dollars / (flower pounds sold x 16), i.e. a volume-weighted average; verified against the report's own sales table. Flower excludes shake/trim. Tax treatment not stated."
MI,2020-10,month,10,medical,retail,flower,all,weighted_avg,usd_per_ounce,287.92,unknown,"Michigan Cannabis Regulatory Agency, Monthly Report",https://www.michigan.gov/-/media/Project/Websites/cra/Agency-Reports/Statistical-Reports/monthly-report/October_2020_Monthly_Report.pdf?rev=64d9aa8036b14069866af582c178e15f,2026-09-24,transcribed,"CRA 'Average Retail Flower Price (oz.)' = flower sales dollars / (flower pounds sold x 16), i.e. a volume-weighted average; verified against the report's own sales table. Flower excludes shake/trim. Tax treatment not stated. A trade-press article attributed this value to adult-use; the report shows it is medical."
MI,2020-11,month,11,medical,retail,flower,all,weighted_avg,usd_per_ounce,272.07,unknown,"Michigan Cannabis Regulatory Agency, Monthly Report",https://michigan.gov/documents/mra/November_2020_Monthly_Report_711023_7.pdf,2026-09-24,transcribed,"CRA 'Average Retail Flower Price (oz.)' = flower sales dollars / (flower pounds sold x 16), i.e. a volume-weighted average; verified against the report's own sales table. Flower excludes shake/trim. Tax treatment not stated."
MI,2020-12,month,12,medical,retail,flower,all,weighted_avg,usd_per_ounce,264.91,unknown,"Michigan Cannabis Regulatory Agency, Monthly Report",https://www.michigan.gov/cra/-/media/Project/Websites/cra/Agency-Reports/Statistical-Reports/monthly-report/December_2020_Monthly_Report_713049_7.pdf?hash=4707ABF728795646B969FF51512787BE&rev=31e3d64240a045d4b61d8f729a66fc92,2026-09-24,transcribed,"CRA 'Average Retail Flower Price (oz.)' = flower sales dollars / (flower pounds sold x 16), i.e. a volume-weighted average; verified against the report's own sales table. Flower excludes shake/trim. Tax treatment not stated."
MI,2021-01,month,13,medical,retail,flower,all,weighted_avg,usd_per_ounce,252.04,unknown,"Michigan Cannabis Regulatory Agency, Monthly Report",https://www.michigan.gov/cra/-/media/Project/Websites/cra/Agency-Reports/Statistical-Reports/monthly-report/January_2021_Monthly_Report.pdf?rev=c6b03e9802974b14b65cd32a39667e8f&hash=41DFE75508F4DBDD3EEA3996ED2F69E7,2026-09-24,transcribed,"CRA 'Average Retail Flower Price (oz.)' = flower sales dollars / (flower pounds sold x 16), i.e. a volume-weighted average; verified against the report's own sales table. Flower excludes shake/trim. Tax treatment not stated."
MI,2021-02,month,14,medical,retail,flower,all,weighted_avg,usd_per_ounce,229.22,unknown,"Michigan Cannabis Regulatory Agency, Monthly Report",https://www.michigan.gov/cra/-/media/Project/Websites/cra/Agency-Reports/Statistical-Reports/monthly-report/February_2021_Monthly_Report.pdf?rev=8c3740fc45114aeeb27b04d29780f541&hash=1A10838EB8644A5921D8B78F5B2EDD72,2026-09-24,transcribed,"CRA 'Average Retail Flower Price (oz.)' = flower sales dollars / (flower pounds sold x 16), i.e. a volume-weighted average; verified against the report's own sales table. Flower excludes shake/trim. Tax treatment not stated."
MI,2021-03,month,15,medical,retail,flower,all,weighted_avg,usd_per_ounce,217.49,unknown,"Michigan Cannabis Regulatory Agency, Monthly Report",https://www.michigan.gov/cra/-/media/Project/Websites/cra/Agency-Reports/Statistical-Reports/monthly-report/March_2021_Monthly_Report.pdf?rev=2a4ca101956b42d6a7f2c2e04b00cbc4&hash=A41347561FEF8CD387A1D592F7FDDD57,2026-09-24,transcribed,"CRA 'Average Retail Flower Price (oz.)' = flower sales dollars / (flower pounds sold x 16), i.e. a volume-weighted average; verified against the report's own sales table. Flower excludes shake/trim. Tax treatment not stated. Printed value does not equal printed sales / ounces ($218.43); PDF rechecked; printed value kept."
MI,2021-04,month,16,medical,retail,flower,all,weighted_avg,usd_per_ounce,203.91,unknown,"Michigan Cannabis Regulatory Agency, Monthly Report",https://www.michigan.gov/cra/-/media/Project/Websites/cra/Agency-Reports/Statistical-Reports/monthly-report/April_2021_Monthly_Report.pdf?rev=c7a887fe540449bc8295c4b96c0e3fa4&hash=DB6CC6876E59A7FAB1BC9DCC1D527336,2026-09-24,transcribed,"CRA 'Average Retail Flower Price (oz.)' = flower sales dollars / (flower pounds sold x 16), i.e. a volume-weighted average; verified against the report's own sales table. Flower excludes shake/trim. Tax treatment not stated."
MI,2021-05,month,17,medical,retail,flower,all,weighted_avg,usd_per_ounce,197.68,unknown,"Michigan Cannabis Regulatory Agency, Monthly Report",https://www.michigan.gov/cra/-/media/Project/Websites/cra/Agency-Reports/Statistical-Reports/monthly-report/May_2021_Monthly_Report_728562_7.pdf?rev=4b4e7e9a0df2444595e36f9576bc81bf&hash=DE7DCD8E9CA1DFD4D0D310552C6A66F0,2026-09-24,transcribed,"CRA 'Average Retail Flower Price (oz.)' = flower sales dollars / (flower pounds sold x 16), i.e. a volume-weighted average; verified against the report's own sales table. Flower excludes shake/trim. Tax treatment not stated."
MI,2021-06,month,18,medical,retail,flower,all,weighted_avg,usd_per_ounce,209.87,unknown,"Michigan Cannabis Regulatory Agency, Monthly Report",https://www.michigan.gov/cra/-/media/Project/Websites/cra/Agency-Reports/Statistical-Reports/monthly-report/June_2021_Monthly_Report_729777_7.pdf?rev=661cee221f64409d8b9b4370d5887028&hash=7B2A679BCF167A5C620684B3154DCB13,2026-09-24,transcribed,"CRA 'Average Retail Flower Price (oz.)' = flower sales dollars / (flower pounds sold x 16), i.e. a volume-weighted average; verified against the report's own sales table. Flower excludes shake/trim. Tax treatment not stated."
MI,2021-07,month,19,medical,retail,flower,all,weighted_avg,usd_per_ounce,213.39,unknown,"Michigan Cannabis Regulatory Agency, Monthly Report",https://www.michigan.gov/cra/-/media/Project/Websites/cra/Agency-Reports/Statistical-Reports/monthly-report/July_2021_Monthly_Report_732622_7.pdf?rev=1529a6a33c9f4237a16a09084d1ce062&hash=4380035950BE21E9129E8674672F7CC2,2026-09-24,transcribed,"CRA 'Average Retail Flower Price (oz.)' = flower sales dollars / (flower pounds sold x 16), i.e. a volume-weighted average; verified against the report's own sales table. Flower excludes shake/trim. Tax treatment not stated. A 2022 CRA memo gives $213.89; this report prints $213.39, which sales / ounces confirms."
MI,2021-08,month,20,medical,retail,flower,all,weighted_avg,usd_per_ounce,204.79,unknown,"Michigan Cannabis Regulatory Agency, Monthly Report",https://www.michigan.gov/cra/-/media/Project/Websites/cra/Agency-Reports/Statistical-Reports/monthly-report/August_2021_Monthly_Report_735704_7.pdf?rev=2f9530a1d63f470ba776dc7742dd6c0e&hash=B4E0EE646DDCFE858FDDA519B958511C,2026-09-24,transcribed,"CRA 'Average Retail Flower Price (oz.)' = flower sales dollars / (flower pounds sold x 16), i.e. a volume-weighted average; verified against the report's own sales table. Flower excludes shake/trim. Tax treatment not stated."
MI,2021-09,month,21,medical,retail,flower,all,weighted_avg,usd_per_ounce,191.55,unknown,"Michigan Cannabis Regulatory Agency, Monthly Report",https://www.michigan.gov/cra/-/media/Project/Websites/cra/Agency-Reports/Statistical-Reports/monthly-report/September_2021_Monthly_Report_737999_7.pdf?rev=050a04e84ad041749aafc88e888818e9&hash=930EA5627568C69212A91A4732F7401E,2026-09-24,transcribed,"CRA 'Average Retail Flower Price (oz.)' = flower sales dollars / (flower pounds sold x 16), i.e. a volume-weighted average; verified against the report's own sales table. Flower excludes shake/trim. Tax treatment not stated."
MI,2021-10,month,22,medical,retail,flower,all,weighted_avg,usd_per_ounce,195.78,unknown,"Michigan Cannabis Regulatory Agency, Monthly Report",https://www.michigan.gov/cra/-/media/Project/Websites/cra/Agency-Reports/Statistical-Reports/monthly-report/October_2021_Monthly_Report_741224_7.pdf?rev=f9adea9656a1461c9af22cd9a5442143&hash=5A1322812A5783E09D032957182A00D7,2026-09-24,transcribed,"CRA 'Average Retail Flower Price (oz.)' = flower sales dollars / (flower pounds sold x 16), i.e. a volume-weighted average; verified against the report's own sales table. Flower excludes shake/trim. Tax treatment not stated."
MI,2021-11,month,23,medical,retail,flower,all,weighted_avg,usd_per_ounce,173.77,unknown,"Michigan Cannabis Regulatory Agency, Monthly Report",https://www.michigan.gov/cra/-/media/Project/Websites/cra/Agency-Reports/Statistical-Reports/monthly-report/November_2021_Monthly_Report_744212_7.pdf?rev=60e5698827334dc8b6744ecafd2356cd&hash=2499DA6A6FE82A0839BBD956C2B17170,2026-09-24,transcribed,"CRA 'Average Retail Flower Price (oz.)' = flower sales dollars / (flower pounds sold x 16), i.e. a volume-weighted average; verified against the report's own sales table. Flower excludes shake/trim. Tax treatment not stated."
MI,2021-12,month,24,medical,retail,flower,all,weighted_avg,usd_per_ounce,175.57,unknown,"Michigan Cannabis Regulatory Agency, Monthly Report",https://www.michigan.gov/cra/-/media/Project/Websites/cra/Agency-Reports/Statistical-Reports/monthly-report/December-2021-Monthly-Report.pdf?rev=dd89b06eb12a4d99ada7a8da35d2e2dc&hash=EFF1D6C3EF850BDE58D1CB612FF7E949,2026-09-24,transcribed,"CRA 'Average Retail Flower Price (oz.)' = flower sales dollars / (flower pounds sold x 16), i.e. a volume-weighted average; verified against the report's own sales table. Flower excludes shake/trim. Tax treatment not stated."
MI,2022-01,month,25,medical,retail,flower,all,weighted_avg,usd_per_ounce,119.64,unknown,"Michigan Cannabis Regulatory Agency, Monthly Report",https://www.michigan.gov/cra/-/media/Project/Websites/cra/Agency-Reports/Statistical-Reports/monthly-report/January-2022-Monthly-Report.pdf?rev=bb558a842bdf461eb2f72034028c6c17&hash=14BBE5E1C4CC566D55DB73D52BCB71F0,2026-09-24,transcribed,"CRA 'Average Retail Flower Price (oz.)' = flower sales dollars / (flower pounds sold x 16), i.e. a volume-weighted average; verified against the report's own sales table. Flower excludes shake/trim. Tax treatment not stated."
MI,2022-02,month,26,medical,retail,flower,all,weighted_avg,usd_per_ounce,144.18,unknown,"Michigan Cannabis Regulatory Agency, Monthly Report",https://www.michigan.gov/cra/-/media/Project/Websites/cra/Agency-Reports/Statistical-Reports/monthly-report/February-2022-Monthly-Report.pdf?rev=4166e5501402474cb3e964590c77b565&hash=2A24F6AC0E29BD35003CD8E552E5B116,2026-09-24,transcribed,"CRA 'Average Retail Flower Price (oz.)' = flower sales dollars / (flower pounds sold x 16), i.e. a volume-weighted average; verified against the report's own sales table. Flower excludes shake/trim. Tax treatment not stated."
MI,2022-03,month,27,medical,retail,flower,all,weighted_avg,usd_per_ounce,173.86,unknown,"Michigan Cannabis Regulatory Agency, Monthly Report",https://www.michigan.gov/cra/-/media/Project/Websites/cra/Agency-Reports/Statistical-Reports/monthly-report/March-2022-Monthly-Report.pdf?rev=0aae61b8f7e2415fba02b04295efe597&hash=B5B87F688476CE3BC132D2293B387596,2026-09-24,transcribed,"CRA 'Average Retail Flower Price (oz.)' = flower sales dollars / (flower pounds sold x 16), i.e. a volume-weighted average; verified against the report's own sales table. Flower excludes shake/trim. Tax treatment not stated. The MRA March 2022 report value of $173.86 previously logged with an unknown market is this medical value."
MI,2022-04,month,28,medical,retail,flower,all,weighted_avg,usd_per_ounce,123.54,unknown,"Michigan Cannabis Regulatory Agency, Monthly Report",https://www.michigan.gov/cra/-/media/Project/Websites/cra/Agency-Reports/Statistical-Reports/monthly-report/April-2022-Monthly-Report.pdf?rev=1b375525f6514216ada4364fc404f3a2&hash=1F3074D4C4EE8BA9056CE13EAE726CED,2026-09-24,transcribed,"CRA 'Average Retail Flower Price (oz.)' = flower sales dollars / (flower pounds sold x 16), i.e. a volume-weighted average; verified against the report's own sales table. Flower excludes shake/trim. Tax treatment not stated."
MI,2022-05,month,29,medical,retail,flower,all,weighted_avg,usd_per_ounce,117.00,unknown,"Michigan Cannabis Regulatory Agency, Monthly Report",https://www.michigan.gov/cra/-/media/Project/Websites/cra/Agency-Reports/Statistical-Reports/monthly-report/May-2022-Monthly-Report.pdf?rev=5bbdb87d76a94279ae7dfede40cf1226&hash=008B7812DA757DAB08143BFC56623C31,2026-09-24,transcribed,"CRA 'Average Retail Flower Price (oz.)' = flower sales dollars / (flower pounds sold x 16), i.e. a volume-weighted average; verified against the report's own sales table. Flower excludes shake/trim. Tax treatment not stated."
MI,2022-06,month,30,medical,retail,flower,all,weighted_avg,usd_per_ounce,112.30,unknown,"Michigan Cannabis Regulatory Agency, Monthly Report",https://www.michigan.gov/cra/-/media/Project/Websites/cra/Agency-Reports/Statistical-Reports/monthly-report/June-2022-Monthly-Report.pdf?rev=8f6c44f2ad2c4d7d875e5739ce548ae4&hash=656BF7914BF53AD035F71B88164835A0,2026-09-24,transcribed,"CRA 'Average Retail Flower Price (oz.)' = flower sales dollars / (flower pounds sold x 16), i.e. a volume-weighted average; verified against the report's own sales table. Flower excludes shake/trim. Tax treatment not stated."
MI,2022-07,month,31,medical,retail,flower,all,weighted_avg,usd_per_ounce,110.72,unknown,"Michigan Cannabis Regulatory Agency, Monthly Report",https://www.michigan.gov/cra/-/media/Project/Websites/cra/Agency-Reports/Statistical-Reports/monthly-report/July-2022-Monthly-Report.pdf?rev=7d2fa8753f75443fbdcb48ebfda17a27&hash=5F3ED9FD6183AD00341BA90BE84CA135,2026-09-24,transcribed,"CRA 'Average Retail Flower Price (oz.)' = flower sales dollars / (flower pounds sold x 16), i.e. a volume-weighted average; verified against the report's own sales table. Flower excludes shake/trim. Tax treatment not stated."
MI,2022-08,month,32,medical,retail,flower,all,weighted_avg,usd_per_ounce,109.42,unknown,"Michigan Cannabis Regulatory Agency, Monthly Report",https://www.michigan.gov/cra/-/media/Project/Websites/cra/Agency-Reports/Statistical-Reports/monthly-report/August-2022-Monthly-Report.pdf?rev=4811fb0e785d4cdda0b8e1e39d869523&hash=7FCCACF31E88C65900A4F0BBF03800EF,2026-09-24,transcribed,"CRA 'Average Retail Flower Price (oz.)' = flower sales dollars / (flower pounds sold x 16), i.e. a volume-weighted average; verified against the report's own sales table. Flower excludes shake/trim. Tax treatment not stated."
MI,2022-09,month,33,medical,retail,flower,all,weighted_avg,usd_per_ounce,109.63,unknown,"Michigan Cannabis Regulatory Agency, Monthly Report",https://www.michigan.gov/cra/-/media/Project/Websites/cra/Agency-Reports/Statistical-Reports/monthly-report/September-2022-Monthly-Report.pdf?rev=86013c47aa004b60ab31f6ba77ad97a7&hash=73E2542612A3440239D48BFEA3F49FD8,2026-09-24,transcribed,"CRA 'Average Retail Flower Price (oz.)' = flower sales dollars / (flower pounds sold x 16), i.e. a volume-weighted average; verified against the report's own sales table. Flower excludes shake/trim. Tax treatment not stated."
MI,2022-10,month,34,medical,retail,flower,all,weighted_avg,usd_per_ounce,109.40,unknown,"Michigan Cannabis Regulatory Agency, Monthly Report",https://www.michigan.gov/cra/-/media/Project/Websites/cra/Agency-Reports/Statistical-Reports/monthly-report/October-2022-Monthly-Report.pdf?rev=5c5a5f27a0d449d195428bd04b202f7c&hash=0E6C2534BC99682F8E4D9519447E1BE4,2026-09-24,transcribed,"CRA 'Average Retail Flower Price (oz.)' = flower sales dollars / (flower pounds sold x 16), i.e. a volume-weighted average; verified against the report's own sales table. Flower excludes shake/trim. Tax treatment not stated."
MI,2022-11,month,35,medical,retail,flower,all,weighted_avg,usd_per_ounce,102.60,unknown,"Michigan Cannabis Regulatory Agency, Monthly Report",https://www.michigan.gov/cra/-/media/Project/Websites/cra/Agency-Reports/Statistical-Reports/monthly-report/November-2022-Monthly-Report.pdf?rev=10add7c67bf54548bc62eafb74e11c20&hash=0851965E1A869EE543429B4E2959EAFE,2026-09-24,transcribed,"CRA 'Average Retail Flower Price (oz.)' = flower sales dollars / (flower pounds sold x 16), i.e. a volume-weighted average; verified against the report's own sales table. Flower excludes shake/trim. Tax treatment not stated."
MI,2022-12,month,36,medical,retail,flower,all,weighted_avg,usd_per_ounce,92.11,unknown,"Michigan Cannabis Regulatory Agency, Monthly Report",https://www.michigan.gov/cra/-/media/Project/Websites/cra/Agency-Reports/Statistical-Reports/monthly-report/December-2022-Monthly-Report.pdf?rev=5a3ed023519b44feb4827f4d0513ec4d&hash=5483EB2B62E0AF6E725B2B7DE66E15AF,2026-09-24,transcribed,"CRA 'Average Retail Flower Price (oz.)' = flower sales dollars / (flower pounds sold x 16), i.e. a volume-weighted average; verified against the report's own sales table. Flower excludes shake/trim. Tax treatment not stated."
MI,2023-01,month,37,medical,retail,flower,all,weighted_avg,usd_per_ounce,88.17,unknown,"Michigan Cannabis Regulatory Agency, Monthly Report",https://www.michigan.gov/cra/-/media/Project/Websites/cra/Agency-Reports/Statistical-Reports/monthly-report/January-2023-Monthly-Report.pdf?rev=9b88427884274ae98870ea02aba5f9e7&hash=ECB3FE14B302FD1D2B915523F72F9E2C,2026-09-24,transcribed,"CRA 'Average Retail Flower Price (oz.)' = flower sales dollars / (flower pounds sold x 16), i.e. a volume-weighted average; verified against the report's own sales table. Flower excludes shake/trim. Tax treatment not stated."
MI,2023-02,month,38,medical,retail,flower,all,weighted_avg,usd_per_ounce,92.43,unknown,"Michigan Cannabis Regulatory Agency, Monthly Report",https://www.michigan.gov/cra/-/media/Project/Websites/cra/Agency-Reports/Statistical-Reports/monthly-report/February-2023-Monthly-Report.pdf?rev=f5cec2505c8845d2a254827ddd7061ac&hash=EB73047CC4C799C76C4939892BF043D5,2026-09-24,transcribed,"CRA 'Average Retail Flower Price (oz.)' = flower sales dollars / (flower pounds sold x 16), i.e. a volume-weighted average; verified against the report's own sales table. Flower excludes shake/trim. Tax treatment not stated."
MI,2023-03,month,39,medical,retail,flower,all,weighted_avg,usd_per_ounce,92.77,unknown,"Michigan Cannabis Regulatory Agency, Monthly Report",https://www.michigan.gov/cra/-/media/Project/Websites/cra/Agency-Reports/Statistical-Reports/monthly-report/March-2023-Monthly-Report.pdf?rev=ba57965b9055454687090c759ee42ee0&hash=539269952F4E7787F2CAFFC4C7F712D1,2026-09-24,transcribed,"CRA 'Average Retail Flower Price (oz.)' = flower sales dollars / (flower pounds sold x 16), i.e. a volume-weighted average; verified against the report's own sales table. Flower excludes shake/trim. Tax treatment not stated."
MI,2023-04,month,40,medical,retail,flower,all,weighted_avg,usd_per_ounce,94.12,unknown,"Michigan Cannabis Regulatory Agency, Monthly Report",https://www.michigan.gov/cra/-/media/Project/Websites/cra/Agency-Reports/Statistical-Reports/monthly-report/April-2023-Monthly-Report.pdf?rev=cb00f265e6b541c6ac30e22f3982493c&hash=FF87FD7B776DC02E1E0BD514384C8F0C,2026-09-24,transcribed,"CRA 'Average Retail Flower Price (oz.)' = flower sales dollars / (flower pounds sold x 16), i.e. a volume-weighted average; verified against the report's own sales table. Flower excludes shake/trim. Tax treatment not stated."
MI,2023-05,month,41,medical,retail,flower,all,weighted_avg,usd_per_ounce,96.41,unknown,"Michigan Cannabis Regulatory Agency, Monthly Report",https://www.michigan.gov/cra/-/media/Project/Websites/cra/Agency-Reports/Statistical-Reports/monthly-report/May-2023-Monthly-Report.pdf?rev=21272ca079d948978b037d5d10ba75ee&hash=B0822CE8259C175E95D650E6426DFFF4,2026-09-24,transcribed,"CRA 'Average Retail Flower Price (oz.)' = flower sales dollars / (flower pounds sold x 16), i.e. a volume-weighted average; verified against the report's own sales table. Flower excludes shake/trim. Tax treatment not stated."
MI,2023-06,month,42,medical,retail,flower,all,weighted_avg,usd_per_ounce,99.70,unknown,"Michigan Cannabis Regulatory Agency, Monthly Report",https://www.michigan.gov/cra/-/media/Project/Websites/cra/Agency-Reports/Statistical-Reports/monthly-report/June-2023-Monthly-Report.pdf?rev=8b0e7cd1af294fb4a132a882fe2f3d30&hash=D3242FC1D30DC586345B0E1D8077667F,2026-09-24,transcribed,"CRA 'Average Retail Flower Price (oz.)' = flower sales dollars / (flower pounds sold x 16), i.e. a volume-weighted average; verified against the report's own sales table. Flower excludes shake/trim. Tax treatment not stated."
MI,2023-07,month,43,medical,retail,flower,all,weighted_avg,usd_per_ounce,102.03,unknown,"Michigan Cannabis Regulatory Agency, Monthly Report",https://www.michigan.gov/cra/-/media/Project/Websites/cra/Agency-Reports/Statistical-Reports/monthly-report/July-2023-Monthly-Report.pdf?rev=f5b209cd9c9a4185a84eedea93a845f1&hash=57862B4A2894B9ED0153E653537C4B8A,2026-09-24,transcribed,"CRA 'Average Retail Flower Price (oz.)' = flower sales dollars / (flower pounds sold x 16), i.e. a volume-weighted average; verified against the report's own sales table. Flower excludes shake/trim. Tax treatment not stated."
MI,2023-08,month,44,medical,retail,flower,all,weighted_avg,usd_per_ounce,106.31,unknown,"Michigan Cannabis Regulatory Agency, Monthly Report",https://www.michigan.gov/cra/-/media/Project/Websites/cra/Agency-Reports/Statistical-Reports/monthly-report/August-2023-Monthly-Report.pdf?rev=cc809c867862498f97e89f6a12c41bb6&hash=DFAF9F84DD7A16AB531491154FF354BB,2026-09-24,transcribed,"CRA 'Average Retail Flower Price (oz.)' = flower sales dollars / (flower pounds sold x 16), i.e. a volume-weighted average; verified against the report's own sales table. Flower excludes shake/trim. Tax treatment not stated."
MI,2023-09,month,45,medical,retail,flower,all,weighted_avg,usd_per_ounce,112.24,unknown,"Michigan Cannabis Regulatory Agency, Monthly Report",https://www.michigan.gov/cra/-/media/Project/Websites/cra/Agency-Reports/Statistical-Reports/monthly-report/September-2023-Monthly-Report.pdf?rev=4cd5337d613242eeb09331786e34b19b&hash=0293984E3DC3962B7A030F94B5E98399,2026-09-24,transcribed,"CRA 'Average Retail Flower Price (oz.)' = flower sales dollars / (flower pounds sold x 16), i.e. a volume-weighted average; verified against the report's own sales table. Flower excludes shake/trim. Tax treatment not stated."
MI,2023-10,month,46,medical,retail,flower,all,weighted_avg,usd_per_ounce,113.86,unknown,"Michigan Cannabis Regulatory Agency, Monthly Report",https://www.michigan.gov/cra/-/media/Project/Websites/cra/Agency-Reports/Statistical-Reports/monthly-report/October-2023-Monthly-Report.pdf?rev=dba5ee9ce44b4106858fc88c52e48336&hash=89EB39E29A44A41DBC8401227F4B8C53,2026-09-24,transcribed,"CRA 'Average Retail Flower Price (oz.)' = flower sales dollars / (flower pounds sold x 16), i.e. a volume-weighted average; verified against the report's own sales table. Flower excludes shake/trim. Tax treatment not stated."
MI,2023-11,month,47,medical,retail,flower,all,weighted_avg,usd_per_ounce,106.41,unknown,"Michigan Cannabis Regulatory Agency, Monthly Report",https://www.michigan.gov/cra/-/media/Project/Websites/cra/Agency-Reports/Statistical-Reports/monthly-report/November-2023-Monthly-Report.pdf?rev=8d69b494fc564cd9963148fc1a3bc619&hash=BDEE7B8C586FCD41248029D7B689F915,2026-09-24,transcribed,"CRA 'Average Retail Flower Price (oz.)' = flower sales dollars / (flower pounds sold x 16), i.e. a volume-weighted average; verified against the report's own sales table. Flower excludes shake/trim. Tax treatment not stated."
MI,2023-12,month,48,medical,retail,flower,all,weighted_avg,usd_per_ounce,99.52,unknown,"Michigan Cannabis Regulatory Agency, Monthly Report",https://www.michigan.gov/cra/-/media/Project/Websites/cra/Agency-Reports/Statistical-Reports/monthly-report/December-2023-Monthly-Report.pdf?rev=9a96a7d99d404b64a3b1e37820675872&hash=7015994EE5CB638AD84553FCCA420493,2026-09-24,transcribed,"CRA 'Average Retail Flower Price (oz.)' = flower sales dollars / (flower pounds sold x 16), i.e. a volume-weighted average; verified against the report's own sales table. Flower excludes shake/trim. Tax treatment not stated."
MI,2024-01,month,49,adult_use,retail,flower,all,weighted_avg,usd_per_ounce,93.2,unknown,"Michigan Cannabis Regulatory Agency, Monthly Report",https://www.michigan.gov/cra/-/media/Project/Websites/cra/Agency-Reports/Statistical-Reports/monthly-report/January-2024-Monthly-Report.pdf?rev=7131579638f74f7d9a6ebf1a775f2e89&hash=AEED3A556690A58ED09390C1CE41B4E1,2026-09-25,transcribed,"DERIVED by agent: CRA flower sales dollars / (flower pounds sold x 16) from the same monthly report, the CRA definition of ""Average Retail Flower Price (oz.)"". Task 4 re-reading confirmed this identity against the printed price for every month Jan 2024 to Feb 2026. Beyond month 48; retained for floor analysis. Tax treatment not stated."
MI,2024-01,month,49,medical,retail,flower,all,weighted_avg,usd_per_ounce,88.2,unknown,"Michigan Cannabis Regulatory Agency, Monthly Report",https://www.michigan.gov/cra/-/media/Project/Websites/cra/Agency-Reports/Statistical-Reports/monthly-report/January-2024-Monthly-Report.pdf?rev=7131579638f74f7d9a6ebf1a775f2e89&hash=AEED3A556690A58ED09390C1CE41B4E1,2026-09-25,transcribed,"DERIVED by agent: CRA flower sales dollars / (flower pounds sold x 16) from the same monthly report, the CRA definition of ""Average Retail Flower Price (oz.)"". Task 4 re-reading confirmed this identity against the printed price for every month Jan 2024 to Feb 2026. Beyond month 48; retained for floor analysis. Tax treatment not stated."
MI,2024-02,month,50,adult_use,retail,flower,all,weighted_avg,usd_per_ounce,91.94,unknown,"Michigan Cannabis Regulatory Agency, Monthly Report",https://www.michigan.gov/cra/-/media/Project/Websites/cra/Agency-Reports/Statistical-Reports/monthly-report/February-2024-Monthly-Report.pdf?rev=254d19f3b6f54e8087dc36f5978f064c&hash=06696904968319994230F9BC6C53098F,2026-09-25,transcribed,"DERIVED by agent: CRA flower sales dollars / (flower pounds sold x 16) from the same monthly report, the CRA definition of ""Average Retail Flower Price (oz.)"". Task 4 re-reading confirmed this identity against the printed price for every month Jan 2024 to Feb 2026. Beyond month 48; retained for floor analysis. Tax treatment not stated."
MI,2024-02,month,50,medical,retail,flower,all,weighted_avg,usd_per_ounce,102.16,unknown,"Michigan Cannabis Regulatory Agency, Monthly Report",https://www.michigan.gov/cra/-/media/Project/Websites/cra/Agency-Reports/Statistical-Reports/monthly-report/February-2024-Monthly-Report.pdf?rev=254d19f3b6f54e8087dc36f5978f064c&hash=06696904968319994230F9BC6C53098F,2026-09-25,transcribed,"DERIVED by agent: CRA flower sales dollars / (flower pounds sold x 16) from the same monthly report, the CRA definition of ""Average Retail Flower Price (oz.)"". Task 4 re-reading confirmed this identity against the printed price for every month Jan 2024 to Feb 2026. Beyond month 48; retained for floor analysis. Tax treatment not stated."
MI,2024-03,month,51,adult_use,retail,flower,all,weighted_avg,usd_per_ounce,90.7,unknown,"Michigan Cannabis Regulatory Agency, Monthly Report",https://www.michigan.gov/cra/-/media/Project/Websites/cra/Agency-Reports/Statistical-Reports/monthly-report/March-2024-Monthly-Report.pdf?rev=5100eb13569a4a208a2a2a776ae93db6&hash=9BDB4F33F73C189C28C54AA1463DD76F,2026-09-25,transcribed,"DERIVED by agent: CRA flower sales dollars / (flower pounds sold x 16) from the same monthly report, the CRA definition of ""Average Retail Flower Price (oz.)"". Task 4 re-reading confirmed this identity against the printed price for every month Jan 2024 to Feb 2026. Beyond month 48; retained for floor analysis. Tax treatment not stated."
MI,2024-03,month,51,medical,retail,flower,all,weighted_avg,usd_per_ounce,101.22,unknown,"Michigan Cannabis Regulatory Agency, Monthly Report",https://www.michigan.gov/cra/-/media/Project/Websites/cra/Agency-Reports/Statistical-Reports/monthly-report/March-2024-Monthly-Report.pdf?rev=5100eb13569a4a208a2a2a776ae93db6&hash=9BDB4F33F73C189C28C54AA1463DD76F,2026-09-25,transcribed,"DERIVED by agent: CRA flower sales dollars / (flower pounds sold x 16) from the same monthly report, the CRA definition of ""Average Retail Flower Price (oz.)"". Task 4 re-reading confirmed this identity against the printed price for every month Jan 2024 to Feb 2026. Beyond month 48; retained for floor analysis. Tax treatment not stated."
MI,2024-04,month,52,adult_use,retail,flower,all,weighted_avg,usd_per_ounce,86.61,unknown,"Michigan Cannabis Regulatory Agency, Monthly Report",https://www.michigan.gov/cra/-/media/Project/Websites/cra/Agency-Reports/Statistical-Reports/monthly-report/April-2024-Monthly-Report.pdf?rev=558fda6734ed4737925c28035c19d23e&hash=AA403010C53ECAD856EAB12D27269E71,2026-09-25,transcribed,"DERIVED by agent: CRA flower sales dollars / (flower pounds sold x 16) from the same monthly report, the CRA definition of ""Average Retail Flower Price (oz.)"". Task 4 re-reading confirmed this identity against the printed price for every month Jan 2024 to Feb 2026. Beyond month 48; retained for floor analysis. Tax treatment not stated."
MI,2024-04,month,52,medical,retail,flower,all,weighted_avg,usd_per_ounce,99.74,unknown,"Michigan Cannabis Regulatory Agency, Monthly Report",https://www.michigan.gov/cra/-/media/Project/Websites/cra/Agency-Reports/Statistical-Reports/monthly-report/April-2024-Monthly-Report.pdf?rev=558fda6734ed4737925c28035c19d23e&hash=AA403010C53ECAD856EAB12D27269E71,2026-09-25,transcribed,"DERIVED by agent: CRA flower sales dollars / (flower pounds sold x 16) from the same monthly report, the CRA definition of ""Average Retail Flower Price (oz.)"". Task 4 re-reading confirmed this identity against the printed price for every month Jan 2024 to Feb 2026. Beyond month 48; retained for floor analysis. Tax treatment not stated."
MI,2024-05,month,53,adult_use,retail,flower,all,weighted_avg,usd_per_ounce,88.15,unknown,"Michigan Cannabis Regulatory Agency, Monthly Report",https://www.michigan.gov/cra/-/media/Project/Websites/cra/Agency-Reports/Statistical-Reports/monthly-report/May-2024-Monthly-Report.pdf?rev=ab3765ae9ebb4ef0a37545e070063131&hash=43E2AAA18EB5F7BFCB9C0D7D0D7D8613,2026-09-25,transcribed,"DERIVED by agent: CRA flower sales dollars / (flower pounds sold x 16) from the same monthly report, the CRA definition of ""Average Retail Flower Price (oz.)"". Task 4 re-reading confirmed this identity against the printed price for every month Jan 2024 to Feb 2026. Beyond month 48; retained for floor analysis. Tax treatment not stated."
MI,2024-05,month,53,medical,retail,flower,all,weighted_avg,usd_per_ounce,99.14,unknown,"Michigan Cannabis Regulatory Agency, Monthly Report",https://www.michigan.gov/cra/-/media/Project/Websites/cra/Agency-Reports/Statistical-Reports/monthly-report/May-2024-Monthly-Report.pdf?rev=ab3765ae9ebb4ef0a37545e070063131&hash=43E2AAA18EB5F7BFCB9C0D7D0D7D8613,2026-09-25,transcribed,"DERIVED by agent: CRA flower sales dollars / (flower pounds sold x 16) from the same monthly report, the CRA definition of ""Average Retail Flower Price (oz.)"". Task 4 re-reading confirmed this identity against the printed price for every month Jan 2024 to Feb 2026. Beyond month 48; retained for floor analysis. Tax treatment not stated."
MI,2024-06,month,54,adult_use,retail,flower,all,weighted_avg,usd_per_ounce,85.88,unknown,"Michigan Cannabis Regulatory Agency, Monthly Report",https://www.michigan.gov/cra/-/media/Project/Websites/cra/Agency-Reports/Statistical-Reports/monthly-report/June-2024-Monthly-Report.pdf?rev=25f1ac1b88494b88aa60cbdd105e7972&hash=FF1EA03E6CBF2C76A37E03D8D1446842,2026-09-25,transcribed,"DERIVED by agent: CRA flower sales dollars / (flower pounds sold x 16) from the same monthly report, the CRA definition of ""Average Retail Flower Price (oz.)"". Task 4 re-reading confirmed this identity against the printed price for every month Jan 2024 to Feb 2026. Beyond month 48; retained for floor analysis. Tax treatment not stated."
MI,2024-06,month,54,medical,retail,flower,all,weighted_avg,usd_per_ounce,96.95,unknown,"Michigan Cannabis Regulatory Agency, Monthly Report",https://www.michigan.gov/cra/-/media/Project/Websites/cra/Agency-Reports/Statistical-Reports/monthly-report/June-2024-Monthly-Report.pdf?rev=25f1ac1b88494b88aa60cbdd105e7972&hash=FF1EA03E6CBF2C76A37E03D8D1446842,2026-09-25,transcribed,"DERIVED by agent: CRA flower sales dollars / (flower pounds sold x 16) from the same monthly report, the CRA definition of ""Average Retail Flower Price (oz.)"". Task 4 re-reading confirmed this identity against the printed price for every month Jan 2024 to Feb 2026. Beyond month 48; retained for floor analysis. Tax treatment not stated."
MI,2024-07,month,55,adult_use,retail,flower,all,weighted_avg,usd_per_ounce,79.7,unknown,"Michigan Cannabis Regulatory Agency, Monthly Report",https://www.michigan.gov/cra/-/media/Project/Websites/cra/Agency-Reports/Statistical-Reports/monthly-report/July-2024-Monthly-Report.pdf?rev=7076d8bc5447471a9f72429d90eff3ab&hash=BA165B3E2D7331C208FFCA146DFEAA5B,2026-09-25,transcribed,"DERIVED by agent: CRA flower sales dollars / (flower pounds sold x 16) from the same monthly report, the CRA definition of ""Average Retail Flower Price (oz.)"". Task 4 re-reading confirmed this identity against the printed price for every month Jan 2024 to Feb 2026. Beyond month 48; retained for floor analysis. Tax treatment not stated."
MI,2024-07,month,55,medical,retail,flower,all,weighted_avg,usd_per_ounce,97.0,unknown,"Michigan Cannabis Regulatory Agency, Monthly Report",https://www.michigan.gov/cra/-/media/Project/Websites/cra/Agency-Reports/Statistical-Reports/monthly-report/July-2024-Monthly-Report.pdf?rev=7076d8bc5447471a9f72429d90eff3ab&hash=BA165B3E2D7331C208FFCA146DFEAA5B,2026-09-25,transcribed,"DERIVED by agent: CRA flower sales dollars / (flower pounds sold x 16) from the same monthly report, the CRA definition of ""Average Retail Flower Price (oz.)"". Task 4 re-reading confirmed this identity against the printed price for every month Jan 2024 to Feb 2026. Beyond month 48; retained for floor analysis. Tax treatment not stated."
MI,2024-08,month,56,adult_use,retail,flower,all,weighted_avg,usd_per_ounce,80.14,unknown,"Michigan Cannabis Regulatory Agency, Monthly Report",https://www.michigan.gov/cra/-/media/Project/Websites/cra/Agency-Reports/Statistical-Reports/monthly-report/August-2024-Monthly-Report.pdf?rev=b8a2bde465924d4287977dfaa0228cc0&hash=1757895AB99FD347FD9315A996B0F41D,2026-09-25,transcribed,"DERIVED by agent: CRA flower sales dollars / (flower pounds sold x 16) from the same monthly report, the CRA definition of ""Average Retail Flower Price (oz.)"". Task 4 re-reading confirmed this identity against the printed price for every month Jan 2024 to Feb 2026. Beyond month 48; retained for floor analysis. Tax treatment not stated."
MI,2024-08,month,56,medical,retail,flower,all,weighted_avg,usd_per_ounce,95.87,unknown,"Michigan Cannabis Regulatory Agency, Monthly Report",https://www.michigan.gov/cra/-/media/Project/Websites/cra/Agency-Reports/Statistical-Reports/monthly-report/August-2024-Monthly-Report.pdf?rev=b8a2bde465924d4287977dfaa0228cc0&hash=1757895AB99FD347FD9315A996B0F41D,2026-09-25,transcribed,"DERIVED by agent: CRA flower sales dollars / (flower pounds sold x 16) from the same monthly report, the CRA definition of ""Average Retail Flower Price (oz.)"". Task 4 re-reading confirmed this identity against the printed price for every month Jan 2024 to Feb 2026. Beyond month 48; retained for floor analysis. Tax treatment not stated."
MI,2024-09,month,57,adult_use,retail,flower,all,weighted_avg,usd_per_ounce,78.68,unknown,"Michigan Cannabis Regulatory Agency, Monthly Report",https://www.michigan.gov/cra/-/media/Project/Websites/cra/Agency-Reports/Statistical-Reports/monthly-report/September-2024-Monthly-Report.pdf?rev=c669b7eee59b4a06bc6e89c2b0544a71&hash=673FF3F9C434D9C613FB67049582FEAF,2026-09-25,transcribed,"DERIVED by agent: CRA flower sales dollars / (flower pounds sold x 16) from the same monthly report, the CRA definition of ""Average Retail Flower Price (oz.)"". Task 4 re-reading confirmed this identity against the printed price for every month Jan 2024 to Feb 2026. Beyond month 48; retained for floor analysis. Tax treatment not stated."
MI,2024-09,month,57,medical,retail,flower,all,weighted_avg,usd_per_ounce,92.95,unknown,"Michigan Cannabis Regulatory Agency, Monthly Report",https://www.michigan.gov/cra/-/media/Project/Websites/cra/Agency-Reports/Statistical-Reports/monthly-report/September-2024-Monthly-Report.pdf?rev=c669b7eee59b4a06bc6e89c2b0544a71&hash=673FF3F9C434D9C613FB67049582FEAF,2026-09-25,transcribed,"DERIVED by agent: CRA flower sales dollars / (flower pounds sold x 16) from the same monthly report, the CRA definition of ""Average Retail Flower Price (oz.)"". Task 4 re-reading confirmed this identity against the printed price for every month Jan 2024 to Feb 2026. Beyond month 48; retained for floor analysis. Tax treatment not stated."
MI,2024-10,month,58,adult_use,retail,flower,all,weighted_avg,usd_per_ounce,73.99,unknown,"Michigan Cannabis Regulatory Agency, Monthly Report",https://www.michigan.gov/cra/-/media/Project/Websites/cra/Agency-Reports/Statistical-Reports/monthly-report/October-2024-Monthly-Report.pdf?rev=cc06193ac1d54de58dcba2a3c4b69c21&hash=BF3008824016CBE73D43F2BF04345F34,2026-09-25,transcribed,"DERIVED by agent: CRA flower sales dollars / (flower pounds sold x 16) from the same monthly report, the CRA definition of ""Average Retail Flower Price (oz.)"". Task 4 re-reading confirmed this identity against the printed price for every month Jan 2024 to Feb 2026. Beyond month 48; retained for floor analysis. Tax treatment not stated."
MI,2024-10,month,58,medical,retail,flower,all,weighted_avg,usd_per_ounce,92.61,unknown,"Michigan Cannabis Regulatory Agency, Monthly Report",https://www.michigan.gov/cra/-/media/Project/Websites/cra/Agency-Reports/Statistical-Reports/monthly-report/October-2024-Monthly-Report.pdf?rev=cc06193ac1d54de58dcba2a3c4b69c21&hash=BF3008824016CBE73D43F2BF04345F34,2026-09-25,transcribed,"DERIVED by agent: CRA flower sales dollars / (flower pounds sold x 16) from the same monthly report, the CRA definition of ""Average Retail Flower Price (oz.)"". Task 4 re-reading confirmed this identity against the printed price for every month Jan 2024 to Feb 2026. Beyond month 48; retained for floor analysis. Tax treatment not stated."
MI,2024-11,month,59,adult_use,retail,flower,all,weighted_avg,usd_per_ounce,71.79,unknown,"Michigan Cannabis Regulatory Agency, Monthly Report",https://www.michigan.gov/cra/-/media/Project/Websites/cra/Agency-Reports/Statistical-Reports/monthly-report/November-2024-Monthly-Report.pdf?rev=d87c1b7b4d1444f590ca302e9a04e6ce&hash=7DA3D213E8F4E51F69E7B687B6B67A94,2026-09-25,transcribed,"DERIVED by agent: CRA flower sales dollars / (flower pounds sold x 16) from the same monthly report, the CRA definition of ""Average Retail Flower Price (oz.)"". Task 4 re-reading confirmed this identity against the printed price for every month Jan 2024 to Feb 2026. Beyond month 48; retained for floor analysis. Tax treatment not stated."
MI,2024-11,month,59,medical,retail,flower,all,weighted_avg,usd_per_ounce,91.77,unknown,"Michigan Cannabis Regulatory Agency, Monthly Report",https://www.michigan.gov/cra/-/media/Project/Websites/cra/Agency-Reports/Statistical-Reports/monthly-report/November-2024-Monthly-Report.pdf?rev=d87c1b7b4d1444f590ca302e9a04e6ce&hash=7DA3D213E8F4E51F69E7B687B6B67A94,2026-09-25,transcribed,"DERIVED by agent: CRA flower sales dollars / (flower pounds sold x 16) from the same monthly report, the CRA definition of ""Average Retail Flower Price (oz.)"". Task 4 re-reading confirmed this identity against the printed price for every month Jan 2024 to Feb 2026. Beyond month 48; retained for floor analysis. Tax treatment not stated."
MI,2024-12,month,60,adult_use,retail,flower,all,weighted_avg,usd_per_ounce,69.2,unknown,"Michigan Cannabis Regulatory Agency, Monthly Report",https://www.michigan.gov/cra/-/media/Project/Websites/cra/Agency-Reports/Statistical-Reports/monthly-report/December-2024-Monthly-Report.pdf?rev=46b2a994ab474f38bba6e8e6a1ee3e1a&hash=0BC589354946591A9CC456690633640E,2026-09-25,transcribed,"DERIVED by agent: CRA flower sales dollars / (flower pounds sold x 16) from the same monthly report, the CRA definition of ""Average Retail Flower Price (oz.)"". Task 4 re-reading confirmed this identity against the printed price for every month Jan 2024 to Feb 2026. Beyond month 48; retained for floor analysis. Tax treatment not stated."
MI,2024-12,month,60,medical,retail,flower,all,weighted_avg,usd_per_ounce,87.2,unknown,"Michigan Cannabis Regulatory Agency, Monthly Report",https://www.michigan.gov/cra/-/media/Project/Websites/cra/Agency-Reports/Statistical-Reports/monthly-report/December-2024-Monthly-Report.pdf?rev=46b2a994ab474f38bba6e8e6a1ee3e1a&hash=0BC589354946591A9CC456690633640E,2026-09-25,transcribed,"DERIVED by agent: CRA flower sales dollars / (flower pounds sold x 16) from the same monthly report, the CRA definition of ""Average Retail Flower Price (oz.)"". Task 4 re-reading confirmed this identity against the printed price for every month Jan 2024 to Feb 2026. Beyond month 48; retained for floor analysis. Tax treatment not stated."
MI,2025-01,month,61,adult_use,retail,flower,all,weighted_avg,usd_per_ounce,66.5,unknown,"Michigan Cannabis Regulatory Agency, Monthly Report",https://www.michigan.gov/cra/-/media/Project/Websites/cra/Agency-Reports/Statistical-Reports/monthly-report/January-2025-Monthly-Report.pdf?rev=1421413829054618a7d4baf25b41a5fa&hash=399F2252F7D0CD549D59D834DEFA7726,2026-09-25,transcribed,"DERIVED by agent: CRA flower sales dollars / (flower pounds sold x 16) from the same monthly report, the CRA definition of ""Average Retail Flower Price (oz.)"". Task 4 re-reading confirmed this identity against the printed price for every month Jan 2024 to Feb 2026. Beyond month 48; retained for floor analysis. Tax treatment not stated."
MI,2025-01,month,61,medical,retail,flower,all,weighted_avg,usd_per_ounce,84.24,unknown,"Michigan Cannabis Regulatory Agency, Monthly Report",https://www.michigan.gov/cra/-/media/Project/Websites/cra/Agency-Reports/Statistical-Reports/monthly-report/January-2025-Monthly-Report.pdf?rev=1421413829054618a7d4baf25b41a5fa&hash=399F2252F7D0CD549D59D834DEFA7726,2026-09-25,transcribed,"DERIVED by agent: CRA flower sales dollars / (flower pounds sold x 16) from the same monthly report, the CRA definition of ""Average Retail Flower Price (oz.)"". Task 4 re-reading confirmed this identity against the printed price for every month Jan 2024 to Feb 2026. Beyond month 48; retained for floor analysis. Tax treatment not stated."
MI,2025-02,month,62,adult_use,retail,flower,all,weighted_avg,usd_per_ounce,65.21,unknown,"Michigan Cannabis Regulatory Agency, Monthly Report",https://www.michigan.gov/cra/-/media/Project/Websites/cra/Agency-Reports/Statistical-Reports/monthly-report/February-2025-Monthly-Report.pdf?rev=054756c4d8164f45b0a975e73234377a&hash=624D0BBF5E2422130846D61123B593C3,2026-09-25,transcribed,"DERIVED by agent: CRA flower sales dollars / (flower pounds sold x 16) from the same monthly report, the CRA definition of ""Average Retail Flower Price (oz.)"". Task 4 re-reading confirmed this identity against the printed price for every month Jan 2024 to Feb 2026. Beyond month 48; retained for floor analysis. Tax treatment not stated."
MI,2025-02,month,62,medical,retail,flower,all,weighted_avg,usd_per_ounce,87.05,unknown,"Michigan Cannabis Regulatory Agency, Monthly Report",https://www.michigan.gov/cra/-/media/Project/Websites/cra/Agency-Reports/Statistical-Reports/monthly-report/February-2025-Monthly-Report.pdf?rev=054756c4d8164f45b0a975e73234377a&hash=624D0BBF5E2422130846D61123B593C3,2026-09-25,transcribed,"DERIVED by agent: CRA flower sales dollars / (flower pounds sold x 16) from the same monthly report, the CRA definition of ""Average Retail Flower Price (oz.)"". Task 4 re-reading confirmed this identity against the printed price for every month Jan 2024 to Feb 2026. Beyond month 48; retained for floor analysis. Tax treatment not stated."
MI,2025-03,month,63,adult_use,retail,flower,all,weighted_avg,usd_per_ounce,65.14,unknown,"Michigan Cannabis Regulatory Agency, Monthly Report",https://www.michigan.gov/cra/-/media/Project/Websites/cra/Agency-Reports/Statistical-Reports/monthly-report/March-2025-Monthly-Report.pdf?rev=1feaf04f90384c789d884b4888da0982&hash=0CAAE8CEEC8A2923CC2BB1D61F85A6D5,2026-09-25,transcribed,"DERIVED by agent: CRA flower sales dollars / (flower pounds sold x 16) from the same monthly report, the CRA definition of ""Average Retail Flower Price (oz.)"". Task 4 re-reading confirmed this identity against the printed price for every month Jan 2024 to Feb 2026. Beyond month 48; retained for floor analysis. Tax treatment not stated."
MI,2025-03,month,63,medical,retail,flower,all,weighted_avg,usd_per_ounce,85.55,unknown,"Michigan Cannabis Regulatory Agency, Monthly Report",https://www.michigan.gov/cra/-/media/Project/Websites/cra/Agency-Reports/Statistical-Reports/monthly-report/March-2025-Monthly-Report.pdf?rev=1feaf04f90384c789d884b4888da0982&hash=0CAAE8CEEC8A2923CC2BB1D61F85A6D5,2026-09-25,transcribed,"DERIVED by agent: CRA flower sales dollars / (flower pounds sold x 16) from the same monthly report, the CRA definition of ""Average Retail Flower Price (oz.)"". Task 4 re-reading confirmed this identity against the printed price for every month Jan 2024 to Feb 2026. Beyond month 48; retained for floor analysis. Tax treatment not stated."
MI,2025-04,month,64,adult_use,retail,flower,all,weighted_avg,usd_per_ounce,62.23,unknown,"Michigan Cannabis Regulatory Agency, Monthly Report",https://www.michigan.gov/cra/-/media/Project/Websites/cra/Agency-Reports/Statistical-Reports/monthly-report/April-2025-Monthly-Report.pdf?rev=1ce205aaca7e403a915584755146261a&hash=524C27972352DB22C7F9D9E8F06A0116,2026-09-25,transcribed,"DERIVED by agent: CRA flower sales dollars / (flower pounds sold x 16) from the same monthly report, the CRA definition of ""Average Retail Flower Price (oz.)"". Task 4 re-reading confirmed this identity against the printed price for every month Jan 2024 to Feb 2026. Beyond month 48; retained for floor analysis. Tax treatment not stated."
MI,2025-04,month,64,medical,retail,flower,all,weighted_avg,usd_per_ounce,79.8,unknown,"Michigan Cannabis Regulatory Agency, Monthly Report",https://www.michigan.gov/cra/-/media/Project/Websites/cra/Agency-Reports/Statistical-Reports/monthly-report/April-2025-Monthly-Report.pdf?rev=1ce205aaca7e403a915584755146261a&hash=524C27972352DB22C7F9D9E8F06A0116,2026-09-25,transcribed,"DERIVED by agent: CRA flower sales dollars / (flower pounds sold x 16) from the same monthly report, the CRA definition of ""Average Retail Flower Price (oz.)"". Task 4 re-reading confirmed this identity against the printed price for every month Jan 2024 to Feb 2026. Beyond month 48; retained for floor analysis. Tax treatment not stated."
MI,2025-05,month,65,adult_use,retail,flower,all,weighted_avg,usd_per_ounce,63.17,unknown,"Michigan Cannabis Regulatory Agency, Monthly Report",https://www.michigan.gov/cra/-/media/Project/Websites/cra/Agency-Reports/Statistical-Reports/monthly-report/May-2025-Monthly-Report.pdf?rev=d2f1024cd9104520bf422d46d484b1ce&hash=2CAD2ADF0ADA5C63CD0AA0EB6965ED35,2026-09-25,transcribed,"DERIVED by agent: CRA flower sales dollars / (flower pounds sold x 16) from the same monthly report, the CRA definition of ""Average Retail Flower Price (oz.)"". Task 4 re-reading confirmed this identity against the printed price for every month Jan 2024 to Feb 2026. Beyond month 48; retained for floor analysis. Tax treatment not stated."
MI,2025-05,month,65,medical,retail,flower,all,weighted_avg,usd_per_ounce,76.23,unknown,"Michigan Cannabis Regulatory Agency, Monthly Report",https://www.michigan.gov/cra/-/media/Project/Websites/cra/Agency-Reports/Statistical-Reports/monthly-report/May-2025-Monthly-Report.pdf?rev=d2f1024cd9104520bf422d46d484b1ce&hash=2CAD2ADF0ADA5C63CD0AA0EB6965ED35,2026-09-25,transcribed,"DERIVED by agent: CRA flower sales dollars / (flower pounds sold x 16) from the same monthly report, the CRA definition of ""Average Retail Flower Price (oz.)"". Task 4 re-reading confirmed this identity against the printed price for every month Jan 2024 to Feb 2026. Beyond month 48; retained for floor analysis. Tax treatment not stated."
MI,2025-06,month,66,adult_use,retail,flower,all,weighted_avg,usd_per_ounce,62.91,unknown,"Michigan Cannabis Regulatory Agency, Monthly Report",https://www.michigan.gov/cra/-/media/Project/Websites/cra/Agency-Reports/Statistical-Reports/monthly-report/June-2025-Monthly-Report.pdf?rev=1dff9f30966a451d8d6e8ccf2734339b&hash=A83D18A8DB7EB5BDABEBD2B879866A4B,2026-09-25,transcribed,"DERIVED by agent: CRA flower sales dollars / (flower pounds sold x 16) from the same monthly report, the CRA definition of ""Average Retail Flower Price (oz.)"". Task 4 re-reading confirmed this identity against the printed price for every month Jan 2024 to Feb 2026. Beyond month 48; retained for floor analysis. Tax treatment not stated."
MI,2025-06,month,66,medical,retail,flower,all,weighted_avg,usd_per_ounce,87.71,unknown,"Michigan Cannabis Regulatory Agency, Monthly Report",https://www.michigan.gov/cra/-/media/Project/Websites/cra/Agency-Reports/Statistical-Reports/monthly-report/June-2025-Monthly-Report.pdf?rev=1dff9f30966a451d8d6e8ccf2734339b&hash=A83D18A8DB7EB5BDABEBD2B879866A4B,2026-09-25,transcribed,"DERIVED by agent: CRA flower sales dollars / (flower pounds sold x 16) from the same monthly report, the CRA definition of ""Average Retail Flower Price (oz.)"". Task 4 re-reading confirmed this identity against the printed price for every month Jan 2024 to Feb 2026. Beyond month 48; retained for floor analysis. Tax treatment not stated."
MI,2025-07,month,67,adult_use,retail,flower,all,weighted_avg,usd_per_ounce,62.3,unknown,"Michigan Cannabis Regulatory Agency, Monthly Report",https://www.michigan.gov/cra/-/media/Project/Websites/cra/Agency-Reports/Statistical-Reports/monthly-report/July-2025-Monthly-Report.pdf?rev=3384f9d2706f4d0ea9f31c02eec99c1c&hash=E76C802A4E56CD70A9CDD8AC2412027A,2026-09-25,transcribed,"DERIVED by agent: CRA flower sales dollars / (flower pounds sold x 16) from the same monthly report, the CRA definition of ""Average Retail Flower Price (oz.)"". Task 4 re-reading confirmed this identity against the printed price for every month Jan 2024 to Feb 2026. Beyond month 48; retained for floor analysis. Tax treatment not stated."
MI,2025-07,month,67,medical,retail,flower,all,weighted_avg,usd_per_ounce,88.89,unknown,"Michigan Cannabis Regulatory Agency, Monthly Report",https://www.michigan.gov/cra/-/media/Project/Websites/cra/Agency-Reports/Statistical-Reports/monthly-report/July-2025-Monthly-Report.pdf?rev=3384f9d2706f4d0ea9f31c02eec99c1c&hash=E76C802A4E56CD70A9CDD8AC2412027A,2026-09-25,transcribed,"DERIVED by agent: CRA flower sales dollars / (flower pounds sold x 16) from the same monthly report, the CRA definition of ""Average Retail Flower Price (oz.)"". Task 4 re-reading confirmed this identity against the printed price for every month Jan 2024 to Feb 2026. Beyond month 48; retained for floor analysis. Tax treatment not stated."
MI,2025-08,month,68,adult_use,retail,flower,all,weighted_avg,usd_per_ounce,61.79,unknown,"Michigan Cannabis Regulatory Agency, Monthly Report",https://www.michigan.gov/cra/-/media/Project/Websites/cra/Agency-Reports/Statistical-Reports/monthly-report/August-2025-Monthly-Report.pdf?rev=ec6e3891206b4d35a6b5ad66e9309a62&hash=4240B12040AB85FEEDA27B0FB353310C,2026-09-25,transcribed,"DERIVED by agent: CRA flower sales dollars / (flower pounds sold x 16) from the same monthly report, the CRA definition of ""Average Retail Flower Price (oz.)"". Task 4 re-reading confirmed this identity against the printed price for every month Jan 2024 to Feb 2026. Beyond month 48; retained for floor analysis. Tax treatment not stated."
MI,2025-08,month,68,medical,retail,flower,all,weighted_avg,usd_per_ounce,82.72,unknown,"Michigan Cannabis Regulatory Agency, Monthly Report",https://www.michigan.gov/cra/-/media/Project/Websites/cra/Agency-Reports/Statistical-Reports/monthly-report/August-2025-Monthly-Report.pdf?rev=ec6e3891206b4d35a6b5ad66e9309a62&hash=4240B12040AB85FEEDA27B0FB353310C,2026-09-25,transcribed,"DERIVED by agent: CRA flower sales dollars / (flower pounds sold x 16) from the same monthly report, the CRA definition of ""Average Retail Flower Price (oz.)"". Task 4 re-reading confirmed this identity against the printed price for every month Jan 2024 to Feb 2026. Beyond month 48; retained for floor analysis. Tax treatment not stated."
MI,2025-09,month,69,adult_use,retail,flower,all,weighted_avg,usd_per_ounce,63.16,unknown,"Michigan Cannabis Regulatory Agency, Monthly Report",https://www.michigan.gov/cra/-/media/Project/Websites/cra/Agency-Reports/Statistical-Reports/monthly-report/September-Monthly-Report-2025.pdf?rev=049391dda5094643bc5a8118a59ebf2b&hash=8838A05AAE56C263B2B8CA2DDC217042,2026-09-25,transcribed,"DERIVED by agent: CRA flower sales dollars / (flower pounds sold x 16) from the same monthly report, the CRA definition of ""Average Retail Flower Price (oz.)"". Task 4 re-reading confirmed this identity against the printed price for every month Jan 2024 to Feb 2026. Beyond month 48; retained for floor analysis. Tax treatment not stated."
MI,2025-09,month,69,medical,retail,flower,all,weighted_avg,usd_per_ounce,81.59,unknown,"Michigan Cannabis Regulatory Agency, Monthly Report",https://www.michigan.gov/cra/-/media/Project/Websites/cra/Agency-Reports/Statistical-Reports/monthly-report/September-Monthly-Report-2025.pdf?rev=049391dda5094643bc5a8118a59ebf2b&hash=8838A05AAE56C263B2B8CA2DDC217042,2026-09-25,transcribed,"DERIVED by agent: CRA flower sales dollars / (flower pounds sold x 16) from the same monthly report, the CRA definition of ""Average Retail Flower Price (oz.)"". Task 4 re-reading confirmed this identity against the printed price for every month Jan 2024 to Feb 2026. Beyond month 48; retained for floor analysis. Tax treatment not stated."
MI,2025-10,month,70,adult_use,retail,flower,all,weighted_avg,usd_per_ounce,61.91,unknown,"Michigan Cannabis Regulatory Agency, Monthly Report",https://www.michigan.gov/cra/-/media/Project/Websites/cra/Agency-Reports/Statistical-Reports/monthly-report/October-Monthly-Report-2025.pdf?rev=f535fbafc0bd4f89945886e18bc07d2d&hash=73822EE616B607CD78FC49368109EB47,2026-09-25,transcribed,"DERIVED by agent: CRA flower sales dollars / (flower pounds sold x 16) from the same monthly report, the CRA definition of ""Average Retail Flower Price (oz.)"". Task 4 re-reading confirmed this identity against the printed price for every month Jan 2024 to Feb 2026. Beyond month 48; retained for floor analysis. Tax treatment not stated."
MI,2025-10,month,70,medical,retail,flower,all,weighted_avg,usd_per_ounce,83.95,unknown,"Michigan Cannabis Regulatory Agency, Monthly Report",https://www.michigan.gov/cra/-/media/Project/Websites/cra/Agency-Reports/Statistical-Reports/monthly-report/October-Monthly-Report-2025.pdf?rev=f535fbafc0bd4f89945886e18bc07d2d&hash=73822EE616B607CD78FC49368109EB47,2026-09-25,transcribed,"DERIVED by agent: CRA flower sales dollars / (flower pounds sold x 16) from the same monthly report, the CRA definition of ""Average Retail Flower Price (oz.)"". Task 4 re-reading confirmed this identity against the printed price for every month Jan 2024 to Feb 2026. Beyond month 48; retained for floor analysis. Tax treatment not stated."
MI,2025-11,month,71,adult_use,retail,flower,all,weighted_avg,usd_per_ounce,59.79,unknown,"Michigan Cannabis Regulatory Agency, Monthly Report",https://www.michigan.gov/cra/-/media/Project/Websites/cra/Agency-Reports/Statistical-Reports/monthly-report/November-2025-Monthly-Report.pdf?rev=1f5da2b98dbb4b8c8fb0879a54fc50ef&hash=B87F4325B48B06EE19D36C0C302BC146,2026-09-25,transcribed,"DERIVED by agent: CRA flower sales dollars / (flower pounds sold x 16) from the same monthly report, the CRA definition of ""Average Retail Flower Price (oz.)"". Task 4 re-reading confirmed this identity against the printed price for every month Jan 2024 to Feb 2026. Beyond month 48; retained for floor analysis. Tax treatment not stated."
MI,2025-11,month,71,medical,retail,flower,all,weighted_avg,usd_per_ounce,85.36,unknown,"Michigan Cannabis Regulatory Agency, Monthly Report",https://www.michigan.gov/cra/-/media/Project/Websites/cra/Agency-Reports/Statistical-Reports/monthly-report/November-2025-Monthly-Report.pdf?rev=1f5da2b98dbb4b8c8fb0879a54fc50ef&hash=B87F4325B48B06EE19D36C0C302BC146,2026-09-25,transcribed,"DERIVED by agent: CRA flower sales dollars / (flower pounds sold x 16) from the same monthly report, the CRA definition of ""Average Retail Flower Price (oz.)"". Task 4 re-reading confirmed this identity against the printed price for every month Jan 2024 to Feb 2026. Beyond month 48; retained for floor analysis. Tax treatment not stated."
MI,2025-12,month,72,adult_use,retail,flower,all,weighted_avg,usd_per_ounce,58.22,unknown,"Michigan Cannabis Regulatory Agency, Monthly Report",https://www.michigan.gov/cra/-/media/Project/Websites/cra/Agency-Reports/Statistical-Reports/monthly-report/December-2025-Monthly-Report.pdf?rev=c6cf1ee04a50450e9ae61d3c74046797&hash=8B2C49D88B848CF732DDF87C6F34AB02,2026-09-25,transcribed,"DERIVED by agent: CRA flower sales dollars / (flower pounds sold x 16) from the same monthly report, the CRA definition of ""Average Retail Flower Price (oz.)"". Task 4 re-reading confirmed this identity against the printed price for every month Jan 2024 to Feb 2026. Beyond month 48; retained for floor analysis. Tax treatment not stated."
MI,2025-12,month,72,medical,retail,flower,all,weighted_avg,usd_per_ounce,84.76,unknown,"Michigan Cannabis Regulatory Agency, Monthly Report",https://www.michigan.gov/cra/-/media/Project/Websites/cra/Agency-Reports/Statistical-Reports/monthly-report/December-2025-Monthly-Report.pdf?rev=c6cf1ee04a50450e9ae61d3c74046797&hash=8B2C49D88B848CF732DDF87C6F34AB02,2026-09-25,transcribed,"DERIVED by agent: CRA flower sales dollars / (flower pounds sold x 16) from the same monthly report, the CRA definition of ""Average Retail Flower Price (oz.)"". Task 4 re-reading confirmed this identity against the printed price for every month Jan 2024 to Feb 2026. Beyond month 48; retained for floor analysis. Tax treatment not stated."
MI,2026-01,month,73,adult_use,retail,flower,all,weighted_avg,usd_per_ounce,59.07,unknown,"Michigan Cannabis Regulatory Agency, Monthly Report",https://www.michigan.gov/cra/-/media/Project/Websites/cra/Agency-Reports/Statistical-Reports/monthly-report/January-2026-Monthly-Report.pdf?rev=e632899955454aa68b3852163014be1c&hash=609A2A87776B80D3FB2F24910A75462C,2026-09-25,transcribed,"DERIVED by agent: CRA flower sales dollars / (flower pounds sold x 16) from the same monthly report, the CRA definition of ""Average Retail Flower Price (oz.)"". Task 4 re-reading confirmed this identity against the printed price for every month Jan 2024 to Feb 2026. Beyond month 48; retained for floor analysis. Tax treatment not stated."
MI,2026-01,month,73,medical,retail,flower,all,weighted_avg,usd_per_ounce,84.06,unknown,"Michigan Cannabis Regulatory Agency, Monthly Report",https://www.michigan.gov/cra/-/media/Project/Websites/cra/Agency-Reports/Statistical-Reports/monthly-report/January-2026-Monthly-Report.pdf?rev=e632899955454aa68b3852163014be1c&hash=609A2A87776B80D3FB2F24910A75462C,2026-09-25,transcribed,"DERIVED by agent: CRA flower sales dollars / (flower pounds sold x 16) from the same monthly report, the CRA definition of ""Average Retail Flower Price (oz.)"". Task 4 re-reading confirmed this identity against the printed price for every month Jan 2024 to Feb 2026. Beyond month 48; retained for floor analysis. Tax treatment not stated."
MI,2026-02,month,74,adult_use,retail,flower,all,weighted_avg,usd_per_ounce,59.86,unknown,"Michigan Cannabis Regulatory Agency, Monthly Report",https://www.michigan.gov/cra/-/media/Project/Websites/cra/Agency-Reports/Statistical-Reports/monthly-report/February-2026-Monthly-Report.pdf?rev=ea9eb35f91494dfc986a925afcc4e93e&hash=2BE211C082223AB9619FBA72F92D841E,2026-09-25,transcribed,"DERIVED by agent: CRA flower sales dollars / (flower pounds sold x 16) from the same monthly report, the CRA definition of ""Average Retail Flower Price (oz.)"". Task 4 re-reading confirmed this identity against the printed price for every month Jan 2024 to Feb 2026. Beyond month 48; retained for floor analysis. Tax treatment not stated."
MI,2026-02,month,74,medical,retail,flower,all,weighted_avg,usd_per_ounce,79.47,unknown,"Michigan Cannabis Regulatory Agency, Monthly Report",https://www.michigan.gov/cra/-/media/Project/Websites/cra/Agency-Reports/Statistical-Reports/monthly-report/February-2026-Monthly-Report.pdf?rev=ea9eb35f91494dfc986a925afcc4e93e&hash=2BE211C082223AB9619FBA72F92D841E,2026-09-25,transcribed,"DERIVED by agent: CRA flower sales dollars / (flower pounds sold x 16) from the same monthly report, the CRA definition of ""Average Retail Flower Price (oz.)"". Task 4 re-reading confirmed this identity against the printed price for every month Jan 2024 to Feb 2026. Beyond month 48; retained for floor analysis. Tax treatment not stated."
MI,2026-03,month,75,adult_use,retail,flower,all,weighted_avg,usd_per_ounce,61.67,unknown,"Michigan Cannabis Regulatory Agency, Monthly Report",https://www.michigan.gov/cra/resources/cannabis-regulatory-agency-licensing-reports/cannabis-regulatory-agency-statistical-report,2026-09-25,transcribed,"CRA 'Average Retail Flower Price (oz.)' = flower sales dollars / (flower pounds sold x 16), i.e. a volume-weighted average; verified against the report's own sales table. Flower excludes shake/trim. Tax treatment not stated. Printed value from the CRA March 2026 Monthly Report (.docx supplied by the author); matches flower sales / (pounds x 16) within $0.01. Beyond month 48; retained for floor analysis."
MI,2026-03,month,75,medical,retail,flower,all,weighted_avg,usd_per_ounce,81.48,unknown,"Michigan Cannabis Regulatory Agency, Monthly Report",https://www.michigan.gov/cra/resources/cannabis-regulatory-agency-licensing-reports/cannabis-regulatory-agency-statistical-report,2026-09-25,transcribed,"CRA 'Average Retail Flower Price (oz.)' = flower sales dollars / (flower pounds sold x 16), i.e. a volume-weighted average; verified against the report's own sales table. Flower excludes shake/trim. Tax treatment not stated. Printed value from the CRA March 2026 Monthly Report (.docx supplied by the author); matches flower sales / (pounds x 16) within $0.01. Beyond month 48; retained for floor analysis."
MI,2026-04,month,76,adult_use,retail,flower,all,weighted_avg,usd_per_ounce,59.05,unknown,"Michigan Cannabis Regulatory Agency, Monthly Report",https://www.michigan.gov/cra/resources/cannabis-regulatory-agency-licensing-reports/cannabis-regulatory-agency-statistical-report,2026-09-25,transcribed,"CRA 'Average Retail Flower Price (oz.)' = flower sales dollars / (flower pounds sold x 16), i.e. a volume-weighted average; verified against the report's own sales table. Flower excludes shake/trim. Tax treatment not stated. Printed value from the CRA April 2026 Monthly Report (.docx supplied by the author); matches flower sales / (pounds x 16) within $0.01. Beyond month 48; retained for floor analysis."
MI,2026-04,month,76,medical,retail,flower,all,weighted_avg,usd_per_ounce,81.32,unknown,"Michigan Cannabis Regulatory Agency, Monthly Report",https://www.michigan.gov/cra/resources/cannabis-regulatory-agency-licensing-reports/cannabis-regulatory-agency-statistical-report,2026-09-25,transcribed,"CRA 'Average Retail Flower Price (oz.)' = flower sales dollars / (flower pounds sold x 16), i.e. a volume-weighted average; verified against the report's own sales table. Flower excludes shake/trim. Tax treatment not stated. Printed value from the CRA April 2026 Monthly Report (.docx supplied by the author); matches flower sales / (pounds x 16) within $0.01. Beyond month 48; retained for floor analysis."
MI,2026-05,month,77,adult_use,retail,flower,all,weighted_avg,usd_per_ounce,59.73,unknown,"Michigan Cannabis Regulatory Agency, Monthly Report",https://www.michigan.gov/cra/resources/cannabis-regulatory-agency-licensing-reports/cannabis-regulatory-agency-statistical-report,2026-09-25,transcribed,"CRA 'Average Retail Flower Price (oz.)' = flower sales dollars / (flower pounds sold x 16), i.e. a volume-weighted average; verified against the report's own sales table. Flower excludes shake/trim. Tax treatment not stated. Printed value from the CRA May 2026 Monthly Report (.docx supplied by the author); matches flower sales / (pounds x 16) within $0.01. Beyond month 48; retained for floor analysis."
MI,2026-05,month,77,medical,retail,flower,all,weighted_avg,usd_per_ounce,74.87,unknown,"Michigan Cannabis Regulatory Agency, Monthly Report",https://www.michigan.gov/cra/resources/cannabis-regulatory-agency-licensing-reports/cannabis-regulatory-agency-statistical-report,2026-09-25,transcribed,"CRA 'Average Retail Flower Price (oz.)' = flower sales dollars / (flower pounds sold x 16), i.e. a volume-weighted average; verified against the report's own sales table. Flower excludes shake/trim. Tax treatment not stated. Printed value from the CRA May 2026 Monthly Report (.docx supplied by the author); matches flower sales / (pounds x 16) within $0.01. Beyond month 48; retained for floor analysis."
MI,2026-06,month,78,adult_use,retail,flower,all,weighted_avg,usd_per_ounce,58.18,unknown,"Michigan Cannabis Regulatory Agency, Monthly Report",https://www.michigan.gov/cra/resources/cannabis-regulatory-agency-licensing-reports/cannabis-regulatory-agency-statistical-report,2026-09-25,transcribed,"CRA 'Average Retail Flower Price (oz.)' = flower sales dollars / (flower pounds sold x 16), i.e. a volume-weighted average; verified against the report's own sales table. Flower excludes shake/trim. Tax treatment not stated. Printed value from the CRA June 2026 Monthly Report (.docx supplied by the author); matches flower sales / (pounds x 16) within $0.01. Beyond month 48; retained for floor analysis."
MI,2026-06,month,78,medical,retail,flower,all,weighted_avg,usd_per_ounce,76.91,unknown,"Michigan Cannabis Regulatory Agency, Monthly Report",https://www.michigan.gov/cra/resources/cannabis-regulatory-agency-licensing-reports/cannabis-regulatory-agency-statistical-report,2026-09-25,transcribed,"CRA 'Average Retail Flower Price (oz.)' = flower sales dollars / (flower pounds sold x 16), i.e. a volume-weighted average; verified against the report's own sales table. Flower excludes shake/trim. Tax treatment not stated. Printed value from the CRA June 2026 Monthly Report (.docx supplied by the author); matches flower sales / (pounds x 16) within $0.01. Beyond month 48; retained for floor analysis."
MI,2026-07,month,79,adult_use,retail,flower,all,weighted_avg,usd_per_ounce,58.95,unknown,"Michigan Cannabis Regulatory Agency, Monthly Report",https://www.michigan.gov/cra/resources/cannabis-regulatory-agency-licensing-reports/cannabis-regulatory-agency-statistical-report,2026-09-25,transcribed,"CRA 'Average Retail Flower Price (oz.)' = flower sales dollars / (flower pounds sold x 16), i.e. a volume-weighted average; verified against the report's own sales table. Flower excludes shake/trim. Tax treatment not stated. Printed value from the CRA July 2026 Monthly Report (.docx supplied by the author); matches flower sales / (pounds x 16) within $0.01. Beyond month 48; retained for floor analysis."
MI,2026-07,month,79,medical,retail,flower,all,weighted_avg,usd_per_ounce,78.86,unknown,"Michigan Cannabis Regulatory Agency, Monthly Report",https://www.michigan.gov/cra/resources/cannabis-regulatory-agency-licensing-reports/cannabis-regulatory-agency-statistical-report,2026-09-25,transcribed,"CRA 'Average Retail Flower Price (oz.)' = flower sales dollars / (flower pounds sold x 16), i.e. a volume-weighted average; verified against the report's own sales table. Flower excludes shake/trim. Tax treatment not stated. Printed value from the CRA July 2026 Monthly Report (.docx supplied by the author); matches flower sales / (pounds x 16) within $0.01. Beyond month 48; retained for floor analysis."
MI,2026-08,month,80,adult_use,retail,flower,all,weighted_avg,usd_per_ounce,60.33,unknown,"Michigan Cannabis Regulatory Agency, Monthly Report",https://www.michigan.gov/cra/resources/cannabis-regulatory-agency-licensing-reports/cannabis-regulatory-agency-statistical-report,2026-09-25,transcribed,"CRA 'Average Retail Flower Price (oz.)' = flower sales dollars / (flower pounds sold x 16), i.e. a volume-weighted average; verified against the report's own sales table. Flower excludes shake/trim. Tax treatment not stated. Printed value from the CRA August 2026 Monthly Report (.docx supplied by the author); matches flower sales / (pounds x 16) within $0.01. Beyond month 48; retained for floor analysis."
MI,2026-08,month,80,medical,retail,flower,all,weighted_avg,usd_per_ounce,79.96,unknown,"Michigan Cannabis Regulatory Agency, Monthly Report",https://www.michigan.gov/cra/resources/cannabis-regulatory-agency-licensing-reports/cannabis-regulatory-agency-statistical-report,2026-09-25,transcribed,"CRA 'Average Retail Flower Price (oz.)' = flower sales dollars / (flower pounds sold x 16), i.e. a volume-weighted average; verified against the report's own sales table. Flower excludes shake/trim. Tax treatment not stated. Printed value from the CRA August 2026 Monthly Report (.docx supplied by the author); matches flower sales / (pounds x 16) within $0.01. Beyond month 48; retained for floor analysis."
