state,period,period_type,months_since_launch,market,level,category,package_size,metric,unit,value,tax_status,source_name,source_url,access_date,extraction_method,notes
IL,2020-01,month,0,adult_use,retail,flower,all,mean,usd_per_gram,17.056701725,unknown,"Illinois Cannabis Regulation Oversight Office, Cannabis Sales Figures dashboard, ""Adult Use Prices"" view (Tableau, public.data.illinois.gov)",https://cannabis.illinois.gov/research-and-data/sales-figures.html,2026-09-24,download,"CROO dashboard measure 'Price per Gram of Item', category 'Buds'. Averaging method (simple vs volume-weighted) and tax treatment not stated on the dashboard."
IL,2020-02,month,1,adult_use,retail,flower,all,mean,usd_per_gram,17.451949279,unknown,"Illinois Cannabis Regulation Oversight Office, Cannabis Sales Figures dashboard, ""Adult Use Prices"" view (Tableau, public.data.illinois.gov)",https://cannabis.illinois.gov/research-and-data/sales-figures.html,2026-09-24,download,"CROO dashboard measure 'Price per Gram of Item', category 'Buds'. Averaging method (simple vs volume-weighted) and tax treatment not stated on the dashboard."
IL,2020-03,month,2,adult_use,retail,flower,all,mean,usd_per_gram,16.749000719,unknown,"Illinois Cannabis Regulation Oversight Office, Cannabis Sales Figures dashboard, ""Adult Use Prices"" view (Tableau, public.data.illinois.gov)",https://cannabis.illinois.gov/research-and-data/sales-figures.html,2026-09-24,download,"CROO dashboard measure 'Price per Gram of Item', category 'Buds'. Averaging method (simple vs volume-weighted) and tax treatment not stated on the dashboard."
IL,2020-04,month,3,adult_use,retail,flower,all,mean,usd_per_gram,17.500040205,unknown,"Illinois Cannabis Regulation Oversight Office, Cannabis Sales Figures dashboard, ""Adult Use Prices"" view (Tableau, public.data.illinois.gov)",https://cannabis.illinois.gov/research-and-data/sales-figures.html,2026-09-24,download,"CROO dashboard measure 'Price per Gram of Item', category 'Buds'. Averaging method (simple vs volume-weighted) and tax treatment not stated on the dashboard."
IL,2020-05,month,4,adult_use,retail,flower,all,mean,usd_per_gram,16.765215755,unknown,"Illinois Cannabis Regulation Oversight Office, Cannabis Sales Figures dashboard, ""Adult Use Prices"" view (Tableau, public.data.illinois.gov)",https://cannabis.illinois.gov/research-and-data/sales-figures.html,2026-09-24,download,"CROO dashboard measure 'Price per Gram of Item', category 'Buds'. Averaging method (simple vs volume-weighted) and tax treatment not stated on the dashboard."
IL,2020-06,month,5,adult_use,retail,flower,all,mean,usd_per_gram,15.643809110,unknown,"Illinois Cannabis Regulation Oversight Office, Cannabis Sales Figures dashboard, ""Adult Use Prices"" view (Tableau, public.data.illinois.gov)",https://cannabis.illinois.gov/research-and-data/sales-figures.html,2026-09-24,download,"CROO dashboard measure 'Price per Gram of Item', category 'Buds'. Averaging method (simple vs volume-weighted) and tax treatment not stated on the dashboard."
IL,2020-07,month,6,adult_use,retail,flower,all,mean,usd_per_gram,15.963964374,unknown,"Illinois Cannabis Regulation Oversight Office, Cannabis Sales Figures dashboard, ""Adult Use Prices"" view (Tableau, public.data.illinois.gov)",https://cannabis.illinois.gov/research-and-data/sales-figures.html,2026-09-24,download,"CROO dashboard measure 'Price per Gram of Item', category 'Buds'. Averaging method (simple vs volume-weighted) and tax treatment not stated on the dashboard."
IL,2020-08,month,7,adult_use,retail,flower,all,mean,usd_per_gram,15.718161549,unknown,"Illinois Cannabis Regulation Oversight Office, Cannabis Sales Figures dashboard, ""Adult Use Prices"" view (Tableau, public.data.illinois.gov)",https://cannabis.illinois.gov/research-and-data/sales-figures.html,2026-09-24,download,"CROO dashboard measure 'Price per Gram of Item', category 'Buds'. Averaging method (simple vs volume-weighted) and tax treatment not stated on the dashboard."
IL,2020-09,month,8,adult_use,retail,flower,all,mean,usd_per_gram,15.761429276,unknown,"Illinois Cannabis Regulation Oversight Office, Cannabis Sales Figures dashboard, ""Adult Use Prices"" view (Tableau, public.data.illinois.gov)",https://cannabis.illinois.gov/research-and-data/sales-figures.html,2026-09-24,download,"CROO dashboard measure 'Price per Gram of Item', category 'Buds'. Averaging method (simple vs volume-weighted) and tax treatment not stated on the dashboard."
IL,2020-10,month,9,adult_use,retail,flower,all,mean,usd_per_gram,14.584437906,unknown,"Illinois Cannabis Regulation Oversight Office, Cannabis Sales Figures dashboard, ""Adult Use Prices"" view (Tableau, public.data.illinois.gov)",https://cannabis.illinois.gov/research-and-data/sales-figures.html,2026-09-24,download,"CROO dashboard measure 'Price per Gram of Item', category 'Buds'. Averaging method (simple vs volume-weighted) and tax treatment not stated on the dashboard."
IL,2020-11,month,10,adult_use,retail,flower,all,mean,usd_per_gram,14.175338298,unknown,"Illinois Cannabis Regulation Oversight Office, Cannabis Sales Figures dashboard, ""Adult Use Prices"" view (Tableau, public.data.illinois.gov)",https://cannabis.illinois.gov/research-and-data/sales-figures.html,2026-09-24,download,"CROO dashboard measure 'Price per Gram of Item', category 'Buds'. Averaging method (simple vs volume-weighted) and tax treatment not stated on the dashboard."
IL,2020-12,month,11,adult_use,retail,flower,all,mean,usd_per_gram,14.129996175,unknown,"Illinois Cannabis Regulation Oversight Office, Cannabis Sales Figures dashboard, ""Adult Use Prices"" view (Tableau, public.data.illinois.gov)",https://cannabis.illinois.gov/research-and-data/sales-figures.html,2026-09-24,download,"CROO dashboard measure 'Price per Gram of Item', category 'Buds'. Averaging method (simple vs volume-weighted) and tax treatment not stated on the dashboard."
IL,2021-01,month,12,adult_use,retail,flower,all,mean,usd_per_gram,14.121137475,unknown,"Illinois Cannabis Regulation Oversight Office, Cannabis Sales Figures dashboard, ""Adult Use Prices"" view (Tableau, public.data.illinois.gov)",https://cannabis.illinois.gov/research-and-data/sales-figures.html,2026-09-24,download,"CROO dashboard measure 'Price per Gram of Item', category 'Buds'. Averaging method (simple vs volume-weighted) and tax treatment not stated on the dashboard."
IL,2021-02,month,13,adult_use,retail,flower,all,mean,usd_per_gram,13.984381065,unknown,"Illinois Cannabis Regulation Oversight Office, Cannabis Sales Figures dashboard, ""Adult Use Prices"" view (Tableau, public.data.illinois.gov)",https://cannabis.illinois.gov/research-and-data/sales-figures.html,2026-09-24,download,"CROO dashboard measure 'Price per Gram of Item', category 'Buds'. Averaging method (simple vs volume-weighted) and tax treatment not stated on the dashboard."
IL,2021-03,month,14,adult_use,retail,flower,all,mean,usd_per_gram,13.722453260,unknown,"Illinois Cannabis Regulation Oversight Office, Cannabis Sales Figures dashboard, ""Adult Use Prices"" view (Tableau, public.data.illinois.gov)",https://cannabis.illinois.gov/research-and-data/sales-figures.html,2026-09-24,download,"CROO dashboard measure 'Price per Gram of Item', category 'Buds'. Averaging method (simple vs volume-weighted) and tax treatment not stated on the dashboard."
IL,2021-04,month,15,adult_use,retail,flower,all,mean,usd_per_gram,14.069950883,unknown,"Illinois Cannabis Regulation Oversight Office, Cannabis Sales Figures dashboard, ""Adult Use Prices"" view (Tableau, public.data.illinois.gov)",https://cannabis.illinois.gov/research-and-data/sales-figures.html,2026-09-24,download,"CROO dashboard measure 'Price per Gram of Item', category 'Buds'. Averaging method (simple vs volume-weighted) and tax treatment not stated on the dashboard."
IL,2021-05,month,16,adult_use,retail,flower,all,mean,usd_per_gram,14.419830778,unknown,"Illinois Cannabis Regulation Oversight Office, Cannabis Sales Figures dashboard, ""Adult Use Prices"" view (Tableau, public.data.illinois.gov)",https://cannabis.illinois.gov/research-and-data/sales-figures.html,2026-09-24,download,"CROO dashboard measure 'Price per Gram of Item', category 'Buds'. Averaging method (simple vs volume-weighted) and tax treatment not stated on the dashboard."
IL,2021-06,month,17,adult_use,retail,flower,all,mean,usd_per_gram,14.556296848,unknown,"Illinois Cannabis Regulation Oversight Office, Cannabis Sales Figures dashboard, ""Adult Use Prices"" view (Tableau, public.data.illinois.gov)",https://cannabis.illinois.gov/research-and-data/sales-figures.html,2026-09-24,download,"CROO dashboard measure 'Price per Gram of Item', category 'Buds'. Averaging method (simple vs volume-weighted) and tax treatment not stated on the dashboard."
IL,2021-07,month,18,adult_use,retail,flower,all,mean,usd_per_gram,14.416314326,unknown,"Illinois Cannabis Regulation Oversight Office, Cannabis Sales Figures dashboard, ""Adult Use Prices"" view (Tableau, public.data.illinois.gov)",https://cannabis.illinois.gov/research-and-data/sales-figures.html,2026-09-24,download,"CROO dashboard measure 'Price per Gram of Item', category 'Buds'. Averaging method (simple vs volume-weighted) and tax treatment not stated on the dashboard."
IL,2021-08,month,19,adult_use,retail,flower,all,mean,usd_per_gram,14.936549534,unknown,"Illinois Cannabis Regulation Oversight Office, Cannabis Sales Figures dashboard, ""Adult Use Prices"" view (Tableau, public.data.illinois.gov)",https://cannabis.illinois.gov/research-and-data/sales-figures.html,2026-09-24,download,"CROO dashboard measure 'Price per Gram of Item', category 'Buds'. Averaging method (simple vs volume-weighted) and tax treatment not stated on the dashboard."
IL,2021-09,month,20,adult_use,retail,flower,all,mean,usd_per_gram,14.599428225,unknown,"Illinois Cannabis Regulation Oversight Office, Cannabis Sales Figures dashboard, ""Adult Use Prices"" view (Tableau, public.data.illinois.gov)",https://cannabis.illinois.gov/research-and-data/sales-figures.html,2026-09-24,download,"CROO dashboard measure 'Price per Gram of Item', category 'Buds'. Averaging method (simple vs volume-weighted) and tax treatment not stated on the dashboard."
IL,2021-10,month,21,adult_use,retail,flower,all,mean,usd_per_gram,14.357245831,unknown,"Illinois Cannabis Regulation Oversight Office, Cannabis Sales Figures dashboard, ""Adult Use Prices"" view (Tableau, public.data.illinois.gov)",https://cannabis.illinois.gov/research-and-data/sales-figures.html,2026-09-24,download,"CROO dashboard measure 'Price per Gram of Item', category 'Buds'. Averaging method (simple vs volume-weighted) and tax treatment not stated on the dashboard."
IL,2021-11,month,22,adult_use,retail,flower,all,mean,usd_per_gram,13.856849950,unknown,"Illinois Cannabis Regulation Oversight Office, Cannabis Sales Figures dashboard, ""Adult Use Prices"" view (Tableau, public.data.illinois.gov)",https://cannabis.illinois.gov/research-and-data/sales-figures.html,2026-09-24,download,"CROO dashboard measure 'Price per Gram of Item', category 'Buds'. Averaging method (simple vs volume-weighted) and tax treatment not stated on the dashboard."
IL,2021-12,month,23,adult_use,retail,flower,all,mean,usd_per_gram,13.497170871,unknown,"Illinois Cannabis Regulation Oversight Office, Cannabis Sales Figures dashboard, ""Adult Use Prices"" view (Tableau, public.data.illinois.gov)",https://cannabis.illinois.gov/research-and-data/sales-figures.html,2026-09-24,download,"CROO dashboard measure 'Price per Gram of Item', category 'Buds'. Averaging method (simple vs volume-weighted) and tax treatment not stated on the dashboard."
IL,2022-01,month,24,adult_use,retail,flower,all,mean,usd_per_gram,13.203851526,unknown,"Illinois Cannabis Regulation Oversight Office, Cannabis Sales Figures dashboard, ""Adult Use Prices"" view (Tableau, public.data.illinois.gov)",https://cannabis.illinois.gov/research-and-data/sales-figures.html,2026-09-24,download,"CROO dashboard measure 'Price per Gram of Item', category 'Buds'. Averaging method (simple vs volume-weighted) and tax treatment not stated on the dashboard."
IL,2022-02,month,25,adult_use,retail,flower,all,mean,usd_per_gram,13.091539477,unknown,"Illinois Cannabis Regulation Oversight Office, Cannabis Sales Figures dashboard, ""Adult Use Prices"" view (Tableau, public.data.illinois.gov)",https://cannabis.illinois.gov/research-and-data/sales-figures.html,2026-09-24,download,"CROO dashboard measure 'Price per Gram of Item', category 'Buds'. Averaging method (simple vs volume-weighted) and tax treatment not stated on the dashboard."
IL,2022-03,month,26,adult_use,retail,flower,all,mean,usd_per_gram,13.209403733,unknown,"Illinois Cannabis Regulation Oversight Office, Cannabis Sales Figures dashboard, ""Adult Use Prices"" view (Tableau, public.data.illinois.gov)",https://cannabis.illinois.gov/research-and-data/sales-figures.html,2026-09-24,download,"CROO dashboard measure 'Price per Gram of Item', category 'Buds'. Averaging method (simple vs volume-weighted) and tax treatment not stated on the dashboard."
IL,2022-04,month,27,adult_use,retail,flower,all,mean,usd_per_gram,13.184996374,unknown,"Illinois Cannabis Regulation Oversight Office, Cannabis Sales Figures dashboard, ""Adult Use Prices"" view (Tableau, public.data.illinois.gov)",https://cannabis.illinois.gov/research-and-data/sales-figures.html,2026-09-24,download,"CROO dashboard measure 'Price per Gram of Item', category 'Buds'. Averaging method (simple vs volume-weighted) and tax treatment not stated on the dashboard."
IL,2022-05,month,28,adult_use,retail,flower,all,mean,usd_per_gram,13.156017801,unknown,"Illinois Cannabis Regulation Oversight Office, Cannabis Sales Figures dashboard, ""Adult Use Prices"" view (Tableau, public.data.illinois.gov)",https://cannabis.illinois.gov/research-and-data/sales-figures.html,2026-09-24,download,"CROO dashboard measure 'Price per Gram of Item', category 'Buds'. Averaging method (simple vs volume-weighted) and tax treatment not stated on the dashboard."
IL,2022-06,month,29,adult_use,retail,flower,all,mean,usd_per_gram,12.833062601,unknown,"Illinois Cannabis Regulation Oversight Office, Cannabis Sales Figures dashboard, ""Adult Use Prices"" view (Tableau, public.data.illinois.gov)",https://cannabis.illinois.gov/research-and-data/sales-figures.html,2026-09-24,download,"CROO dashboard measure 'Price per Gram of Item', category 'Buds'. Averaging method (simple vs volume-weighted) and tax treatment not stated on the dashboard."
IL,2022-07,month,30,adult_use,retail,flower,all,mean,usd_per_gram,12.808330230,unknown,"Illinois Cannabis Regulation Oversight Office, Cannabis Sales Figures dashboard, ""Adult Use Prices"" view (Tableau, public.data.illinois.gov)",https://cannabis.illinois.gov/research-and-data/sales-figures.html,2026-09-24,download,"CROO dashboard measure 'Price per Gram of Item', category 'Buds'. Averaging method (simple vs volume-weighted) and tax treatment not stated on the dashboard."
IL,2022-08,month,31,adult_use,retail,flower,all,mean,usd_per_gram,12.487016709,unknown,"Illinois Cannabis Regulation Oversight Office, Cannabis Sales Figures dashboard, ""Adult Use Prices"" view (Tableau, public.data.illinois.gov)",https://cannabis.illinois.gov/research-and-data/sales-figures.html,2026-09-24,download,"CROO dashboard measure 'Price per Gram of Item', category 'Buds'. Averaging method (simple vs volume-weighted) and tax treatment not stated on the dashboard."
IL,2022-09,month,32,adult_use,retail,flower,all,mean,usd_per_gram,12.279293636,unknown,"Illinois Cannabis Regulation Oversight Office, Cannabis Sales Figures dashboard, ""Adult Use Prices"" view (Tableau, public.data.illinois.gov)",https://cannabis.illinois.gov/research-and-data/sales-figures.html,2026-09-24,download,"CROO dashboard measure 'Price per Gram of Item', category 'Buds'. Averaging method (simple vs volume-weighted) and tax treatment not stated on the dashboard."
IL,2022-10,month,33,adult_use,retail,flower,all,mean,usd_per_gram,12.110757875,unknown,"Illinois Cannabis Regulation Oversight Office, Cannabis Sales Figures dashboard, ""Adult Use Prices"" view (Tableau, public.data.illinois.gov)",https://cannabis.illinois.gov/research-and-data/sales-figures.html,2026-09-24,download,"CROO dashboard measure 'Price per Gram of Item', category 'Buds'. Averaging method (simple vs volume-weighted) and tax treatment not stated on the dashboard."
IL,2022-11,month,34,adult_use,retail,flower,all,mean,usd_per_gram,12.042391718,unknown,"Illinois Cannabis Regulation Oversight Office, Cannabis Sales Figures dashboard, ""Adult Use Prices"" view (Tableau, public.data.illinois.gov)",https://cannabis.illinois.gov/research-and-data/sales-figures.html,2026-09-24,download,"CROO dashboard measure 'Price per Gram of Item', category 'Buds'. Averaging method (simple vs volume-weighted) and tax treatment not stated on the dashboard."
IL,2022-12,month,35,adult_use,retail,flower,all,mean,usd_per_gram,11.554075308,unknown,"Illinois Cannabis Regulation Oversight Office, Cannabis Sales Figures dashboard, ""Adult Use Prices"" view (Tableau, public.data.illinois.gov)",https://cannabis.illinois.gov/research-and-data/sales-figures.html,2026-09-24,download,"CROO dashboard measure 'Price per Gram of Item', category 'Buds'. Averaging method (simple vs volume-weighted) and tax treatment not stated on the dashboard."
IL,2023-01,month,36,adult_use,retail,flower,all,mean,usd_per_gram,11.554075308,unknown,"Illinois Cannabis Regulation Oversight Office, Cannabis Sales Figures dashboard, ""Adult Use Prices"" view (Tableau, public.data.illinois.gov)",https://cannabis.illinois.gov/research-and-data/sales-figures.html,2026-09-24,download,"CROO dashboard measure 'Price per Gram of Item', category 'Buds'. Averaging method (simple vs volume-weighted) and tax treatment not stated on the dashboard. Identical to Dec 2022 in every category and both markets; likely a carried-forward value, not an independent January observation. Use with caution."
IL,2023-02,month,37,adult_use,retail,flower,all,mean,usd_per_gram,11.355183786,unknown,"Illinois Cannabis Regulation Oversight Office, Cannabis Sales Figures dashboard, ""Adult Use Prices"" view (Tableau, public.data.illinois.gov)",https://cannabis.illinois.gov/research-and-data/sales-figures.html,2026-09-24,download,"CROO dashboard measure 'Price per Gram of Item', category 'Buds'. Averaging method (simple vs volume-weighted) and tax treatment not stated on the dashboard."
IL,2023-03,month,38,adult_use,retail,flower,all,mean,usd_per_gram,10.921816484,unknown,"Illinois Cannabis Regulation Oversight Office, Cannabis Sales Figures dashboard, ""Adult Use Prices"" view (Tableau, public.data.illinois.gov)",https://cannabis.illinois.gov/research-and-data/sales-figures.html,2026-09-24,download,"CROO dashboard measure 'Price per Gram of Item', category 'Buds'. Averaging method (simple vs volume-weighted) and tax treatment not stated on the dashboard."
IL,2023-04,month,39,adult_use,retail,flower,all,mean,usd_per_gram,10.49,unknown,"Illinois Cannabis Regulation Oversight Office, Cannabis Sales Figures dashboard, ""Adult Use Prices"" view (Tableau, public.data.illinois.gov)",https://cannabis.illinois.gov/research-and-data/sales-figures.html,2026-09-24,download,"CROO dashboard measure 'Price per Gram of Item', category 'Buds'. Averaging method (simple vs volume-weighted) and tax treatment not stated on the dashboard. Published at 2-decimal precision, unlike most months (which carry 9); possibly entered separately."
IL,2023-05,month,40,adult_use,retail,flower,all,mean,usd_per_gram,10.37,unknown,"Illinois Cannabis Regulation Oversight Office, Cannabis Sales Figures dashboard, ""Adult Use Prices"" view (Tableau, public.data.illinois.gov)",https://cannabis.illinois.gov/research-and-data/sales-figures.html,2026-09-24,download,"CROO dashboard measure 'Price per Gram of Item', category 'Buds'. Averaging method (simple vs volume-weighted) and tax treatment not stated on the dashboard. Published at 2-decimal precision, unlike most months (which carry 9); possibly entered separately."
IL,2023-06,month,41,adult_use,retail,flower,all,mean,usd_per_gram,10.203927043,unknown,"Illinois Cannabis Regulation Oversight Office, Cannabis Sales Figures dashboard, ""Adult Use Prices"" view (Tableau, public.data.illinois.gov)",https://cannabis.illinois.gov/research-and-data/sales-figures.html,2026-09-24,download,"CROO dashboard measure 'Price per Gram of Item', category 'Buds'. Averaging method (simple vs volume-weighted) and tax treatment not stated on the dashboard."
IL,2023-07,month,42,adult_use,retail,flower,all,mean,usd_per_gram,10.032824039,unknown,"Illinois Cannabis Regulation Oversight Office, Cannabis Sales Figures dashboard, ""Adult Use Prices"" view (Tableau, public.data.illinois.gov)",https://cannabis.illinois.gov/research-and-data/sales-figures.html,2026-09-24,download,"CROO dashboard measure 'Price per Gram of Item', category 'Buds'. Averaging method (simple vs volume-weighted) and tax treatment not stated on the dashboard."
IL,2023-08,month,43,adult_use,retail,flower,all,mean,usd_per_gram,9.785058675,unknown,"Illinois Cannabis Regulation Oversight Office, Cannabis Sales Figures dashboard, ""Adult Use Prices"" view (Tableau, public.data.illinois.gov)",https://cannabis.illinois.gov/research-and-data/sales-figures.html,2026-09-24,download,"CROO dashboard measure 'Price per Gram of Item', category 'Buds'. Averaging method (simple vs volume-weighted) and tax treatment not stated on the dashboard."
IL,2023-09,month,44,adult_use,retail,flower,all,mean,usd_per_gram,9.780033947,unknown,"Illinois Cannabis Regulation Oversight Office, Cannabis Sales Figures dashboard, ""Adult Use Prices"" view (Tableau, public.data.illinois.gov)",https://cannabis.illinois.gov/research-and-data/sales-figures.html,2026-09-24,download,"CROO dashboard measure 'Price per Gram of Item', category 'Buds'. Averaging method (simple vs volume-weighted) and tax treatment not stated on the dashboard."
IL,2023-10,month,45,adult_use,retail,flower,all,mean,usd_per_gram,9.627650808,unknown,"Illinois Cannabis Regulation Oversight Office, Cannabis Sales Figures dashboard, ""Adult Use Prices"" view (Tableau, public.data.illinois.gov)",https://cannabis.illinois.gov/research-and-data/sales-figures.html,2026-09-24,download,"CROO dashboard measure 'Price per Gram of Item', category 'Buds'. Averaging method (simple vs volume-weighted) and tax treatment not stated on the dashboard."
IL,2023-11,month,46,adult_use,retail,flower,all,mean,usd_per_gram,9.468433051,unknown,"Illinois Cannabis Regulation Oversight Office, Cannabis Sales Figures dashboard, ""Adult Use Prices"" view (Tableau, public.data.illinois.gov)",https://cannabis.illinois.gov/research-and-data/sales-figures.html,2026-09-24,download,"CROO dashboard measure 'Price per Gram of Item', category 'Buds'. Averaging method (simple vs volume-weighted) and tax treatment not stated on the dashboard."
IL,2023-12,month,47,adult_use,retail,flower,all,mean,usd_per_gram,9.840474804,unknown,"Illinois Cannabis Regulation Oversight Office, Cannabis Sales Figures dashboard, ""Adult Use Prices"" view (Tableau, public.data.illinois.gov)",https://cannabis.illinois.gov/research-and-data/sales-figures.html,2026-09-24,download,"CROO dashboard measure 'Price per Gram of Item', category 'Buds'. Averaging method (simple vs volume-weighted) and tax treatment not stated on the dashboard."
IL,2024-01,month,48,adult_use,retail,flower,all,mean,usd_per_gram,9.177063336,unknown,"Illinois Cannabis Regulation Oversight Office, Cannabis Sales Figures dashboard, ""Adult Use Prices"" view (Tableau, public.data.illinois.gov)",https://cannabis.illinois.gov/research-and-data/sales-figures.html,2026-09-24,download,"CROO dashboard measure 'Price per Gram of Item', category 'Buds'. Averaging method (simple vs volume-weighted) and tax treatment not stated on the dashboard."
IL,2024-02,month,49,adult_use,retail,flower,all,mean,usd_per_gram,9.405821554,unknown,"Illinois Cannabis Regulation Oversight Office, Cannabis Sales Figures dashboard, ""Adult Use Prices"" view (Tableau, public.data.illinois.gov)",https://cannabis.illinois.gov/research-and-data/sales-figures.html,2026-09-24,download,"CROO dashboard measure 'Price per Gram of Item', category 'Buds'. Averaging method (simple vs volume-weighted) and tax treatment not stated on the dashboard. Beyond month 48; retained for floor analysis."
IL,2024-03,month,50,adult_use,retail,flower,all,mean,usd_per_gram,9.203814304,unknown,"Illinois Cannabis Regulation Oversight Office, Cannabis Sales Figures dashboard, ""Adult Use Prices"" view (Tableau, public.data.illinois.gov)",https://cannabis.illinois.gov/research-and-data/sales-figures.html,2026-09-24,download,"CROO dashboard measure 'Price per Gram of Item', category 'Buds'. Averaging method (simple vs volume-weighted) and tax treatment not stated on the dashboard. Beyond month 48; retained for floor analysis."
IL,2024-04,month,51,adult_use,retail,flower,all,mean,usd_per_gram,9.16,unknown,"Illinois Cannabis Regulation Oversight Office, Cannabis Sales Figures dashboard, ""Adult Use Prices"" view (Tableau, public.data.illinois.gov)",https://cannabis.illinois.gov/research-and-data/sales-figures.html,2026-09-24,download,"CROO dashboard measure 'Price per Gram of Item', category 'Buds'. Averaging method (simple vs volume-weighted) and tax treatment not stated on the dashboard. Beyond month 48; retained for floor analysis. Published at 2-decimal precision, unlike most months (which carry 9); possibly entered separately."
IL,2024-05,month,52,adult_use,retail,flower,all,mean,usd_per_gram,9.29,unknown,"Illinois Cannabis Regulation Oversight Office, Cannabis Sales Figures dashboard, ""Adult Use Prices"" view (Tableau, public.data.illinois.gov)",https://cannabis.illinois.gov/research-and-data/sales-figures.html,2026-09-24,download,"CROO dashboard measure 'Price per Gram of Item', category 'Buds'. Averaging method (simple vs volume-weighted) and tax treatment not stated on the dashboard. Beyond month 48; retained for floor analysis. Published at 2-decimal precision, unlike most months (which carry 9); possibly entered separately."
IL,2024-06,month,53,adult_use,retail,flower,all,mean,usd_per_gram,9.2,unknown,"Illinois Cannabis Regulation Oversight Office, Cannabis Sales Figures dashboard, ""Adult Use Prices"" view (Tableau, public.data.illinois.gov)",https://cannabis.illinois.gov/research-and-data/sales-figures.html,2026-09-24,download,"CROO dashboard measure 'Price per Gram of Item', category 'Buds'. Averaging method (simple vs volume-weighted) and tax treatment not stated on the dashboard. Beyond month 48; retained for floor analysis. Published at 2-decimal precision, unlike most months (which carry 9); possibly entered separately."
IL,2024-07,month,54,adult_use,retail,flower,all,mean,usd_per_gram,9.042753672,unknown,"Illinois Cannabis Regulation Oversight Office, Cannabis Sales Figures dashboard, ""Adult Use Prices"" view (Tableau, public.data.illinois.gov)",https://cannabis.illinois.gov/research-and-data/sales-figures.html,2026-09-24,download,"CROO dashboard measure 'Price per Gram of Item', category 'Buds'. Averaging method (simple vs volume-weighted) and tax treatment not stated on the dashboard. Beyond month 48; retained for floor analysis."
IL,2024-08,month,55,adult_use,retail,flower,all,mean,usd_per_gram,8.81,unknown,"Illinois Cannabis Regulation Oversight Office, Cannabis Sales Figures dashboard, ""Adult Use Prices"" view (Tableau, public.data.illinois.gov)",https://cannabis.illinois.gov/research-and-data/sales-figures.html,2026-09-24,download,"CROO dashboard measure 'Price per Gram of Item', category 'Buds'. Averaging method (simple vs volume-weighted) and tax treatment not stated on the dashboard. Beyond month 48; retained for floor analysis. Published at 2-decimal precision, unlike most months (which carry 9); possibly entered separately."
IL,2024-09,month,56,adult_use,retail,flower,all,mean,usd_per_gram,8.766886059,unknown,"Illinois Cannabis Regulation Oversight Office, Cannabis Sales Figures dashboard, ""Adult Use Prices"" view (Tableau, public.data.illinois.gov)",https://cannabis.illinois.gov/research-and-data/sales-figures.html,2026-09-24,download,"CROO dashboard measure 'Price per Gram of Item', category 'Buds'. Averaging method (simple vs volume-weighted) and tax treatment not stated on the dashboard. Beyond month 48; retained for floor analysis."
IL,2024-10,month,57,adult_use,retail,flower,all,mean,usd_per_gram,8.67,unknown,"Illinois Cannabis Regulation Oversight Office, Cannabis Sales Figures dashboard, ""Adult Use Prices"" view (Tableau, public.data.illinois.gov)",https://cannabis.illinois.gov/research-and-data/sales-figures.html,2026-09-24,download,"CROO dashboard measure 'Price per Gram of Item', category 'Buds'. Averaging method (simple vs volume-weighted) and tax treatment not stated on the dashboard. Beyond month 48; retained for floor analysis. Published at 2-decimal precision, unlike most months (which carry 9); possibly entered separately."
IL,2024-11,month,58,adult_use,retail,flower,all,mean,usd_per_gram,8.63,unknown,"Illinois Cannabis Regulation Oversight Office, Cannabis Sales Figures dashboard, ""Adult Use Prices"" view (Tableau, public.data.illinois.gov)",https://cannabis.illinois.gov/research-and-data/sales-figures.html,2026-09-24,download,"CROO dashboard measure 'Price per Gram of Item', category 'Buds'. Averaging method (simple vs volume-weighted) and tax treatment not stated on the dashboard. Beyond month 48; retained for floor analysis. Published at 2-decimal precision, unlike most months (which carry 9); possibly entered separately."
IL,2024-12,month,59,adult_use,retail,flower,all,mean,usd_per_gram,8.614357645,unknown,"Illinois Cannabis Regulation Oversight Office, Cannabis Sales Figures dashboard, ""Adult Use Prices"" view (Tableau, public.data.illinois.gov)",https://cannabis.illinois.gov/research-and-data/sales-figures.html,2026-09-24,download,"CROO dashboard measure 'Price per Gram of Item', category 'Buds'. Averaging method (simple vs volume-weighted) and tax treatment not stated on the dashboard. Beyond month 48; retained for floor analysis."
IL,2025-01,month,60,adult_use,retail,flower,all,mean,usd_per_gram,8.51,unknown,"Illinois Cannabis Regulation Oversight Office, Cannabis Sales Figures dashboard, ""Adult Use Prices"" view (Tableau, public.data.illinois.gov)",https://cannabis.illinois.gov/research-and-data/sales-figures.html,2026-09-24,download,"CROO dashboard measure 'Price per Gram of Item', category 'Buds'. Averaging method (simple vs volume-weighted) and tax treatment not stated on the dashboard. Beyond month 48; retained for floor analysis. Published at 2-decimal precision, unlike most months (which carry 9); possibly entered separately."
IL,2025-02,month,61,adult_use,retail,flower,all,mean,usd_per_gram,8.4,unknown,"Illinois Cannabis Regulation Oversight Office, Cannabis Sales Figures dashboard, ""Adult Use Prices"" view (Tableau, public.data.illinois.gov)",https://cannabis.illinois.gov/research-and-data/sales-figures.html,2026-09-24,download,"CROO dashboard measure 'Price per Gram of Item', category 'Buds'. Averaging method (simple vs volume-weighted) and tax treatment not stated on the dashboard. Beyond month 48; retained for floor analysis. Published at 2-decimal precision, unlike most months (which carry 9); possibly entered separately."
IL,2025-03,month,62,adult_use,retail,flower,all,mean,usd_per_gram,8.32,unknown,"Illinois Cannabis Regulation Oversight Office, Cannabis Sales Figures dashboard, ""Adult Use Prices"" view (Tableau, public.data.illinois.gov)",https://cannabis.illinois.gov/research-and-data/sales-figures.html,2026-09-24,download,"CROO dashboard measure 'Price per Gram of Item', category 'Buds'. Averaging method (simple vs volume-weighted) and tax treatment not stated on the dashboard. Beyond month 48; retained for floor analysis. Published at 2-decimal precision, unlike most months (which carry 9); possibly entered separately."
IL,2025-04,month,63,adult_use,retail,flower,all,mean,usd_per_gram,8.089294303,unknown,"Illinois Cannabis Regulation Oversight Office, Cannabis Sales Figures dashboard, ""Adult Use Prices"" view (Tableau, public.data.illinois.gov)",https://cannabis.illinois.gov/research-and-data/sales-figures.html,2026-09-24,download,"CROO dashboard measure 'Price per Gram of Item', category 'Buds'. Averaging method (simple vs volume-weighted) and tax treatment not stated on the dashboard. Beyond month 48; retained for floor analysis."
IL,2025-05,month,64,adult_use,retail,flower,all,mean,usd_per_gram,8.14,unknown,"Illinois Cannabis Regulation Oversight Office, Cannabis Sales Figures dashboard, ""Adult Use Prices"" view (Tableau, public.data.illinois.gov)",https://cannabis.illinois.gov/research-and-data/sales-figures.html,2026-09-24,download,"CROO dashboard measure 'Price per Gram of Item', category 'Buds'. Averaging method (simple vs volume-weighted) and tax treatment not stated on the dashboard. Beyond month 48; retained for floor analysis. Published at 2-decimal precision, unlike most months (which carry 9); possibly entered separately."
IL,2025-06,month,65,adult_use,retail,flower,all,mean,usd_per_gram,8.98,unknown,"Illinois Cannabis Regulation Oversight Office, Cannabis Sales Figures dashboard, ""Adult Use Prices"" view (Tableau, public.data.illinois.gov)",https://cannabis.illinois.gov/research-and-data/sales-figures.html,2026-09-24,download,"CROO dashboard measure 'Price per Gram of Item', category 'Buds'. Averaging method (simple vs volume-weighted) and tax treatment not stated on the dashboard. Beyond month 48; retained for floor analysis. Published at 2-decimal precision, unlike most months (which carry 9); possibly entered separately. After a level shift in Jun-Jul 2025 across all categories and both markets (e.g., adult-use flower $8.98 Jun to $6.71 Jul 2025). CROO says its price charts were regrouped to reflect new seed-to-sale definitions; treat as a possible definition break."
IL,2025-07,month,66,adult_use,retail,flower,all,mean,usd_per_gram,6.71,unknown,"Illinois Cannabis Regulation Oversight Office, Cannabis Sales Figures dashboard, ""Adult Use Prices"" view (Tableau, public.data.illinois.gov)",https://cannabis.illinois.gov/research-and-data/sales-figures.html,2026-09-24,download,"CROO dashboard measure 'Price per Gram of Item', category 'Buds'. Averaging method (simple vs volume-weighted) and tax treatment not stated on the dashboard. Beyond month 48; retained for floor analysis. Published at 2-decimal precision, unlike most months (which carry 9); possibly entered separately. After a level shift in Jun-Jul 2025 across all categories and both markets (e.g., adult-use flower $8.98 Jun to $6.71 Jul 2025). CROO says its price charts were regrouped to reflect new seed-to-sale definitions; treat as a possible definition break."
IL,2025-08,month,67,adult_use,retail,flower,all,mean,usd_per_gram,6.51,unknown,"Illinois Cannabis Regulation Oversight Office, Cannabis Sales Figures dashboard, ""Adult Use Prices"" view (Tableau, public.data.illinois.gov)",https://cannabis.illinois.gov/research-and-data/sales-figures.html,2026-09-24,download,"CROO dashboard measure 'Price per Gram of Item', category 'Buds'. Averaging method (simple vs volume-weighted) and tax treatment not stated on the dashboard. Beyond month 48; retained for floor analysis. Published at 2-decimal precision, unlike most months (which carry 9); possibly entered separately. After a level shift in Jun-Jul 2025 across all categories and both markets (e.g., adult-use flower $8.98 Jun to $6.71 Jul 2025). CROO says its price charts were regrouped to reflect new seed-to-sale definitions; treat as a possible definition break."
IL,2025-09,month,68,adult_use,retail,flower,all,mean,usd_per_gram,6.29,unknown,"Illinois Cannabis Regulation Oversight Office, Cannabis Sales Figures dashboard, ""Adult Use Prices"" view (Tableau, public.data.illinois.gov)",https://cannabis.illinois.gov/research-and-data/sales-figures.html,2026-09-24,download,"CROO dashboard measure 'Price per Gram of Item', category 'Buds'. Averaging method (simple vs volume-weighted) and tax treatment not stated on the dashboard. Beyond month 48; retained for floor analysis. Published at 2-decimal precision, unlike most months (which carry 9); possibly entered separately. After a level shift in Jun-Jul 2025 across all categories and both markets (e.g., adult-use flower $8.98 Jun to $6.71 Jul 2025). CROO says its price charts were regrouped to reflect new seed-to-sale definitions; treat as a possible definition break."
IL,2025-10,month,69,adult_use,retail,flower,all,mean,usd_per_gram,6.25,unknown,"Illinois Cannabis Regulation Oversight Office, Cannabis Sales Figures dashboard, ""Adult Use Prices"" view (Tableau, public.data.illinois.gov)",https://cannabis.illinois.gov/research-and-data/sales-figures.html,2026-09-24,download,"CROO dashboard measure 'Price per Gram of Item', category 'Buds'. Averaging method (simple vs volume-weighted) and tax treatment not stated on the dashboard. Beyond month 48; retained for floor analysis. Published at 2-decimal precision, unlike most months (which carry 9); possibly entered separately. After a level shift in Jun-Jul 2025 across all categories and both markets (e.g., adult-use flower $8.98 Jun to $6.71 Jul 2025). CROO says its price charts were regrouped to reflect new seed-to-sale definitions; treat as a possible definition break."
IL,2025-11,month,70,adult_use,retail,flower,all,mean,usd_per_gram,5.84,unknown,"Illinois Cannabis Regulation Oversight Office, Cannabis Sales Figures dashboard, ""Adult Use Prices"" view (Tableau, public.data.illinois.gov)",https://cannabis.illinois.gov/research-and-data/sales-figures.html,2026-09-24,download,"CROO dashboard measure 'Price per Gram of Item', category 'Buds'. Averaging method (simple vs volume-weighted) and tax treatment not stated on the dashboard. Beyond month 48; retained for floor analysis. Published at 2-decimal precision, unlike most months (which carry 9); possibly entered separately. After a level shift in Jun-Jul 2025 across all categories and both markets (e.g., adult-use flower $8.98 Jun to $6.71 Jul 2025). CROO says its price charts were regrouped to reflect new seed-to-sale definitions; treat as a possible definition break."
IL,2025-12,month,71,adult_use,retail,flower,all,mean,usd_per_gram,5.72,unknown,"Illinois Cannabis Regulation Oversight Office, Cannabis Sales Figures dashboard, ""Adult Use Prices"" view (Tableau, public.data.illinois.gov)",https://cannabis.illinois.gov/research-and-data/sales-figures.html,2026-09-24,download,"CROO dashboard measure 'Price per Gram of Item', category 'Buds'. Averaging method (simple vs volume-weighted) and tax treatment not stated on the dashboard. Beyond month 48; retained for floor analysis. Published at 2-decimal precision, unlike most months (which carry 9); possibly entered separately. After a level shift in Jun-Jul 2025 across all categories and both markets (e.g., adult-use flower $8.98 Jun to $6.71 Jul 2025). CROO says its price charts were regrouped to reflect new seed-to-sale definitions; treat as a possible definition break."
IL,2026-01,month,72,adult_use,retail,flower,all,mean,usd_per_gram,5.91,unknown,"Illinois Cannabis Regulation Oversight Office, Cannabis Sales Figures dashboard, ""Adult Use Prices"" view (Tableau, public.data.illinois.gov)",https://cannabis.illinois.gov/research-and-data/sales-figures.html,2026-09-24,download,"CROO dashboard measure 'Price per Gram of Item', category 'Buds'. Averaging method (simple vs volume-weighted) and tax treatment not stated on the dashboard. Beyond month 48; retained for floor analysis. Published at 2-decimal precision, unlike most months (which carry 9); possibly entered separately. After a level shift in Jun-Jul 2025 across all categories and both markets (e.g., adult-use flower $8.98 Jun to $6.71 Jul 2025). CROO says its price charts were regrouped to reflect new seed-to-sale definitions; treat as a possible definition break."
IL,2026-02,month,73,adult_use,retail,flower,all,mean,usd_per_gram,5.87,unknown,"Illinois Cannabis Regulation Oversight Office, Cannabis Sales Figures dashboard, ""Adult Use Prices"" view (Tableau, public.data.illinois.gov)",https://cannabis.illinois.gov/research-and-data/sales-figures.html,2026-09-24,download,"CROO dashboard measure 'Price per Gram of Item', category 'Buds'. Averaging method (simple vs volume-weighted) and tax treatment not stated on the dashboard. Beyond month 48; retained for floor analysis. Published at 2-decimal precision, unlike most months (which carry 9); possibly entered separately. After a level shift in Jun-Jul 2025 across all categories and both markets (e.g., adult-use flower $8.98 Jun to $6.71 Jul 2025). CROO says its price charts were regrouped to reflect new seed-to-sale definitions; treat as a possible definition break."
IL,2026-03,month,74,adult_use,retail,flower,all,mean,usd_per_gram,5.82,unknown,"Illinois Cannabis Regulation Oversight Office, Cannabis Sales Figures dashboard, ""Adult Use Prices"" view (Tableau, public.data.illinois.gov)",https://cannabis.illinois.gov/research-and-data/sales-figures.html,2026-09-24,download,"CROO dashboard measure 'Price per Gram of Item', category 'Buds'. Averaging method (simple vs volume-weighted) and tax treatment not stated on the dashboard. Beyond month 48; retained for floor analysis. Published at 2-decimal precision, unlike most months (which carry 9); possibly entered separately. After a level shift in Jun-Jul 2025 across all categories and both markets (e.g., adult-use flower $8.98 Jun to $6.71 Jul 2025). CROO says its price charts were regrouped to reflect new seed-to-sale definitions; treat as a possible definition break."
IL,2026-04,month,75,adult_use,retail,flower,all,mean,usd_per_gram,5.63,unknown,"Illinois Cannabis Regulation Oversight Office, Cannabis Sales Figures dashboard, ""Adult Use Prices"" view (Tableau, public.data.illinois.gov)",https://cannabis.illinois.gov/research-and-data/sales-figures.html,2026-09-24,download,"CROO dashboard measure 'Price per Gram of Item', category 'Buds'. Averaging method (simple vs volume-weighted) and tax treatment not stated on the dashboard. Beyond month 48; retained for floor analysis. Published at 2-decimal precision, unlike most months (which carry 9); possibly entered separately. After a level shift in Jun-Jul 2025 across all categories and both markets (e.g., adult-use flower $8.98 Jun to $6.71 Jul 2025). CROO says its price charts were regrouped to reflect new seed-to-sale definitions; treat as a possible definition break."
IL,2026-05,month,76,adult_use,retail,flower,all,mean,usd_per_gram,5.77,unknown,"Illinois Cannabis Regulation Oversight Office, Cannabis Sales Figures dashboard, ""Adult Use Prices"" view (Tableau, public.data.illinois.gov)",https://cannabis.illinois.gov/research-and-data/sales-figures.html,2026-09-24,download,"CROO dashboard measure 'Price per Gram of Item', category 'Buds'. Averaging method (simple vs volume-weighted) and tax treatment not stated on the dashboard. Beyond month 48; retained for floor analysis. Published at 2-decimal precision, unlike most months (which carry 9); possibly entered separately. After a level shift in Jun-Jul 2025 across all categories and both markets (e.g., adult-use flower $8.98 Jun to $6.71 Jul 2025). CROO says its price charts were regrouped to reflect new seed-to-sale definitions; treat as a possible definition break."
IL,2026-06,month,77,adult_use,retail,flower,all,mean,usd_per_gram,5.61,unknown,"Illinois Cannabis Regulation Oversight Office, Cannabis Sales Figures dashboard, ""Adult Use Prices"" view (Tableau, public.data.illinois.gov)",https://cannabis.illinois.gov/research-and-data/sales-figures.html,2026-09-24,download,"CROO dashboard measure 'Price per Gram of Item', category 'Buds'. Averaging method (simple vs volume-weighted) and tax treatment not stated on the dashboard. Beyond month 48; retained for floor analysis. Published at 2-decimal precision, unlike most months (which carry 9); possibly entered separately. After a level shift in Jun-Jul 2025 across all categories and both markets (e.g., adult-use flower $8.98 Jun to $6.71 Jul 2025). CROO says its price charts were regrouped to reflect new seed-to-sale definitions; treat as a possible definition break."
IL,2026-07,month,78,adult_use,retail,flower,all,mean,usd_per_gram,5.52,unknown,"Illinois Cannabis Regulation Oversight Office, Cannabis Sales Figures dashboard, ""Adult Use Prices"" view (Tableau, public.data.illinois.gov)",https://cannabis.illinois.gov/research-and-data/sales-figures.html,2026-09-24,download,"CROO dashboard measure 'Price per Gram of Item', category 'Buds'. Averaging method (simple vs volume-weighted) and tax treatment not stated on the dashboard. Beyond month 48; retained for floor analysis. Published at 2-decimal precision, unlike most months (which carry 9); possibly entered separately. After a level shift in Jun-Jul 2025 across all categories and both markets (e.g., adult-use flower $8.98 Jun to $6.71 Jul 2025). CROO says its price charts were regrouped to reflect new seed-to-sale definitions; treat as a possible definition break."
IL,2026-08,month,79,adult_use,retail,flower,all,mean,usd_per_gram,5.47,unknown,"Illinois Cannabis Regulation Oversight Office, Cannabis Sales Figures dashboard, ""Adult Use Prices"" view (Tableau, public.data.illinois.gov)",https://cannabis.illinois.gov/research-and-data/sales-figures.html,2026-09-24,download,"CROO dashboard measure 'Price per Gram of Item', category 'Buds'. Averaging method (simple vs volume-weighted) and tax treatment not stated on the dashboard. Beyond month 48; retained for floor analysis. Published at 2-decimal precision, unlike most months (which carry 9); possibly entered separately. After a level shift in Jun-Jul 2025 across all categories and both markets (e.g., adult-use flower $8.98 Jun to $6.71 Jul 2025). CROO says its price charts were regrouped to reflect new seed-to-sale definitions; treat as a possible definition break."
IL,2016-03,month,-46,medical,retail,flower,all,mean,usd_per_gram,10.376141490,unknown,"Illinois Cannabis Regulation Oversight Office, Cannabis Sales Figures dashboard, ""Medical Prices"" view (Tableau, public.data.illinois.gov)",https://cannabis.illinois.gov/research-and-data/sales-figures.html,2026-09-24,download,"CROO dashboard measure 'Price per Gram of Item', category 'Buds'. Averaging method (simple vs volume-weighted) and tax treatment not stated on the dashboard. Pre-launch medical month (adult-use sales began Jan 2020)."
IL,2016-04,month,-45,medical,retail,flower,all,mean,usd_per_gram,9.920996535,unknown,"Illinois Cannabis Regulation Oversight Office, Cannabis Sales Figures dashboard, ""Medical Prices"" view (Tableau, public.data.illinois.gov)",https://cannabis.illinois.gov/research-and-data/sales-figures.html,2026-09-24,download,"CROO dashboard measure 'Price per Gram of Item', category 'Buds'. Averaging method (simple vs volume-weighted) and tax treatment not stated on the dashboard. Pre-launch medical month (adult-use sales began Jan 2020)."
IL,2016-05,month,-44,medical,retail,flower,all,mean,usd_per_gram,10.189743417,unknown,"Illinois Cannabis Regulation Oversight Office, Cannabis Sales Figures dashboard, ""Medical Prices"" view (Tableau, public.data.illinois.gov)",https://cannabis.illinois.gov/research-and-data/sales-figures.html,2026-09-24,download,"CROO dashboard measure 'Price per Gram of Item', category 'Buds'. Averaging method (simple vs volume-weighted) and tax treatment not stated on the dashboard. Pre-launch medical month (adult-use sales began Jan 2020)."
IL,2016-06,month,-43,medical,retail,flower,all,mean,usd_per_gram,10.134238659,unknown,"Illinois Cannabis Regulation Oversight Office, Cannabis Sales Figures dashboard, ""Medical Prices"" view (Tableau, public.data.illinois.gov)",https://cannabis.illinois.gov/research-and-data/sales-figures.html,2026-09-24,download,"CROO dashboard measure 'Price per Gram of Item', category 'Buds'. Averaging method (simple vs volume-weighted) and tax treatment not stated on the dashboard. Pre-launch medical month (adult-use sales began Jan 2020)."
IL,2016-07,month,-42,medical,retail,flower,all,mean,usd_per_gram,9.891378587,unknown,"Illinois Cannabis Regulation Oversight Office, Cannabis Sales Figures dashboard, ""Medical Prices"" view (Tableau, public.data.illinois.gov)",https://cannabis.illinois.gov/research-and-data/sales-figures.html,2026-09-24,download,"CROO dashboard measure 'Price per Gram of Item', category 'Buds'. Averaging method (simple vs volume-weighted) and tax treatment not stated on the dashboard. Pre-launch medical month (adult-use sales began Jan 2020)."
IL,2016-08,month,-41,medical,retail,flower,all,mean,usd_per_gram,10.261875953,unknown,"Illinois Cannabis Regulation Oversight Office, Cannabis Sales Figures dashboard, ""Medical Prices"" view (Tableau, public.data.illinois.gov)",https://cannabis.illinois.gov/research-and-data/sales-figures.html,2026-09-24,download,"CROO dashboard measure 'Price per Gram of Item', category 'Buds'. Averaging method (simple vs volume-weighted) and tax treatment not stated on the dashboard. Pre-launch medical month (adult-use sales began Jan 2020)."
IL,2016-09,month,-40,medical,retail,flower,all,mean,usd_per_gram,9.614772049,unknown,"Illinois Cannabis Regulation Oversight Office, Cannabis Sales Figures dashboard, ""Medical Prices"" view (Tableau, public.data.illinois.gov)",https://cannabis.illinois.gov/research-and-data/sales-figures.html,2026-09-24,download,"CROO dashboard measure 'Price per Gram of Item', category 'Buds'. Averaging method (simple vs volume-weighted) and tax treatment not stated on the dashboard. Pre-launch medical month (adult-use sales began Jan 2020)."
IL,2016-10,month,-39,medical,retail,flower,all,mean,usd_per_gram,9.833416520,unknown,"Illinois Cannabis Regulation Oversight Office, Cannabis Sales Figures dashboard, ""Medical Prices"" view (Tableau, public.data.illinois.gov)",https://cannabis.illinois.gov/research-and-data/sales-figures.html,2026-09-24,download,"CROO dashboard measure 'Price per Gram of Item', category 'Buds'. Averaging method (simple vs volume-weighted) and tax treatment not stated on the dashboard. Pre-launch medical month (adult-use sales began Jan 2020)."
IL,2016-11,month,-38,medical,retail,flower,all,mean,usd_per_gram,9.547725540,unknown,"Illinois Cannabis Regulation Oversight Office, Cannabis Sales Figures dashboard, ""Medical Prices"" view (Tableau, public.data.illinois.gov)",https://cannabis.illinois.gov/research-and-data/sales-figures.html,2026-09-24,download,"CROO dashboard measure 'Price per Gram of Item', category 'Buds'. Averaging method (simple vs volume-weighted) and tax treatment not stated on the dashboard. Pre-launch medical month (adult-use sales began Jan 2020)."
IL,2016-12,month,-37,medical,retail,flower,all,mean,usd_per_gram,9.740698582,unknown,"Illinois Cannabis Regulation Oversight Office, Cannabis Sales Figures dashboard, ""Medical Prices"" view (Tableau, public.data.illinois.gov)",https://cannabis.illinois.gov/research-and-data/sales-figures.html,2026-09-24,download,"CROO dashboard measure 'Price per Gram of Item', category 'Buds'. Averaging method (simple vs volume-weighted) and tax treatment not stated on the dashboard. Pre-launch medical month (adult-use sales began Jan 2020)."
IL,2017-01,month,-36,medical,retail,flower,all,mean,usd_per_gram,9.585931906,unknown,"Illinois Cannabis Regulation Oversight Office, Cannabis Sales Figures dashboard, ""Medical Prices"" view (Tableau, public.data.illinois.gov)",https://cannabis.illinois.gov/research-and-data/sales-figures.html,2026-09-24,download,"CROO dashboard measure 'Price per Gram of Item', category 'Buds'. Averaging method (simple vs volume-weighted) and tax treatment not stated on the dashboard. Pre-launch medical month (adult-use sales began Jan 2020)."
IL,2017-02,month,-35,medical,retail,flower,all,mean,usd_per_gram,9.702316884,unknown,"Illinois Cannabis Regulation Oversight Office, Cannabis Sales Figures dashboard, ""Medical Prices"" view (Tableau, public.data.illinois.gov)",https://cannabis.illinois.gov/research-and-data/sales-figures.html,2026-09-24,download,"CROO dashboard measure 'Price per Gram of Item', category 'Buds'. Averaging method (simple vs volume-weighted) and tax treatment not stated on the dashboard. Pre-launch medical month (adult-use sales began Jan 2020)."
IL,2017-03,month,-34,medical,retail,flower,all,mean,usd_per_gram,9.967848612,unknown,"Illinois Cannabis Regulation Oversight Office, Cannabis Sales Figures dashboard, ""Medical Prices"" view (Tableau, public.data.illinois.gov)",https://cannabis.illinois.gov/research-and-data/sales-figures.html,2026-09-24,download,"CROO dashboard measure 'Price per Gram of Item', category 'Buds'. Averaging method (simple vs volume-weighted) and tax treatment not stated on the dashboard. Pre-launch medical month (adult-use sales began Jan 2020)."
IL,2017-04,month,-33,medical,retail,flower,all,mean,usd_per_gram,9.532483029,unknown,"Illinois Cannabis Regulation Oversight Office, Cannabis Sales Figures dashboard, ""Medical Prices"" view (Tableau, public.data.illinois.gov)",https://cannabis.illinois.gov/research-and-data/sales-figures.html,2026-09-24,download,"CROO dashboard measure 'Price per Gram of Item', category 'Buds'. Averaging method (simple vs volume-weighted) and tax treatment not stated on the dashboard. Pre-launch medical month (adult-use sales began Jan 2020)."
IL,2017-05,month,-32,medical,retail,flower,all,mean,usd_per_gram,10.176644085,unknown,"Illinois Cannabis Regulation Oversight Office, Cannabis Sales Figures dashboard, ""Medical Prices"" view (Tableau, public.data.illinois.gov)",https://cannabis.illinois.gov/research-and-data/sales-figures.html,2026-09-24,download,"CROO dashboard measure 'Price per Gram of Item', category 'Buds'. Averaging method (simple vs volume-weighted) and tax treatment not stated on the dashboard. Pre-launch medical month (adult-use sales began Jan 2020)."
IL,2017-06,month,-31,medical,retail,flower,all,mean,usd_per_gram,9.877853648,unknown,"Illinois Cannabis Regulation Oversight Office, Cannabis Sales Figures dashboard, ""Medical Prices"" view (Tableau, public.data.illinois.gov)",https://cannabis.illinois.gov/research-and-data/sales-figures.html,2026-09-24,download,"CROO dashboard measure 'Price per Gram of Item', category 'Buds'. Averaging method (simple vs volume-weighted) and tax treatment not stated on the dashboard. Pre-launch medical month (adult-use sales began Jan 2020)."
IL,2017-07,month,-30,medical,retail,flower,all,mean,usd_per_gram,9.581548495,unknown,"Illinois Cannabis Regulation Oversight Office, Cannabis Sales Figures dashboard, ""Medical Prices"" view (Tableau, public.data.illinois.gov)",https://cannabis.illinois.gov/research-and-data/sales-figures.html,2026-09-24,download,"CROO dashboard measure 'Price per Gram of Item', category 'Buds'. Averaging method (simple vs volume-weighted) and tax treatment not stated on the dashboard. Pre-launch medical month (adult-use sales began Jan 2020)."
IL,2017-08,month,-29,medical,retail,flower,all,mean,usd_per_gram,9.635887342,unknown,"Illinois Cannabis Regulation Oversight Office, Cannabis Sales Figures dashboard, ""Medical Prices"" view (Tableau, public.data.illinois.gov)",https://cannabis.illinois.gov/research-and-data/sales-figures.html,2026-09-24,download,"CROO dashboard measure 'Price per Gram of Item', category 'Buds'. Averaging method (simple vs volume-weighted) and tax treatment not stated on the dashboard. Pre-launch medical month (adult-use sales began Jan 2020)."
IL,2017-09,month,-28,medical,retail,flower,all,mean,usd_per_gram,9.407834583,unknown,"Illinois Cannabis Regulation Oversight Office, Cannabis Sales Figures dashboard, ""Medical Prices"" view (Tableau, public.data.illinois.gov)",https://cannabis.illinois.gov/research-and-data/sales-figures.html,2026-09-24,download,"CROO dashboard measure 'Price per Gram of Item', category 'Buds'. Averaging method (simple vs volume-weighted) and tax treatment not stated on the dashboard. Pre-launch medical month (adult-use sales began Jan 2020)."
IL,2017-10,month,-27,medical,retail,flower,all,mean,usd_per_gram,9.209734200,unknown,"Illinois Cannabis Regulation Oversight Office, Cannabis Sales Figures dashboard, ""Medical Prices"" view (Tableau, public.data.illinois.gov)",https://cannabis.illinois.gov/research-and-data/sales-figures.html,2026-09-24,download,"CROO dashboard measure 'Price per Gram of Item', category 'Buds'. Averaging method (simple vs volume-weighted) and tax treatment not stated on the dashboard. Pre-launch medical month (adult-use sales began Jan 2020)."
IL,2017-11,month,-26,medical,retail,flower,all,mean,usd_per_gram,8.863328638,unknown,"Illinois Cannabis Regulation Oversight Office, Cannabis Sales Figures dashboard, ""Medical Prices"" view (Tableau, public.data.illinois.gov)",https://cannabis.illinois.gov/research-and-data/sales-figures.html,2026-09-24,download,"CROO dashboard measure 'Price per Gram of Item', category 'Buds'. Averaging method (simple vs volume-weighted) and tax treatment not stated on the dashboard. Pre-launch medical month (adult-use sales began Jan 2020)."
IL,2017-12,month,-25,medical,retail,flower,all,mean,usd_per_gram,8.825834409,unknown,"Illinois Cannabis Regulation Oversight Office, Cannabis Sales Figures dashboard, ""Medical Prices"" view (Tableau, public.data.illinois.gov)",https://cannabis.illinois.gov/research-and-data/sales-figures.html,2026-09-24,download,"CROO dashboard measure 'Price per Gram of Item', category 'Buds'. Averaging method (simple vs volume-weighted) and tax treatment not stated on the dashboard. Pre-launch medical month (adult-use sales began Jan 2020)."
IL,2018-01,month,-24,medical,retail,flower,all,mean,usd_per_gram,9.098133953,unknown,"Illinois Cannabis Regulation Oversight Office, Cannabis Sales Figures dashboard, ""Medical Prices"" view (Tableau, public.data.illinois.gov)",https://cannabis.illinois.gov/research-and-data/sales-figures.html,2026-09-24,download,"CROO dashboard measure 'Price per Gram of Item', category 'Buds'. Averaging method (simple vs volume-weighted) and tax treatment not stated on the dashboard. Pre-launch medical month (adult-use sales began Jan 2020)."
IL,2018-02,month,-23,medical,retail,flower,all,mean,usd_per_gram,9.237053166,unknown,"Illinois Cannabis Regulation Oversight Office, Cannabis Sales Figures dashboard, ""Medical Prices"" view (Tableau, public.data.illinois.gov)",https://cannabis.illinois.gov/research-and-data/sales-figures.html,2026-09-24,download,"CROO dashboard measure 'Price per Gram of Item', category 'Buds'. Averaging method (simple vs volume-weighted) and tax treatment not stated on the dashboard. Pre-launch medical month (adult-use sales began Jan 2020)."
IL,2018-03,month,-22,medical,retail,flower,all,mean,usd_per_gram,9.199974582,unknown,"Illinois Cannabis Regulation Oversight Office, Cannabis Sales Figures dashboard, ""Medical Prices"" view (Tableau, public.data.illinois.gov)",https://cannabis.illinois.gov/research-and-data/sales-figures.html,2026-09-24,download,"CROO dashboard measure 'Price per Gram of Item', category 'Buds'. Averaging method (simple vs volume-weighted) and tax treatment not stated on the dashboard. Pre-launch medical month (adult-use sales began Jan 2020)."
IL,2018-04,month,-21,medical,retail,flower,all,mean,usd_per_gram,8.861440248,unknown,"Illinois Cannabis Regulation Oversight Office, Cannabis Sales Figures dashboard, ""Medical Prices"" view (Tableau, public.data.illinois.gov)",https://cannabis.illinois.gov/research-and-data/sales-figures.html,2026-09-24,download,"CROO dashboard measure 'Price per Gram of Item', category 'Buds'. Averaging method (simple vs volume-weighted) and tax treatment not stated on the dashboard. Pre-launch medical month (adult-use sales began Jan 2020)."
IL,2018-05,month,-20,medical,retail,flower,all,mean,usd_per_gram,9.270380979,unknown,"Illinois Cannabis Regulation Oversight Office, Cannabis Sales Figures dashboard, ""Medical Prices"" view (Tableau, public.data.illinois.gov)",https://cannabis.illinois.gov/research-and-data/sales-figures.html,2026-09-24,download,"CROO dashboard measure 'Price per Gram of Item', category 'Buds'. Averaging method (simple vs volume-weighted) and tax treatment not stated on the dashboard. Pre-launch medical month (adult-use sales began Jan 2020)."
IL,2018-06,month,-19,medical,retail,flower,all,mean,usd_per_gram,9.439700137,unknown,"Illinois Cannabis Regulation Oversight Office, Cannabis Sales Figures dashboard, ""Medical Prices"" view (Tableau, public.data.illinois.gov)",https://cannabis.illinois.gov/research-and-data/sales-figures.html,2026-09-24,download,"CROO dashboard measure 'Price per Gram of Item', category 'Buds'. Averaging method (simple vs volume-weighted) and tax treatment not stated on the dashboard. Pre-launch medical month (adult-use sales began Jan 2020)."
IL,2018-07,month,-18,medical,retail,flower,all,mean,usd_per_gram,9.502727827,unknown,"Illinois Cannabis Regulation Oversight Office, Cannabis Sales Figures dashboard, ""Medical Prices"" view (Tableau, public.data.illinois.gov)",https://cannabis.illinois.gov/research-and-data/sales-figures.html,2026-09-24,download,"CROO dashboard measure 'Price per Gram of Item', category 'Buds'. Averaging method (simple vs volume-weighted) and tax treatment not stated on the dashboard. Pre-launch medical month (adult-use sales began Jan 2020)."
IL,2018-08,month,-17,medical,retail,flower,all,mean,usd_per_gram,9.495180890,unknown,"Illinois Cannabis Regulation Oversight Office, Cannabis Sales Figures dashboard, ""Medical Prices"" view (Tableau, public.data.illinois.gov)",https://cannabis.illinois.gov/research-and-data/sales-figures.html,2026-09-24,download,"CROO dashboard measure 'Price per Gram of Item', category 'Buds'. Averaging method (simple vs volume-weighted) and tax treatment not stated on the dashboard. Pre-launch medical month (adult-use sales began Jan 2020)."
IL,2018-09,month,-16,medical,retail,flower,all,mean,usd_per_gram,9.416342696,unknown,"Illinois Cannabis Regulation Oversight Office, Cannabis Sales Figures dashboard, ""Medical Prices"" view (Tableau, public.data.illinois.gov)",https://cannabis.illinois.gov/research-and-data/sales-figures.html,2026-09-24,download,"CROO dashboard measure 'Price per Gram of Item', category 'Buds'. Averaging method (simple vs volume-weighted) and tax treatment not stated on the dashboard. Pre-launch medical month (adult-use sales began Jan 2020)."
IL,2018-10,month,-15,medical,retail,flower,all,mean,usd_per_gram,9.560214536,unknown,"Illinois Cannabis Regulation Oversight Office, Cannabis Sales Figures dashboard, ""Medical Prices"" view (Tableau, public.data.illinois.gov)",https://cannabis.illinois.gov/research-and-data/sales-figures.html,2026-09-24,download,"CROO dashboard measure 'Price per Gram of Item', category 'Buds'. Averaging method (simple vs volume-weighted) and tax treatment not stated on the dashboard. Pre-launch medical month (adult-use sales began Jan 2020)."
IL,2018-11,month,-14,medical,retail,flower,all,mean,usd_per_gram,9.527752535,unknown,"Illinois Cannabis Regulation Oversight Office, Cannabis Sales Figures dashboard, ""Medical Prices"" view (Tableau, public.data.illinois.gov)",https://cannabis.illinois.gov/research-and-data/sales-figures.html,2026-09-24,download,"CROO dashboard measure 'Price per Gram of Item', category 'Buds'. Averaging method (simple vs volume-weighted) and tax treatment not stated on the dashboard. Pre-launch medical month (adult-use sales began Jan 2020)."
IL,2018-12,month,-13,medical,retail,flower,all,mean,usd_per_gram,9.283891198,unknown,"Illinois Cannabis Regulation Oversight Office, Cannabis Sales Figures dashboard, ""Medical Prices"" view (Tableau, public.data.illinois.gov)",https://cannabis.illinois.gov/research-and-data/sales-figures.html,2026-09-24,download,"CROO dashboard measure 'Price per Gram of Item', category 'Buds'. Averaging method (simple vs volume-weighted) and tax treatment not stated on the dashboard. Pre-launch medical month (adult-use sales began Jan 2020)."
IL,2019-01,month,-12,medical,retail,flower,all,mean,usd_per_gram,17.498442929,unknown,"Illinois Cannabis Regulation Oversight Office, Cannabis Sales Figures dashboard, ""Medical Prices"" view (Tableau, public.data.illinois.gov)",https://cannabis.illinois.gov/research-and-data/sales-figures.html,2026-09-24,download,"CROO dashboard measure 'Price per Gram of Item', category 'Buds'. Averaging method (simple vs volume-weighted) and tax treatment not stated on the dashboard. Pre-launch medical month (adult-use sales began Jan 2020). Single-month outlier: 17.50 vs 9.28 prior and 9.50 next month. As published; not corrected."
IL,2019-02,month,-11,medical,retail,flower,all,mean,usd_per_gram,9.502647321,unknown,"Illinois Cannabis Regulation Oversight Office, Cannabis Sales Figures dashboard, ""Medical Prices"" view (Tableau, public.data.illinois.gov)",https://cannabis.illinois.gov/research-and-data/sales-figures.html,2026-09-24,download,"CROO dashboard measure 'Price per Gram of Item', category 'Buds'. Averaging method (simple vs volume-weighted) and tax treatment not stated on the dashboard. Pre-launch medical month (adult-use sales began Jan 2020)."
IL,2019-03,month,-10,medical,retail,flower,all,mean,usd_per_gram,9.793337423,unknown,"Illinois Cannabis Regulation Oversight Office, Cannabis Sales Figures dashboard, ""Medical Prices"" view (Tableau, public.data.illinois.gov)",https://cannabis.illinois.gov/research-and-data/sales-figures.html,2026-09-24,download,"CROO dashboard measure 'Price per Gram of Item', category 'Buds'. Averaging method (simple vs volume-weighted) and tax treatment not stated on the dashboard. Pre-launch medical month (adult-use sales began Jan 2020)."
IL,2019-04,month,-9,medical,retail,flower,all,mean,usd_per_gram,4.851350681,unknown,"Illinois Cannabis Regulation Oversight Office, Cannabis Sales Figures dashboard, ""Medical Prices"" view (Tableau, public.data.illinois.gov)",https://cannabis.illinois.gov/research-and-data/sales-figures.html,2026-09-24,download,"CROO dashboard measure 'Price per Gram of Item', category 'Buds'. Averaging method (simple vs volume-weighted) and tax treatment not stated on the dashboard. Pre-launch medical month (adult-use sales began Jan 2020). Single-month outlier: 4.85 vs 9.79 prior and 9.95 next month. As published; not corrected."
IL,2019-05,month,-8,medical,retail,flower,all,mean,usd_per_gram,9.951149416,unknown,"Illinois Cannabis Regulation Oversight Office, Cannabis Sales Figures dashboard, ""Medical Prices"" view (Tableau, public.data.illinois.gov)",https://cannabis.illinois.gov/research-and-data/sales-figures.html,2026-09-24,download,"CROO dashboard measure 'Price per Gram of Item', category 'Buds'. Averaging method (simple vs volume-weighted) and tax treatment not stated on the dashboard. Pre-launch medical month (adult-use sales began Jan 2020)."
IL,2019-06,month,-7,medical,retail,flower,all,mean,usd_per_gram,10.103941867,unknown,"Illinois Cannabis Regulation Oversight Office, Cannabis Sales Figures dashboard, ""Medical Prices"" view (Tableau, public.data.illinois.gov)",https://cannabis.illinois.gov/research-and-data/sales-figures.html,2026-09-24,download,"CROO dashboard measure 'Price per Gram of Item', category 'Buds'. Averaging method (simple vs volume-weighted) and tax treatment not stated on the dashboard. Pre-launch medical month (adult-use sales began Jan 2020)."
IL,2019-07,month,-6,medical,retail,flower,all,mean,usd_per_gram,10.303057966,unknown,"Illinois Cannabis Regulation Oversight Office, Cannabis Sales Figures dashboard, ""Medical Prices"" view (Tableau, public.data.illinois.gov)",https://cannabis.illinois.gov/research-and-data/sales-figures.html,2026-09-24,download,"CROO dashboard measure 'Price per Gram of Item', category 'Buds'. Averaging method (simple vs volume-weighted) and tax treatment not stated on the dashboard. Pre-launch medical month (adult-use sales began Jan 2020)."
IL,2019-08,month,-5,medical,retail,flower,all,mean,usd_per_gram,10.736183488,unknown,"Illinois Cannabis Regulation Oversight Office, Cannabis Sales Figures dashboard, ""Medical Prices"" view (Tableau, public.data.illinois.gov)",https://cannabis.illinois.gov/research-and-data/sales-figures.html,2026-09-24,download,"CROO dashboard measure 'Price per Gram of Item', category 'Buds'. Averaging method (simple vs volume-weighted) and tax treatment not stated on the dashboard. Pre-launch medical month (adult-use sales began Jan 2020)."
IL,2019-09,month,-4,medical,retail,flower,all,mean,usd_per_gram,10.507163555,unknown,"Illinois Cannabis Regulation Oversight Office, Cannabis Sales Figures dashboard, ""Medical Prices"" view (Tableau, public.data.illinois.gov)",https://cannabis.illinois.gov/research-and-data/sales-figures.html,2026-09-24,download,"CROO dashboard measure 'Price per Gram of Item', category 'Buds'. Averaging method (simple vs volume-weighted) and tax treatment not stated on the dashboard. Pre-launch medical month (adult-use sales began Jan 2020)."
IL,2019-10,month,-3,medical,retail,flower,all,mean,usd_per_gram,11.282003684,unknown,"Illinois Cannabis Regulation Oversight Office, Cannabis Sales Figures dashboard, ""Medical Prices"" view (Tableau, public.data.illinois.gov)",https://cannabis.illinois.gov/research-and-data/sales-figures.html,2026-09-24,download,"CROO dashboard measure 'Price per Gram of Item', category 'Buds'. Averaging method (simple vs volume-weighted) and tax treatment not stated on the dashboard. Pre-launch medical month (adult-use sales began Jan 2020)."
IL,2019-11,month,-2,medical,retail,flower,all,mean,usd_per_gram,9.392613989,unknown,"Illinois Cannabis Regulation Oversight Office, Cannabis Sales Figures dashboard, ""Medical Prices"" view (Tableau, public.data.illinois.gov)",https://cannabis.illinois.gov/research-and-data/sales-figures.html,2026-09-24,download,"CROO dashboard measure 'Price per Gram of Item', category 'Buds'. Averaging method (simple vs volume-weighted) and tax treatment not stated on the dashboard. Pre-launch medical month (adult-use sales began Jan 2020). Single-month outlier: 9.39 vs 11.28 prior and 12.55 next month. As published; not corrected."
IL,2019-12,month,-1,medical,retail,flower,all,mean,usd_per_gram,12.547532590,unknown,"Illinois Cannabis Regulation Oversight Office, Cannabis Sales Figures dashboard, ""Medical Prices"" view (Tableau, public.data.illinois.gov)",https://cannabis.illinois.gov/research-and-data/sales-figures.html,2026-09-24,download,"CROO dashboard measure 'Price per Gram of Item', category 'Buds'. Averaging method (simple vs volume-weighted) and tax treatment not stated on the dashboard. Pre-launch medical month (adult-use sales began Jan 2020)."
IL,2020-01,month,0,medical,retail,flower,all,mean,usd_per_gram,13.274150605,unknown,"Illinois Cannabis Regulation Oversight Office, Cannabis Sales Figures dashboard, ""Medical Prices"" view (Tableau, public.data.illinois.gov)",https://cannabis.illinois.gov/research-and-data/sales-figures.html,2026-09-24,download,"CROO dashboard measure 'Price per Gram of Item', category 'Buds'. Averaging method (simple vs volume-weighted) and tax treatment not stated on the dashboard."
IL,2020-02,month,1,medical,retail,flower,all,mean,usd_per_gram,14.081948791,unknown,"Illinois Cannabis Regulation Oversight Office, Cannabis Sales Figures dashboard, ""Medical Prices"" view (Tableau, public.data.illinois.gov)",https://cannabis.illinois.gov/research-and-data/sales-figures.html,2026-09-24,download,"CROO dashboard measure 'Price per Gram of Item', category 'Buds'. Averaging method (simple vs volume-weighted) and tax treatment not stated on the dashboard."
IL,2020-03,month,2,medical,retail,flower,all,mean,usd_per_gram,14.053444822,unknown,"Illinois Cannabis Regulation Oversight Office, Cannabis Sales Figures dashboard, ""Medical Prices"" view (Tableau, public.data.illinois.gov)",https://cannabis.illinois.gov/research-and-data/sales-figures.html,2026-09-24,download,"CROO dashboard measure 'Price per Gram of Item', category 'Buds'. Averaging method (simple vs volume-weighted) and tax treatment not stated on the dashboard."
IL,2020-04,month,3,medical,retail,flower,all,mean,usd_per_gram,13.977079033,unknown,"Illinois Cannabis Regulation Oversight Office, Cannabis Sales Figures dashboard, ""Medical Prices"" view (Tableau, public.data.illinois.gov)",https://cannabis.illinois.gov/research-and-data/sales-figures.html,2026-09-24,download,"CROO dashboard measure 'Price per Gram of Item', category 'Buds'. Averaging method (simple vs volume-weighted) and tax treatment not stated on the dashboard."
IL,2020-05,month,4,medical,retail,flower,all,mean,usd_per_gram,13.540666021,unknown,"Illinois Cannabis Regulation Oversight Office, Cannabis Sales Figures dashboard, ""Medical Prices"" view (Tableau, public.data.illinois.gov)",https://cannabis.illinois.gov/research-and-data/sales-figures.html,2026-09-24,download,"CROO dashboard measure 'Price per Gram of Item', category 'Buds'. Averaging method (simple vs volume-weighted) and tax treatment not stated on the dashboard."
IL,2020-06,month,5,medical,retail,flower,all,mean,usd_per_gram,13.113978167,unknown,"Illinois Cannabis Regulation Oversight Office, Cannabis Sales Figures dashboard, ""Medical Prices"" view (Tableau, public.data.illinois.gov)",https://cannabis.illinois.gov/research-and-data/sales-figures.html,2026-09-24,download,"CROO dashboard measure 'Price per Gram of Item', category 'Buds'. Averaging method (simple vs volume-weighted) and tax treatment not stated on the dashboard."
IL,2020-07,month,6,medical,retail,flower,all,mean,usd_per_gram,13.160803614,unknown,"Illinois Cannabis Regulation Oversight Office, Cannabis Sales Figures dashboard, ""Medical Prices"" view (Tableau, public.data.illinois.gov)",https://cannabis.illinois.gov/research-and-data/sales-figures.html,2026-09-24,download,"CROO dashboard measure 'Price per Gram of Item', category 'Buds'. Averaging method (simple vs volume-weighted) and tax treatment not stated on the dashboard."
IL,2020-08,month,7,medical,retail,flower,all,mean,usd_per_gram,13.002206852,unknown,"Illinois Cannabis Regulation Oversight Office, Cannabis Sales Figures dashboard, ""Medical Prices"" view (Tableau, public.data.illinois.gov)",https://cannabis.illinois.gov/research-and-data/sales-figures.html,2026-09-24,download,"CROO dashboard measure 'Price per Gram of Item', category 'Buds'. Averaging method (simple vs volume-weighted) and tax treatment not stated on the dashboard."
IL,2020-09,month,8,medical,retail,flower,all,mean,usd_per_gram,13.127110800,unknown,"Illinois Cannabis Regulation Oversight Office, Cannabis Sales Figures dashboard, ""Medical Prices"" view (Tableau, public.data.illinois.gov)",https://cannabis.illinois.gov/research-and-data/sales-figures.html,2026-09-24,download,"CROO dashboard measure 'Price per Gram of Item', category 'Buds'. Averaging method (simple vs volume-weighted) and tax treatment not stated on the dashboard."
IL,2020-10,month,9,medical,retail,flower,all,mean,usd_per_gram,12.739534462,unknown,"Illinois Cannabis Regulation Oversight Office, Cannabis Sales Figures dashboard, ""Medical Prices"" view (Tableau, public.data.illinois.gov)",https://cannabis.illinois.gov/research-and-data/sales-figures.html,2026-09-24,download,"CROO dashboard measure 'Price per Gram of Item', category 'Buds'. Averaging method (simple vs volume-weighted) and tax treatment not stated on the dashboard."
IL,2020-11,month,10,medical,retail,flower,all,mean,usd_per_gram,12.505989418,unknown,"Illinois Cannabis Regulation Oversight Office, Cannabis Sales Figures dashboard, ""Medical Prices"" view (Tableau, public.data.illinois.gov)",https://cannabis.illinois.gov/research-and-data/sales-figures.html,2026-09-24,download,"CROO dashboard measure 'Price per Gram of Item', category 'Buds'. Averaging method (simple vs volume-weighted) and tax treatment not stated on the dashboard."
IL,2020-12,month,11,medical,retail,flower,all,mean,usd_per_gram,12.559847208,unknown,"Illinois Cannabis Regulation Oversight Office, Cannabis Sales Figures dashboard, ""Medical Prices"" view (Tableau, public.data.illinois.gov)",https://cannabis.illinois.gov/research-and-data/sales-figures.html,2026-09-24,download,"CROO dashboard measure 'Price per Gram of Item', category 'Buds'. Averaging method (simple vs volume-weighted) and tax treatment not stated on the dashboard."
IL,2021-01,month,12,medical,retail,flower,all,mean,usd_per_gram,12.705842770,unknown,"Illinois Cannabis Regulation Oversight Office, Cannabis Sales Figures dashboard, ""Medical Prices"" view (Tableau, public.data.illinois.gov)",https://cannabis.illinois.gov/research-and-data/sales-figures.html,2026-09-24,download,"CROO dashboard measure 'Price per Gram of Item', category 'Buds'. Averaging method (simple vs volume-weighted) and tax treatment not stated on the dashboard."
IL,2021-02,month,13,medical,retail,flower,all,mean,usd_per_gram,12.627021384,unknown,"Illinois Cannabis Regulation Oversight Office, Cannabis Sales Figures dashboard, ""Medical Prices"" view (Tableau, public.data.illinois.gov)",https://cannabis.illinois.gov/research-and-data/sales-figures.html,2026-09-24,download,"CROO dashboard measure 'Price per Gram of Item', category 'Buds'. Averaging method (simple vs volume-weighted) and tax treatment not stated on the dashboard."
IL,2021-03,month,14,medical,retail,flower,all,mean,usd_per_gram,12.517355688,unknown,"Illinois Cannabis Regulation Oversight Office, Cannabis Sales Figures dashboard, ""Medical Prices"" view (Tableau, public.data.illinois.gov)",https://cannabis.illinois.gov/research-and-data/sales-figures.html,2026-09-24,download,"CROO dashboard measure 'Price per Gram of Item', category 'Buds'. Averaging method (simple vs volume-weighted) and tax treatment not stated on the dashboard."
IL,2021-04,month,15,medical,retail,flower,all,mean,usd_per_gram,12.660352816,unknown,"Illinois Cannabis Regulation Oversight Office, Cannabis Sales Figures dashboard, ""Medical Prices"" view (Tableau, public.data.illinois.gov)",https://cannabis.illinois.gov/research-and-data/sales-figures.html,2026-09-24,download,"CROO dashboard measure 'Price per Gram of Item', category 'Buds'. Averaging method (simple vs volume-weighted) and tax treatment not stated on the dashboard."
IL,2021-05,month,16,medical,retail,flower,all,mean,usd_per_gram,12.962072597,unknown,"Illinois Cannabis Regulation Oversight Office, Cannabis Sales Figures dashboard, ""Medical Prices"" view (Tableau, public.data.illinois.gov)",https://cannabis.illinois.gov/research-and-data/sales-figures.html,2026-09-24,download,"CROO dashboard measure 'Price per Gram of Item', category 'Buds'. Averaging method (simple vs volume-weighted) and tax treatment not stated on the dashboard."
IL,2021-06,month,17,medical,retail,flower,all,mean,usd_per_gram,13.179473732,unknown,"Illinois Cannabis Regulation Oversight Office, Cannabis Sales Figures dashboard, ""Medical Prices"" view (Tableau, public.data.illinois.gov)",https://cannabis.illinois.gov/research-and-data/sales-figures.html,2026-09-24,download,"CROO dashboard measure 'Price per Gram of Item', category 'Buds'. Averaging method (simple vs volume-weighted) and tax treatment not stated on the dashboard."
IL,2021-07,month,18,medical,retail,flower,all,mean,usd_per_gram,12.934157310,unknown,"Illinois Cannabis Regulation Oversight Office, Cannabis Sales Figures dashboard, ""Medical Prices"" view (Tableau, public.data.illinois.gov)",https://cannabis.illinois.gov/research-and-data/sales-figures.html,2026-09-24,download,"CROO dashboard measure 'Price per Gram of Item', category 'Buds'. Averaging method (simple vs volume-weighted) and tax treatment not stated on the dashboard."
IL,2021-08,month,19,medical,retail,flower,all,mean,usd_per_gram,13.256256947,unknown,"Illinois Cannabis Regulation Oversight Office, Cannabis Sales Figures dashboard, ""Medical Prices"" view (Tableau, public.data.illinois.gov)",https://cannabis.illinois.gov/research-and-data/sales-figures.html,2026-09-24,download,"CROO dashboard measure 'Price per Gram of Item', category 'Buds'. Averaging method (simple vs volume-weighted) and tax treatment not stated on the dashboard."
IL,2021-09,month,20,medical,retail,flower,all,mean,usd_per_gram,13.005297239,unknown,"Illinois Cannabis Regulation Oversight Office, Cannabis Sales Figures dashboard, ""Medical Prices"" view (Tableau, public.data.illinois.gov)",https://cannabis.illinois.gov/research-and-data/sales-figures.html,2026-09-24,download,"CROO dashboard measure 'Price per Gram of Item', category 'Buds'. Averaging method (simple vs volume-weighted) and tax treatment not stated on the dashboard."
IL,2021-10,month,21,medical,retail,flower,all,mean,usd_per_gram,12.768370745,unknown,"Illinois Cannabis Regulation Oversight Office, Cannabis Sales Figures dashboard, ""Medical Prices"" view (Tableau, public.data.illinois.gov)",https://cannabis.illinois.gov/research-and-data/sales-figures.html,2026-09-24,download,"CROO dashboard measure 'Price per Gram of Item', category 'Buds'. Averaging method (simple vs volume-weighted) and tax treatment not stated on the dashboard."
IL,2021-11,month,22,medical,retail,flower,all,mean,usd_per_gram,12.520917887,unknown,"Illinois Cannabis Regulation Oversight Office, Cannabis Sales Figures dashboard, ""Medical Prices"" view (Tableau, public.data.illinois.gov)",https://cannabis.illinois.gov/research-and-data/sales-figures.html,2026-09-24,download,"CROO dashboard measure 'Price per Gram of Item', category 'Buds'. Averaging method (simple vs volume-weighted) and tax treatment not stated on the dashboard."
IL,2021-12,month,23,medical,retail,flower,all,mean,usd_per_gram,12.462254944,unknown,"Illinois Cannabis Regulation Oversight Office, Cannabis Sales Figures dashboard, ""Medical Prices"" view (Tableau, public.data.illinois.gov)",https://cannabis.illinois.gov/research-and-data/sales-figures.html,2026-09-24,download,"CROO dashboard measure 'Price per Gram of Item', category 'Buds'. Averaging method (simple vs volume-weighted) and tax treatment not stated on the dashboard."
IL,2022-01,month,24,medical,retail,flower,all,mean,usd_per_gram,12.082420429,unknown,"Illinois Cannabis Regulation Oversight Office, Cannabis Sales Figures dashboard, ""Medical Prices"" view (Tableau, public.data.illinois.gov)",https://cannabis.illinois.gov/research-and-data/sales-figures.html,2026-09-24,download,"CROO dashboard measure 'Price per Gram of Item', category 'Buds'. Averaging method (simple vs volume-weighted) and tax treatment not stated on the dashboard."
IL,2022-02,month,25,medical,retail,flower,all,mean,usd_per_gram,12.032642191,unknown,"Illinois Cannabis Regulation Oversight Office, Cannabis Sales Figures dashboard, ""Medical Prices"" view (Tableau, public.data.illinois.gov)",https://cannabis.illinois.gov/research-and-data/sales-figures.html,2026-09-24,download,"CROO dashboard measure 'Price per Gram of Item', category 'Buds'. Averaging method (simple vs volume-weighted) and tax treatment not stated on the dashboard."
IL,2022-03,month,26,medical,retail,flower,all,mean,usd_per_gram,12.324365205,unknown,"Illinois Cannabis Regulation Oversight Office, Cannabis Sales Figures dashboard, ""Medical Prices"" view (Tableau, public.data.illinois.gov)",https://cannabis.illinois.gov/research-and-data/sales-figures.html,2026-09-24,download,"CROO dashboard measure 'Price per Gram of Item', category 'Buds'. Averaging method (simple vs volume-weighted) and tax treatment not stated on the dashboard."
IL,2022-04,month,27,medical,retail,flower,all,mean,usd_per_gram,12.263459101,unknown,"Illinois Cannabis Regulation Oversight Office, Cannabis Sales Figures dashboard, ""Medical Prices"" view (Tableau, public.data.illinois.gov)",https://cannabis.illinois.gov/research-and-data/sales-figures.html,2026-09-24,download,"CROO dashboard measure 'Price per Gram of Item', category 'Buds'. Averaging method (simple vs volume-weighted) and tax treatment not stated on the dashboard."
IL,2022-05,month,28,medical,retail,flower,all,mean,usd_per_gram,12.098888185,unknown,"Illinois Cannabis Regulation Oversight Office, Cannabis Sales Figures dashboard, ""Medical Prices"" view (Tableau, public.data.illinois.gov)",https://cannabis.illinois.gov/research-and-data/sales-figures.html,2026-09-24,download,"CROO dashboard measure 'Price per Gram of Item', category 'Buds'. Averaging method (simple vs volume-weighted) and tax treatment not stated on the dashboard."
IL,2022-06,month,29,medical,retail,flower,all,mean,usd_per_gram,11.644521233,unknown,"Illinois Cannabis Regulation Oversight Office, Cannabis Sales Figures dashboard, ""Medical Prices"" view (Tableau, public.data.illinois.gov)",https://cannabis.illinois.gov/research-and-data/sales-figures.html,2026-09-24,download,"CROO dashboard measure 'Price per Gram of Item', category 'Buds'. Averaging method (simple vs volume-weighted) and tax treatment not stated on the dashboard."
IL,2022-07,month,30,medical,retail,flower,all,mean,usd_per_gram,11.778812061,unknown,"Illinois Cannabis Regulation Oversight Office, Cannabis Sales Figures dashboard, ""Medical Prices"" view (Tableau, public.data.illinois.gov)",https://cannabis.illinois.gov/research-and-data/sales-figures.html,2026-09-24,download,"CROO dashboard measure 'Price per Gram of Item', category 'Buds'. Averaging method (simple vs volume-weighted) and tax treatment not stated on the dashboard."
IL,2022-08,month,31,medical,retail,flower,all,mean,usd_per_gram,11.499798139,unknown,"Illinois Cannabis Regulation Oversight Office, Cannabis Sales Figures dashboard, ""Medical Prices"" view (Tableau, public.data.illinois.gov)",https://cannabis.illinois.gov/research-and-data/sales-figures.html,2026-09-24,download,"CROO dashboard measure 'Price per Gram of Item', category 'Buds'. Averaging method (simple vs volume-weighted) and tax treatment not stated on the dashboard."
IL,2022-09,month,32,medical,retail,flower,all,mean,usd_per_gram,11.305990270,unknown,"Illinois Cannabis Regulation Oversight Office, Cannabis Sales Figures dashboard, ""Medical Prices"" view (Tableau, public.data.illinois.gov)",https://cannabis.illinois.gov/research-and-data/sales-figures.html,2026-09-24,download,"CROO dashboard measure 'Price per Gram of Item', category 'Buds'. Averaging method (simple vs volume-weighted) and tax treatment not stated on the dashboard."
IL,2022-10,month,33,medical,retail,flower,all,mean,usd_per_gram,11.212273643,unknown,"Illinois Cannabis Regulation Oversight Office, Cannabis Sales Figures dashboard, ""Medical Prices"" view (Tableau, public.data.illinois.gov)",https://cannabis.illinois.gov/research-and-data/sales-figures.html,2026-09-24,download,"CROO dashboard measure 'Price per Gram of Item', category 'Buds'. Averaging method (simple vs volume-weighted) and tax treatment not stated on the dashboard."
IL,2022-11,month,34,medical,retail,flower,all,mean,usd_per_gram,11.112180732,unknown,"Illinois Cannabis Regulation Oversight Office, Cannabis Sales Figures dashboard, ""Medical Prices"" view (Tableau, public.data.illinois.gov)",https://cannabis.illinois.gov/research-and-data/sales-figures.html,2026-09-24,download,"CROO dashboard measure 'Price per Gram of Item', category 'Buds'. Averaging method (simple vs volume-weighted) and tax treatment not stated on the dashboard."
IL,2022-12,month,35,medical,retail,flower,all,mean,usd_per_gram,10.905970548,unknown,"Illinois Cannabis Regulation Oversight Office, Cannabis Sales Figures dashboard, ""Medical Prices"" view (Tableau, public.data.illinois.gov)",https://cannabis.illinois.gov/research-and-data/sales-figures.html,2026-09-24,download,"CROO dashboard measure 'Price per Gram of Item', category 'Buds'. Averaging method (simple vs volume-weighted) and tax treatment not stated on the dashboard."
IL,2023-01,month,36,medical,retail,flower,all,mean,usd_per_gram,10.905970548,unknown,"Illinois Cannabis Regulation Oversight Office, Cannabis Sales Figures dashboard, ""Medical Prices"" view (Tableau, public.data.illinois.gov)",https://cannabis.illinois.gov/research-and-data/sales-figures.html,2026-09-24,download,"CROO dashboard measure 'Price per Gram of Item', category 'Buds'. Averaging method (simple vs volume-weighted) and tax treatment not stated on the dashboard. Identical to Dec 2022 in every category and both markets; likely a carried-forward value, not an independent January observation. Use with caution."
IL,2023-02,month,37,medical,retail,flower,all,mean,usd_per_gram,10.658463896,unknown,"Illinois Cannabis Regulation Oversight Office, Cannabis Sales Figures dashboard, ""Medical Prices"" view (Tableau, public.data.illinois.gov)",https://cannabis.illinois.gov/research-and-data/sales-figures.html,2026-09-24,download,"CROO dashboard measure 'Price per Gram of Item', category 'Buds'. Averaging method (simple vs volume-weighted) and tax treatment not stated on the dashboard."
IL,2023-03,month,38,medical,retail,flower,all,mean,usd_per_gram,10.182259831,unknown,"Illinois Cannabis Regulation Oversight Office, Cannabis Sales Figures dashboard, ""Medical Prices"" view (Tableau, public.data.illinois.gov)",https://cannabis.illinois.gov/research-and-data/sales-figures.html,2026-09-24,download,"CROO dashboard measure 'Price per Gram of Item', category 'Buds'. Averaging method (simple vs volume-weighted) and tax treatment not stated on the dashboard."
IL,2023-04,month,39,medical,retail,flower,all,mean,usd_per_gram,9.97,unknown,"Illinois Cannabis Regulation Oversight Office, Cannabis Sales Figures dashboard, ""Medical Prices"" view (Tableau, public.data.illinois.gov)",https://cannabis.illinois.gov/research-and-data/sales-figures.html,2026-09-24,download,"CROO dashboard measure 'Price per Gram of Item', category 'Buds'. Averaging method (simple vs volume-weighted) and tax treatment not stated on the dashboard. Published at 2-decimal precision, unlike most months (which carry 9); possibly entered separately."
IL,2023-05,month,40,medical,retail,flower,all,mean,usd_per_gram,9.87,unknown,"Illinois Cannabis Regulation Oversight Office, Cannabis Sales Figures dashboard, ""Medical Prices"" view (Tableau, public.data.illinois.gov)",https://cannabis.illinois.gov/research-and-data/sales-figures.html,2026-09-24,download,"CROO dashboard measure 'Price per Gram of Item', category 'Buds'. Averaging method (simple vs volume-weighted) and tax treatment not stated on the dashboard. Published at 2-decimal precision, unlike most months (which carry 9); possibly entered separately."
IL,2023-06,month,41,medical,retail,flower,all,mean,usd_per_gram,9.732495432,unknown,"Illinois Cannabis Regulation Oversight Office, Cannabis Sales Figures dashboard, ""Medical Prices"" view (Tableau, public.data.illinois.gov)",https://cannabis.illinois.gov/research-and-data/sales-figures.html,2026-09-24,download,"CROO dashboard measure 'Price per Gram of Item', category 'Buds'. Averaging method (simple vs volume-weighted) and tax treatment not stated on the dashboard."
IL,2023-07,month,42,medical,retail,flower,all,mean,usd_per_gram,9.386540938,unknown,"Illinois Cannabis Regulation Oversight Office, Cannabis Sales Figures dashboard, ""Medical Prices"" view (Tableau, public.data.illinois.gov)",https://cannabis.illinois.gov/research-and-data/sales-figures.html,2026-09-24,download,"CROO dashboard measure 'Price per Gram of Item', category 'Buds'. Averaging method (simple vs volume-weighted) and tax treatment not stated on the dashboard."
IL,2023-08,month,43,medical,retail,flower,all,mean,usd_per_gram,9.500456969,unknown,"Illinois Cannabis Regulation Oversight Office, Cannabis Sales Figures dashboard, ""Medical Prices"" view (Tableau, public.data.illinois.gov)",https://cannabis.illinois.gov/research-and-data/sales-figures.html,2026-09-24,download,"CROO dashboard measure 'Price per Gram of Item', category 'Buds'. Averaging method (simple vs volume-weighted) and tax treatment not stated on the dashboard."
IL,2023-09,month,44,medical,retail,flower,all,mean,usd_per_gram,9.517214199,unknown,"Illinois Cannabis Regulation Oversight Office, Cannabis Sales Figures dashboard, ""Medical Prices"" view (Tableau, public.data.illinois.gov)",https://cannabis.illinois.gov/research-and-data/sales-figures.html,2026-09-24,download,"CROO dashboard measure 'Price per Gram of Item', category 'Buds'. Averaging method (simple vs volume-weighted) and tax treatment not stated on the dashboard."
IL,2023-10,month,45,medical,retail,flower,all,mean,usd_per_gram,9.417124789,unknown,"Illinois Cannabis Regulation Oversight Office, Cannabis Sales Figures dashboard, ""Medical Prices"" view (Tableau, public.data.illinois.gov)",https://cannabis.illinois.gov/research-and-data/sales-figures.html,2026-09-24,download,"CROO dashboard measure 'Price per Gram of Item', category 'Buds'. Averaging method (simple vs volume-weighted) and tax treatment not stated on the dashboard."
IL,2023-11,month,46,medical,retail,flower,all,mean,usd_per_gram,9.106119658,unknown,"Illinois Cannabis Regulation Oversight Office, Cannabis Sales Figures dashboard, ""Medical Prices"" view (Tableau, public.data.illinois.gov)",https://cannabis.illinois.gov/research-and-data/sales-figures.html,2026-09-24,download,"CROO dashboard measure 'Price per Gram of Item', category 'Buds'. Averaging method (simple vs volume-weighted) and tax treatment not stated on the dashboard."
IL,2023-12,month,47,medical,retail,flower,all,mean,usd_per_gram,8.090284419,unknown,"Illinois Cannabis Regulation Oversight Office, Cannabis Sales Figures dashboard, ""Medical Prices"" view (Tableau, public.data.illinois.gov)",https://cannabis.illinois.gov/research-and-data/sales-figures.html,2026-09-24,download,"CROO dashboard measure 'Price per Gram of Item', category 'Buds'. Averaging method (simple vs volume-weighted) and tax treatment not stated on the dashboard."
IL,2024-01,month,48,medical,retail,flower,all,mean,usd_per_gram,8.841005705,unknown,"Illinois Cannabis Regulation Oversight Office, Cannabis Sales Figures dashboard, ""Medical Prices"" view (Tableau, public.data.illinois.gov)",https://cannabis.illinois.gov/research-and-data/sales-figures.html,2026-09-24,download,"CROO dashboard measure 'Price per Gram of Item', category 'Buds'. Averaging method (simple vs volume-weighted) and tax treatment not stated on the dashboard."
IL,2024-02,month,49,medical,retail,flower,all,mean,usd_per_gram,9.014546804,unknown,"Illinois Cannabis Regulation Oversight Office, Cannabis Sales Figures dashboard, ""Medical Prices"" view (Tableau, public.data.illinois.gov)",https://cannabis.illinois.gov/research-and-data/sales-figures.html,2026-09-24,download,"CROO dashboard measure 'Price per Gram of Item', category 'Buds'. Averaging method (simple vs volume-weighted) and tax treatment not stated on the dashboard. Beyond month 48; retained for floor analysis."
IL,2024-03,month,50,medical,retail,flower,all,mean,usd_per_gram,8.775850465,unknown,"Illinois Cannabis Regulation Oversight Office, Cannabis Sales Figures dashboard, ""Medical Prices"" view (Tableau, public.data.illinois.gov)",https://cannabis.illinois.gov/research-and-data/sales-figures.html,2026-09-24,download,"CROO dashboard measure 'Price per Gram of Item', category 'Buds'. Averaging method (simple vs volume-weighted) and tax treatment not stated on the dashboard. Beyond month 48; retained for floor analysis."
IL,2024-04,month,51,medical,retail,flower,all,mean,usd_per_gram,8.55,unknown,"Illinois Cannabis Regulation Oversight Office, Cannabis Sales Figures dashboard, ""Medical Prices"" view (Tableau, public.data.illinois.gov)",https://cannabis.illinois.gov/research-and-data/sales-figures.html,2026-09-24,download,"CROO dashboard measure 'Price per Gram of Item', category 'Buds'. Averaging method (simple vs volume-weighted) and tax treatment not stated on the dashboard. Beyond month 48; retained for floor analysis. Published at 2-decimal precision, unlike most months (which carry 9); possibly entered separately."
IL,2024-05,month,52,medical,retail,flower,all,mean,usd_per_gram,8.6,unknown,"Illinois Cannabis Regulation Oversight Office, Cannabis Sales Figures dashboard, ""Medical Prices"" view (Tableau, public.data.illinois.gov)",https://cannabis.illinois.gov/research-and-data/sales-figures.html,2026-09-24,download,"CROO dashboard measure 'Price per Gram of Item', category 'Buds'. Averaging method (simple vs volume-weighted) and tax treatment not stated on the dashboard. Beyond month 48; retained for floor analysis. Published at 2-decimal precision, unlike most months (which carry 9); possibly entered separately."
IL,2024-06,month,53,medical,retail,flower,all,mean,usd_per_gram,8.56,unknown,"Illinois Cannabis Regulation Oversight Office, Cannabis Sales Figures dashboard, ""Medical Prices"" view (Tableau, public.data.illinois.gov)",https://cannabis.illinois.gov/research-and-data/sales-figures.html,2026-09-24,download,"CROO dashboard measure 'Price per Gram of Item', category 'Buds'. Averaging method (simple vs volume-weighted) and tax treatment not stated on the dashboard. Beyond month 48; retained for floor analysis. Published at 2-decimal precision, unlike most months (which carry 9); possibly entered separately."
IL,2024-07,month,54,medical,retail,flower,all,mean,usd_per_gram,8.378139164,unknown,"Illinois Cannabis Regulation Oversight Office, Cannabis Sales Figures dashboard, ""Medical Prices"" view (Tableau, public.data.illinois.gov)",https://cannabis.illinois.gov/research-and-data/sales-figures.html,2026-09-24,download,"CROO dashboard measure 'Price per Gram of Item', category 'Buds'. Averaging method (simple vs volume-weighted) and tax treatment not stated on the dashboard. Beyond month 48; retained for floor analysis."
IL,2024-08,month,55,medical,retail,flower,all,mean,usd_per_gram,8.24,unknown,"Illinois Cannabis Regulation Oversight Office, Cannabis Sales Figures dashboard, ""Medical Prices"" view (Tableau, public.data.illinois.gov)",https://cannabis.illinois.gov/research-and-data/sales-figures.html,2026-09-24,download,"CROO dashboard measure 'Price per Gram of Item', category 'Buds'. Averaging method (simple vs volume-weighted) and tax treatment not stated on the dashboard. Beyond month 48; retained for floor analysis. Published at 2-decimal precision, unlike most months (which carry 9); possibly entered separately."
IL,2024-09,month,56,medical,retail,flower,all,mean,usd_per_gram,8.246963582,unknown,"Illinois Cannabis Regulation Oversight Office, Cannabis Sales Figures dashboard, ""Medical Prices"" view (Tableau, public.data.illinois.gov)",https://cannabis.illinois.gov/research-and-data/sales-figures.html,2026-09-24,download,"CROO dashboard measure 'Price per Gram of Item', category 'Buds'. Averaging method (simple vs volume-weighted) and tax treatment not stated on the dashboard. Beyond month 48; retained for floor analysis."
IL,2024-10,month,57,medical,retail,flower,all,mean,usd_per_gram,8.1,unknown,"Illinois Cannabis Regulation Oversight Office, Cannabis Sales Figures dashboard, ""Medical Prices"" view (Tableau, public.data.illinois.gov)",https://cannabis.illinois.gov/research-and-data/sales-figures.html,2026-09-24,download,"CROO dashboard measure 'Price per Gram of Item', category 'Buds'. Averaging method (simple vs volume-weighted) and tax treatment not stated on the dashboard. Beyond month 48; retained for floor analysis. Published at 2-decimal precision, unlike most months (which carry 9); possibly entered separately."
IL,2024-11,month,58,medical,retail,flower,all,mean,usd_per_gram,8.114735989,unknown,"Illinois Cannabis Regulation Oversight Office, Cannabis Sales Figures dashboard, ""Medical Prices"" view (Tableau, public.data.illinois.gov)",https://cannabis.illinois.gov/research-and-data/sales-figures.html,2026-09-24,download,"CROO dashboard measure 'Price per Gram of Item', category 'Buds'. Averaging method (simple vs volume-weighted) and tax treatment not stated on the dashboard. Beyond month 48; retained for floor analysis."
IL,2024-12,month,59,medical,retail,flower,all,mean,usd_per_gram,8.117780041,unknown,"Illinois Cannabis Regulation Oversight Office, Cannabis Sales Figures dashboard, ""Medical Prices"" view (Tableau, public.data.illinois.gov)",https://cannabis.illinois.gov/research-and-data/sales-figures.html,2026-09-24,download,"CROO dashboard measure 'Price per Gram of Item', category 'Buds'. Averaging method (simple vs volume-weighted) and tax treatment not stated on the dashboard. Beyond month 48; retained for floor analysis."
IL,2025-01,month,60,medical,retail,flower,all,mean,usd_per_gram,8.06,unknown,"Illinois Cannabis Regulation Oversight Office, Cannabis Sales Figures dashboard, ""Medical Prices"" view (Tableau, public.data.illinois.gov)",https://cannabis.illinois.gov/research-and-data/sales-figures.html,2026-09-24,download,"CROO dashboard measure 'Price per Gram of Item', category 'Buds'. Averaging method (simple vs volume-weighted) and tax treatment not stated on the dashboard. Beyond month 48; retained for floor analysis. Published at 2-decimal precision, unlike most months (which carry 9); possibly entered separately."
IL,2025-02,month,61,medical,retail,flower,all,mean,usd_per_gram,8,unknown,"Illinois Cannabis Regulation Oversight Office, Cannabis Sales Figures dashboard, ""Medical Prices"" view (Tableau, public.data.illinois.gov)",https://cannabis.illinois.gov/research-and-data/sales-figures.html,2026-09-24,download,"CROO dashboard measure 'Price per Gram of Item', category 'Buds'. Averaging method (simple vs volume-weighted) and tax treatment not stated on the dashboard. Beyond month 48; retained for floor analysis. Published at 2-decimal precision, unlike most months (which carry 9); possibly entered separately."
IL,2025-03,month,62,medical,retail,flower,all,mean,usd_per_gram,7.9,unknown,"Illinois Cannabis Regulation Oversight Office, Cannabis Sales Figures dashboard, ""Medical Prices"" view (Tableau, public.data.illinois.gov)",https://cannabis.illinois.gov/research-and-data/sales-figures.html,2026-09-24,download,"CROO dashboard measure 'Price per Gram of Item', category 'Buds'. Averaging method (simple vs volume-weighted) and tax treatment not stated on the dashboard. Beyond month 48; retained for floor analysis. Published at 2-decimal precision, unlike most months (which carry 9); possibly entered separately."
IL,2025-04,month,63,medical,retail,flower,all,mean,usd_per_gram,7.725343594,unknown,"Illinois Cannabis Regulation Oversight Office, Cannabis Sales Figures dashboard, ""Medical Prices"" view (Tableau, public.data.illinois.gov)",https://cannabis.illinois.gov/research-and-data/sales-figures.html,2026-09-24,download,"CROO dashboard measure 'Price per Gram of Item', category 'Buds'. Averaging method (simple vs volume-weighted) and tax treatment not stated on the dashboard. Beyond month 48; retained for floor analysis."
IL,2025-05,month,64,medical,retail,flower,all,mean,usd_per_gram,7.73,unknown,"Illinois Cannabis Regulation Oversight Office, Cannabis Sales Figures dashboard, ""Medical Prices"" view (Tableau, public.data.illinois.gov)",https://cannabis.illinois.gov/research-and-data/sales-figures.html,2026-09-24,download,"CROO dashboard measure 'Price per Gram of Item', category 'Buds'. Averaging method (simple vs volume-weighted) and tax treatment not stated on the dashboard. Beyond month 48; retained for floor analysis. Published at 2-decimal precision, unlike most months (which carry 9); possibly entered separately."
IL,2025-06,month,65,medical,retail,flower,all,mean,usd_per_gram,7.8,unknown,"Illinois Cannabis Regulation Oversight Office, Cannabis Sales Figures dashboard, ""Medical Prices"" view (Tableau, public.data.illinois.gov)",https://cannabis.illinois.gov/research-and-data/sales-figures.html,2026-09-24,download,"CROO dashboard measure 'Price per Gram of Item', category 'Buds'. Averaging method (simple vs volume-weighted) and tax treatment not stated on the dashboard. Beyond month 48; retained for floor analysis. Published at 2-decimal precision, unlike most months (which carry 9); possibly entered separately. After a level shift in Jun-Jul 2025 across all categories and both markets (e.g., adult-use flower $8.98 Jun to $6.71 Jul 2025). CROO says its price charts were regrouped to reflect new seed-to-sale definitions; treat as a possible definition break."
IL,2025-07,month,66,medical,retail,flower,all,mean,usd_per_gram,6.22,unknown,"Illinois Cannabis Regulation Oversight Office, Cannabis Sales Figures dashboard, ""Medical Prices"" view (Tableau, public.data.illinois.gov)",https://cannabis.illinois.gov/research-and-data/sales-figures.html,2026-09-24,download,"CROO dashboard measure 'Price per Gram of Item', category 'Buds'. Averaging method (simple vs volume-weighted) and tax treatment not stated on the dashboard. Beyond month 48; retained for floor analysis. Published at 2-decimal precision, unlike most months (which carry 9); possibly entered separately. After a level shift in Jun-Jul 2025 across all categories and both markets (e.g., adult-use flower $8.98 Jun to $6.71 Jul 2025). CROO says its price charts were regrouped to reflect new seed-to-sale definitions; treat as a possible definition break."
IL,2025-08,month,67,medical,retail,flower,all,mean,usd_per_gram,6.09,unknown,"Illinois Cannabis Regulation Oversight Office, Cannabis Sales Figures dashboard, ""Medical Prices"" view (Tableau, public.data.illinois.gov)",https://cannabis.illinois.gov/research-and-data/sales-figures.html,2026-09-24,download,"CROO dashboard measure 'Price per Gram of Item', category 'Buds'. Averaging method (simple vs volume-weighted) and tax treatment not stated on the dashboard. Beyond month 48; retained for floor analysis. Published at 2-decimal precision, unlike most months (which carry 9); possibly entered separately. After a level shift in Jun-Jul 2025 across all categories and both markets (e.g., adult-use flower $8.98 Jun to $6.71 Jul 2025). CROO says its price charts were regrouped to reflect new seed-to-sale definitions; treat as a possible definition break."
IL,2025-09,month,68,medical,retail,flower,all,mean,usd_per_gram,5.89,unknown,"Illinois Cannabis Regulation Oversight Office, Cannabis Sales Figures dashboard, ""Medical Prices"" view (Tableau, public.data.illinois.gov)",https://cannabis.illinois.gov/research-and-data/sales-figures.html,2026-09-24,download,"CROO dashboard measure 'Price per Gram of Item', category 'Buds'. Averaging method (simple vs volume-weighted) and tax treatment not stated on the dashboard. Beyond month 48; retained for floor analysis. Published at 2-decimal precision, unlike most months (which carry 9); possibly entered separately. After a level shift in Jun-Jul 2025 across all categories and both markets (e.g., adult-use flower $8.98 Jun to $6.71 Jul 2025). CROO says its price charts were regrouped to reflect new seed-to-sale definitions; treat as a possible definition break."
IL,2025-10,month,69,medical,retail,flower,all,mean,usd_per_gram,5.92,unknown,"Illinois Cannabis Regulation Oversight Office, Cannabis Sales Figures dashboard, ""Medical Prices"" view (Tableau, public.data.illinois.gov)",https://cannabis.illinois.gov/research-and-data/sales-figures.html,2026-09-24,download,"CROO dashboard measure 'Price per Gram of Item', category 'Buds'. Averaging method (simple vs volume-weighted) and tax treatment not stated on the dashboard. Beyond month 48; retained for floor analysis. Published at 2-decimal precision, unlike most months (which carry 9); possibly entered separately. After a level shift in Jun-Jul 2025 across all categories and both markets (e.g., adult-use flower $8.98 Jun to $6.71 Jul 2025). CROO says its price charts were regrouped to reflect new seed-to-sale definitions; treat as a possible definition break."
IL,2025-11,month,70,medical,retail,flower,all,mean,usd_per_gram,5.55,unknown,"Illinois Cannabis Regulation Oversight Office, Cannabis Sales Figures dashboard, ""Medical Prices"" view (Tableau, public.data.illinois.gov)",https://cannabis.illinois.gov/research-and-data/sales-figures.html,2026-09-24,download,"CROO dashboard measure 'Price per Gram of Item', category 'Buds'. Averaging method (simple vs volume-weighted) and tax treatment not stated on the dashboard. Beyond month 48; retained for floor analysis. Published at 2-decimal precision, unlike most months (which carry 9); possibly entered separately. After a level shift in Jun-Jul 2025 across all categories and both markets (e.g., adult-use flower $8.98 Jun to $6.71 Jul 2025). CROO says its price charts were regrouped to reflect new seed-to-sale definitions; treat as a possible definition break."
IL,2025-12,month,71,medical,retail,flower,all,mean,usd_per_gram,6.03,unknown,"Illinois Cannabis Regulation Oversight Office, Cannabis Sales Figures dashboard, ""Medical Prices"" view (Tableau, public.data.illinois.gov)",https://cannabis.illinois.gov/research-and-data/sales-figures.html,2026-09-24,download,"CROO dashboard measure 'Price per Gram of Item', category 'Buds'. Averaging method (simple vs volume-weighted) and tax treatment not stated on the dashboard. Beyond month 48; retained for floor analysis. Published at 2-decimal precision, unlike most months (which carry 9); possibly entered separately. After a level shift in Jun-Jul 2025 across all categories and both markets (e.g., adult-use flower $8.98 Jun to $6.71 Jul 2025). CROO says its price charts were regrouped to reflect new seed-to-sale definitions; treat as a possible definition break."
IL,2026-01,month,72,medical,retail,flower,all,mean,usd_per_gram,5.64,unknown,"Illinois Cannabis Regulation Oversight Office, Cannabis Sales Figures dashboard, ""Medical Prices"" view (Tableau, public.data.illinois.gov)",https://cannabis.illinois.gov/research-and-data/sales-figures.html,2026-09-24,download,"CROO dashboard measure 'Price per Gram of Item', category 'Buds'. Averaging method (simple vs volume-weighted) and tax treatment not stated on the dashboard. Beyond month 48; retained for floor analysis. Published at 2-decimal precision, unlike most months (which carry 9); possibly entered separately. After a level shift in Jun-Jul 2025 across all categories and both markets (e.g., adult-use flower $8.98 Jun to $6.71 Jul 2025). CROO says its price charts were regrouped to reflect new seed-to-sale definitions; treat as a possible definition break."
IL,2026-02,month,73,medical,retail,flower,all,mean,usd_per_gram,5.54,unknown,"Illinois Cannabis Regulation Oversight Office, Cannabis Sales Figures dashboard, ""Medical Prices"" view (Tableau, public.data.illinois.gov)",https://cannabis.illinois.gov/research-and-data/sales-figures.html,2026-09-24,download,"CROO dashboard measure 'Price per Gram of Item', category 'Buds'. Averaging method (simple vs volume-weighted) and tax treatment not stated on the dashboard. Beyond month 48; retained for floor analysis. Published at 2-decimal precision, unlike most months (which carry 9); possibly entered separately. After a level shift in Jun-Jul 2025 across all categories and both markets (e.g., adult-use flower $8.98 Jun to $6.71 Jul 2025). CROO says its price charts were regrouped to reflect new seed-to-sale definitions; treat as a possible definition break."
IL,2026-03,month,74,medical,retail,flower,all,mean,usd_per_gram,5.47,unknown,"Illinois Cannabis Regulation Oversight Office, Cannabis Sales Figures dashboard, ""Medical Prices"" view (Tableau, public.data.illinois.gov)",https://cannabis.illinois.gov/research-and-data/sales-figures.html,2026-09-24,download,"CROO dashboard measure 'Price per Gram of Item', category 'Buds'. Averaging method (simple vs volume-weighted) and tax treatment not stated on the dashboard. Beyond month 48; retained for floor analysis. Published at 2-decimal precision, unlike most months (which carry 9); possibly entered separately. After a level shift in Jun-Jul 2025 across all categories and both markets (e.g., adult-use flower $8.98 Jun to $6.71 Jul 2025). CROO says its price charts were regrouped to reflect new seed-to-sale definitions; treat as a possible definition break."
IL,2026-04,month,75,medical,retail,flower,all,mean,usd_per_gram,5.43,unknown,"Illinois Cannabis Regulation Oversight Office, Cannabis Sales Figures dashboard, ""Medical Prices"" view (Tableau, public.data.illinois.gov)",https://cannabis.illinois.gov/research-and-data/sales-figures.html,2026-09-24,download,"CROO dashboard measure 'Price per Gram of Item', category 'Buds'. Averaging method (simple vs volume-weighted) and tax treatment not stated on the dashboard. Beyond month 48; retained for floor analysis. Published at 2-decimal precision, unlike most months (which carry 9); possibly entered separately. After a level shift in Jun-Jul 2025 across all categories and both markets (e.g., adult-use flower $8.98 Jun to $6.71 Jul 2025). CROO says its price charts were regrouped to reflect new seed-to-sale definitions; treat as a possible definition break."
IL,2026-05,month,76,medical,retail,flower,all,mean,usd_per_gram,5.45,unknown,"Illinois Cannabis Regulation Oversight Office, Cannabis Sales Figures dashboard, ""Medical Prices"" view (Tableau, public.data.illinois.gov)",https://cannabis.illinois.gov/research-and-data/sales-figures.html,2026-09-24,download,"CROO dashboard measure 'Price per Gram of Item', category 'Buds'. Averaging method (simple vs volume-weighted) and tax treatment not stated on the dashboard. Beyond month 48; retained for floor analysis. Published at 2-decimal precision, unlike most months (which carry 9); possibly entered separately. After a level shift in Jun-Jul 2025 across all categories and both markets (e.g., adult-use flower $8.98 Jun to $6.71 Jul 2025). CROO says its price charts were regrouped to reflect new seed-to-sale definitions; treat as a possible definition break."
IL,2026-06,month,77,medical,retail,flower,all,mean,usd_per_gram,5.34,unknown,"Illinois Cannabis Regulation Oversight Office, Cannabis Sales Figures dashboard, ""Medical Prices"" view (Tableau, public.data.illinois.gov)",https://cannabis.illinois.gov/research-and-data/sales-figures.html,2026-09-24,download,"CROO dashboard measure 'Price per Gram of Item', category 'Buds'. Averaging method (simple vs volume-weighted) and tax treatment not stated on the dashboard. Beyond month 48; retained for floor analysis. Published at 2-decimal precision, unlike most months (which carry 9); possibly entered separately. After a level shift in Jun-Jul 2025 across all categories and both markets (e.g., adult-use flower $8.98 Jun to $6.71 Jul 2025). CROO says its price charts were regrouped to reflect new seed-to-sale definitions; treat as a possible definition break."
IL,2026-07,month,78,medical,retail,flower,all,mean,usd_per_gram,5.38,unknown,"Illinois Cannabis Regulation Oversight Office, Cannabis Sales Figures dashboard, ""Medical Prices"" view (Tableau, public.data.illinois.gov)",https://cannabis.illinois.gov/research-and-data/sales-figures.html,2026-09-24,download,"CROO dashboard measure 'Price per Gram of Item', category 'Buds'. Averaging method (simple vs volume-weighted) and tax treatment not stated on the dashboard. Beyond month 48; retained for floor analysis. Published at 2-decimal precision, unlike most months (which carry 9); possibly entered separately. After a level shift in Jun-Jul 2025 across all categories and both markets (e.g., adult-use flower $8.98 Jun to $6.71 Jul 2025). CROO says its price charts were regrouped to reflect new seed-to-sale definitions; treat as a possible definition break."
IL,2026-08,month,79,medical,retail,flower,all,mean,usd_per_gram,5.36,unknown,"Illinois Cannabis Regulation Oversight Office, Cannabis Sales Figures dashboard, ""Medical Prices"" view (Tableau, public.data.illinois.gov)",https://cannabis.illinois.gov/research-and-data/sales-figures.html,2026-09-24,download,"CROO dashboard measure 'Price per Gram of Item', category 'Buds'. Averaging method (simple vs volume-weighted) and tax treatment not stated on the dashboard. Beyond month 48; retained for floor analysis. Published at 2-decimal precision, unlike most months (which carry 9); possibly entered separately. After a level shift in Jun-Jul 2025 across all categories and both markets (e.g., adult-use flower $8.98 Jun to $6.71 Jul 2025). CROO says its price charts were regrouped to reflect new seed-to-sale definitions; treat as a possible definition break."
IL,2020-01,month,0,adult_use,retail,concentrate,all,mean,usd_per_gram,113.576122514,unknown,"Illinois Cannabis Regulation Oversight Office, Cannabis Sales Figures dashboard, ""Adult Use Prices"" view (Tableau, public.data.illinois.gov)",https://cannabis.illinois.gov/research-and-data/sales-figures.html,2026-09-24,download,"CROO dashboard measure 'Price per Gram of Item', category 'Concentrate'. Averaging method (simple vs volume-weighted) and tax treatment not stated on the dashboard."
IL,2020-02,month,1,adult_use,retail,concentrate,all,mean,usd_per_gram,123.336214710,unknown,"Illinois Cannabis Regulation Oversight Office, Cannabis Sales Figures dashboard, ""Adult Use Prices"" view (Tableau, public.data.illinois.gov)",https://cannabis.illinois.gov/research-and-data/sales-figures.html,2026-09-24,download,"CROO dashboard measure 'Price per Gram of Item', category 'Concentrate'. Averaging method (simple vs volume-weighted) and tax treatment not stated on the dashboard."
IL,2020-03,month,2,adult_use,retail,concentrate,all,mean,usd_per_gram,124.993739858,unknown,"Illinois Cannabis Regulation Oversight Office, Cannabis Sales Figures dashboard, ""Adult Use Prices"" view (Tableau, public.data.illinois.gov)",https://cannabis.illinois.gov/research-and-data/sales-figures.html,2026-09-24,download,"CROO dashboard measure 'Price per Gram of Item', category 'Concentrate'. Averaging method (simple vs volume-weighted) and tax treatment not stated on the dashboard."
IL,2020-04,month,3,adult_use,retail,concentrate,all,mean,usd_per_gram,118.521232195,unknown,"Illinois Cannabis Regulation Oversight Office, Cannabis Sales Figures dashboard, ""Adult Use Prices"" view (Tableau, public.data.illinois.gov)",https://cannabis.illinois.gov/research-and-data/sales-figures.html,2026-09-24,download,"CROO dashboard measure 'Price per Gram of Item', category 'Concentrate'. Averaging method (simple vs volume-weighted) and tax treatment not stated on the dashboard."
IL,2020-05,month,4,adult_use,retail,concentrate,all,mean,usd_per_gram,117.143626476,unknown,"Illinois Cannabis Regulation Oversight Office, Cannabis Sales Figures dashboard, ""Adult Use Prices"" view (Tableau, public.data.illinois.gov)",https://cannabis.illinois.gov/research-and-data/sales-figures.html,2026-09-24,download,"CROO dashboard measure 'Price per Gram of Item', category 'Concentrate'. Averaging method (simple vs volume-weighted) and tax treatment not stated on the dashboard."
IL,2020-06,month,5,adult_use,retail,concentrate,all,mean,usd_per_gram,114.120547901,unknown,"Illinois Cannabis Regulation Oversight Office, Cannabis Sales Figures dashboard, ""Adult Use Prices"" view (Tableau, public.data.illinois.gov)",https://cannabis.illinois.gov/research-and-data/sales-figures.html,2026-09-24,download,"CROO dashboard measure 'Price per Gram of Item', category 'Concentrate'. Averaging method (simple vs volume-weighted) and tax treatment not stated on the dashboard."
IL,2020-07,month,6,adult_use,retail,concentrate,all,mean,usd_per_gram,111.316679872,unknown,"Illinois Cannabis Regulation Oversight Office, Cannabis Sales Figures dashboard, ""Adult Use Prices"" view (Tableau, public.data.illinois.gov)",https://cannabis.illinois.gov/research-and-data/sales-figures.html,2026-09-24,download,"CROO dashboard measure 'Price per Gram of Item', category 'Concentrate'. Averaging method (simple vs volume-weighted) and tax treatment not stated on the dashboard."
IL,2020-08,month,7,adult_use,retail,concentrate,all,mean,usd_per_gram,110.272733725,unknown,"Illinois Cannabis Regulation Oversight Office, Cannabis Sales Figures dashboard, ""Adult Use Prices"" view (Tableau, public.data.illinois.gov)",https://cannabis.illinois.gov/research-and-data/sales-figures.html,2026-09-24,download,"CROO dashboard measure 'Price per Gram of Item', category 'Concentrate'. Averaging method (simple vs volume-weighted) and tax treatment not stated on the dashboard."
IL,2020-09,month,8,adult_use,retail,concentrate,all,mean,usd_per_gram,109.317861111,unknown,"Illinois Cannabis Regulation Oversight Office, Cannabis Sales Figures dashboard, ""Adult Use Prices"" view (Tableau, public.data.illinois.gov)",https://cannabis.illinois.gov/research-and-data/sales-figures.html,2026-09-24,download,"CROO dashboard measure 'Price per Gram of Item', category 'Concentrate'. Averaging method (simple vs volume-weighted) and tax treatment not stated on the dashboard."
IL,2020-10,month,9,adult_use,retail,concentrate,all,mean,usd_per_gram,108.650454332,unknown,"Illinois Cannabis Regulation Oversight Office, Cannabis Sales Figures dashboard, ""Adult Use Prices"" view (Tableau, public.data.illinois.gov)",https://cannabis.illinois.gov/research-and-data/sales-figures.html,2026-09-24,download,"CROO dashboard measure 'Price per Gram of Item', category 'Concentrate'. Averaging method (simple vs volume-weighted) and tax treatment not stated on the dashboard."
IL,2020-11,month,10,adult_use,retail,concentrate,all,mean,usd_per_gram,106.670698886,unknown,"Illinois Cannabis Regulation Oversight Office, Cannabis Sales Figures dashboard, ""Adult Use Prices"" view (Tableau, public.data.illinois.gov)",https://cannabis.illinois.gov/research-and-data/sales-figures.html,2026-09-24,download,"CROO dashboard measure 'Price per Gram of Item', category 'Concentrate'. Averaging method (simple vs volume-weighted) and tax treatment not stated on the dashboard."
IL,2020-12,month,11,adult_use,retail,concentrate,all,mean,usd_per_gram,103.027479556,unknown,"Illinois Cannabis Regulation Oversight Office, Cannabis Sales Figures dashboard, ""Adult Use Prices"" view (Tableau, public.data.illinois.gov)",https://cannabis.illinois.gov/research-and-data/sales-figures.html,2026-09-24,download,"CROO dashboard measure 'Price per Gram of Item', category 'Concentrate'. Averaging method (simple vs volume-weighted) and tax treatment not stated on the dashboard."
IL,2021-01,month,12,adult_use,retail,concentrate,all,mean,usd_per_gram,101.297058836,unknown,"Illinois Cannabis Regulation Oversight Office, Cannabis Sales Figures dashboard, ""Adult Use Prices"" view (Tableau, public.data.illinois.gov)",https://cannabis.illinois.gov/research-and-data/sales-figures.html,2026-09-24,download,"CROO dashboard measure 'Price per Gram of Item', category 'Concentrate'. Averaging method (simple vs volume-weighted) and tax treatment not stated on the dashboard."
IL,2021-02,month,13,adult_use,retail,concentrate,all,mean,usd_per_gram,100.263493550,unknown,"Illinois Cannabis Regulation Oversight Office, Cannabis Sales Figures dashboard, ""Adult Use Prices"" view (Tableau, public.data.illinois.gov)",https://cannabis.illinois.gov/research-and-data/sales-figures.html,2026-09-24,download,"CROO dashboard measure 'Price per Gram of Item', category 'Concentrate'. Averaging method (simple vs volume-weighted) and tax treatment not stated on the dashboard."
IL,2021-03,month,14,adult_use,retail,concentrate,all,mean,usd_per_gram,98.010233014,unknown,"Illinois Cannabis Regulation Oversight Office, Cannabis Sales Figures dashboard, ""Adult Use Prices"" view (Tableau, public.data.illinois.gov)",https://cannabis.illinois.gov/research-and-data/sales-figures.html,2026-09-24,download,"CROO dashboard measure 'Price per Gram of Item', category 'Concentrate'. Averaging method (simple vs volume-weighted) and tax treatment not stated on the dashboard."
IL,2021-04,month,15,adult_use,retail,concentrate,all,mean,usd_per_gram,99.287826545,unknown,"Illinois Cannabis Regulation Oversight Office, Cannabis Sales Figures dashboard, ""Adult Use Prices"" view (Tableau, public.data.illinois.gov)",https://cannabis.illinois.gov/research-and-data/sales-figures.html,2026-09-24,download,"CROO dashboard measure 'Price per Gram of Item', category 'Concentrate'. Averaging method (simple vs volume-weighted) and tax treatment not stated on the dashboard."
IL,2021-05,month,16,adult_use,retail,concentrate,all,mean,usd_per_gram,101.582153600,unknown,"Illinois Cannabis Regulation Oversight Office, Cannabis Sales Figures dashboard, ""Adult Use Prices"" view (Tableau, public.data.illinois.gov)",https://cannabis.illinois.gov/research-and-data/sales-figures.html,2026-09-24,download,"CROO dashboard measure 'Price per Gram of Item', category 'Concentrate'. Averaging method (simple vs volume-weighted) and tax treatment not stated on the dashboard."
IL,2021-06,month,17,adult_use,retail,concentrate,all,mean,usd_per_gram,101.406454330,unknown,"Illinois Cannabis Regulation Oversight Office, Cannabis Sales Figures dashboard, ""Adult Use Prices"" view (Tableau, public.data.illinois.gov)",https://cannabis.illinois.gov/research-and-data/sales-figures.html,2026-09-24,download,"CROO dashboard measure 'Price per Gram of Item', category 'Concentrate'. Averaging method (simple vs volume-weighted) and tax treatment not stated on the dashboard."
IL,2021-07,month,18,adult_use,retail,concentrate,all,mean,usd_per_gram,99.465945509,unknown,"Illinois Cannabis Regulation Oversight Office, Cannabis Sales Figures dashboard, ""Adult Use Prices"" view (Tableau, public.data.illinois.gov)",https://cannabis.illinois.gov/research-and-data/sales-figures.html,2026-09-24,download,"CROO dashboard measure 'Price per Gram of Item', category 'Concentrate'. Averaging method (simple vs volume-weighted) and tax treatment not stated on the dashboard."
IL,2021-08,month,19,adult_use,retail,concentrate,all,mean,usd_per_gram,100.146279094,unknown,"Illinois Cannabis Regulation Oversight Office, Cannabis Sales Figures dashboard, ""Adult Use Prices"" view (Tableau, public.data.illinois.gov)",https://cannabis.illinois.gov/research-and-data/sales-figures.html,2026-09-24,download,"CROO dashboard measure 'Price per Gram of Item', category 'Concentrate'. Averaging method (simple vs volume-weighted) and tax treatment not stated on the dashboard."
IL,2021-09,month,20,adult_use,retail,concentrate,all,mean,usd_per_gram,96.970451238,unknown,"Illinois Cannabis Regulation Oversight Office, Cannabis Sales Figures dashboard, ""Adult Use Prices"" view (Tableau, public.data.illinois.gov)",https://cannabis.illinois.gov/research-and-data/sales-figures.html,2026-09-24,download,"CROO dashboard measure 'Price per Gram of Item', category 'Concentrate'. Averaging method (simple vs volume-weighted) and tax treatment not stated on the dashboard."
IL,2021-10,month,21,adult_use,retail,concentrate,all,mean,usd_per_gram,96.130200106,unknown,"Illinois Cannabis Regulation Oversight Office, Cannabis Sales Figures dashboard, ""Adult Use Prices"" view (Tableau, public.data.illinois.gov)",https://cannabis.illinois.gov/research-and-data/sales-figures.html,2026-09-24,download,"CROO dashboard measure 'Price per Gram of Item', category 'Concentrate'. Averaging method (simple vs volume-weighted) and tax treatment not stated on the dashboard."
IL,2021-11,month,22,adult_use,retail,concentrate,all,mean,usd_per_gram,93.630310455,unknown,"Illinois Cannabis Regulation Oversight Office, Cannabis Sales Figures dashboard, ""Adult Use Prices"" view (Tableau, public.data.illinois.gov)",https://cannabis.illinois.gov/research-and-data/sales-figures.html,2026-09-24,download,"CROO dashboard measure 'Price per Gram of Item', category 'Concentrate'. Averaging method (simple vs volume-weighted) and tax treatment not stated on the dashboard."
IL,2021-12,month,23,adult_use,retail,concentrate,all,mean,usd_per_gram,93.722533243,unknown,"Illinois Cannabis Regulation Oversight Office, Cannabis Sales Figures dashboard, ""Adult Use Prices"" view (Tableau, public.data.illinois.gov)",https://cannabis.illinois.gov/research-and-data/sales-figures.html,2026-09-24,download,"CROO dashboard measure 'Price per Gram of Item', category 'Concentrate'. Averaging method (simple vs volume-weighted) and tax treatment not stated on the dashboard."
IL,2022-01,month,24,adult_use,retail,concentrate,all,mean,usd_per_gram,92.444650047,unknown,"Illinois Cannabis Regulation Oversight Office, Cannabis Sales Figures dashboard, ""Adult Use Prices"" view (Tableau, public.data.illinois.gov)",https://cannabis.illinois.gov/research-and-data/sales-figures.html,2026-09-24,download,"CROO dashboard measure 'Price per Gram of Item', category 'Concentrate'. Averaging method (simple vs volume-weighted) and tax treatment not stated on the dashboard."
IL,2022-02,month,25,adult_use,retail,concentrate,all,mean,usd_per_gram,91.023966470,unknown,"Illinois Cannabis Regulation Oversight Office, Cannabis Sales Figures dashboard, ""Adult Use Prices"" view (Tableau, public.data.illinois.gov)",https://cannabis.illinois.gov/research-and-data/sales-figures.html,2026-09-24,download,"CROO dashboard measure 'Price per Gram of Item', category 'Concentrate'. Averaging method (simple vs volume-weighted) and tax treatment not stated on the dashboard."
IL,2022-03,month,26,adult_use,retail,concentrate,all,mean,usd_per_gram,88.504393803,unknown,"Illinois Cannabis Regulation Oversight Office, Cannabis Sales Figures dashboard, ""Adult Use Prices"" view (Tableau, public.data.illinois.gov)",https://cannabis.illinois.gov/research-and-data/sales-figures.html,2026-09-24,download,"CROO dashboard measure 'Price per Gram of Item', category 'Concentrate'. Averaging method (simple vs volume-weighted) and tax treatment not stated on the dashboard."
IL,2022-04,month,27,adult_use,retail,concentrate,all,mean,usd_per_gram,87.699549998,unknown,"Illinois Cannabis Regulation Oversight Office, Cannabis Sales Figures dashboard, ""Adult Use Prices"" view (Tableau, public.data.illinois.gov)",https://cannabis.illinois.gov/research-and-data/sales-figures.html,2026-09-24,download,"CROO dashboard measure 'Price per Gram of Item', category 'Concentrate'. Averaging method (simple vs volume-weighted) and tax treatment not stated on the dashboard."
IL,2022-05,month,28,adult_use,retail,concentrate,all,mean,usd_per_gram,88.809423602,unknown,"Illinois Cannabis Regulation Oversight Office, Cannabis Sales Figures dashboard, ""Adult Use Prices"" view (Tableau, public.data.illinois.gov)",https://cannabis.illinois.gov/research-and-data/sales-figures.html,2026-09-24,download,"CROO dashboard measure 'Price per Gram of Item', category 'Concentrate'. Averaging method (simple vs volume-weighted) and tax treatment not stated on the dashboard."
IL,2022-06,month,29,adult_use,retail,concentrate,all,mean,usd_per_gram,87.683059134,unknown,"Illinois Cannabis Regulation Oversight Office, Cannabis Sales Figures dashboard, ""Adult Use Prices"" view (Tableau, public.data.illinois.gov)",https://cannabis.illinois.gov/research-and-data/sales-figures.html,2026-09-24,download,"CROO dashboard measure 'Price per Gram of Item', category 'Concentrate'. Averaging method (simple vs volume-weighted) and tax treatment not stated on the dashboard."
IL,2022-07,month,30,adult_use,retail,concentrate,all,mean,usd_per_gram,86.681289595,unknown,"Illinois Cannabis Regulation Oversight Office, Cannabis Sales Figures dashboard, ""Adult Use Prices"" view (Tableau, public.data.illinois.gov)",https://cannabis.illinois.gov/research-and-data/sales-figures.html,2026-09-24,download,"CROO dashboard measure 'Price per Gram of Item', category 'Concentrate'. Averaging method (simple vs volume-weighted) and tax treatment not stated on the dashboard."
IL,2022-08,month,31,adult_use,retail,concentrate,all,mean,usd_per_gram,85.880357868,unknown,"Illinois Cannabis Regulation Oversight Office, Cannabis Sales Figures dashboard, ""Adult Use Prices"" view (Tableau, public.data.illinois.gov)",https://cannabis.illinois.gov/research-and-data/sales-figures.html,2026-09-24,download,"CROO dashboard measure 'Price per Gram of Item', category 'Concentrate'. Averaging method (simple vs volume-weighted) and tax treatment not stated on the dashboard."
IL,2022-09,month,32,adult_use,retail,concentrate,all,mean,usd_per_gram,84.982571563,unknown,"Illinois Cannabis Regulation Oversight Office, Cannabis Sales Figures dashboard, ""Adult Use Prices"" view (Tableau, public.data.illinois.gov)",https://cannabis.illinois.gov/research-and-data/sales-figures.html,2026-09-24,download,"CROO dashboard measure 'Price per Gram of Item', category 'Concentrate'. Averaging method (simple vs volume-weighted) and tax treatment not stated on the dashboard."
IL,2022-10,month,33,adult_use,retail,concentrate,all,mean,usd_per_gram,83.683201761,unknown,"Illinois Cannabis Regulation Oversight Office, Cannabis Sales Figures dashboard, ""Adult Use Prices"" view (Tableau, public.data.illinois.gov)",https://cannabis.illinois.gov/research-and-data/sales-figures.html,2026-09-24,download,"CROO dashboard measure 'Price per Gram of Item', category 'Concentrate'. Averaging method (simple vs volume-weighted) and tax treatment not stated on the dashboard."
IL,2022-11,month,34,adult_use,retail,concentrate,all,mean,usd_per_gram,83.668258618,unknown,"Illinois Cannabis Regulation Oversight Office, Cannabis Sales Figures dashboard, ""Adult Use Prices"" view (Tableau, public.data.illinois.gov)",https://cannabis.illinois.gov/research-and-data/sales-figures.html,2026-09-24,download,"CROO dashboard measure 'Price per Gram of Item', category 'Concentrate'. Averaging method (simple vs volume-weighted) and tax treatment not stated on the dashboard."
IL,2022-12,month,35,adult_use,retail,concentrate,all,mean,usd_per_gram,80.982538528,unknown,"Illinois Cannabis Regulation Oversight Office, Cannabis Sales Figures dashboard, ""Adult Use Prices"" view (Tableau, public.data.illinois.gov)",https://cannabis.illinois.gov/research-and-data/sales-figures.html,2026-09-24,download,"CROO dashboard measure 'Price per Gram of Item', category 'Concentrate'. Averaging method (simple vs volume-weighted) and tax treatment not stated on the dashboard."
IL,2023-01,month,36,adult_use,retail,concentrate,all,mean,usd_per_gram,80.982538528,unknown,"Illinois Cannabis Regulation Oversight Office, Cannabis Sales Figures dashboard, ""Adult Use Prices"" view (Tableau, public.data.illinois.gov)",https://cannabis.illinois.gov/research-and-data/sales-figures.html,2026-09-24,download,"CROO dashboard measure 'Price per Gram of Item', category 'Concentrate'. Averaging method (simple vs volume-weighted) and tax treatment not stated on the dashboard. Identical to Dec 2022 in every category and both markets; likely a carried-forward value, not an independent January observation. Use with caution."
IL,2023-02,month,37,adult_use,retail,concentrate,all,mean,usd_per_gram,80.088198385,unknown,"Illinois Cannabis Regulation Oversight Office, Cannabis Sales Figures dashboard, ""Adult Use Prices"" view (Tableau, public.data.illinois.gov)",https://cannabis.illinois.gov/research-and-data/sales-figures.html,2026-09-24,download,"CROO dashboard measure 'Price per Gram of Item', category 'Concentrate'. Averaging method (simple vs volume-weighted) and tax treatment not stated on the dashboard."
IL,2023-03,month,38,adult_use,retail,concentrate,all,mean,usd_per_gram,77.383697256,unknown,"Illinois Cannabis Regulation Oversight Office, Cannabis Sales Figures dashboard, ""Adult Use Prices"" view (Tableau, public.data.illinois.gov)",https://cannabis.illinois.gov/research-and-data/sales-figures.html,2026-09-24,download,"CROO dashboard measure 'Price per Gram of Item', category 'Concentrate'. Averaging method (simple vs volume-weighted) and tax treatment not stated on the dashboard."
IL,2023-04,month,39,adult_use,retail,concentrate,all,mean,usd_per_gram,73.46,unknown,"Illinois Cannabis Regulation Oversight Office, Cannabis Sales Figures dashboard, ""Adult Use Prices"" view (Tableau, public.data.illinois.gov)",https://cannabis.illinois.gov/research-and-data/sales-figures.html,2026-09-24,download,"CROO dashboard measure 'Price per Gram of Item', category 'Concentrate'. Averaging method (simple vs volume-weighted) and tax treatment not stated on the dashboard. Published at 2-decimal precision, unlike most months (which carry 9); possibly entered separately."
IL,2023-05,month,40,adult_use,retail,concentrate,all,mean,usd_per_gram,73.73,unknown,"Illinois Cannabis Regulation Oversight Office, Cannabis Sales Figures dashboard, ""Adult Use Prices"" view (Tableau, public.data.illinois.gov)",https://cannabis.illinois.gov/research-and-data/sales-figures.html,2026-09-24,download,"CROO dashboard measure 'Price per Gram of Item', category 'Concentrate'. Averaging method (simple vs volume-weighted) and tax treatment not stated on the dashboard. Published at 2-decimal precision, unlike most months (which carry 9); possibly entered separately."
IL,2023-06,month,41,adult_use,retail,concentrate,all,mean,usd_per_gram,73.161725733,unknown,"Illinois Cannabis Regulation Oversight Office, Cannabis Sales Figures dashboard, ""Adult Use Prices"" view (Tableau, public.data.illinois.gov)",https://cannabis.illinois.gov/research-and-data/sales-figures.html,2026-09-24,download,"CROO dashboard measure 'Price per Gram of Item', category 'Concentrate'. Averaging method (simple vs volume-weighted) and tax treatment not stated on the dashboard."
IL,2023-07,month,42,adult_use,retail,concentrate,all,mean,usd_per_gram,71.254679438,unknown,"Illinois Cannabis Regulation Oversight Office, Cannabis Sales Figures dashboard, ""Adult Use Prices"" view (Tableau, public.data.illinois.gov)",https://cannabis.illinois.gov/research-and-data/sales-figures.html,2026-09-24,download,"CROO dashboard measure 'Price per Gram of Item', category 'Concentrate'. Averaging method (simple vs volume-weighted) and tax treatment not stated on the dashboard."
IL,2023-08,month,43,adult_use,retail,concentrate,all,mean,usd_per_gram,68.835505332,unknown,"Illinois Cannabis Regulation Oversight Office, Cannabis Sales Figures dashboard, ""Adult Use Prices"" view (Tableau, public.data.illinois.gov)",https://cannabis.illinois.gov/research-and-data/sales-figures.html,2026-09-24,download,"CROO dashboard measure 'Price per Gram of Item', category 'Concentrate'. Averaging method (simple vs volume-weighted) and tax treatment not stated on the dashboard."
IL,2023-09,month,44,adult_use,retail,concentrate,all,mean,usd_per_gram,65.591958095,unknown,"Illinois Cannabis Regulation Oversight Office, Cannabis Sales Figures dashboard, ""Adult Use Prices"" view (Tableau, public.data.illinois.gov)",https://cannabis.illinois.gov/research-and-data/sales-figures.html,2026-09-24,download,"CROO dashboard measure 'Price per Gram of Item', category 'Concentrate'. Averaging method (simple vs volume-weighted) and tax treatment not stated on the dashboard."
IL,2023-10,month,45,adult_use,retail,concentrate,all,mean,usd_per_gram,63.803075555,unknown,"Illinois Cannabis Regulation Oversight Office, Cannabis Sales Figures dashboard, ""Adult Use Prices"" view (Tableau, public.data.illinois.gov)",https://cannabis.illinois.gov/research-and-data/sales-figures.html,2026-09-24,download,"CROO dashboard measure 'Price per Gram of Item', category 'Concentrate'. Averaging method (simple vs volume-weighted) and tax treatment not stated on the dashboard."
IL,2023-11,month,46,adult_use,retail,concentrate,all,mean,usd_per_gram,63.705643833,unknown,"Illinois Cannabis Regulation Oversight Office, Cannabis Sales Figures dashboard, ""Adult Use Prices"" view (Tableau, public.data.illinois.gov)",https://cannabis.illinois.gov/research-and-data/sales-figures.html,2026-09-24,download,"CROO dashboard measure 'Price per Gram of Item', category 'Concentrate'. Averaging method (simple vs volume-weighted) and tax treatment not stated on the dashboard."
IL,2023-12,month,47,adult_use,retail,concentrate,all,mean,usd_per_gram,66.128103078,unknown,"Illinois Cannabis Regulation Oversight Office, Cannabis Sales Figures dashboard, ""Adult Use Prices"" view (Tableau, public.data.illinois.gov)",https://cannabis.illinois.gov/research-and-data/sales-figures.html,2026-09-24,download,"CROO dashboard measure 'Price per Gram of Item', category 'Concentrate'. Averaging method (simple vs volume-weighted) and tax treatment not stated on the dashboard."
IL,2024-01,month,48,adult_use,retail,concentrate,all,mean,usd_per_gram,62.056379980,unknown,"Illinois Cannabis Regulation Oversight Office, Cannabis Sales Figures dashboard, ""Adult Use Prices"" view (Tableau, public.data.illinois.gov)",https://cannabis.illinois.gov/research-and-data/sales-figures.html,2026-09-24,download,"CROO dashboard measure 'Price per Gram of Item', category 'Concentrate'. Averaging method (simple vs volume-weighted) and tax treatment not stated on the dashboard."
IL,2024-02,month,49,adult_use,retail,concentrate,all,mean,usd_per_gram,62.800399543,unknown,"Illinois Cannabis Regulation Oversight Office, Cannabis Sales Figures dashboard, ""Adult Use Prices"" view (Tableau, public.data.illinois.gov)",https://cannabis.illinois.gov/research-and-data/sales-figures.html,2026-09-24,download,"CROO dashboard measure 'Price per Gram of Item', category 'Concentrate'. Averaging method (simple vs volume-weighted) and tax treatment not stated on the dashboard. Beyond month 48; retained for floor analysis."
IL,2024-03,month,50,adult_use,retail,concentrate,all,mean,usd_per_gram,60.640299277,unknown,"Illinois Cannabis Regulation Oversight Office, Cannabis Sales Figures dashboard, ""Adult Use Prices"" view (Tableau, public.data.illinois.gov)",https://cannabis.illinois.gov/research-and-data/sales-figures.html,2026-09-24,download,"CROO dashboard measure 'Price per Gram of Item', category 'Concentrate'. Averaging method (simple vs volume-weighted) and tax treatment not stated on the dashboard. Beyond month 48; retained for floor analysis."
IL,2024-04,month,51,adult_use,retail,concentrate,all,mean,usd_per_gram,59.18,unknown,"Illinois Cannabis Regulation Oversight Office, Cannabis Sales Figures dashboard, ""Adult Use Prices"" view (Tableau, public.data.illinois.gov)",https://cannabis.illinois.gov/research-and-data/sales-figures.html,2026-09-24,download,"CROO dashboard measure 'Price per Gram of Item', category 'Concentrate'. Averaging method (simple vs volume-weighted) and tax treatment not stated on the dashboard. Beyond month 48; retained for floor analysis. Published at 2-decimal precision, unlike most months (which carry 9); possibly entered separately."
IL,2024-05,month,52,adult_use,retail,concentrate,all,mean,usd_per_gram,58.32,unknown,"Illinois Cannabis Regulation Oversight Office, Cannabis Sales Figures dashboard, ""Adult Use Prices"" view (Tableau, public.data.illinois.gov)",https://cannabis.illinois.gov/research-and-data/sales-figures.html,2026-09-24,download,"CROO dashboard measure 'Price per Gram of Item', category 'Concentrate'. Averaging method (simple vs volume-weighted) and tax treatment not stated on the dashboard. Beyond month 48; retained for floor analysis. Published at 2-decimal precision, unlike most months (which carry 9); possibly entered separately."
IL,2024-06,month,53,adult_use,retail,concentrate,all,mean,usd_per_gram,58.41,unknown,"Illinois Cannabis Regulation Oversight Office, Cannabis Sales Figures dashboard, ""Adult Use Prices"" view (Tableau, public.data.illinois.gov)",https://cannabis.illinois.gov/research-and-data/sales-figures.html,2026-09-24,download,"CROO dashboard measure 'Price per Gram of Item', category 'Concentrate'. Averaging method (simple vs volume-weighted) and tax treatment not stated on the dashboard. Beyond month 48; retained for floor analysis. Published at 2-decimal precision, unlike most months (which carry 9); possibly entered separately."
IL,2024-07,month,54,adult_use,retail,concentrate,all,mean,usd_per_gram,56.856855394,unknown,"Illinois Cannabis Regulation Oversight Office, Cannabis Sales Figures dashboard, ""Adult Use Prices"" view (Tableau, public.data.illinois.gov)",https://cannabis.illinois.gov/research-and-data/sales-figures.html,2026-09-24,download,"CROO dashboard measure 'Price per Gram of Item', category 'Concentrate'. Averaging method (simple vs volume-weighted) and tax treatment not stated on the dashboard. Beyond month 48; retained for floor analysis."
IL,2024-08,month,55,adult_use,retail,concentrate,all,mean,usd_per_gram,55.77,unknown,"Illinois Cannabis Regulation Oversight Office, Cannabis Sales Figures dashboard, ""Adult Use Prices"" view (Tableau, public.data.illinois.gov)",https://cannabis.illinois.gov/research-and-data/sales-figures.html,2026-09-24,download,"CROO dashboard measure 'Price per Gram of Item', category 'Concentrate'. Averaging method (simple vs volume-weighted) and tax treatment not stated on the dashboard. Beyond month 48; retained for floor analysis. Published at 2-decimal precision, unlike most months (which carry 9); possibly entered separately."
IL,2024-09,month,56,adult_use,retail,concentrate,all,mean,usd_per_gram,55.199056218,unknown,"Illinois Cannabis Regulation Oversight Office, Cannabis Sales Figures dashboard, ""Adult Use Prices"" view (Tableau, public.data.illinois.gov)",https://cannabis.illinois.gov/research-and-data/sales-figures.html,2026-09-24,download,"CROO dashboard measure 'Price per Gram of Item', category 'Concentrate'. Averaging method (simple vs volume-weighted) and tax treatment not stated on the dashboard. Beyond month 48; retained for floor analysis."
IL,2024-10,month,57,adult_use,retail,concentrate,all,mean,usd_per_gram,53.88,unknown,"Illinois Cannabis Regulation Oversight Office, Cannabis Sales Figures dashboard, ""Adult Use Prices"" view (Tableau, public.data.illinois.gov)",https://cannabis.illinois.gov/research-and-data/sales-figures.html,2026-09-24,download,"CROO dashboard measure 'Price per Gram of Item', category 'Concentrate'. Averaging method (simple vs volume-weighted) and tax treatment not stated on the dashboard. Beyond month 48; retained for floor analysis. Published at 2-decimal precision, unlike most months (which carry 9); possibly entered separately."
IL,2024-11,month,58,adult_use,retail,concentrate,all,mean,usd_per_gram,52.76,unknown,"Illinois Cannabis Regulation Oversight Office, Cannabis Sales Figures dashboard, ""Adult Use Prices"" view (Tableau, public.data.illinois.gov)",https://cannabis.illinois.gov/research-and-data/sales-figures.html,2026-09-24,download,"CROO dashboard measure 'Price per Gram of Item', category 'Concentrate'. Averaging method (simple vs volume-weighted) and tax treatment not stated on the dashboard. Beyond month 48; retained for floor analysis. Published at 2-decimal precision, unlike most months (which carry 9); possibly entered separately."
IL,2024-12,month,59,adult_use,retail,concentrate,all,mean,usd_per_gram,52.207857705,unknown,"Illinois Cannabis Regulation Oversight Office, Cannabis Sales Figures dashboard, ""Adult Use Prices"" view (Tableau, public.data.illinois.gov)",https://cannabis.illinois.gov/research-and-data/sales-figures.html,2026-09-24,download,"CROO dashboard measure 'Price per Gram of Item', category 'Concentrate'. Averaging method (simple vs volume-weighted) and tax treatment not stated on the dashboard. Beyond month 48; retained for floor analysis."
IL,2025-01,month,60,adult_use,retail,concentrate,all,mean,usd_per_gram,51.22,unknown,"Illinois Cannabis Regulation Oversight Office, Cannabis Sales Figures dashboard, ""Adult Use Prices"" view (Tableau, public.data.illinois.gov)",https://cannabis.illinois.gov/research-and-data/sales-figures.html,2026-09-24,download,"CROO dashboard measure 'Price per Gram of Item', category 'Concentrate'. Averaging method (simple vs volume-weighted) and tax treatment not stated on the dashboard. Beyond month 48; retained for floor analysis. Published at 2-decimal precision, unlike most months (which carry 9); possibly entered separately."
IL,2025-02,month,61,adult_use,retail,concentrate,all,mean,usd_per_gram,49.83,unknown,"Illinois Cannabis Regulation Oversight Office, Cannabis Sales Figures dashboard, ""Adult Use Prices"" view (Tableau, public.data.illinois.gov)",https://cannabis.illinois.gov/research-and-data/sales-figures.html,2026-09-24,download,"CROO dashboard measure 'Price per Gram of Item', category 'Concentrate'. Averaging method (simple vs volume-weighted) and tax treatment not stated on the dashboard. Beyond month 48; retained for floor analysis. Published at 2-decimal precision, unlike most months (which carry 9); possibly entered separately."
IL,2025-03,month,62,adult_use,retail,concentrate,all,mean,usd_per_gram,49.337917713,unknown,"Illinois Cannabis Regulation Oversight Office, Cannabis Sales Figures dashboard, ""Adult Use Prices"" view (Tableau, public.data.illinois.gov)",https://cannabis.illinois.gov/research-and-data/sales-figures.html,2026-09-24,download,"CROO dashboard measure 'Price per Gram of Item', category 'Concentrate'. Averaging method (simple vs volume-weighted) and tax treatment not stated on the dashboard. Beyond month 48; retained for floor analysis."
IL,2025-04,month,63,adult_use,retail,concentrate,all,mean,usd_per_gram,47.132497355,unknown,"Illinois Cannabis Regulation Oversight Office, Cannabis Sales Figures dashboard, ""Adult Use Prices"" view (Tableau, public.data.illinois.gov)",https://cannabis.illinois.gov/research-and-data/sales-figures.html,2026-09-24,download,"CROO dashboard measure 'Price per Gram of Item', category 'Concentrate'. Averaging method (simple vs volume-weighted) and tax treatment not stated on the dashboard. Beyond month 48; retained for floor analysis."
IL,2025-05,month,64,adult_use,retail,concentrate,all,mean,usd_per_gram,47.7,unknown,"Illinois Cannabis Regulation Oversight Office, Cannabis Sales Figures dashboard, ""Adult Use Prices"" view (Tableau, public.data.illinois.gov)",https://cannabis.illinois.gov/research-and-data/sales-figures.html,2026-09-24,download,"CROO dashboard measure 'Price per Gram of Item', category 'Concentrate'. Averaging method (simple vs volume-weighted) and tax treatment not stated on the dashboard. Beyond month 48; retained for floor analysis. Published at 2-decimal precision, unlike most months (which carry 9); possibly entered separately."
IL,2025-06,month,65,adult_use,retail,concentrate,all,mean,usd_per_gram,37.46,unknown,"Illinois Cannabis Regulation Oversight Office, Cannabis Sales Figures dashboard, ""Adult Use Prices"" view (Tableau, public.data.illinois.gov)",https://cannabis.illinois.gov/research-and-data/sales-figures.html,2026-09-24,download,"CROO dashboard measure 'Price per Gram of Item', category 'Concentrate'. Averaging method (simple vs volume-weighted) and tax treatment not stated on the dashboard. Beyond month 48; retained for floor analysis. Published at 2-decimal precision, unlike most months (which carry 9); possibly entered separately. After a level shift in Jun-Jul 2025 across all categories and both markets (e.g., adult-use flower $8.98 Jun to $6.71 Jul 2025). CROO says its price charts were regrouped to reflect new seed-to-sale definitions; treat as a possible definition break."
IL,2025-07,month,66,adult_use,retail,concentrate,all,mean,usd_per_gram,34.66,unknown,"Illinois Cannabis Regulation Oversight Office, Cannabis Sales Figures dashboard, ""Adult Use Prices"" view (Tableau, public.data.illinois.gov)",https://cannabis.illinois.gov/research-and-data/sales-figures.html,2026-09-24,download,"CROO dashboard measure 'Price per Gram of Item', category 'Concentrate'. Averaging method (simple vs volume-weighted) and tax treatment not stated on the dashboard. Beyond month 48; retained for floor analysis. Published at 2-decimal precision, unlike most months (which carry 9); possibly entered separately. After a level shift in Jun-Jul 2025 across all categories and both markets (e.g., adult-use flower $8.98 Jun to $6.71 Jul 2025). CROO says its price charts were regrouped to reflect new seed-to-sale definitions; treat as a possible definition break."
IL,2025-08,month,67,adult_use,retail,concentrate,all,mean,usd_per_gram,34.13,unknown,"Illinois Cannabis Regulation Oversight Office, Cannabis Sales Figures dashboard, ""Adult Use Prices"" view (Tableau, public.data.illinois.gov)",https://cannabis.illinois.gov/research-and-data/sales-figures.html,2026-09-24,download,"CROO dashboard measure 'Price per Gram of Item', category 'Concentrate'. Averaging method (simple vs volume-weighted) and tax treatment not stated on the dashboard. Beyond month 48; retained for floor analysis. Published at 2-decimal precision, unlike most months (which carry 9); possibly entered separately. After a level shift in Jun-Jul 2025 across all categories and both markets (e.g., adult-use flower $8.98 Jun to $6.71 Jul 2025). CROO says its price charts were regrouped to reflect new seed-to-sale definitions; treat as a possible definition break."
IL,2025-09,month,68,adult_use,retail,concentrate,all,mean,usd_per_gram,33.51,unknown,"Illinois Cannabis Regulation Oversight Office, Cannabis Sales Figures dashboard, ""Adult Use Prices"" view (Tableau, public.data.illinois.gov)",https://cannabis.illinois.gov/research-and-data/sales-figures.html,2026-09-24,download,"CROO dashboard measure 'Price per Gram of Item', category 'Concentrate'. Averaging method (simple vs volume-weighted) and tax treatment not stated on the dashboard. Beyond month 48; retained for floor analysis. Published at 2-decimal precision, unlike most months (which carry 9); possibly entered separately. After a level shift in Jun-Jul 2025 across all categories and both markets (e.g., adult-use flower $8.98 Jun to $6.71 Jul 2025). CROO says its price charts were regrouped to reflect new seed-to-sale definitions; treat as a possible definition break."
IL,2025-10,month,69,adult_use,retail,concentrate,all,mean,usd_per_gram,34.03,unknown,"Illinois Cannabis Regulation Oversight Office, Cannabis Sales Figures dashboard, ""Adult Use Prices"" view (Tableau, public.data.illinois.gov)",https://cannabis.illinois.gov/research-and-data/sales-figures.html,2026-09-24,download,"CROO dashboard measure 'Price per Gram of Item', category 'Concentrate'. Averaging method (simple vs volume-weighted) and tax treatment not stated on the dashboard. Beyond month 48; retained for floor analysis. Published at 2-decimal precision, unlike most months (which carry 9); possibly entered separately. After a level shift in Jun-Jul 2025 across all categories and both markets (e.g., adult-use flower $8.98 Jun to $6.71 Jul 2025). CROO says its price charts were regrouped to reflect new seed-to-sale definitions; treat as a possible definition break."
IL,2025-11,month,70,adult_use,retail,concentrate,all,mean,usd_per_gram,33.07,unknown,"Illinois Cannabis Regulation Oversight Office, Cannabis Sales Figures dashboard, ""Adult Use Prices"" view (Tableau, public.data.illinois.gov)",https://cannabis.illinois.gov/research-and-data/sales-figures.html,2026-09-24,download,"CROO dashboard measure 'Price per Gram of Item', category 'Concentrate'. Averaging method (simple vs volume-weighted) and tax treatment not stated on the dashboard. Beyond month 48; retained for floor analysis. Published at 2-decimal precision, unlike most months (which carry 9); possibly entered separately. After a level shift in Jun-Jul 2025 across all categories and both markets (e.g., adult-use flower $8.98 Jun to $6.71 Jul 2025). CROO says its price charts were regrouped to reflect new seed-to-sale definitions; treat as a possible definition break."
IL,2025-12,month,71,adult_use,retail,concentrate,all,mean,usd_per_gram,32.93,unknown,"Illinois Cannabis Regulation Oversight Office, Cannabis Sales Figures dashboard, ""Adult Use Prices"" view (Tableau, public.data.illinois.gov)",https://cannabis.illinois.gov/research-and-data/sales-figures.html,2026-09-24,download,"CROO dashboard measure 'Price per Gram of Item', category 'Concentrate'. Averaging method (simple vs volume-weighted) and tax treatment not stated on the dashboard. Beyond month 48; retained for floor analysis. Published at 2-decimal precision, unlike most months (which carry 9); possibly entered separately. After a level shift in Jun-Jul 2025 across all categories and both markets (e.g., adult-use flower $8.98 Jun to $6.71 Jul 2025). CROO says its price charts were regrouped to reflect new seed-to-sale definitions; treat as a possible definition break."
IL,2026-01,month,72,adult_use,retail,concentrate,all,mean,usd_per_gram,34.39,unknown,"Illinois Cannabis Regulation Oversight Office, Cannabis Sales Figures dashboard, ""Adult Use Prices"" view (Tableau, public.data.illinois.gov)",https://cannabis.illinois.gov/research-and-data/sales-figures.html,2026-09-24,download,"CROO dashboard measure 'Price per Gram of Item', category 'Concentrate'. Averaging method (simple vs volume-weighted) and tax treatment not stated on the dashboard. Beyond month 48; retained for floor analysis. Published at 2-decimal precision, unlike most months (which carry 9); possibly entered separately. After a level shift in Jun-Jul 2025 across all categories and both markets (e.g., adult-use flower $8.98 Jun to $6.71 Jul 2025). CROO says its price charts were regrouped to reflect new seed-to-sale definitions; treat as a possible definition break."
IL,2026-02,month,73,adult_use,retail,concentrate,all,mean,usd_per_gram,34.67,unknown,"Illinois Cannabis Regulation Oversight Office, Cannabis Sales Figures dashboard, ""Adult Use Prices"" view (Tableau, public.data.illinois.gov)",https://cannabis.illinois.gov/research-and-data/sales-figures.html,2026-09-24,download,"CROO dashboard measure 'Price per Gram of Item', category 'Concentrate'. Averaging method (simple vs volume-weighted) and tax treatment not stated on the dashboard. Beyond month 48; retained for floor analysis. Published at 2-decimal precision, unlike most months (which carry 9); possibly entered separately. After a level shift in Jun-Jul 2025 across all categories and both markets (e.g., adult-use flower $8.98 Jun to $6.71 Jul 2025). CROO says its price charts were regrouped to reflect new seed-to-sale definitions; treat as a possible definition break."
IL,2026-03,month,74,adult_use,retail,concentrate,all,mean,usd_per_gram,34.48,unknown,"Illinois Cannabis Regulation Oversight Office, Cannabis Sales Figures dashboard, ""Adult Use Prices"" view (Tableau, public.data.illinois.gov)",https://cannabis.illinois.gov/research-and-data/sales-figures.html,2026-09-24,download,"CROO dashboard measure 'Price per Gram of Item', category 'Concentrate'. Averaging method (simple vs volume-weighted) and tax treatment not stated on the dashboard. Beyond month 48; retained for floor analysis. Published at 2-decimal precision, unlike most months (which carry 9); possibly entered separately. After a level shift in Jun-Jul 2025 across all categories and both markets (e.g., adult-use flower $8.98 Jun to $6.71 Jul 2025). CROO says its price charts were regrouped to reflect new seed-to-sale definitions; treat as a possible definition break."
IL,2026-04,month,75,adult_use,retail,concentrate,all,mean,usd_per_gram,33.81,unknown,"Illinois Cannabis Regulation Oversight Office, Cannabis Sales Figures dashboard, ""Adult Use Prices"" view (Tableau, public.data.illinois.gov)",https://cannabis.illinois.gov/research-and-data/sales-figures.html,2026-09-24,download,"CROO dashboard measure 'Price per Gram of Item', category 'Concentrate'. Averaging method (simple vs volume-weighted) and tax treatment not stated on the dashboard. Beyond month 48; retained for floor analysis. Published at 2-decimal precision, unlike most months (which carry 9); possibly entered separately. After a level shift in Jun-Jul 2025 across all categories and both markets (e.g., adult-use flower $8.98 Jun to $6.71 Jul 2025). CROO says its price charts were regrouped to reflect new seed-to-sale definitions; treat as a possible definition break."
IL,2026-05,month,76,adult_use,retail,concentrate,all,mean,usd_per_gram,35.05,unknown,"Illinois Cannabis Regulation Oversight Office, Cannabis Sales Figures dashboard, ""Adult Use Prices"" view (Tableau, public.data.illinois.gov)",https://cannabis.illinois.gov/research-and-data/sales-figures.html,2026-09-24,download,"CROO dashboard measure 'Price per Gram of Item', category 'Concentrate'. Averaging method (simple vs volume-weighted) and tax treatment not stated on the dashboard. Beyond month 48; retained for floor analysis. Published at 2-decimal precision, unlike most months (which carry 9); possibly entered separately. After a level shift in Jun-Jul 2025 across all categories and both markets (e.g., adult-use flower $8.98 Jun to $6.71 Jul 2025). CROO says its price charts were regrouped to reflect new seed-to-sale definitions; treat as a possible definition break."
IL,2026-06,month,77,adult_use,retail,concentrate,all,mean,usd_per_gram,35.17,unknown,"Illinois Cannabis Regulation Oversight Office, Cannabis Sales Figures dashboard, ""Adult Use Prices"" view (Tableau, public.data.illinois.gov)",https://cannabis.illinois.gov/research-and-data/sales-figures.html,2026-09-24,download,"CROO dashboard measure 'Price per Gram of Item', category 'Concentrate'. Averaging method (simple vs volume-weighted) and tax treatment not stated on the dashboard. Beyond month 48; retained for floor analysis. Published at 2-decimal precision, unlike most months (which carry 9); possibly entered separately. After a level shift in Jun-Jul 2025 across all categories and both markets (e.g., adult-use flower $8.98 Jun to $6.71 Jul 2025). CROO says its price charts were regrouped to reflect new seed-to-sale definitions; treat as a possible definition break."
IL,2026-07,month,78,adult_use,retail,concentrate,all,mean,usd_per_gram,34.93,unknown,"Illinois Cannabis Regulation Oversight Office, Cannabis Sales Figures dashboard, ""Adult Use Prices"" view (Tableau, public.data.illinois.gov)",https://cannabis.illinois.gov/research-and-data/sales-figures.html,2026-09-24,download,"CROO dashboard measure 'Price per Gram of Item', category 'Concentrate'. Averaging method (simple vs volume-weighted) and tax treatment not stated on the dashboard. Beyond month 48; retained for floor analysis. Published at 2-decimal precision, unlike most months (which carry 9); possibly entered separately. After a level shift in Jun-Jul 2025 across all categories and both markets (e.g., adult-use flower $8.98 Jun to $6.71 Jul 2025). CROO says its price charts were regrouped to reflect new seed-to-sale definitions; treat as a possible definition break."
IL,2026-08,month,79,adult_use,retail,concentrate,all,mean,usd_per_gram,35.36,unknown,"Illinois Cannabis Regulation Oversight Office, Cannabis Sales Figures dashboard, ""Adult Use Prices"" view (Tableau, public.data.illinois.gov)",https://cannabis.illinois.gov/research-and-data/sales-figures.html,2026-09-24,download,"CROO dashboard measure 'Price per Gram of Item', category 'Concentrate'. Averaging method (simple vs volume-weighted) and tax treatment not stated on the dashboard. Beyond month 48; retained for floor analysis. Published at 2-decimal precision, unlike most months (which carry 9); possibly entered separately. After a level shift in Jun-Jul 2025 across all categories and both markets (e.g., adult-use flower $8.98 Jun to $6.71 Jul 2025). CROO says its price charts were regrouped to reflect new seed-to-sale definitions; treat as a possible definition break."
IL,2016-03,month,-46,medical,retail,concentrate,all,mean,usd_per_gram,82.848285948,unknown,"Illinois Cannabis Regulation Oversight Office, Cannabis Sales Figures dashboard, ""Medical Prices"" view (Tableau, public.data.illinois.gov)",https://cannabis.illinois.gov/research-and-data/sales-figures.html,2026-09-24,download,"CROO dashboard measure 'Price per Gram of Item', category 'Concentrate'. Averaging method (simple vs volume-weighted) and tax treatment not stated on the dashboard. Pre-launch medical month (adult-use sales began Jan 2020)."
IL,2016-04,month,-45,medical,retail,concentrate,all,mean,usd_per_gram,74.871330736,unknown,"Illinois Cannabis Regulation Oversight Office, Cannabis Sales Figures dashboard, ""Medical Prices"" view (Tableau, public.data.illinois.gov)",https://cannabis.illinois.gov/research-and-data/sales-figures.html,2026-09-24,download,"CROO dashboard measure 'Price per Gram of Item', category 'Concentrate'. Averaging method (simple vs volume-weighted) and tax treatment not stated on the dashboard. Pre-launch medical month (adult-use sales began Jan 2020)."
IL,2016-05,month,-44,medical,retail,concentrate,all,mean,usd_per_gram,83.144910546,unknown,"Illinois Cannabis Regulation Oversight Office, Cannabis Sales Figures dashboard, ""Medical Prices"" view (Tableau, public.data.illinois.gov)",https://cannabis.illinois.gov/research-and-data/sales-figures.html,2026-09-24,download,"CROO dashboard measure 'Price per Gram of Item', category 'Concentrate'. Averaging method (simple vs volume-weighted) and tax treatment not stated on the dashboard. Pre-launch medical month (adult-use sales began Jan 2020). Single-month outlier: 83.14 vs 74.87 prior and 69.19 next month. As published; not corrected."
IL,2016-06,month,-43,medical,retail,concentrate,all,mean,usd_per_gram,69.188941838,unknown,"Illinois Cannabis Regulation Oversight Office, Cannabis Sales Figures dashboard, ""Medical Prices"" view (Tableau, public.data.illinois.gov)",https://cannabis.illinois.gov/research-and-data/sales-figures.html,2026-09-24,download,"CROO dashboard measure 'Price per Gram of Item', category 'Concentrate'. Averaging method (simple vs volume-weighted) and tax treatment not stated on the dashboard. Pre-launch medical month (adult-use sales began Jan 2020)."
IL,2016-07,month,-42,medical,retail,concentrate,all,mean,usd_per_gram,75.525384482,unknown,"Illinois Cannabis Regulation Oversight Office, Cannabis Sales Figures dashboard, ""Medical Prices"" view (Tableau, public.data.illinois.gov)",https://cannabis.illinois.gov/research-and-data/sales-figures.html,2026-09-24,download,"CROO dashboard measure 'Price per Gram of Item', category 'Concentrate'. Averaging method (simple vs volume-weighted) and tax treatment not stated on the dashboard. Pre-launch medical month (adult-use sales began Jan 2020)."
IL,2016-08,month,-41,medical,retail,concentrate,all,mean,usd_per_gram,76.169768855,unknown,"Illinois Cannabis Regulation Oversight Office, Cannabis Sales Figures dashboard, ""Medical Prices"" view (Tableau, public.data.illinois.gov)",https://cannabis.illinois.gov/research-and-data/sales-figures.html,2026-09-24,download,"CROO dashboard measure 'Price per Gram of Item', category 'Concentrate'. Averaging method (simple vs volume-weighted) and tax treatment not stated on the dashboard. Pre-launch medical month (adult-use sales began Jan 2020)."
IL,2016-09,month,-40,medical,retail,concentrate,all,mean,usd_per_gram,75.604952398,unknown,"Illinois Cannabis Regulation Oversight Office, Cannabis Sales Figures dashboard, ""Medical Prices"" view (Tableau, public.data.illinois.gov)",https://cannabis.illinois.gov/research-and-data/sales-figures.html,2026-09-24,download,"CROO dashboard measure 'Price per Gram of Item', category 'Concentrate'. Averaging method (simple vs volume-weighted) and tax treatment not stated on the dashboard. Pre-launch medical month (adult-use sales began Jan 2020)."
IL,2016-10,month,-39,medical,retail,concentrate,all,mean,usd_per_gram,71.875503339,unknown,"Illinois Cannabis Regulation Oversight Office, Cannabis Sales Figures dashboard, ""Medical Prices"" view (Tableau, public.data.illinois.gov)",https://cannabis.illinois.gov/research-and-data/sales-figures.html,2026-09-24,download,"CROO dashboard measure 'Price per Gram of Item', category 'Concentrate'. Averaging method (simple vs volume-weighted) and tax treatment not stated on the dashboard. Pre-launch medical month (adult-use sales began Jan 2020)."
IL,2016-11,month,-38,medical,retail,concentrate,all,mean,usd_per_gram,65.401413280,unknown,"Illinois Cannabis Regulation Oversight Office, Cannabis Sales Figures dashboard, ""Medical Prices"" view (Tableau, public.data.illinois.gov)",https://cannabis.illinois.gov/research-and-data/sales-figures.html,2026-09-24,download,"CROO dashboard measure 'Price per Gram of Item', category 'Concentrate'. Averaging method (simple vs volume-weighted) and tax treatment not stated on the dashboard. Pre-launch medical month (adult-use sales began Jan 2020)."
IL,2016-12,month,-37,medical,retail,concentrate,all,mean,usd_per_gram,66.488814195,unknown,"Illinois Cannabis Regulation Oversight Office, Cannabis Sales Figures dashboard, ""Medical Prices"" view (Tableau, public.data.illinois.gov)",https://cannabis.illinois.gov/research-and-data/sales-figures.html,2026-09-24,download,"CROO dashboard measure 'Price per Gram of Item', category 'Concentrate'. Averaging method (simple vs volume-weighted) and tax treatment not stated on the dashboard. Pre-launch medical month (adult-use sales began Jan 2020)."
IL,2017-01,month,-36,medical,retail,concentrate,all,mean,usd_per_gram,64.756207651,unknown,"Illinois Cannabis Regulation Oversight Office, Cannabis Sales Figures dashboard, ""Medical Prices"" view (Tableau, public.data.illinois.gov)",https://cannabis.illinois.gov/research-and-data/sales-figures.html,2026-09-24,download,"CROO dashboard measure 'Price per Gram of Item', category 'Concentrate'. Averaging method (simple vs volume-weighted) and tax treatment not stated on the dashboard. Pre-launch medical month (adult-use sales began Jan 2020)."
IL,2017-02,month,-35,medical,retail,concentrate,all,mean,usd_per_gram,63.884040935,unknown,"Illinois Cannabis Regulation Oversight Office, Cannabis Sales Figures dashboard, ""Medical Prices"" view (Tableau, public.data.illinois.gov)",https://cannabis.illinois.gov/research-and-data/sales-figures.html,2026-09-24,download,"CROO dashboard measure 'Price per Gram of Item', category 'Concentrate'. Averaging method (simple vs volume-weighted) and tax treatment not stated on the dashboard. Pre-launch medical month (adult-use sales began Jan 2020)."
IL,2017-03,month,-34,medical,retail,concentrate,all,mean,usd_per_gram,61.568608592,unknown,"Illinois Cannabis Regulation Oversight Office, Cannabis Sales Figures dashboard, ""Medical Prices"" view (Tableau, public.data.illinois.gov)",https://cannabis.illinois.gov/research-and-data/sales-figures.html,2026-09-24,download,"CROO dashboard measure 'Price per Gram of Item', category 'Concentrate'. Averaging method (simple vs volume-weighted) and tax treatment not stated on the dashboard. Pre-launch medical month (adult-use sales began Jan 2020)."
IL,2017-04,month,-33,medical,retail,concentrate,all,mean,usd_per_gram,59.084344257,unknown,"Illinois Cannabis Regulation Oversight Office, Cannabis Sales Figures dashboard, ""Medical Prices"" view (Tableau, public.data.illinois.gov)",https://cannabis.illinois.gov/research-and-data/sales-figures.html,2026-09-24,download,"CROO dashboard measure 'Price per Gram of Item', category 'Concentrate'. Averaging method (simple vs volume-weighted) and tax treatment not stated on the dashboard. Pre-launch medical month (adult-use sales began Jan 2020)."
IL,2017-05,month,-32,medical,retail,concentrate,all,mean,usd_per_gram,62.867544957,unknown,"Illinois Cannabis Regulation Oversight Office, Cannabis Sales Figures dashboard, ""Medical Prices"" view (Tableau, public.data.illinois.gov)",https://cannabis.illinois.gov/research-and-data/sales-figures.html,2026-09-24,download,"CROO dashboard measure 'Price per Gram of Item', category 'Concentrate'. Averaging method (simple vs volume-weighted) and tax treatment not stated on the dashboard. Pre-launch medical month (adult-use sales began Jan 2020)."
IL,2017-06,month,-31,medical,retail,concentrate,all,mean,usd_per_gram,57.418350220,unknown,"Illinois Cannabis Regulation Oversight Office, Cannabis Sales Figures dashboard, ""Medical Prices"" view (Tableau, public.data.illinois.gov)",https://cannabis.illinois.gov/research-and-data/sales-figures.html,2026-09-24,download,"CROO dashboard measure 'Price per Gram of Item', category 'Concentrate'. Averaging method (simple vs volume-weighted) and tax treatment not stated on the dashboard. Pre-launch medical month (adult-use sales began Jan 2020)."
IL,2017-07,month,-30,medical,retail,concentrate,all,mean,usd_per_gram,57.078997381,unknown,"Illinois Cannabis Regulation Oversight Office, Cannabis Sales Figures dashboard, ""Medical Prices"" view (Tableau, public.data.illinois.gov)",https://cannabis.illinois.gov/research-and-data/sales-figures.html,2026-09-24,download,"CROO dashboard measure 'Price per Gram of Item', category 'Concentrate'. Averaging method (simple vs volume-weighted) and tax treatment not stated on the dashboard. Pre-launch medical month (adult-use sales began Jan 2020)."
IL,2017-08,month,-29,medical,retail,concentrate,all,mean,usd_per_gram,58.381410699,unknown,"Illinois Cannabis Regulation Oversight Office, Cannabis Sales Figures dashboard, ""Medical Prices"" view (Tableau, public.data.illinois.gov)",https://cannabis.illinois.gov/research-and-data/sales-figures.html,2026-09-24,download,"CROO dashboard measure 'Price per Gram of Item', category 'Concentrate'. Averaging method (simple vs volume-weighted) and tax treatment not stated on the dashboard. Pre-launch medical month (adult-use sales began Jan 2020)."
IL,2017-09,month,-28,medical,retail,concentrate,all,mean,usd_per_gram,56.488867461,unknown,"Illinois Cannabis Regulation Oversight Office, Cannabis Sales Figures dashboard, ""Medical Prices"" view (Tableau, public.data.illinois.gov)",https://cannabis.illinois.gov/research-and-data/sales-figures.html,2026-09-24,download,"CROO dashboard measure 'Price per Gram of Item', category 'Concentrate'. Averaging method (simple vs volume-weighted) and tax treatment not stated on the dashboard. Pre-launch medical month (adult-use sales began Jan 2020)."
IL,2017-10,month,-27,medical,retail,concentrate,all,mean,usd_per_gram,56.169078436,unknown,"Illinois Cannabis Regulation Oversight Office, Cannabis Sales Figures dashboard, ""Medical Prices"" view (Tableau, public.data.illinois.gov)",https://cannabis.illinois.gov/research-and-data/sales-figures.html,2026-09-24,download,"CROO dashboard measure 'Price per Gram of Item', category 'Concentrate'. Averaging method (simple vs volume-weighted) and tax treatment not stated on the dashboard. Pre-launch medical month (adult-use sales began Jan 2020)."
IL,2017-11,month,-26,medical,retail,concentrate,all,mean,usd_per_gram,54.138281509,unknown,"Illinois Cannabis Regulation Oversight Office, Cannabis Sales Figures dashboard, ""Medical Prices"" view (Tableau, public.data.illinois.gov)",https://cannabis.illinois.gov/research-and-data/sales-figures.html,2026-09-24,download,"CROO dashboard measure 'Price per Gram of Item', category 'Concentrate'. Averaging method (simple vs volume-weighted) and tax treatment not stated on the dashboard. Pre-launch medical month (adult-use sales began Jan 2020)."
IL,2017-12,month,-25,medical,retail,concentrate,all,mean,usd_per_gram,54.248012817,unknown,"Illinois Cannabis Regulation Oversight Office, Cannabis Sales Figures dashboard, ""Medical Prices"" view (Tableau, public.data.illinois.gov)",https://cannabis.illinois.gov/research-and-data/sales-figures.html,2026-09-24,download,"CROO dashboard measure 'Price per Gram of Item', category 'Concentrate'. Averaging method (simple vs volume-weighted) and tax treatment not stated on the dashboard. Pre-launch medical month (adult-use sales began Jan 2020)."
IL,2018-01,month,-24,medical,retail,concentrate,all,mean,usd_per_gram,55.185038386,unknown,"Illinois Cannabis Regulation Oversight Office, Cannabis Sales Figures dashboard, ""Medical Prices"" view (Tableau, public.data.illinois.gov)",https://cannabis.illinois.gov/research-and-data/sales-figures.html,2026-09-24,download,"CROO dashboard measure 'Price per Gram of Item', category 'Concentrate'. Averaging method (simple vs volume-weighted) and tax treatment not stated on the dashboard. Pre-launch medical month (adult-use sales began Jan 2020)."
IL,2018-02,month,-23,medical,retail,concentrate,all,mean,usd_per_gram,57.265443250,unknown,"Illinois Cannabis Regulation Oversight Office, Cannabis Sales Figures dashboard, ""Medical Prices"" view (Tableau, public.data.illinois.gov)",https://cannabis.illinois.gov/research-and-data/sales-figures.html,2026-09-24,download,"CROO dashboard measure 'Price per Gram of Item', category 'Concentrate'. Averaging method (simple vs volume-weighted) and tax treatment not stated on the dashboard. Pre-launch medical month (adult-use sales began Jan 2020)."
IL,2018-03,month,-22,medical,retail,concentrate,all,mean,usd_per_gram,57.743248175,unknown,"Illinois Cannabis Regulation Oversight Office, Cannabis Sales Figures dashboard, ""Medical Prices"" view (Tableau, public.data.illinois.gov)",https://cannabis.illinois.gov/research-and-data/sales-figures.html,2026-09-24,download,"CROO dashboard measure 'Price per Gram of Item', category 'Concentrate'. Averaging method (simple vs volume-weighted) and tax treatment not stated on the dashboard. Pre-launch medical month (adult-use sales began Jan 2020)."
IL,2018-04,month,-21,medical,retail,concentrate,all,mean,usd_per_gram,52.820423456,unknown,"Illinois Cannabis Regulation Oversight Office, Cannabis Sales Figures dashboard, ""Medical Prices"" view (Tableau, public.data.illinois.gov)",https://cannabis.illinois.gov/research-and-data/sales-figures.html,2026-09-24,download,"CROO dashboard measure 'Price per Gram of Item', category 'Concentrate'. Averaging method (simple vs volume-weighted) and tax treatment not stated on the dashboard. Pre-launch medical month (adult-use sales began Jan 2020)."
IL,2018-05,month,-20,medical,retail,concentrate,all,mean,usd_per_gram,57.119338951,unknown,"Illinois Cannabis Regulation Oversight Office, Cannabis Sales Figures dashboard, ""Medical Prices"" view (Tableau, public.data.illinois.gov)",https://cannabis.illinois.gov/research-and-data/sales-figures.html,2026-09-24,download,"CROO dashboard measure 'Price per Gram of Item', category 'Concentrate'. Averaging method (simple vs volume-weighted) and tax treatment not stated on the dashboard. Pre-launch medical month (adult-use sales began Jan 2020)."
IL,2018-06,month,-19,medical,retail,concentrate,all,mean,usd_per_gram,56.834842266,unknown,"Illinois Cannabis Regulation Oversight Office, Cannabis Sales Figures dashboard, ""Medical Prices"" view (Tableau, public.data.illinois.gov)",https://cannabis.illinois.gov/research-and-data/sales-figures.html,2026-09-24,download,"CROO dashboard measure 'Price per Gram of Item', category 'Concentrate'. Averaging method (simple vs volume-weighted) and tax treatment not stated on the dashboard. Pre-launch medical month (adult-use sales began Jan 2020)."
IL,2018-07,month,-18,medical,retail,concentrate,all,mean,usd_per_gram,57.464039225,unknown,"Illinois Cannabis Regulation Oversight Office, Cannabis Sales Figures dashboard, ""Medical Prices"" view (Tableau, public.data.illinois.gov)",https://cannabis.illinois.gov/research-and-data/sales-figures.html,2026-09-24,download,"CROO dashboard measure 'Price per Gram of Item', category 'Concentrate'. Averaging method (simple vs volume-weighted) and tax treatment not stated on the dashboard. Pre-launch medical month (adult-use sales began Jan 2020)."
IL,2018-08,month,-17,medical,retail,concentrate,all,mean,usd_per_gram,60.963124170,unknown,"Illinois Cannabis Regulation Oversight Office, Cannabis Sales Figures dashboard, ""Medical Prices"" view (Tableau, public.data.illinois.gov)",https://cannabis.illinois.gov/research-and-data/sales-figures.html,2026-09-24,download,"CROO dashboard measure 'Price per Gram of Item', category 'Concentrate'. Averaging method (simple vs volume-weighted) and tax treatment not stated on the dashboard. Pre-launch medical month (adult-use sales began Jan 2020)."
IL,2018-09,month,-16,medical,retail,concentrate,all,mean,usd_per_gram,60.508962751,unknown,"Illinois Cannabis Regulation Oversight Office, Cannabis Sales Figures dashboard, ""Medical Prices"" view (Tableau, public.data.illinois.gov)",https://cannabis.illinois.gov/research-and-data/sales-figures.html,2026-09-24,download,"CROO dashboard measure 'Price per Gram of Item', category 'Concentrate'. Averaging method (simple vs volume-weighted) and tax treatment not stated on the dashboard. Pre-launch medical month (adult-use sales began Jan 2020)."
IL,2018-10,month,-15,medical,retail,concentrate,all,mean,usd_per_gram,60.864201277,unknown,"Illinois Cannabis Regulation Oversight Office, Cannabis Sales Figures dashboard, ""Medical Prices"" view (Tableau, public.data.illinois.gov)",https://cannabis.illinois.gov/research-and-data/sales-figures.html,2026-09-24,download,"CROO dashboard measure 'Price per Gram of Item', category 'Concentrate'. Averaging method (simple vs volume-weighted) and tax treatment not stated on the dashboard. Pre-launch medical month (adult-use sales began Jan 2020)."
IL,2018-11,month,-14,medical,retail,concentrate,all,mean,usd_per_gram,61.132224024,unknown,"Illinois Cannabis Regulation Oversight Office, Cannabis Sales Figures dashboard, ""Medical Prices"" view (Tableau, public.data.illinois.gov)",https://cannabis.illinois.gov/research-and-data/sales-figures.html,2026-09-24,download,"CROO dashboard measure 'Price per Gram of Item', category 'Concentrate'. Averaging method (simple vs volume-weighted) and tax treatment not stated on the dashboard. Pre-launch medical month (adult-use sales began Jan 2020)."
IL,2018-12,month,-13,medical,retail,concentrate,all,mean,usd_per_gram,58.860590892,unknown,"Illinois Cannabis Regulation Oversight Office, Cannabis Sales Figures dashboard, ""Medical Prices"" view (Tableau, public.data.illinois.gov)",https://cannabis.illinois.gov/research-and-data/sales-figures.html,2026-09-24,download,"CROO dashboard measure 'Price per Gram of Item', category 'Concentrate'. Averaging method (simple vs volume-weighted) and tax treatment not stated on the dashboard. Pre-launch medical month (adult-use sales began Jan 2020)."
IL,2019-01,month,-12,medical,retail,concentrate,all,mean,usd_per_gram,59.296613426,unknown,"Illinois Cannabis Regulation Oversight Office, Cannabis Sales Figures dashboard, ""Medical Prices"" view (Tableau, public.data.illinois.gov)",https://cannabis.illinois.gov/research-and-data/sales-figures.html,2026-09-24,download,"CROO dashboard measure 'Price per Gram of Item', category 'Concentrate'. Averaging method (simple vs volume-weighted) and tax treatment not stated on the dashboard. Pre-launch medical month (adult-use sales began Jan 2020)."
IL,2019-02,month,-11,medical,retail,concentrate,all,mean,usd_per_gram,60.427752994,unknown,"Illinois Cannabis Regulation Oversight Office, Cannabis Sales Figures dashboard, ""Medical Prices"" view (Tableau, public.data.illinois.gov)",https://cannabis.illinois.gov/research-and-data/sales-figures.html,2026-09-24,download,"CROO dashboard measure 'Price per Gram of Item', category 'Concentrate'. Averaging method (simple vs volume-weighted) and tax treatment not stated on the dashboard. Pre-launch medical month (adult-use sales began Jan 2020)."
IL,2019-03,month,-10,medical,retail,concentrate,all,mean,usd_per_gram,62.541839683,unknown,"Illinois Cannabis Regulation Oversight Office, Cannabis Sales Figures dashboard, ""Medical Prices"" view (Tableau, public.data.illinois.gov)",https://cannabis.illinois.gov/research-and-data/sales-figures.html,2026-09-24,download,"CROO dashboard measure 'Price per Gram of Item', category 'Concentrate'. Averaging method (simple vs volume-weighted) and tax treatment not stated on the dashboard. Pre-launch medical month (adult-use sales began Jan 2020)."
IL,2019-04,month,-9,medical,retail,concentrate,all,mean,usd_per_gram,75.013754223,unknown,"Illinois Cannabis Regulation Oversight Office, Cannabis Sales Figures dashboard, ""Medical Prices"" view (Tableau, public.data.illinois.gov)",https://cannabis.illinois.gov/research-and-data/sales-figures.html,2026-09-24,download,"CROO dashboard measure 'Price per Gram of Item', category 'Concentrate'. Averaging method (simple vs volume-weighted) and tax treatment not stated on the dashboard. Pre-launch medical month (adult-use sales began Jan 2020). Single-month outlier: 75.01 vs 62.54 prior and 64.71 next month. As published; not corrected."
IL,2019-05,month,-8,medical,retail,concentrate,all,mean,usd_per_gram,64.713118214,unknown,"Illinois Cannabis Regulation Oversight Office, Cannabis Sales Figures dashboard, ""Medical Prices"" view (Tableau, public.data.illinois.gov)",https://cannabis.illinois.gov/research-and-data/sales-figures.html,2026-09-24,download,"CROO dashboard measure 'Price per Gram of Item', category 'Concentrate'. Averaging method (simple vs volume-weighted) and tax treatment not stated on the dashboard. Pre-launch medical month (adult-use sales began Jan 2020)."
IL,2019-06,month,-7,medical,retail,concentrate,all,mean,usd_per_gram,67.591725615,unknown,"Illinois Cannabis Regulation Oversight Office, Cannabis Sales Figures dashboard, ""Medical Prices"" view (Tableau, public.data.illinois.gov)",https://cannabis.illinois.gov/research-and-data/sales-figures.html,2026-09-24,download,"CROO dashboard measure 'Price per Gram of Item', category 'Concentrate'. Averaging method (simple vs volume-weighted) and tax treatment not stated on the dashboard. Pre-launch medical month (adult-use sales began Jan 2020)."
IL,2019-07,month,-6,medical,retail,concentrate,all,mean,usd_per_gram,67.203228802,unknown,"Illinois Cannabis Regulation Oversight Office, Cannabis Sales Figures dashboard, ""Medical Prices"" view (Tableau, public.data.illinois.gov)",https://cannabis.illinois.gov/research-and-data/sales-figures.html,2026-09-24,download,"CROO dashboard measure 'Price per Gram of Item', category 'Concentrate'. Averaging method (simple vs volume-weighted) and tax treatment not stated on the dashboard. Pre-launch medical month (adult-use sales began Jan 2020)."
IL,2019-08,month,-5,medical,retail,concentrate,all,mean,usd_per_gram,75.116172628,unknown,"Illinois Cannabis Regulation Oversight Office, Cannabis Sales Figures dashboard, ""Medical Prices"" view (Tableau, public.data.illinois.gov)",https://cannabis.illinois.gov/research-and-data/sales-figures.html,2026-09-24,download,"CROO dashboard measure 'Price per Gram of Item', category 'Concentrate'. Averaging method (simple vs volume-weighted) and tax treatment not stated on the dashboard. Pre-launch medical month (adult-use sales began Jan 2020)."
IL,2019-09,month,-4,medical,retail,concentrate,all,mean,usd_per_gram,70.053593375,unknown,"Illinois Cannabis Regulation Oversight Office, Cannabis Sales Figures dashboard, ""Medical Prices"" view (Tableau, public.data.illinois.gov)",https://cannabis.illinois.gov/research-and-data/sales-figures.html,2026-09-24,download,"CROO dashboard measure 'Price per Gram of Item', category 'Concentrate'. Averaging method (simple vs volume-weighted) and tax treatment not stated on the dashboard. Pre-launch medical month (adult-use sales began Jan 2020)."
IL,2019-10,month,-3,medical,retail,concentrate,all,mean,usd_per_gram,72.528783914,unknown,"Illinois Cannabis Regulation Oversight Office, Cannabis Sales Figures dashboard, ""Medical Prices"" view (Tableau, public.data.illinois.gov)",https://cannabis.illinois.gov/research-and-data/sales-figures.html,2026-09-24,download,"CROO dashboard measure 'Price per Gram of Item', category 'Concentrate'. Averaging method (simple vs volume-weighted) and tax treatment not stated on the dashboard. Pre-launch medical month (adult-use sales began Jan 2020)."
IL,2019-11,month,-2,medical,retail,concentrate,all,mean,usd_per_gram,67.566080205,unknown,"Illinois Cannabis Regulation Oversight Office, Cannabis Sales Figures dashboard, ""Medical Prices"" view (Tableau, public.data.illinois.gov)",https://cannabis.illinois.gov/research-and-data/sales-figures.html,2026-09-24,download,"CROO dashboard measure 'Price per Gram of Item', category 'Concentrate'. Averaging method (simple vs volume-weighted) and tax treatment not stated on the dashboard. Pre-launch medical month (adult-use sales began Jan 2020)."
IL,2019-12,month,-1,medical,retail,concentrate,all,mean,usd_per_gram,78.154509803,unknown,"Illinois Cannabis Regulation Oversight Office, Cannabis Sales Figures dashboard, ""Medical Prices"" view (Tableau, public.data.illinois.gov)",https://cannabis.illinois.gov/research-and-data/sales-figures.html,2026-09-24,download,"CROO dashboard measure 'Price per Gram of Item', category 'Concentrate'. Averaging method (simple vs volume-weighted) and tax treatment not stated on the dashboard. Pre-launch medical month (adult-use sales began Jan 2020)."
IL,2020-01,month,0,medical,retail,concentrate,all,mean,usd_per_gram,83.342805151,unknown,"Illinois Cannabis Regulation Oversight Office, Cannabis Sales Figures dashboard, ""Medical Prices"" view (Tableau, public.data.illinois.gov)",https://cannabis.illinois.gov/research-and-data/sales-figures.html,2026-09-24,download,"CROO dashboard measure 'Price per Gram of Item', category 'Concentrate'. Averaging method (simple vs volume-weighted) and tax treatment not stated on the dashboard."
IL,2020-02,month,1,medical,retail,concentrate,all,mean,usd_per_gram,87.328225792,unknown,"Illinois Cannabis Regulation Oversight Office, Cannabis Sales Figures dashboard, ""Medical Prices"" view (Tableau, public.data.illinois.gov)",https://cannabis.illinois.gov/research-and-data/sales-figures.html,2026-09-24,download,"CROO dashboard measure 'Price per Gram of Item', category 'Concentrate'. Averaging method (simple vs volume-weighted) and tax treatment not stated on the dashboard."
IL,2020-03,month,2,medical,retail,concentrate,all,mean,usd_per_gram,89.043043356,unknown,"Illinois Cannabis Regulation Oversight Office, Cannabis Sales Figures dashboard, ""Medical Prices"" view (Tableau, public.data.illinois.gov)",https://cannabis.illinois.gov/research-and-data/sales-figures.html,2026-09-24,download,"CROO dashboard measure 'Price per Gram of Item', category 'Concentrate'. Averaging method (simple vs volume-weighted) and tax treatment not stated on the dashboard."
IL,2020-04,month,3,medical,retail,concentrate,all,mean,usd_per_gram,87.471861989,unknown,"Illinois Cannabis Regulation Oversight Office, Cannabis Sales Figures dashboard, ""Medical Prices"" view (Tableau, public.data.illinois.gov)",https://cannabis.illinois.gov/research-and-data/sales-figures.html,2026-09-24,download,"CROO dashboard measure 'Price per Gram of Item', category 'Concentrate'. Averaging method (simple vs volume-weighted) and tax treatment not stated on the dashboard."
IL,2020-05,month,4,medical,retail,concentrate,all,mean,usd_per_gram,87.617005536,unknown,"Illinois Cannabis Regulation Oversight Office, Cannabis Sales Figures dashboard, ""Medical Prices"" view (Tableau, public.data.illinois.gov)",https://cannabis.illinois.gov/research-and-data/sales-figures.html,2026-09-24,download,"CROO dashboard measure 'Price per Gram of Item', category 'Concentrate'. Averaging method (simple vs volume-weighted) and tax treatment not stated on the dashboard."
IL,2020-06,month,5,medical,retail,concentrate,all,mean,usd_per_gram,86.602803829,unknown,"Illinois Cannabis Regulation Oversight Office, Cannabis Sales Figures dashboard, ""Medical Prices"" view (Tableau, public.data.illinois.gov)",https://cannabis.illinois.gov/research-and-data/sales-figures.html,2026-09-24,download,"CROO dashboard measure 'Price per Gram of Item', category 'Concentrate'. Averaging method (simple vs volume-weighted) and tax treatment not stated on the dashboard."
IL,2020-07,month,6,medical,retail,concentrate,all,mean,usd_per_gram,85.895505697,unknown,"Illinois Cannabis Regulation Oversight Office, Cannabis Sales Figures dashboard, ""Medical Prices"" view (Tableau, public.data.illinois.gov)",https://cannabis.illinois.gov/research-and-data/sales-figures.html,2026-09-24,download,"CROO dashboard measure 'Price per Gram of Item', category 'Concentrate'. Averaging method (simple vs volume-weighted) and tax treatment not stated on the dashboard."
IL,2020-08,month,7,medical,retail,concentrate,all,mean,usd_per_gram,86.050326097,unknown,"Illinois Cannabis Regulation Oversight Office, Cannabis Sales Figures dashboard, ""Medical Prices"" view (Tableau, public.data.illinois.gov)",https://cannabis.illinois.gov/research-and-data/sales-figures.html,2026-09-24,download,"CROO dashboard measure 'Price per Gram of Item', category 'Concentrate'. Averaging method (simple vs volume-weighted) and tax treatment not stated on the dashboard."
IL,2020-09,month,8,medical,retail,concentrate,all,mean,usd_per_gram,85.113154658,unknown,"Illinois Cannabis Regulation Oversight Office, Cannabis Sales Figures dashboard, ""Medical Prices"" view (Tableau, public.data.illinois.gov)",https://cannabis.illinois.gov/research-and-data/sales-figures.html,2026-09-24,download,"CROO dashboard measure 'Price per Gram of Item', category 'Concentrate'. Averaging method (simple vs volume-weighted) and tax treatment not stated on the dashboard."
IL,2020-10,month,9,medical,retail,concentrate,all,mean,usd_per_gram,85.751208839,unknown,"Illinois Cannabis Regulation Oversight Office, Cannabis Sales Figures dashboard, ""Medical Prices"" view (Tableau, public.data.illinois.gov)",https://cannabis.illinois.gov/research-and-data/sales-figures.html,2026-09-24,download,"CROO dashboard measure 'Price per Gram of Item', category 'Concentrate'. Averaging method (simple vs volume-weighted) and tax treatment not stated on the dashboard."
IL,2020-11,month,10,medical,retail,concentrate,all,mean,usd_per_gram,83.324396928,unknown,"Illinois Cannabis Regulation Oversight Office, Cannabis Sales Figures dashboard, ""Medical Prices"" view (Tableau, public.data.illinois.gov)",https://cannabis.illinois.gov/research-and-data/sales-figures.html,2026-09-24,download,"CROO dashboard measure 'Price per Gram of Item', category 'Concentrate'. Averaging method (simple vs volume-weighted) and tax treatment not stated on the dashboard."
IL,2020-12,month,11,medical,retail,concentrate,all,mean,usd_per_gram,81.357095008,unknown,"Illinois Cannabis Regulation Oversight Office, Cannabis Sales Figures dashboard, ""Medical Prices"" view (Tableau, public.data.illinois.gov)",https://cannabis.illinois.gov/research-and-data/sales-figures.html,2026-09-24,download,"CROO dashboard measure 'Price per Gram of Item', category 'Concentrate'. Averaging method (simple vs volume-weighted) and tax treatment not stated on the dashboard."
IL,2021-01,month,12,medical,retail,concentrate,all,mean,usd_per_gram,81.329715810,unknown,"Illinois Cannabis Regulation Oversight Office, Cannabis Sales Figures dashboard, ""Medical Prices"" view (Tableau, public.data.illinois.gov)",https://cannabis.illinois.gov/research-and-data/sales-figures.html,2026-09-24,download,"CROO dashboard measure 'Price per Gram of Item', category 'Concentrate'. Averaging method (simple vs volume-weighted) and tax treatment not stated on the dashboard."
IL,2021-02,month,13,medical,retail,concentrate,all,mean,usd_per_gram,81.263113470,unknown,"Illinois Cannabis Regulation Oversight Office, Cannabis Sales Figures dashboard, ""Medical Prices"" view (Tableau, public.data.illinois.gov)",https://cannabis.illinois.gov/research-and-data/sales-figures.html,2026-09-24,download,"CROO dashboard measure 'Price per Gram of Item', category 'Concentrate'. Averaging method (simple vs volume-weighted) and tax treatment not stated on the dashboard."
IL,2021-03,month,14,medical,retail,concentrate,all,mean,usd_per_gram,81.039805924,unknown,"Illinois Cannabis Regulation Oversight Office, Cannabis Sales Figures dashboard, ""Medical Prices"" view (Tableau, public.data.illinois.gov)",https://cannabis.illinois.gov/research-and-data/sales-figures.html,2026-09-24,download,"CROO dashboard measure 'Price per Gram of Item', category 'Concentrate'. Averaging method (simple vs volume-weighted) and tax treatment not stated on the dashboard."
IL,2021-04,month,15,medical,retail,concentrate,all,mean,usd_per_gram,81.008043680,unknown,"Illinois Cannabis Regulation Oversight Office, Cannabis Sales Figures dashboard, ""Medical Prices"" view (Tableau, public.data.illinois.gov)",https://cannabis.illinois.gov/research-and-data/sales-figures.html,2026-09-24,download,"CROO dashboard measure 'Price per Gram of Item', category 'Concentrate'. Averaging method (simple vs volume-weighted) and tax treatment not stated on the dashboard."
IL,2021-05,month,16,medical,retail,concentrate,all,mean,usd_per_gram,83.156915746,unknown,"Illinois Cannabis Regulation Oversight Office, Cannabis Sales Figures dashboard, ""Medical Prices"" view (Tableau, public.data.illinois.gov)",https://cannabis.illinois.gov/research-and-data/sales-figures.html,2026-09-24,download,"CROO dashboard measure 'Price per Gram of Item', category 'Concentrate'. Averaging method (simple vs volume-weighted) and tax treatment not stated on the dashboard."
IL,2021-06,month,17,medical,retail,concentrate,all,mean,usd_per_gram,83.598333271,unknown,"Illinois Cannabis Regulation Oversight Office, Cannabis Sales Figures dashboard, ""Medical Prices"" view (Tableau, public.data.illinois.gov)",https://cannabis.illinois.gov/research-and-data/sales-figures.html,2026-09-24,download,"CROO dashboard measure 'Price per Gram of Item', category 'Concentrate'. Averaging method (simple vs volume-weighted) and tax treatment not stated on the dashboard."
IL,2021-07,month,18,medical,retail,concentrate,all,mean,usd_per_gram,81.074690523,unknown,"Illinois Cannabis Regulation Oversight Office, Cannabis Sales Figures dashboard, ""Medical Prices"" view (Tableau, public.data.illinois.gov)",https://cannabis.illinois.gov/research-and-data/sales-figures.html,2026-09-24,download,"CROO dashboard measure 'Price per Gram of Item', category 'Concentrate'. Averaging method (simple vs volume-weighted) and tax treatment not stated on the dashboard."
IL,2021-08,month,19,medical,retail,concentrate,all,mean,usd_per_gram,81.501729585,unknown,"Illinois Cannabis Regulation Oversight Office, Cannabis Sales Figures dashboard, ""Medical Prices"" view (Tableau, public.data.illinois.gov)",https://cannabis.illinois.gov/research-and-data/sales-figures.html,2026-09-24,download,"CROO dashboard measure 'Price per Gram of Item', category 'Concentrate'. Averaging method (simple vs volume-weighted) and tax treatment not stated on the dashboard."
IL,2021-09,month,20,medical,retail,concentrate,all,mean,usd_per_gram,79.597439352,unknown,"Illinois Cannabis Regulation Oversight Office, Cannabis Sales Figures dashboard, ""Medical Prices"" view (Tableau, public.data.illinois.gov)",https://cannabis.illinois.gov/research-and-data/sales-figures.html,2026-09-24,download,"CROO dashboard measure 'Price per Gram of Item', category 'Concentrate'. Averaging method (simple vs volume-weighted) and tax treatment not stated on the dashboard."
IL,2021-10,month,21,medical,retail,concentrate,all,mean,usd_per_gram,78.734557345,unknown,"Illinois Cannabis Regulation Oversight Office, Cannabis Sales Figures dashboard, ""Medical Prices"" view (Tableau, public.data.illinois.gov)",https://cannabis.illinois.gov/research-and-data/sales-figures.html,2026-09-24,download,"CROO dashboard measure 'Price per Gram of Item', category 'Concentrate'. Averaging method (simple vs volume-weighted) and tax treatment not stated on the dashboard."
IL,2021-11,month,22,medical,retail,concentrate,all,mean,usd_per_gram,77.658705558,unknown,"Illinois Cannabis Regulation Oversight Office, Cannabis Sales Figures dashboard, ""Medical Prices"" view (Tableau, public.data.illinois.gov)",https://cannabis.illinois.gov/research-and-data/sales-figures.html,2026-09-24,download,"CROO dashboard measure 'Price per Gram of Item', category 'Concentrate'. Averaging method (simple vs volume-weighted) and tax treatment not stated on the dashboard."
IL,2021-12,month,23,medical,retail,concentrate,all,mean,usd_per_gram,77.657115158,unknown,"Illinois Cannabis Regulation Oversight Office, Cannabis Sales Figures dashboard, ""Medical Prices"" view (Tableau, public.data.illinois.gov)",https://cannabis.illinois.gov/research-and-data/sales-figures.html,2026-09-24,download,"CROO dashboard measure 'Price per Gram of Item', category 'Concentrate'. Averaging method (simple vs volume-weighted) and tax treatment not stated on the dashboard."
IL,2022-01,month,24,medical,retail,concentrate,all,mean,usd_per_gram,76.728763346,unknown,"Illinois Cannabis Regulation Oversight Office, Cannabis Sales Figures dashboard, ""Medical Prices"" view (Tableau, public.data.illinois.gov)",https://cannabis.illinois.gov/research-and-data/sales-figures.html,2026-09-24,download,"CROO dashboard measure 'Price per Gram of Item', category 'Concentrate'. Averaging method (simple vs volume-weighted) and tax treatment not stated on the dashboard."
IL,2022-02,month,25,medical,retail,concentrate,all,mean,usd_per_gram,74.585557535,unknown,"Illinois Cannabis Regulation Oversight Office, Cannabis Sales Figures dashboard, ""Medical Prices"" view (Tableau, public.data.illinois.gov)",https://cannabis.illinois.gov/research-and-data/sales-figures.html,2026-09-24,download,"CROO dashboard measure 'Price per Gram of Item', category 'Concentrate'. Averaging method (simple vs volume-weighted) and tax treatment not stated on the dashboard."
IL,2022-03,month,26,medical,retail,concentrate,all,mean,usd_per_gram,74.703792342,unknown,"Illinois Cannabis Regulation Oversight Office, Cannabis Sales Figures dashboard, ""Medical Prices"" view (Tableau, public.data.illinois.gov)",https://cannabis.illinois.gov/research-and-data/sales-figures.html,2026-09-24,download,"CROO dashboard measure 'Price per Gram of Item', category 'Concentrate'. Averaging method (simple vs volume-weighted) and tax treatment not stated on the dashboard."
IL,2022-04,month,27,medical,retail,concentrate,all,mean,usd_per_gram,73.879445151,unknown,"Illinois Cannabis Regulation Oversight Office, Cannabis Sales Figures dashboard, ""Medical Prices"" view (Tableau, public.data.illinois.gov)",https://cannabis.illinois.gov/research-and-data/sales-figures.html,2026-09-24,download,"CROO dashboard measure 'Price per Gram of Item', category 'Concentrate'. Averaging method (simple vs volume-weighted) and tax treatment not stated on the dashboard."
IL,2022-05,month,28,medical,retail,concentrate,all,mean,usd_per_gram,75.229136032,unknown,"Illinois Cannabis Regulation Oversight Office, Cannabis Sales Figures dashboard, ""Medical Prices"" view (Tableau, public.data.illinois.gov)",https://cannabis.illinois.gov/research-and-data/sales-figures.html,2026-09-24,download,"CROO dashboard measure 'Price per Gram of Item', category 'Concentrate'. Averaging method (simple vs volume-weighted) and tax treatment not stated on the dashboard."
IL,2022-06,month,29,medical,retail,concentrate,all,mean,usd_per_gram,73.962094610,unknown,"Illinois Cannabis Regulation Oversight Office, Cannabis Sales Figures dashboard, ""Medical Prices"" view (Tableau, public.data.illinois.gov)",https://cannabis.illinois.gov/research-and-data/sales-figures.html,2026-09-24,download,"CROO dashboard measure 'Price per Gram of Item', category 'Concentrate'. Averaging method (simple vs volume-weighted) and tax treatment not stated on the dashboard."
IL,2022-07,month,30,medical,retail,concentrate,all,mean,usd_per_gram,70.384544505,unknown,"Illinois Cannabis Regulation Oversight Office, Cannabis Sales Figures dashboard, ""Medical Prices"" view (Tableau, public.data.illinois.gov)",https://cannabis.illinois.gov/research-and-data/sales-figures.html,2026-09-24,download,"CROO dashboard measure 'Price per Gram of Item', category 'Concentrate'. Averaging method (simple vs volume-weighted) and tax treatment not stated on the dashboard."
IL,2022-08,month,31,medical,retail,concentrate,all,mean,usd_per_gram,71.988080976,unknown,"Illinois Cannabis Regulation Oversight Office, Cannabis Sales Figures dashboard, ""Medical Prices"" view (Tableau, public.data.illinois.gov)",https://cannabis.illinois.gov/research-and-data/sales-figures.html,2026-09-24,download,"CROO dashboard measure 'Price per Gram of Item', category 'Concentrate'. Averaging method (simple vs volume-weighted) and tax treatment not stated on the dashboard."
IL,2022-09,month,32,medical,retail,concentrate,all,mean,usd_per_gram,70.740903109,unknown,"Illinois Cannabis Regulation Oversight Office, Cannabis Sales Figures dashboard, ""Medical Prices"" view (Tableau, public.data.illinois.gov)",https://cannabis.illinois.gov/research-and-data/sales-figures.html,2026-09-24,download,"CROO dashboard measure 'Price per Gram of Item', category 'Concentrate'. Averaging method (simple vs volume-weighted) and tax treatment not stated on the dashboard."
IL,2022-10,month,33,medical,retail,concentrate,all,mean,usd_per_gram,70.583644188,unknown,"Illinois Cannabis Regulation Oversight Office, Cannabis Sales Figures dashboard, ""Medical Prices"" view (Tableau, public.data.illinois.gov)",https://cannabis.illinois.gov/research-and-data/sales-figures.html,2026-09-24,download,"CROO dashboard measure 'Price per Gram of Item', category 'Concentrate'. Averaging method (simple vs volume-weighted) and tax treatment not stated on the dashboard."
IL,2022-11,month,34,medical,retail,concentrate,all,mean,usd_per_gram,71.588050293,unknown,"Illinois Cannabis Regulation Oversight Office, Cannabis Sales Figures dashboard, ""Medical Prices"" view (Tableau, public.data.illinois.gov)",https://cannabis.illinois.gov/research-and-data/sales-figures.html,2026-09-24,download,"CROO dashboard measure 'Price per Gram of Item', category 'Concentrate'. Averaging method (simple vs volume-weighted) and tax treatment not stated on the dashboard."
IL,2022-12,month,35,medical,retail,concentrate,all,mean,usd_per_gram,70.271429164,unknown,"Illinois Cannabis Regulation Oversight Office, Cannabis Sales Figures dashboard, ""Medical Prices"" view (Tableau, public.data.illinois.gov)",https://cannabis.illinois.gov/research-and-data/sales-figures.html,2026-09-24,download,"CROO dashboard measure 'Price per Gram of Item', category 'Concentrate'. Averaging method (simple vs volume-weighted) and tax treatment not stated on the dashboard."
IL,2023-01,month,36,medical,retail,concentrate,all,mean,usd_per_gram,70.271429164,unknown,"Illinois Cannabis Regulation Oversight Office, Cannabis Sales Figures dashboard, ""Medical Prices"" view (Tableau, public.data.illinois.gov)",https://cannabis.illinois.gov/research-and-data/sales-figures.html,2026-09-24,download,"CROO dashboard measure 'Price per Gram of Item', category 'Concentrate'. Averaging method (simple vs volume-weighted) and tax treatment not stated on the dashboard. Identical to Dec 2022 in every category and both markets; likely a carried-forward value, not an independent January observation. Use with caution."
IL,2023-02,month,37,medical,retail,concentrate,all,mean,usd_per_gram,69.186006659,unknown,"Illinois Cannabis Regulation Oversight Office, Cannabis Sales Figures dashboard, ""Medical Prices"" view (Tableau, public.data.illinois.gov)",https://cannabis.illinois.gov/research-and-data/sales-figures.html,2026-09-24,download,"CROO dashboard measure 'Price per Gram of Item', category 'Concentrate'. Averaging method (simple vs volume-weighted) and tax treatment not stated on the dashboard."
IL,2023-03,month,38,medical,retail,concentrate,all,mean,usd_per_gram,68.405264930,unknown,"Illinois Cannabis Regulation Oversight Office, Cannabis Sales Figures dashboard, ""Medical Prices"" view (Tableau, public.data.illinois.gov)",https://cannabis.illinois.gov/research-and-data/sales-figures.html,2026-09-24,download,"CROO dashboard measure 'Price per Gram of Item', category 'Concentrate'. Averaging method (simple vs volume-weighted) and tax treatment not stated on the dashboard."
IL,2023-04,month,39,medical,retail,concentrate,all,mean,usd_per_gram,65.57,unknown,"Illinois Cannabis Regulation Oversight Office, Cannabis Sales Figures dashboard, ""Medical Prices"" view (Tableau, public.data.illinois.gov)",https://cannabis.illinois.gov/research-and-data/sales-figures.html,2026-09-24,download,"CROO dashboard measure 'Price per Gram of Item', category 'Concentrate'. Averaging method (simple vs volume-weighted) and tax treatment not stated on the dashboard. Published at 2-decimal precision, unlike most months (which carry 9); possibly entered separately."
IL,2023-05,month,40,medical,retail,concentrate,all,mean,usd_per_gram,66.94,unknown,"Illinois Cannabis Regulation Oversight Office, Cannabis Sales Figures dashboard, ""Medical Prices"" view (Tableau, public.data.illinois.gov)",https://cannabis.illinois.gov/research-and-data/sales-figures.html,2026-09-24,download,"CROO dashboard measure 'Price per Gram of Item', category 'Concentrate'. Averaging method (simple vs volume-weighted) and tax treatment not stated on the dashboard. Published at 2-decimal precision, unlike most months (which carry 9); possibly entered separately."
IL,2023-06,month,41,medical,retail,concentrate,all,mean,usd_per_gram,65.653626488,unknown,"Illinois Cannabis Regulation Oversight Office, Cannabis Sales Figures dashboard, ""Medical Prices"" view (Tableau, public.data.illinois.gov)",https://cannabis.illinois.gov/research-and-data/sales-figures.html,2026-09-24,download,"CROO dashboard measure 'Price per Gram of Item', category 'Concentrate'. Averaging method (simple vs volume-weighted) and tax treatment not stated on the dashboard."
IL,2023-07,month,42,medical,retail,concentrate,all,mean,usd_per_gram,63.889867342,unknown,"Illinois Cannabis Regulation Oversight Office, Cannabis Sales Figures dashboard, ""Medical Prices"" view (Tableau, public.data.illinois.gov)",https://cannabis.illinois.gov/research-and-data/sales-figures.html,2026-09-24,download,"CROO dashboard measure 'Price per Gram of Item', category 'Concentrate'. Averaging method (simple vs volume-weighted) and tax treatment not stated on the dashboard."
IL,2023-08,month,43,medical,retail,concentrate,all,mean,usd_per_gram,62.902263865,unknown,"Illinois Cannabis Regulation Oversight Office, Cannabis Sales Figures dashboard, ""Medical Prices"" view (Tableau, public.data.illinois.gov)",https://cannabis.illinois.gov/research-and-data/sales-figures.html,2026-09-24,download,"CROO dashboard measure 'Price per Gram of Item', category 'Concentrate'. Averaging method (simple vs volume-weighted) and tax treatment not stated on the dashboard."
IL,2023-09,month,44,medical,retail,concentrate,all,mean,usd_per_gram,60.982383815,unknown,"Illinois Cannabis Regulation Oversight Office, Cannabis Sales Figures dashboard, ""Medical Prices"" view (Tableau, public.data.illinois.gov)",https://cannabis.illinois.gov/research-and-data/sales-figures.html,2026-09-24,download,"CROO dashboard measure 'Price per Gram of Item', category 'Concentrate'. Averaging method (simple vs volume-weighted) and tax treatment not stated on the dashboard."
IL,2023-10,month,45,medical,retail,concentrate,all,mean,usd_per_gram,60.886065564,unknown,"Illinois Cannabis Regulation Oversight Office, Cannabis Sales Figures dashboard, ""Medical Prices"" view (Tableau, public.data.illinois.gov)",https://cannabis.illinois.gov/research-and-data/sales-figures.html,2026-09-24,download,"CROO dashboard measure 'Price per Gram of Item', category 'Concentrate'. Averaging method (simple vs volume-weighted) and tax treatment not stated on the dashboard."
IL,2023-11,month,46,medical,retail,concentrate,all,mean,usd_per_gram,59.595690090,unknown,"Illinois Cannabis Regulation Oversight Office, Cannabis Sales Figures dashboard, ""Medical Prices"" view (Tableau, public.data.illinois.gov)",https://cannabis.illinois.gov/research-and-data/sales-figures.html,2026-09-24,download,"CROO dashboard measure 'Price per Gram of Item', category 'Concentrate'. Averaging method (simple vs volume-weighted) and tax treatment not stated on the dashboard."
IL,2023-12,month,47,medical,retail,concentrate,all,mean,usd_per_gram,50.731227720,unknown,"Illinois Cannabis Regulation Oversight Office, Cannabis Sales Figures dashboard, ""Medical Prices"" view (Tableau, public.data.illinois.gov)",https://cannabis.illinois.gov/research-and-data/sales-figures.html,2026-09-24,download,"CROO dashboard measure 'Price per Gram of Item', category 'Concentrate'. Averaging method (simple vs volume-weighted) and tax treatment not stated on the dashboard."
IL,2024-01,month,48,medical,retail,concentrate,all,mean,usd_per_gram,58.074295758,unknown,"Illinois Cannabis Regulation Oversight Office, Cannabis Sales Figures dashboard, ""Medical Prices"" view (Tableau, public.data.illinois.gov)",https://cannabis.illinois.gov/research-and-data/sales-figures.html,2026-09-24,download,"CROO dashboard measure 'Price per Gram of Item', category 'Concentrate'. Averaging method (simple vs volume-weighted) and tax treatment not stated on the dashboard."
IL,2024-02,month,49,medical,retail,concentrate,all,mean,usd_per_gram,58.697733200,unknown,"Illinois Cannabis Regulation Oversight Office, Cannabis Sales Figures dashboard, ""Medical Prices"" view (Tableau, public.data.illinois.gov)",https://cannabis.illinois.gov/research-and-data/sales-figures.html,2026-09-24,download,"CROO dashboard measure 'Price per Gram of Item', category 'Concentrate'. Averaging method (simple vs volume-weighted) and tax treatment not stated on the dashboard. Beyond month 48; retained for floor analysis."
IL,2024-03,month,50,medical,retail,concentrate,all,mean,usd_per_gram,57.123576114,unknown,"Illinois Cannabis Regulation Oversight Office, Cannabis Sales Figures dashboard, ""Medical Prices"" view (Tableau, public.data.illinois.gov)",https://cannabis.illinois.gov/research-and-data/sales-figures.html,2026-09-24,download,"CROO dashboard measure 'Price per Gram of Item', category 'Concentrate'. Averaging method (simple vs volume-weighted) and tax treatment not stated on the dashboard. Beyond month 48; retained for floor analysis."
IL,2024-04,month,51,medical,retail,concentrate,all,mean,usd_per_gram,54.320462187,unknown,"Illinois Cannabis Regulation Oversight Office, Cannabis Sales Figures dashboard, ""Medical Prices"" view (Tableau, public.data.illinois.gov)",https://cannabis.illinois.gov/research-and-data/sales-figures.html,2026-09-24,download,"CROO dashboard measure 'Price per Gram of Item', category 'Concentrate'. Averaging method (simple vs volume-weighted) and tax treatment not stated on the dashboard. Beyond month 48; retained for floor analysis."
IL,2024-05,month,52,medical,retail,concentrate,all,mean,usd_per_gram,53.35,unknown,"Illinois Cannabis Regulation Oversight Office, Cannabis Sales Figures dashboard, ""Medical Prices"" view (Tableau, public.data.illinois.gov)",https://cannabis.illinois.gov/research-and-data/sales-figures.html,2026-09-24,download,"CROO dashboard measure 'Price per Gram of Item', category 'Concentrate'. Averaging method (simple vs volume-weighted) and tax treatment not stated on the dashboard. Beyond month 48; retained for floor analysis. Published at 2-decimal precision, unlike most months (which carry 9); possibly entered separately."
IL,2024-06,month,53,medical,retail,concentrate,all,mean,usd_per_gram,54.01,unknown,"Illinois Cannabis Regulation Oversight Office, Cannabis Sales Figures dashboard, ""Medical Prices"" view (Tableau, public.data.illinois.gov)",https://cannabis.illinois.gov/research-and-data/sales-figures.html,2026-09-24,download,"CROO dashboard measure 'Price per Gram of Item', category 'Concentrate'. Averaging method (simple vs volume-weighted) and tax treatment not stated on the dashboard. Beyond month 48; retained for floor analysis. Published at 2-decimal precision, unlike most months (which carry 9); possibly entered separately."
IL,2024-07,month,54,medical,retail,concentrate,all,mean,usd_per_gram,52.164950274,unknown,"Illinois Cannabis Regulation Oversight Office, Cannabis Sales Figures dashboard, ""Medical Prices"" view (Tableau, public.data.illinois.gov)",https://cannabis.illinois.gov/research-and-data/sales-figures.html,2026-09-24,download,"CROO dashboard measure 'Price per Gram of Item', category 'Concentrate'. Averaging method (simple vs volume-weighted) and tax treatment not stated on the dashboard. Beyond month 48; retained for floor analysis."
IL,2024-08,month,55,medical,retail,concentrate,all,mean,usd_per_gram,51.78,unknown,"Illinois Cannabis Regulation Oversight Office, Cannabis Sales Figures dashboard, ""Medical Prices"" view (Tableau, public.data.illinois.gov)",https://cannabis.illinois.gov/research-and-data/sales-figures.html,2026-09-24,download,"CROO dashboard measure 'Price per Gram of Item', category 'Concentrate'. Averaging method (simple vs volume-weighted) and tax treatment not stated on the dashboard. Beyond month 48; retained for floor analysis. Published at 2-decimal precision, unlike most months (which carry 9); possibly entered separately."
IL,2024-09,month,56,medical,retail,concentrate,all,mean,usd_per_gram,48.479135401,unknown,"Illinois Cannabis Regulation Oversight Office, Cannabis Sales Figures dashboard, ""Medical Prices"" view (Tableau, public.data.illinois.gov)",https://cannabis.illinois.gov/research-and-data/sales-figures.html,2026-09-24,download,"CROO dashboard measure 'Price per Gram of Item', category 'Concentrate'. Averaging method (simple vs volume-weighted) and tax treatment not stated on the dashboard. Beyond month 48; retained for floor analysis."
IL,2024-10,month,57,medical,retail,concentrate,all,mean,usd_per_gram,50.33,unknown,"Illinois Cannabis Regulation Oversight Office, Cannabis Sales Figures dashboard, ""Medical Prices"" view (Tableau, public.data.illinois.gov)",https://cannabis.illinois.gov/research-and-data/sales-figures.html,2026-09-24,download,"CROO dashboard measure 'Price per Gram of Item', category 'Concentrate'. Averaging method (simple vs volume-weighted) and tax treatment not stated on the dashboard. Beyond month 48; retained for floor analysis. Published at 2-decimal precision, unlike most months (which carry 9); possibly entered separately."
IL,2024-11,month,58,medical,retail,concentrate,all,mean,usd_per_gram,49.505898282,unknown,"Illinois Cannabis Regulation Oversight Office, Cannabis Sales Figures dashboard, ""Medical Prices"" view (Tableau, public.data.illinois.gov)",https://cannabis.illinois.gov/research-and-data/sales-figures.html,2026-09-24,download,"CROO dashboard measure 'Price per Gram of Item', category 'Concentrate'. Averaging method (simple vs volume-weighted) and tax treatment not stated on the dashboard. Beyond month 48; retained for floor analysis."
IL,2024-12,month,59,medical,retail,concentrate,all,mean,usd_per_gram,48.685774143,unknown,"Illinois Cannabis Regulation Oversight Office, Cannabis Sales Figures dashboard, ""Medical Prices"" view (Tableau, public.data.illinois.gov)",https://cannabis.illinois.gov/research-and-data/sales-figures.html,2026-09-24,download,"CROO dashboard measure 'Price per Gram of Item', category 'Concentrate'. Averaging method (simple vs volume-weighted) and tax treatment not stated on the dashboard. Beyond month 48; retained for floor analysis."
IL,2025-01,month,60,medical,retail,concentrate,all,mean,usd_per_gram,48.910874512,unknown,"Illinois Cannabis Regulation Oversight Office, Cannabis Sales Figures dashboard, ""Medical Prices"" view (Tableau, public.data.illinois.gov)",https://cannabis.illinois.gov/research-and-data/sales-figures.html,2026-09-24,download,"CROO dashboard measure 'Price per Gram of Item', category 'Concentrate'. Averaging method (simple vs volume-weighted) and tax treatment not stated on the dashboard. Beyond month 48; retained for floor analysis."
IL,2025-02,month,61,medical,retail,concentrate,all,mean,usd_per_gram,47.82,unknown,"Illinois Cannabis Regulation Oversight Office, Cannabis Sales Figures dashboard, ""Medical Prices"" view (Tableau, public.data.illinois.gov)",https://cannabis.illinois.gov/research-and-data/sales-figures.html,2026-09-24,download,"CROO dashboard measure 'Price per Gram of Item', category 'Concentrate'. Averaging method (simple vs volume-weighted) and tax treatment not stated on the dashboard. Beyond month 48; retained for floor analysis. Published at 2-decimal precision, unlike most months (which carry 9); possibly entered separately."
IL,2025-03,month,62,medical,retail,concentrate,all,mean,usd_per_gram,47.413634929,unknown,"Illinois Cannabis Regulation Oversight Office, Cannabis Sales Figures dashboard, ""Medical Prices"" view (Tableau, public.data.illinois.gov)",https://cannabis.illinois.gov/research-and-data/sales-figures.html,2026-09-24,download,"CROO dashboard measure 'Price per Gram of Item', category 'Concentrate'. Averaging method (simple vs volume-weighted) and tax treatment not stated on the dashboard. Beyond month 48; retained for floor analysis."
IL,2025-04,month,63,medical,retail,concentrate,all,mean,usd_per_gram,46.143557166,unknown,"Illinois Cannabis Regulation Oversight Office, Cannabis Sales Figures dashboard, ""Medical Prices"" view (Tableau, public.data.illinois.gov)",https://cannabis.illinois.gov/research-and-data/sales-figures.html,2026-09-24,download,"CROO dashboard measure 'Price per Gram of Item', category 'Concentrate'. Averaging method (simple vs volume-weighted) and tax treatment not stated on the dashboard. Beyond month 48; retained for floor analysis."
IL,2025-05,month,64,medical,retail,concentrate,all,mean,usd_per_gram,46.56,unknown,"Illinois Cannabis Regulation Oversight Office, Cannabis Sales Figures dashboard, ""Medical Prices"" view (Tableau, public.data.illinois.gov)",https://cannabis.illinois.gov/research-and-data/sales-figures.html,2026-09-24,download,"CROO dashboard measure 'Price per Gram of Item', category 'Concentrate'. Averaging method (simple vs volume-weighted) and tax treatment not stated on the dashboard. Beyond month 48; retained for floor analysis. Published at 2-decimal precision, unlike most months (which carry 9); possibly entered separately."
IL,2025-06,month,65,medical,retail,concentrate,all,mean,usd_per_gram,38.65,unknown,"Illinois Cannabis Regulation Oversight Office, Cannabis Sales Figures dashboard, ""Medical Prices"" view (Tableau, public.data.illinois.gov)",https://cannabis.illinois.gov/research-and-data/sales-figures.html,2026-09-24,download,"CROO dashboard measure 'Price per Gram of Item', category 'Concentrate'. Averaging method (simple vs volume-weighted) and tax treatment not stated on the dashboard. Beyond month 48; retained for floor analysis. Published at 2-decimal precision, unlike most months (which carry 9); possibly entered separately. After a level shift in Jun-Jul 2025 across all categories and both markets (e.g., adult-use flower $8.98 Jun to $6.71 Jul 2025). CROO says its price charts were regrouped to reflect new seed-to-sale definitions; treat as a possible definition break."
IL,2025-07,month,66,medical,retail,concentrate,all,mean,usd_per_gram,36.06,unknown,"Illinois Cannabis Regulation Oversight Office, Cannabis Sales Figures dashboard, ""Medical Prices"" view (Tableau, public.data.illinois.gov)",https://cannabis.illinois.gov/research-and-data/sales-figures.html,2026-09-24,download,"CROO dashboard measure 'Price per Gram of Item', category 'Concentrate'. Averaging method (simple vs volume-weighted) and tax treatment not stated on the dashboard. Beyond month 48; retained for floor analysis. Published at 2-decimal precision, unlike most months (which carry 9); possibly entered separately. After a level shift in Jun-Jul 2025 across all categories and both markets (e.g., adult-use flower $8.98 Jun to $6.71 Jul 2025). CROO says its price charts were regrouped to reflect new seed-to-sale definitions; treat as a possible definition break."
IL,2025-08,month,67,medical,retail,concentrate,all,mean,usd_per_gram,35.46,unknown,"Illinois Cannabis Regulation Oversight Office, Cannabis Sales Figures dashboard, ""Medical Prices"" view (Tableau, public.data.illinois.gov)",https://cannabis.illinois.gov/research-and-data/sales-figures.html,2026-09-24,download,"CROO dashboard measure 'Price per Gram of Item', category 'Concentrate'. Averaging method (simple vs volume-weighted) and tax treatment not stated on the dashboard. Beyond month 48; retained for floor analysis. Published at 2-decimal precision, unlike most months (which carry 9); possibly entered separately. After a level shift in Jun-Jul 2025 across all categories and both markets (e.g., adult-use flower $8.98 Jun to $6.71 Jul 2025). CROO says its price charts were regrouped to reflect new seed-to-sale definitions; treat as a possible definition break."
IL,2025-09,month,68,medical,retail,concentrate,all,mean,usd_per_gram,34.32,unknown,"Illinois Cannabis Regulation Oversight Office, Cannabis Sales Figures dashboard, ""Medical Prices"" view (Tableau, public.data.illinois.gov)",https://cannabis.illinois.gov/research-and-data/sales-figures.html,2026-09-24,download,"CROO dashboard measure 'Price per Gram of Item', category 'Concentrate'. Averaging method (simple vs volume-weighted) and tax treatment not stated on the dashboard. Beyond month 48; retained for floor analysis. Published at 2-decimal precision, unlike most months (which carry 9); possibly entered separately. After a level shift in Jun-Jul 2025 across all categories and both markets (e.g., adult-use flower $8.98 Jun to $6.71 Jul 2025). CROO says its price charts were regrouped to reflect new seed-to-sale definitions; treat as a possible definition break."
IL,2025-10,month,69,medical,retail,concentrate,all,mean,usd_per_gram,35.39,unknown,"Illinois Cannabis Regulation Oversight Office, Cannabis Sales Figures dashboard, ""Medical Prices"" view (Tableau, public.data.illinois.gov)",https://cannabis.illinois.gov/research-and-data/sales-figures.html,2026-09-24,download,"CROO dashboard measure 'Price per Gram of Item', category 'Concentrate'. Averaging method (simple vs volume-weighted) and tax treatment not stated on the dashboard. Beyond month 48; retained for floor analysis. Published at 2-decimal precision, unlike most months (which carry 9); possibly entered separately. After a level shift in Jun-Jul 2025 across all categories and both markets (e.g., adult-use flower $8.98 Jun to $6.71 Jul 2025). CROO says its price charts were regrouped to reflect new seed-to-sale definitions; treat as a possible definition break."
IL,2025-11,month,70,medical,retail,concentrate,all,mean,usd_per_gram,34.12,unknown,"Illinois Cannabis Regulation Oversight Office, Cannabis Sales Figures dashboard, ""Medical Prices"" view (Tableau, public.data.illinois.gov)",https://cannabis.illinois.gov/research-and-data/sales-figures.html,2026-09-24,download,"CROO dashboard measure 'Price per Gram of Item', category 'Concentrate'. Averaging method (simple vs volume-weighted) and tax treatment not stated on the dashboard. Beyond month 48; retained for floor analysis. Published at 2-decimal precision, unlike most months (which carry 9); possibly entered separately. After a level shift in Jun-Jul 2025 across all categories and both markets (e.g., adult-use flower $8.98 Jun to $6.71 Jul 2025). CROO says its price charts were regrouped to reflect new seed-to-sale definitions; treat as a possible definition break."
IL,2025-12,month,71,medical,retail,concentrate,all,mean,usd_per_gram,34.97,unknown,"Illinois Cannabis Regulation Oversight Office, Cannabis Sales Figures dashboard, ""Medical Prices"" view (Tableau, public.data.illinois.gov)",https://cannabis.illinois.gov/research-and-data/sales-figures.html,2026-09-24,download,"CROO dashboard measure 'Price per Gram of Item', category 'Concentrate'. Averaging method (simple vs volume-weighted) and tax treatment not stated on the dashboard. Beyond month 48; retained for floor analysis. Published at 2-decimal precision, unlike most months (which carry 9); possibly entered separately. After a level shift in Jun-Jul 2025 across all categories and both markets (e.g., adult-use flower $8.98 Jun to $6.71 Jul 2025). CROO says its price charts were regrouped to reflect new seed-to-sale definitions; treat as a possible definition break."
IL,2026-01,month,72,medical,retail,concentrate,all,mean,usd_per_gram,35.76,unknown,"Illinois Cannabis Regulation Oversight Office, Cannabis Sales Figures dashboard, ""Medical Prices"" view (Tableau, public.data.illinois.gov)",https://cannabis.illinois.gov/research-and-data/sales-figures.html,2026-09-24,download,"CROO dashboard measure 'Price per Gram of Item', category 'Concentrate'. Averaging method (simple vs volume-weighted) and tax treatment not stated on the dashboard. Beyond month 48; retained for floor analysis. Published at 2-decimal precision, unlike most months (which carry 9); possibly entered separately. After a level shift in Jun-Jul 2025 across all categories and both markets (e.g., adult-use flower $8.98 Jun to $6.71 Jul 2025). CROO says its price charts were regrouped to reflect new seed-to-sale definitions; treat as a possible definition break."
IL,2026-02,month,73,medical,retail,concentrate,all,mean,usd_per_gram,36.13,unknown,"Illinois Cannabis Regulation Oversight Office, Cannabis Sales Figures dashboard, ""Medical Prices"" view (Tableau, public.data.illinois.gov)",https://cannabis.illinois.gov/research-and-data/sales-figures.html,2026-09-24,download,"CROO dashboard measure 'Price per Gram of Item', category 'Concentrate'. Averaging method (simple vs volume-weighted) and tax treatment not stated on the dashboard. Beyond month 48; retained for floor analysis. Published at 2-decimal precision, unlike most months (which carry 9); possibly entered separately. After a level shift in Jun-Jul 2025 across all categories and both markets (e.g., adult-use flower $8.98 Jun to $6.71 Jul 2025). CROO says its price charts were regrouped to reflect new seed-to-sale definitions; treat as a possible definition break."
IL,2026-03,month,74,medical,retail,concentrate,all,mean,usd_per_gram,35.88,unknown,"Illinois Cannabis Regulation Oversight Office, Cannabis Sales Figures dashboard, ""Medical Prices"" view (Tableau, public.data.illinois.gov)",https://cannabis.illinois.gov/research-and-data/sales-figures.html,2026-09-24,download,"CROO dashboard measure 'Price per Gram of Item', category 'Concentrate'. Averaging method (simple vs volume-weighted) and tax treatment not stated on the dashboard. Beyond month 48; retained for floor analysis. Published at 2-decimal precision, unlike most months (which carry 9); possibly entered separately. After a level shift in Jun-Jul 2025 across all categories and both markets (e.g., adult-use flower $8.98 Jun to $6.71 Jul 2025). CROO says its price charts were regrouped to reflect new seed-to-sale definitions; treat as a possible definition break."
IL,2026-04,month,75,medical,retail,concentrate,all,mean,usd_per_gram,35.51,unknown,"Illinois Cannabis Regulation Oversight Office, Cannabis Sales Figures dashboard, ""Medical Prices"" view (Tableau, public.data.illinois.gov)",https://cannabis.illinois.gov/research-and-data/sales-figures.html,2026-09-24,download,"CROO dashboard measure 'Price per Gram of Item', category 'Concentrate'. Averaging method (simple vs volume-weighted) and tax treatment not stated on the dashboard. Beyond month 48; retained for floor analysis. Published at 2-decimal precision, unlike most months (which carry 9); possibly entered separately. After a level shift in Jun-Jul 2025 across all categories and both markets (e.g., adult-use flower $8.98 Jun to $6.71 Jul 2025). CROO says its price charts were regrouped to reflect new seed-to-sale definitions; treat as a possible definition break."
IL,2026-05,month,76,medical,retail,concentrate,all,mean,usd_per_gram,36.47,unknown,"Illinois Cannabis Regulation Oversight Office, Cannabis Sales Figures dashboard, ""Medical Prices"" view (Tableau, public.data.illinois.gov)",https://cannabis.illinois.gov/research-and-data/sales-figures.html,2026-09-24,download,"CROO dashboard measure 'Price per Gram of Item', category 'Concentrate'. Averaging method (simple vs volume-weighted) and tax treatment not stated on the dashboard. Beyond month 48; retained for floor analysis. Published at 2-decimal precision, unlike most months (which carry 9); possibly entered separately. After a level shift in Jun-Jul 2025 across all categories and both markets (e.g., adult-use flower $8.98 Jun to $6.71 Jul 2025). CROO says its price charts were regrouped to reflect new seed-to-sale definitions; treat as a possible definition break."
IL,2026-06,month,77,medical,retail,concentrate,all,mean,usd_per_gram,36.82,unknown,"Illinois Cannabis Regulation Oversight Office, Cannabis Sales Figures dashboard, ""Medical Prices"" view (Tableau, public.data.illinois.gov)",https://cannabis.illinois.gov/research-and-data/sales-figures.html,2026-09-24,download,"CROO dashboard measure 'Price per Gram of Item', category 'Concentrate'. Averaging method (simple vs volume-weighted) and tax treatment not stated on the dashboard. Beyond month 48; retained for floor analysis. Published at 2-decimal precision, unlike most months (which carry 9); possibly entered separately. After a level shift in Jun-Jul 2025 across all categories and both markets (e.g., adult-use flower $8.98 Jun to $6.71 Jul 2025). CROO says its price charts were regrouped to reflect new seed-to-sale definitions; treat as a possible definition break."
IL,2026-07,month,78,medical,retail,concentrate,all,mean,usd_per_gram,36.44,unknown,"Illinois Cannabis Regulation Oversight Office, Cannabis Sales Figures dashboard, ""Medical Prices"" view (Tableau, public.data.illinois.gov)",https://cannabis.illinois.gov/research-and-data/sales-figures.html,2026-09-24,download,"CROO dashboard measure 'Price per Gram of Item', category 'Concentrate'. Averaging method (simple vs volume-weighted) and tax treatment not stated on the dashboard. Beyond month 48; retained for floor analysis. Published at 2-decimal precision, unlike most months (which carry 9); possibly entered separately. After a level shift in Jun-Jul 2025 across all categories and both markets (e.g., adult-use flower $8.98 Jun to $6.71 Jul 2025). CROO says its price charts were regrouped to reflect new seed-to-sale definitions; treat as a possible definition break."
IL,2026-08,month,79,medical,retail,concentrate,all,mean,usd_per_gram,37.15,unknown,"Illinois Cannabis Regulation Oversight Office, Cannabis Sales Figures dashboard, ""Medical Prices"" view (Tableau, public.data.illinois.gov)",https://cannabis.illinois.gov/research-and-data/sales-figures.html,2026-09-24,download,"CROO dashboard measure 'Price per Gram of Item', category 'Concentrate'. Averaging method (simple vs volume-weighted) and tax treatment not stated on the dashboard. Beyond month 48; retained for floor analysis. Published at 2-decimal precision, unlike most months (which carry 9); possibly entered separately. After a level shift in Jun-Jul 2025 across all categories and both markets (e.g., adult-use flower $8.98 Jun to $6.71 Jul 2025). CROO says its price charts were regrouped to reflect new seed-to-sale definitions; treat as a possible definition break."
IL,2020-01,month,0,adult_use,retail,edible,all,mean,usd_per_gram,28.404673374,unknown,"Illinois Cannabis Regulation Oversight Office, Cannabis Sales Figures dashboard, ""Adult Use Prices"" view (Tableau, public.data.illinois.gov)",https://cannabis.illinois.gov/research-and-data/sales-figures.html,2026-09-24,download,"CROO dashboard measure 'Price per Gram of Item', category 'Infused Edibles'. Averaging method (simple vs volume-weighted) and tax treatment not stated on the dashboard."
IL,2020-02,month,1,adult_use,retail,edible,all,mean,usd_per_gram,27.843500617,unknown,"Illinois Cannabis Regulation Oversight Office, Cannabis Sales Figures dashboard, ""Adult Use Prices"" view (Tableau, public.data.illinois.gov)",https://cannabis.illinois.gov/research-and-data/sales-figures.html,2026-09-24,download,"CROO dashboard measure 'Price per Gram of Item', category 'Infused Edibles'. Averaging method (simple vs volume-weighted) and tax treatment not stated on the dashboard."
IL,2020-03,month,2,adult_use,retail,edible,all,mean,usd_per_gram,28.373362015,unknown,"Illinois Cannabis Regulation Oversight Office, Cannabis Sales Figures dashboard, ""Adult Use Prices"" view (Tableau, public.data.illinois.gov)",https://cannabis.illinois.gov/research-and-data/sales-figures.html,2026-09-24,download,"CROO dashboard measure 'Price per Gram of Item', category 'Infused Edibles'. Averaging method (simple vs volume-weighted) and tax treatment not stated on the dashboard."
IL,2020-04,month,3,adult_use,retail,edible,all,mean,usd_per_gram,27.978228840,unknown,"Illinois Cannabis Regulation Oversight Office, Cannabis Sales Figures dashboard, ""Adult Use Prices"" view (Tableau, public.data.illinois.gov)",https://cannabis.illinois.gov/research-and-data/sales-figures.html,2026-09-24,download,"CROO dashboard measure 'Price per Gram of Item', category 'Infused Edibles'. Averaging method (simple vs volume-weighted) and tax treatment not stated on the dashboard."
IL,2020-05,month,4,adult_use,retail,edible,all,mean,usd_per_gram,29.122680660,unknown,"Illinois Cannabis Regulation Oversight Office, Cannabis Sales Figures dashboard, ""Adult Use Prices"" view (Tableau, public.data.illinois.gov)",https://cannabis.illinois.gov/research-and-data/sales-figures.html,2026-09-24,download,"CROO dashboard measure 'Price per Gram of Item', category 'Infused Edibles'. Averaging method (simple vs volume-weighted) and tax treatment not stated on the dashboard."
IL,2020-06,month,5,adult_use,retail,edible,all,mean,usd_per_gram,30.126502119,unknown,"Illinois Cannabis Regulation Oversight Office, Cannabis Sales Figures dashboard, ""Adult Use Prices"" view (Tableau, public.data.illinois.gov)",https://cannabis.illinois.gov/research-and-data/sales-figures.html,2026-09-24,download,"CROO dashboard measure 'Price per Gram of Item', category 'Infused Edibles'. Averaging method (simple vs volume-weighted) and tax treatment not stated on the dashboard."
IL,2020-07,month,6,adult_use,retail,edible,all,mean,usd_per_gram,29.611606851,unknown,"Illinois Cannabis Regulation Oversight Office, Cannabis Sales Figures dashboard, ""Adult Use Prices"" view (Tableau, public.data.illinois.gov)",https://cannabis.illinois.gov/research-and-data/sales-figures.html,2026-09-24,download,"CROO dashboard measure 'Price per Gram of Item', category 'Infused Edibles'. Averaging method (simple vs volume-weighted) and tax treatment not stated on the dashboard."
IL,2020-08,month,7,adult_use,retail,edible,all,mean,usd_per_gram,28.942771126,unknown,"Illinois Cannabis Regulation Oversight Office, Cannabis Sales Figures dashboard, ""Adult Use Prices"" view (Tableau, public.data.illinois.gov)",https://cannabis.illinois.gov/research-and-data/sales-figures.html,2026-09-24,download,"CROO dashboard measure 'Price per Gram of Item', category 'Infused Edibles'. Averaging method (simple vs volume-weighted) and tax treatment not stated on the dashboard."
IL,2020-09,month,8,adult_use,retail,edible,all,mean,usd_per_gram,29.787361309,unknown,"Illinois Cannabis Regulation Oversight Office, Cannabis Sales Figures dashboard, ""Adult Use Prices"" view (Tableau, public.data.illinois.gov)",https://cannabis.illinois.gov/research-and-data/sales-figures.html,2026-09-24,download,"CROO dashboard measure 'Price per Gram of Item', category 'Infused Edibles'. Averaging method (simple vs volume-weighted) and tax treatment not stated on the dashboard."
IL,2020-10,month,9,adult_use,retail,edible,all,mean,usd_per_gram,29.679920536,unknown,"Illinois Cannabis Regulation Oversight Office, Cannabis Sales Figures dashboard, ""Adult Use Prices"" view (Tableau, public.data.illinois.gov)",https://cannabis.illinois.gov/research-and-data/sales-figures.html,2026-09-24,download,"CROO dashboard measure 'Price per Gram of Item', category 'Infused Edibles'. Averaging method (simple vs volume-weighted) and tax treatment not stated on the dashboard."
IL,2020-11,month,10,adult_use,retail,edible,all,mean,usd_per_gram,29.359917902,unknown,"Illinois Cannabis Regulation Oversight Office, Cannabis Sales Figures dashboard, ""Adult Use Prices"" view (Tableau, public.data.illinois.gov)",https://cannabis.illinois.gov/research-and-data/sales-figures.html,2026-09-24,download,"CROO dashboard measure 'Price per Gram of Item', category 'Infused Edibles'. Averaging method (simple vs volume-weighted) and tax treatment not stated on the dashboard."
IL,2020-12,month,11,adult_use,retail,edible,all,mean,usd_per_gram,27.755617826,unknown,"Illinois Cannabis Regulation Oversight Office, Cannabis Sales Figures dashboard, ""Adult Use Prices"" view (Tableau, public.data.illinois.gov)",https://cannabis.illinois.gov/research-and-data/sales-figures.html,2026-09-24,download,"CROO dashboard measure 'Price per Gram of Item', category 'Infused Edibles'. Averaging method (simple vs volume-weighted) and tax treatment not stated on the dashboard."
IL,2021-01,month,12,adult_use,retail,edible,all,mean,usd_per_gram,27.155849533,unknown,"Illinois Cannabis Regulation Oversight Office, Cannabis Sales Figures dashboard, ""Adult Use Prices"" view (Tableau, public.data.illinois.gov)",https://cannabis.illinois.gov/research-and-data/sales-figures.html,2026-09-24,download,"CROO dashboard measure 'Price per Gram of Item', category 'Infused Edibles'. Averaging method (simple vs volume-weighted) and tax treatment not stated on the dashboard."
IL,2021-02,month,13,adult_use,retail,edible,all,mean,usd_per_gram,27.523856035,unknown,"Illinois Cannabis Regulation Oversight Office, Cannabis Sales Figures dashboard, ""Adult Use Prices"" view (Tableau, public.data.illinois.gov)",https://cannabis.illinois.gov/research-and-data/sales-figures.html,2026-09-24,download,"CROO dashboard measure 'Price per Gram of Item', category 'Infused Edibles'. Averaging method (simple vs volume-weighted) and tax treatment not stated on the dashboard."
IL,2021-03,month,14,adult_use,retail,edible,all,mean,usd_per_gram,28.712205487,unknown,"Illinois Cannabis Regulation Oversight Office, Cannabis Sales Figures dashboard, ""Adult Use Prices"" view (Tableau, public.data.illinois.gov)",https://cannabis.illinois.gov/research-and-data/sales-figures.html,2026-09-24,download,"CROO dashboard measure 'Price per Gram of Item', category 'Infused Edibles'. Averaging method (simple vs volume-weighted) and tax treatment not stated on the dashboard."
IL,2021-04,month,15,adult_use,retail,edible,all,mean,usd_per_gram,28.417707605,unknown,"Illinois Cannabis Regulation Oversight Office, Cannabis Sales Figures dashboard, ""Adult Use Prices"" view (Tableau, public.data.illinois.gov)",https://cannabis.illinois.gov/research-and-data/sales-figures.html,2026-09-24,download,"CROO dashboard measure 'Price per Gram of Item', category 'Infused Edibles'. Averaging method (simple vs volume-weighted) and tax treatment not stated on the dashboard."
IL,2021-05,month,16,adult_use,retail,edible,all,mean,usd_per_gram,29.264998723,unknown,"Illinois Cannabis Regulation Oversight Office, Cannabis Sales Figures dashboard, ""Adult Use Prices"" view (Tableau, public.data.illinois.gov)",https://cannabis.illinois.gov/research-and-data/sales-figures.html,2026-09-24,download,"CROO dashboard measure 'Price per Gram of Item', category 'Infused Edibles'. Averaging method (simple vs volume-weighted) and tax treatment not stated on the dashboard."
IL,2021-06,month,17,adult_use,retail,edible,all,mean,usd_per_gram,29.790185299,unknown,"Illinois Cannabis Regulation Oversight Office, Cannabis Sales Figures dashboard, ""Adult Use Prices"" view (Tableau, public.data.illinois.gov)",https://cannabis.illinois.gov/research-and-data/sales-figures.html,2026-09-24,download,"CROO dashboard measure 'Price per Gram of Item', category 'Infused Edibles'. Averaging method (simple vs volume-weighted) and tax treatment not stated on the dashboard."
IL,2021-07,month,18,adult_use,retail,edible,all,mean,usd_per_gram,28.828659390,unknown,"Illinois Cannabis Regulation Oversight Office, Cannabis Sales Figures dashboard, ""Adult Use Prices"" view (Tableau, public.data.illinois.gov)",https://cannabis.illinois.gov/research-and-data/sales-figures.html,2026-09-24,download,"CROO dashboard measure 'Price per Gram of Item', category 'Infused Edibles'. Averaging method (simple vs volume-weighted) and tax treatment not stated on the dashboard."
IL,2021-08,month,19,adult_use,retail,edible,all,mean,usd_per_gram,27.847709528,unknown,"Illinois Cannabis Regulation Oversight Office, Cannabis Sales Figures dashboard, ""Adult Use Prices"" view (Tableau, public.data.illinois.gov)",https://cannabis.illinois.gov/research-and-data/sales-figures.html,2026-09-24,download,"CROO dashboard measure 'Price per Gram of Item', category 'Infused Edibles'. Averaging method (simple vs volume-weighted) and tax treatment not stated on the dashboard."
IL,2021-09,month,20,adult_use,retail,edible,all,mean,usd_per_gram,28.091938177,unknown,"Illinois Cannabis Regulation Oversight Office, Cannabis Sales Figures dashboard, ""Adult Use Prices"" view (Tableau, public.data.illinois.gov)",https://cannabis.illinois.gov/research-and-data/sales-figures.html,2026-09-24,download,"CROO dashboard measure 'Price per Gram of Item', category 'Infused Edibles'. Averaging method (simple vs volume-weighted) and tax treatment not stated on the dashboard."
IL,2021-10,month,21,adult_use,retail,edible,all,mean,usd_per_gram,27.162885351,unknown,"Illinois Cannabis Regulation Oversight Office, Cannabis Sales Figures dashboard, ""Adult Use Prices"" view (Tableau, public.data.illinois.gov)",https://cannabis.illinois.gov/research-and-data/sales-figures.html,2026-09-24,download,"CROO dashboard measure 'Price per Gram of Item', category 'Infused Edibles'. Averaging method (simple vs volume-weighted) and tax treatment not stated on the dashboard."
IL,2021-11,month,22,adult_use,retail,edible,all,mean,usd_per_gram,26.048923191,unknown,"Illinois Cannabis Regulation Oversight Office, Cannabis Sales Figures dashboard, ""Adult Use Prices"" view (Tableau, public.data.illinois.gov)",https://cannabis.illinois.gov/research-and-data/sales-figures.html,2026-09-24,download,"CROO dashboard measure 'Price per Gram of Item', category 'Infused Edibles'. Averaging method (simple vs volume-weighted) and tax treatment not stated on the dashboard."
IL,2021-12,month,23,adult_use,retail,edible,all,mean,usd_per_gram,25.806695730,unknown,"Illinois Cannabis Regulation Oversight Office, Cannabis Sales Figures dashboard, ""Adult Use Prices"" view (Tableau, public.data.illinois.gov)",https://cannabis.illinois.gov/research-and-data/sales-figures.html,2026-09-24,download,"CROO dashboard measure 'Price per Gram of Item', category 'Infused Edibles'. Averaging method (simple vs volume-weighted) and tax treatment not stated on the dashboard."
IL,2022-01,month,24,adult_use,retail,edible,all,mean,usd_per_gram,25.725603098,unknown,"Illinois Cannabis Regulation Oversight Office, Cannabis Sales Figures dashboard, ""Adult Use Prices"" view (Tableau, public.data.illinois.gov)",https://cannabis.illinois.gov/research-and-data/sales-figures.html,2026-09-24,download,"CROO dashboard measure 'Price per Gram of Item', category 'Infused Edibles'. Averaging method (simple vs volume-weighted) and tax treatment not stated on the dashboard."
IL,2022-02,month,25,adult_use,retail,edible,all,mean,usd_per_gram,25.755059170,unknown,"Illinois Cannabis Regulation Oversight Office, Cannabis Sales Figures dashboard, ""Adult Use Prices"" view (Tableau, public.data.illinois.gov)",https://cannabis.illinois.gov/research-and-data/sales-figures.html,2026-09-24,download,"CROO dashboard measure 'Price per Gram of Item', category 'Infused Edibles'. Averaging method (simple vs volume-weighted) and tax treatment not stated on the dashboard."
IL,2022-03,month,26,adult_use,retail,edible,all,mean,usd_per_gram,25.741449652,unknown,"Illinois Cannabis Regulation Oversight Office, Cannabis Sales Figures dashboard, ""Adult Use Prices"" view (Tableau, public.data.illinois.gov)",https://cannabis.illinois.gov/research-and-data/sales-figures.html,2026-09-24,download,"CROO dashboard measure 'Price per Gram of Item', category 'Infused Edibles'. Averaging method (simple vs volume-weighted) and tax treatment not stated on the dashboard."
IL,2022-04,month,27,adult_use,retail,edible,all,mean,usd_per_gram,25.815377012,unknown,"Illinois Cannabis Regulation Oversight Office, Cannabis Sales Figures dashboard, ""Adult Use Prices"" view (Tableau, public.data.illinois.gov)",https://cannabis.illinois.gov/research-and-data/sales-figures.html,2026-09-24,download,"CROO dashboard measure 'Price per Gram of Item', category 'Infused Edibles'. Averaging method (simple vs volume-weighted) and tax treatment not stated on the dashboard."
IL,2022-05,month,28,adult_use,retail,edible,all,mean,usd_per_gram,25.660170713,unknown,"Illinois Cannabis Regulation Oversight Office, Cannabis Sales Figures dashboard, ""Adult Use Prices"" view (Tableau, public.data.illinois.gov)",https://cannabis.illinois.gov/research-and-data/sales-figures.html,2026-09-24,download,"CROO dashboard measure 'Price per Gram of Item', category 'Infused Edibles'. Averaging method (simple vs volume-weighted) and tax treatment not stated on the dashboard."
IL,2022-06,month,29,adult_use,retail,edible,all,mean,usd_per_gram,25.394947012,unknown,"Illinois Cannabis Regulation Oversight Office, Cannabis Sales Figures dashboard, ""Adult Use Prices"" view (Tableau, public.data.illinois.gov)",https://cannabis.illinois.gov/research-and-data/sales-figures.html,2026-09-24,download,"CROO dashboard measure 'Price per Gram of Item', category 'Infused Edibles'. Averaging method (simple vs volume-weighted) and tax treatment not stated on the dashboard."
IL,2022-07,month,30,adult_use,retail,edible,all,mean,usd_per_gram,24.678575855,unknown,"Illinois Cannabis Regulation Oversight Office, Cannabis Sales Figures dashboard, ""Adult Use Prices"" view (Tableau, public.data.illinois.gov)",https://cannabis.illinois.gov/research-and-data/sales-figures.html,2026-09-24,download,"CROO dashboard measure 'Price per Gram of Item', category 'Infused Edibles'. Averaging method (simple vs volume-weighted) and tax treatment not stated on the dashboard."
IL,2022-08,month,31,adult_use,retail,edible,all,mean,usd_per_gram,24.699439723,unknown,"Illinois Cannabis Regulation Oversight Office, Cannabis Sales Figures dashboard, ""Adult Use Prices"" view (Tableau, public.data.illinois.gov)",https://cannabis.illinois.gov/research-and-data/sales-figures.html,2026-09-24,download,"CROO dashboard measure 'Price per Gram of Item', category 'Infused Edibles'. Averaging method (simple vs volume-weighted) and tax treatment not stated on the dashboard."
IL,2022-09,month,32,adult_use,retail,edible,all,mean,usd_per_gram,24.928067579,unknown,"Illinois Cannabis Regulation Oversight Office, Cannabis Sales Figures dashboard, ""Adult Use Prices"" view (Tableau, public.data.illinois.gov)",https://cannabis.illinois.gov/research-and-data/sales-figures.html,2026-09-24,download,"CROO dashboard measure 'Price per Gram of Item', category 'Infused Edibles'. Averaging method (simple vs volume-weighted) and tax treatment not stated on the dashboard."
IL,2022-10,month,33,adult_use,retail,edible,all,mean,usd_per_gram,24.954859514,unknown,"Illinois Cannabis Regulation Oversight Office, Cannabis Sales Figures dashboard, ""Adult Use Prices"" view (Tableau, public.data.illinois.gov)",https://cannabis.illinois.gov/research-and-data/sales-figures.html,2026-09-24,download,"CROO dashboard measure 'Price per Gram of Item', category 'Infused Edibles'. Averaging method (simple vs volume-weighted) and tax treatment not stated on the dashboard."
IL,2022-11,month,34,adult_use,retail,edible,all,mean,usd_per_gram,24.345588825,unknown,"Illinois Cannabis Regulation Oversight Office, Cannabis Sales Figures dashboard, ""Adult Use Prices"" view (Tableau, public.data.illinois.gov)",https://cannabis.illinois.gov/research-and-data/sales-figures.html,2026-09-24,download,"CROO dashboard measure 'Price per Gram of Item', category 'Infused Edibles'. Averaging method (simple vs volume-weighted) and tax treatment not stated on the dashboard."
IL,2022-12,month,35,adult_use,retail,edible,all,mean,usd_per_gram,23.511968076,unknown,"Illinois Cannabis Regulation Oversight Office, Cannabis Sales Figures dashboard, ""Adult Use Prices"" view (Tableau, public.data.illinois.gov)",https://cannabis.illinois.gov/research-and-data/sales-figures.html,2026-09-24,download,"CROO dashboard measure 'Price per Gram of Item', category 'Infused Edibles'. Averaging method (simple vs volume-weighted) and tax treatment not stated on the dashboard."
IL,2023-01,month,36,adult_use,retail,edible,all,mean,usd_per_gram,23.511968076,unknown,"Illinois Cannabis Regulation Oversight Office, Cannabis Sales Figures dashboard, ""Adult Use Prices"" view (Tableau, public.data.illinois.gov)",https://cannabis.illinois.gov/research-and-data/sales-figures.html,2026-09-24,download,"CROO dashboard measure 'Price per Gram of Item', category 'Infused Edibles'. Averaging method (simple vs volume-weighted) and tax treatment not stated on the dashboard. Identical to Dec 2022 in every category and both markets; likely a carried-forward value, not an independent January observation. Use with caution."
IL,2023-02,month,37,adult_use,retail,edible,all,mean,usd_per_gram,23.531853861,unknown,"Illinois Cannabis Regulation Oversight Office, Cannabis Sales Figures dashboard, ""Adult Use Prices"" view (Tableau, public.data.illinois.gov)",https://cannabis.illinois.gov/research-and-data/sales-figures.html,2026-09-24,download,"CROO dashboard measure 'Price per Gram of Item', category 'Infused Edibles'. Averaging method (simple vs volume-weighted) and tax treatment not stated on the dashboard."
IL,2023-03,month,38,adult_use,retail,edible,all,mean,usd_per_gram,23.780695502,unknown,"Illinois Cannabis Regulation Oversight Office, Cannabis Sales Figures dashboard, ""Adult Use Prices"" view (Tableau, public.data.illinois.gov)",https://cannabis.illinois.gov/research-and-data/sales-figures.html,2026-09-24,download,"CROO dashboard measure 'Price per Gram of Item', category 'Infused Edibles'. Averaging method (simple vs volume-weighted) and tax treatment not stated on the dashboard."
IL,2023-04,month,39,adult_use,retail,edible,all,mean,usd_per_gram,22.87,unknown,"Illinois Cannabis Regulation Oversight Office, Cannabis Sales Figures dashboard, ""Adult Use Prices"" view (Tableau, public.data.illinois.gov)",https://cannabis.illinois.gov/research-and-data/sales-figures.html,2026-09-24,download,"CROO dashboard measure 'Price per Gram of Item', category 'Infused Edibles'. Averaging method (simple vs volume-weighted) and tax treatment not stated on the dashboard. Published at 2-decimal precision, unlike most months (which carry 9); possibly entered separately."
IL,2023-05,month,40,adult_use,retail,edible,all,mean,usd_per_gram,22.72,unknown,"Illinois Cannabis Regulation Oversight Office, Cannabis Sales Figures dashboard, ""Adult Use Prices"" view (Tableau, public.data.illinois.gov)",https://cannabis.illinois.gov/research-and-data/sales-figures.html,2026-09-24,download,"CROO dashboard measure 'Price per Gram of Item', category 'Infused Edibles'. Averaging method (simple vs volume-weighted) and tax treatment not stated on the dashboard. Published at 2-decimal precision, unlike most months (which carry 9); possibly entered separately."
IL,2023-06,month,41,adult_use,retail,edible,all,mean,usd_per_gram,22.733606242,unknown,"Illinois Cannabis Regulation Oversight Office, Cannabis Sales Figures dashboard, ""Adult Use Prices"" view (Tableau, public.data.illinois.gov)",https://cannabis.illinois.gov/research-and-data/sales-figures.html,2026-09-24,download,"CROO dashboard measure 'Price per Gram of Item', category 'Infused Edibles'. Averaging method (simple vs volume-weighted) and tax treatment not stated on the dashboard."
IL,2023-07,month,42,adult_use,retail,edible,all,mean,usd_per_gram,21.993880650,unknown,"Illinois Cannabis Regulation Oversight Office, Cannabis Sales Figures dashboard, ""Adult Use Prices"" view (Tableau, public.data.illinois.gov)",https://cannabis.illinois.gov/research-and-data/sales-figures.html,2026-09-24,download,"CROO dashboard measure 'Price per Gram of Item', category 'Infused Edibles'. Averaging method (simple vs volume-weighted) and tax treatment not stated on the dashboard."
IL,2023-08,month,43,adult_use,retail,edible,all,mean,usd_per_gram,21.845706889,unknown,"Illinois Cannabis Regulation Oversight Office, Cannabis Sales Figures dashboard, ""Adult Use Prices"" view (Tableau, public.data.illinois.gov)",https://cannabis.illinois.gov/research-and-data/sales-figures.html,2026-09-24,download,"CROO dashboard measure 'Price per Gram of Item', category 'Infused Edibles'. Averaging method (simple vs volume-weighted) and tax treatment not stated on the dashboard."
IL,2023-09,month,44,adult_use,retail,edible,all,mean,usd_per_gram,20.965642980,unknown,"Illinois Cannabis Regulation Oversight Office, Cannabis Sales Figures dashboard, ""Adult Use Prices"" view (Tableau, public.data.illinois.gov)",https://cannabis.illinois.gov/research-and-data/sales-figures.html,2026-09-24,download,"CROO dashboard measure 'Price per Gram of Item', category 'Infused Edibles'. Averaging method (simple vs volume-weighted) and tax treatment not stated on the dashboard."
IL,2023-10,month,45,adult_use,retail,edible,all,mean,usd_per_gram,20.203919005,unknown,"Illinois Cannabis Regulation Oversight Office, Cannabis Sales Figures dashboard, ""Adult Use Prices"" view (Tableau, public.data.illinois.gov)",https://cannabis.illinois.gov/research-and-data/sales-figures.html,2026-09-24,download,"CROO dashboard measure 'Price per Gram of Item', category 'Infused Edibles'. Averaging method (simple vs volume-weighted) and tax treatment not stated on the dashboard."
IL,2023-11,month,46,adult_use,retail,edible,all,mean,usd_per_gram,19.805555161,unknown,"Illinois Cannabis Regulation Oversight Office, Cannabis Sales Figures dashboard, ""Adult Use Prices"" view (Tableau, public.data.illinois.gov)",https://cannabis.illinois.gov/research-and-data/sales-figures.html,2026-09-24,download,"CROO dashboard measure 'Price per Gram of Item', category 'Infused Edibles'. Averaging method (simple vs volume-weighted) and tax treatment not stated on the dashboard."
IL,2023-12,month,47,adult_use,retail,edible,all,mean,usd_per_gram,19.83,unknown,"Illinois Cannabis Regulation Oversight Office, Cannabis Sales Figures dashboard, ""Adult Use Prices"" view (Tableau, public.data.illinois.gov)",https://cannabis.illinois.gov/research-and-data/sales-figures.html,2026-09-24,download,"CROO dashboard measure 'Price per Gram of Item', category 'Infused Edibles'. Averaging method (simple vs volume-weighted) and tax treatment not stated on the dashboard. Published at 2-decimal precision, unlike most months (which carry 9); possibly entered separately."
IL,2024-01,month,48,adult_use,retail,edible,all,mean,usd_per_gram,20.333140054,unknown,"Illinois Cannabis Regulation Oversight Office, Cannabis Sales Figures dashboard, ""Adult Use Prices"" view (Tableau, public.data.illinois.gov)",https://cannabis.illinois.gov/research-and-data/sales-figures.html,2026-09-24,download,"CROO dashboard measure 'Price per Gram of Item', category 'Infused Edibles'. Averaging method (simple vs volume-weighted) and tax treatment not stated on the dashboard."
IL,2024-02,month,49,adult_use,retail,edible,all,mean,usd_per_gram,19.586920814,unknown,"Illinois Cannabis Regulation Oversight Office, Cannabis Sales Figures dashboard, ""Adult Use Prices"" view (Tableau, public.data.illinois.gov)",https://cannabis.illinois.gov/research-and-data/sales-figures.html,2026-09-24,download,"CROO dashboard measure 'Price per Gram of Item', category 'Infused Edibles'. Averaging method (simple vs volume-weighted) and tax treatment not stated on the dashboard. Beyond month 48; retained for floor analysis."
IL,2024-03,month,50,adult_use,retail,edible,all,mean,usd_per_gram,20.044859531,unknown,"Illinois Cannabis Regulation Oversight Office, Cannabis Sales Figures dashboard, ""Adult Use Prices"" view (Tableau, public.data.illinois.gov)",https://cannabis.illinois.gov/research-and-data/sales-figures.html,2026-09-24,download,"CROO dashboard measure 'Price per Gram of Item', category 'Infused Edibles'. Averaging method (simple vs volume-weighted) and tax treatment not stated on the dashboard. Beyond month 48; retained for floor analysis."
IL,2024-04,month,51,adult_use,retail,edible,all,mean,usd_per_gram,19.38,unknown,"Illinois Cannabis Regulation Oversight Office, Cannabis Sales Figures dashboard, ""Adult Use Prices"" view (Tableau, public.data.illinois.gov)",https://cannabis.illinois.gov/research-and-data/sales-figures.html,2026-09-24,download,"CROO dashboard measure 'Price per Gram of Item', category 'Infused Edibles'. Averaging method (simple vs volume-weighted) and tax treatment not stated on the dashboard. Beyond month 48; retained for floor analysis. Published at 2-decimal precision, unlike most months (which carry 9); possibly entered separately."
IL,2024-05,month,52,adult_use,retail,edible,all,mean,usd_per_gram,19.41,unknown,"Illinois Cannabis Regulation Oversight Office, Cannabis Sales Figures dashboard, ""Adult Use Prices"" view (Tableau, public.data.illinois.gov)",https://cannabis.illinois.gov/research-and-data/sales-figures.html,2026-09-24,download,"CROO dashboard measure 'Price per Gram of Item', category 'Infused Edibles'. Averaging method (simple vs volume-weighted) and tax treatment not stated on the dashboard. Beyond month 48; retained for floor analysis. Published at 2-decimal precision, unlike most months (which carry 9); possibly entered separately."
IL,2024-06,month,53,adult_use,retail,edible,all,mean,usd_per_gram,19.32,unknown,"Illinois Cannabis Regulation Oversight Office, Cannabis Sales Figures dashboard, ""Adult Use Prices"" view (Tableau, public.data.illinois.gov)",https://cannabis.illinois.gov/research-and-data/sales-figures.html,2026-09-24,download,"CROO dashboard measure 'Price per Gram of Item', category 'Infused Edibles'. Averaging method (simple vs volume-weighted) and tax treatment not stated on the dashboard. Beyond month 48; retained for floor analysis. Published at 2-decimal precision, unlike most months (which carry 9); possibly entered separately."
IL,2024-07,month,54,adult_use,retail,edible,all,mean,usd_per_gram,18.724039090,unknown,"Illinois Cannabis Regulation Oversight Office, Cannabis Sales Figures dashboard, ""Adult Use Prices"" view (Tableau, public.data.illinois.gov)",https://cannabis.illinois.gov/research-and-data/sales-figures.html,2026-09-24,download,"CROO dashboard measure 'Price per Gram of Item', category 'Infused Edibles'. Averaging method (simple vs volume-weighted) and tax treatment not stated on the dashboard. Beyond month 48; retained for floor analysis."
IL,2024-08,month,55,adult_use,retail,edible,all,mean,usd_per_gram,17.92,unknown,"Illinois Cannabis Regulation Oversight Office, Cannabis Sales Figures dashboard, ""Adult Use Prices"" view (Tableau, public.data.illinois.gov)",https://cannabis.illinois.gov/research-and-data/sales-figures.html,2026-09-24,download,"CROO dashboard measure 'Price per Gram of Item', category 'Infused Edibles'. Averaging method (simple vs volume-weighted) and tax treatment not stated on the dashboard. Beyond month 48; retained for floor analysis. Published at 2-decimal precision, unlike most months (which carry 9); possibly entered separately."
IL,2024-09,month,56,adult_use,retail,edible,all,mean,usd_per_gram,17.679661464,unknown,"Illinois Cannabis Regulation Oversight Office, Cannabis Sales Figures dashboard, ""Adult Use Prices"" view (Tableau, public.data.illinois.gov)",https://cannabis.illinois.gov/research-and-data/sales-figures.html,2026-09-24,download,"CROO dashboard measure 'Price per Gram of Item', category 'Infused Edibles'. Averaging method (simple vs volume-weighted) and tax treatment not stated on the dashboard. Beyond month 48; retained for floor analysis."
IL,2024-10,month,57,adult_use,retail,edible,all,mean,usd_per_gram,17.53,unknown,"Illinois Cannabis Regulation Oversight Office, Cannabis Sales Figures dashboard, ""Adult Use Prices"" view (Tableau, public.data.illinois.gov)",https://cannabis.illinois.gov/research-and-data/sales-figures.html,2026-09-24,download,"CROO dashboard measure 'Price per Gram of Item', category 'Infused Edibles'. Averaging method (simple vs volume-weighted) and tax treatment not stated on the dashboard. Beyond month 48; retained for floor analysis. Published at 2-decimal precision, unlike most months (which carry 9); possibly entered separately."
IL,2024-11,month,58,adult_use,retail,edible,all,mean,usd_per_gram,17.49,unknown,"Illinois Cannabis Regulation Oversight Office, Cannabis Sales Figures dashboard, ""Adult Use Prices"" view (Tableau, public.data.illinois.gov)",https://cannabis.illinois.gov/research-and-data/sales-figures.html,2026-09-24,download,"CROO dashboard measure 'Price per Gram of Item', category 'Infused Edibles'. Averaging method (simple vs volume-weighted) and tax treatment not stated on the dashboard. Beyond month 48; retained for floor analysis. Published at 2-decimal precision, unlike most months (which carry 9); possibly entered separately."
IL,2024-12,month,59,adult_use,retail,edible,all,mean,usd_per_gram,17.057344941,unknown,"Illinois Cannabis Regulation Oversight Office, Cannabis Sales Figures dashboard, ""Adult Use Prices"" view (Tableau, public.data.illinois.gov)",https://cannabis.illinois.gov/research-and-data/sales-figures.html,2026-09-24,download,"CROO dashboard measure 'Price per Gram of Item', category 'Infused Edibles'. Averaging method (simple vs volume-weighted) and tax treatment not stated on the dashboard. Beyond month 48; retained for floor analysis."
IL,2025-01,month,60,adult_use,retail,edible,all,mean,usd_per_gram,17.131376754,unknown,"Illinois Cannabis Regulation Oversight Office, Cannabis Sales Figures dashboard, ""Adult Use Prices"" view (Tableau, public.data.illinois.gov)",https://cannabis.illinois.gov/research-and-data/sales-figures.html,2026-09-24,download,"CROO dashboard measure 'Price per Gram of Item', category 'Infused Edibles'. Averaging method (simple vs volume-weighted) and tax treatment not stated on the dashboard. Beyond month 48; retained for floor analysis."
IL,2025-02,month,61,adult_use,retail,edible,all,mean,usd_per_gram,16.87,unknown,"Illinois Cannabis Regulation Oversight Office, Cannabis Sales Figures dashboard, ""Adult Use Prices"" view (Tableau, public.data.illinois.gov)",https://cannabis.illinois.gov/research-and-data/sales-figures.html,2026-09-24,download,"CROO dashboard measure 'Price per Gram of Item', category 'Infused Edibles'. Averaging method (simple vs volume-weighted) and tax treatment not stated on the dashboard. Beyond month 48; retained for floor analysis. Published at 2-decimal precision, unlike most months (which carry 9); possibly entered separately."
IL,2025-03,month,62,adult_use,retail,edible,all,mean,usd_per_gram,17.079218737,unknown,"Illinois Cannabis Regulation Oversight Office, Cannabis Sales Figures dashboard, ""Adult Use Prices"" view (Tableau, public.data.illinois.gov)",https://cannabis.illinois.gov/research-and-data/sales-figures.html,2026-09-24,download,"CROO dashboard measure 'Price per Gram of Item', category 'Infused Edibles'. Averaging method (simple vs volume-weighted) and tax treatment not stated on the dashboard. Beyond month 48; retained for floor analysis."
IL,2025-04,month,63,adult_use,retail,edible,all,mean,usd_per_gram,16.103087493,unknown,"Illinois Cannabis Regulation Oversight Office, Cannabis Sales Figures dashboard, ""Adult Use Prices"" view (Tableau, public.data.illinois.gov)",https://cannabis.illinois.gov/research-and-data/sales-figures.html,2026-09-24,download,"CROO dashboard measure 'Price per Gram of Item', category 'Infused Edibles'. Averaging method (simple vs volume-weighted) and tax treatment not stated on the dashboard. Beyond month 48; retained for floor analysis."
IL,2025-05,month,64,adult_use,retail,edible,all,mean,usd_per_gram,16.64,unknown,"Illinois Cannabis Regulation Oversight Office, Cannabis Sales Figures dashboard, ""Adult Use Prices"" view (Tableau, public.data.illinois.gov)",https://cannabis.illinois.gov/research-and-data/sales-figures.html,2026-09-24,download,"CROO dashboard measure 'Price per Gram of Item', category 'Infused Edibles'. Averaging method (simple vs volume-weighted) and tax treatment not stated on the dashboard. Beyond month 48; retained for floor analysis. Published at 2-decimal precision, unlike most months (which carry 9); possibly entered separately."
IL,2025-06,month,65,adult_use,retail,edible,all,mean,usd_per_gram,13.94,unknown,"Illinois Cannabis Regulation Oversight Office, Cannabis Sales Figures dashboard, ""Adult Use Prices"" view (Tableau, public.data.illinois.gov)",https://cannabis.illinois.gov/research-and-data/sales-figures.html,2026-09-24,download,"CROO dashboard measure 'Price per Gram of Item', category 'Infused Edibles'. Averaging method (simple vs volume-weighted) and tax treatment not stated on the dashboard. Beyond month 48; retained for floor analysis. Published at 2-decimal precision, unlike most months (which carry 9); possibly entered separately. After a level shift in Jun-Jul 2025 across all categories and both markets (e.g., adult-use flower $8.98 Jun to $6.71 Jul 2025). CROO says its price charts were regrouped to reflect new seed-to-sale definitions; treat as a possible definition break."
IL,2025-07,month,66,adult_use,retail,edible,all,mean,usd_per_gram,13.14,unknown,"Illinois Cannabis Regulation Oversight Office, Cannabis Sales Figures dashboard, ""Adult Use Prices"" view (Tableau, public.data.illinois.gov)",https://cannabis.illinois.gov/research-and-data/sales-figures.html,2026-09-24,download,"CROO dashboard measure 'Price per Gram of Item', category 'Infused Edibles'. Averaging method (simple vs volume-weighted) and tax treatment not stated on the dashboard. Beyond month 48; retained for floor analysis. Published at 2-decimal precision, unlike most months (which carry 9); possibly entered separately. After a level shift in Jun-Jul 2025 across all categories and both markets (e.g., adult-use flower $8.98 Jun to $6.71 Jul 2025). CROO says its price charts were regrouped to reflect new seed-to-sale definitions; treat as a possible definition break."
IL,2025-08,month,67,adult_use,retail,edible,all,mean,usd_per_gram,12.76,unknown,"Illinois Cannabis Regulation Oversight Office, Cannabis Sales Figures dashboard, ""Adult Use Prices"" view (Tableau, public.data.illinois.gov)",https://cannabis.illinois.gov/research-and-data/sales-figures.html,2026-09-24,download,"CROO dashboard measure 'Price per Gram of Item', category 'Infused Edibles'. Averaging method (simple vs volume-weighted) and tax treatment not stated on the dashboard. Beyond month 48; retained for floor analysis. Published at 2-decimal precision, unlike most months (which carry 9); possibly entered separately. After a level shift in Jun-Jul 2025 across all categories and both markets (e.g., adult-use flower $8.98 Jun to $6.71 Jul 2025). CROO says its price charts were regrouped to reflect new seed-to-sale definitions; treat as a possible definition break."
IL,2025-09,month,68,adult_use,retail,edible,all,mean,usd_per_gram,12.34,unknown,"Illinois Cannabis Regulation Oversight Office, Cannabis Sales Figures dashboard, ""Adult Use Prices"" view (Tableau, public.data.illinois.gov)",https://cannabis.illinois.gov/research-and-data/sales-figures.html,2026-09-24,download,"CROO dashboard measure 'Price per Gram of Item', category 'Infused Edibles'. Averaging method (simple vs volume-weighted) and tax treatment not stated on the dashboard. Beyond month 48; retained for floor analysis. Published at 2-decimal precision, unlike most months (which carry 9); possibly entered separately. After a level shift in Jun-Jul 2025 across all categories and both markets (e.g., adult-use flower $8.98 Jun to $6.71 Jul 2025). CROO says its price charts were regrouped to reflect new seed-to-sale definitions; treat as a possible definition break."
IL,2025-10,month,69,adult_use,retail,edible,all,mean,usd_per_gram,12.37,unknown,"Illinois Cannabis Regulation Oversight Office, Cannabis Sales Figures dashboard, ""Adult Use Prices"" view (Tableau, public.data.illinois.gov)",https://cannabis.illinois.gov/research-and-data/sales-figures.html,2026-09-24,download,"CROO dashboard measure 'Price per Gram of Item', category 'Infused Edibles'. Averaging method (simple vs volume-weighted) and tax treatment not stated on the dashboard. Beyond month 48; retained for floor analysis. Published at 2-decimal precision, unlike most months (which carry 9); possibly entered separately. After a level shift in Jun-Jul 2025 across all categories and both markets (e.g., adult-use flower $8.98 Jun to $6.71 Jul 2025). CROO says its price charts were regrouped to reflect new seed-to-sale definitions; treat as a possible definition break."
IL,2025-11,month,70,adult_use,retail,edible,all,mean,usd_per_gram,11.73,unknown,"Illinois Cannabis Regulation Oversight Office, Cannabis Sales Figures dashboard, ""Adult Use Prices"" view (Tableau, public.data.illinois.gov)",https://cannabis.illinois.gov/research-and-data/sales-figures.html,2026-09-24,download,"CROO dashboard measure 'Price per Gram of Item', category 'Infused Edibles'. Averaging method (simple vs volume-weighted) and tax treatment not stated on the dashboard. Beyond month 48; retained for floor analysis. Published at 2-decimal precision, unlike most months (which carry 9); possibly entered separately. After a level shift in Jun-Jul 2025 across all categories and both markets (e.g., adult-use flower $8.98 Jun to $6.71 Jul 2025). CROO says its price charts were regrouped to reflect new seed-to-sale definitions; treat as a possible definition break."
IL,2025-12,month,71,adult_use,retail,edible,all,mean,usd_per_gram,11.64,unknown,"Illinois Cannabis Regulation Oversight Office, Cannabis Sales Figures dashboard, ""Adult Use Prices"" view (Tableau, public.data.illinois.gov)",https://cannabis.illinois.gov/research-and-data/sales-figures.html,2026-09-24,download,"CROO dashboard measure 'Price per Gram of Item', category 'Infused Edibles'. Averaging method (simple vs volume-weighted) and tax treatment not stated on the dashboard. Beyond month 48; retained for floor analysis. Published at 2-decimal precision, unlike most months (which carry 9); possibly entered separately. After a level shift in Jun-Jul 2025 across all categories and both markets (e.g., adult-use flower $8.98 Jun to $6.71 Jul 2025). CROO says its price charts were regrouped to reflect new seed-to-sale definitions; treat as a possible definition break."
IL,2026-01,month,72,adult_use,retail,edible,all,mean,usd_per_gram,12.17,unknown,"Illinois Cannabis Regulation Oversight Office, Cannabis Sales Figures dashboard, ""Adult Use Prices"" view (Tableau, public.data.illinois.gov)",https://cannabis.illinois.gov/research-and-data/sales-figures.html,2026-09-24,download,"CROO dashboard measure 'Price per Gram of Item', category 'Infused Edibles'. Averaging method (simple vs volume-weighted) and tax treatment not stated on the dashboard. Beyond month 48; retained for floor analysis. Published at 2-decimal precision, unlike most months (which carry 9); possibly entered separately. After a level shift in Jun-Jul 2025 across all categories and both markets (e.g., adult-use flower $8.98 Jun to $6.71 Jul 2025). CROO says its price charts were regrouped to reflect new seed-to-sale definitions; treat as a possible definition break."
IL,2026-02,month,73,adult_use,retail,edible,all,mean,usd_per_gram,12.11,unknown,"Illinois Cannabis Regulation Oversight Office, Cannabis Sales Figures dashboard, ""Adult Use Prices"" view (Tableau, public.data.illinois.gov)",https://cannabis.illinois.gov/research-and-data/sales-figures.html,2026-09-24,download,"CROO dashboard measure 'Price per Gram of Item', category 'Infused Edibles'. Averaging method (simple vs volume-weighted) and tax treatment not stated on the dashboard. Beyond month 48; retained for floor analysis. Published at 2-decimal precision, unlike most months (which carry 9); possibly entered separately. After a level shift in Jun-Jul 2025 across all categories and both markets (e.g., adult-use flower $8.98 Jun to $6.71 Jul 2025). CROO says its price charts were regrouped to reflect new seed-to-sale definitions; treat as a possible definition break."
IL,2026-03,month,74,adult_use,retail,edible,all,mean,usd_per_gram,12.17,unknown,"Illinois Cannabis Regulation Oversight Office, Cannabis Sales Figures dashboard, ""Adult Use Prices"" view (Tableau, public.data.illinois.gov)",https://cannabis.illinois.gov/research-and-data/sales-figures.html,2026-09-24,download,"CROO dashboard measure 'Price per Gram of Item', category 'Infused Edibles'. Averaging method (simple vs volume-weighted) and tax treatment not stated on the dashboard. Beyond month 48; retained for floor analysis. Published at 2-decimal precision, unlike most months (which carry 9); possibly entered separately. After a level shift in Jun-Jul 2025 across all categories and both markets (e.g., adult-use flower $8.98 Jun to $6.71 Jul 2025). CROO says its price charts were regrouped to reflect new seed-to-sale definitions; treat as a possible definition break."
IL,2026-04,month,75,adult_use,retail,edible,all,mean,usd_per_gram,11.44,unknown,"Illinois Cannabis Regulation Oversight Office, Cannabis Sales Figures dashboard, ""Adult Use Prices"" view (Tableau, public.data.illinois.gov)",https://cannabis.illinois.gov/research-and-data/sales-figures.html,2026-09-24,download,"CROO dashboard measure 'Price per Gram of Item', category 'Infused Edibles'. Averaging method (simple vs volume-weighted) and tax treatment not stated on the dashboard. Beyond month 48; retained for floor analysis. Published at 2-decimal precision, unlike most months (which carry 9); possibly entered separately. After a level shift in Jun-Jul 2025 across all categories and both markets (e.g., adult-use flower $8.98 Jun to $6.71 Jul 2025). CROO says its price charts were regrouped to reflect new seed-to-sale definitions; treat as a possible definition break."
IL,2026-05,month,76,adult_use,retail,edible,all,mean,usd_per_gram,11.97,unknown,"Illinois Cannabis Regulation Oversight Office, Cannabis Sales Figures dashboard, ""Adult Use Prices"" view (Tableau, public.data.illinois.gov)",https://cannabis.illinois.gov/research-and-data/sales-figures.html,2026-09-24,download,"CROO dashboard measure 'Price per Gram of Item', category 'Infused Edibles'. Averaging method (simple vs volume-weighted) and tax treatment not stated on the dashboard. Beyond month 48; retained for floor analysis. Published at 2-decimal precision, unlike most months (which carry 9); possibly entered separately. After a level shift in Jun-Jul 2025 across all categories and both markets (e.g., adult-use flower $8.98 Jun to $6.71 Jul 2025). CROO says its price charts were regrouped to reflect new seed-to-sale definitions; treat as a possible definition break."
IL,2026-06,month,77,adult_use,retail,edible,all,mean,usd_per_gram,11.9,unknown,"Illinois Cannabis Regulation Oversight Office, Cannabis Sales Figures dashboard, ""Adult Use Prices"" view (Tableau, public.data.illinois.gov)",https://cannabis.illinois.gov/research-and-data/sales-figures.html,2026-09-24,download,"CROO dashboard measure 'Price per Gram of Item', category 'Infused Edibles'. Averaging method (simple vs volume-weighted) and tax treatment not stated on the dashboard. Beyond month 48; retained for floor analysis. Published at 2-decimal precision, unlike most months (which carry 9); possibly entered separately. After a level shift in Jun-Jul 2025 across all categories and both markets (e.g., adult-use flower $8.98 Jun to $6.71 Jul 2025). CROO says its price charts were regrouped to reflect new seed-to-sale definitions; treat as a possible definition break."
IL,2026-07,month,78,adult_use,retail,edible,all,mean,usd_per_gram,11.81,unknown,"Illinois Cannabis Regulation Oversight Office, Cannabis Sales Figures dashboard, ""Adult Use Prices"" view (Tableau, public.data.illinois.gov)",https://cannabis.illinois.gov/research-and-data/sales-figures.html,2026-09-24,download,"CROO dashboard measure 'Price per Gram of Item', category 'Infused Edibles'. Averaging method (simple vs volume-weighted) and tax treatment not stated on the dashboard. Beyond month 48; retained for floor analysis. Published at 2-decimal precision, unlike most months (which carry 9); possibly entered separately. After a level shift in Jun-Jul 2025 across all categories and both markets (e.g., adult-use flower $8.98 Jun to $6.71 Jul 2025). CROO says its price charts were regrouped to reflect new seed-to-sale definitions; treat as a possible definition break."
IL,2026-08,month,79,adult_use,retail,edible,all,mean,usd_per_gram,11.97,unknown,"Illinois Cannabis Regulation Oversight Office, Cannabis Sales Figures dashboard, ""Adult Use Prices"" view (Tableau, public.data.illinois.gov)",https://cannabis.illinois.gov/research-and-data/sales-figures.html,2026-09-24,download,"CROO dashboard measure 'Price per Gram of Item', category 'Infused Edibles'. Averaging method (simple vs volume-weighted) and tax treatment not stated on the dashboard. Beyond month 48; retained for floor analysis. Published at 2-decimal precision, unlike most months (which carry 9); possibly entered separately. After a level shift in Jun-Jul 2025 across all categories and both markets (e.g., adult-use flower $8.98 Jun to $6.71 Jul 2025). CROO says its price charts were regrouped to reflect new seed-to-sale definitions; treat as a possible definition break."
IL,2016-03,month,-46,medical,retail,edible,all,mean,usd_per_gram,12.661438762,unknown,"Illinois Cannabis Regulation Oversight Office, Cannabis Sales Figures dashboard, ""Medical Prices"" view (Tableau, public.data.illinois.gov)",https://cannabis.illinois.gov/research-and-data/sales-figures.html,2026-09-24,download,"CROO dashboard measure 'Price per Gram of Item', category 'Infused Edibles'. Averaging method (simple vs volume-weighted) and tax treatment not stated on the dashboard. Pre-launch medical month (adult-use sales began Jan 2020)."
IL,2016-04,month,-45,medical,retail,edible,all,mean,usd_per_gram,14.705687131,unknown,"Illinois Cannabis Regulation Oversight Office, Cannabis Sales Figures dashboard, ""Medical Prices"" view (Tableau, public.data.illinois.gov)",https://cannabis.illinois.gov/research-and-data/sales-figures.html,2026-09-24,download,"CROO dashboard measure 'Price per Gram of Item', category 'Infused Edibles'. Averaging method (simple vs volume-weighted) and tax treatment not stated on the dashboard. Pre-launch medical month (adult-use sales began Jan 2020)."
IL,2016-05,month,-44,medical,retail,edible,all,mean,usd_per_gram,15.102143583,unknown,"Illinois Cannabis Regulation Oversight Office, Cannabis Sales Figures dashboard, ""Medical Prices"" view (Tableau, public.data.illinois.gov)",https://cannabis.illinois.gov/research-and-data/sales-figures.html,2026-09-24,download,"CROO dashboard measure 'Price per Gram of Item', category 'Infused Edibles'. Averaging method (simple vs volume-weighted) and tax treatment not stated on the dashboard. Pre-launch medical month (adult-use sales began Jan 2020)."
IL,2016-06,month,-43,medical,retail,edible,all,mean,usd_per_gram,15.108172864,unknown,"Illinois Cannabis Regulation Oversight Office, Cannabis Sales Figures dashboard, ""Medical Prices"" view (Tableau, public.data.illinois.gov)",https://cannabis.illinois.gov/research-and-data/sales-figures.html,2026-09-24,download,"CROO dashboard measure 'Price per Gram of Item', category 'Infused Edibles'. Averaging method (simple vs volume-weighted) and tax treatment not stated on the dashboard. Pre-launch medical month (adult-use sales began Jan 2020)."
IL,2016-07,month,-42,medical,retail,edible,all,mean,usd_per_gram,15.547676278,unknown,"Illinois Cannabis Regulation Oversight Office, Cannabis Sales Figures dashboard, ""Medical Prices"" view (Tableau, public.data.illinois.gov)",https://cannabis.illinois.gov/research-and-data/sales-figures.html,2026-09-24,download,"CROO dashboard measure 'Price per Gram of Item', category 'Infused Edibles'. Averaging method (simple vs volume-weighted) and tax treatment not stated on the dashboard. Pre-launch medical month (adult-use sales began Jan 2020)."
IL,2016-08,month,-41,medical,retail,edible,all,mean,usd_per_gram,18.460525282,unknown,"Illinois Cannabis Regulation Oversight Office, Cannabis Sales Figures dashboard, ""Medical Prices"" view (Tableau, public.data.illinois.gov)",https://cannabis.illinois.gov/research-and-data/sales-figures.html,2026-09-24,download,"CROO dashboard measure 'Price per Gram of Item', category 'Infused Edibles'. Averaging method (simple vs volume-weighted) and tax treatment not stated on the dashboard. Pre-launch medical month (adult-use sales began Jan 2020)."
IL,2016-09,month,-40,medical,retail,edible,all,mean,usd_per_gram,17.500747737,unknown,"Illinois Cannabis Regulation Oversight Office, Cannabis Sales Figures dashboard, ""Medical Prices"" view (Tableau, public.data.illinois.gov)",https://cannabis.illinois.gov/research-and-data/sales-figures.html,2026-09-24,download,"CROO dashboard measure 'Price per Gram of Item', category 'Infused Edibles'. Averaging method (simple vs volume-weighted) and tax treatment not stated on the dashboard. Pre-launch medical month (adult-use sales began Jan 2020)."
IL,2016-10,month,-39,medical,retail,edible,all,mean,usd_per_gram,18.038797028,unknown,"Illinois Cannabis Regulation Oversight Office, Cannabis Sales Figures dashboard, ""Medical Prices"" view (Tableau, public.data.illinois.gov)",https://cannabis.illinois.gov/research-and-data/sales-figures.html,2026-09-24,download,"CROO dashboard measure 'Price per Gram of Item', category 'Infused Edibles'. Averaging method (simple vs volume-weighted) and tax treatment not stated on the dashboard. Pre-launch medical month (adult-use sales began Jan 2020)."
IL,2016-11,month,-38,medical,retail,edible,all,mean,usd_per_gram,18.066470275,unknown,"Illinois Cannabis Regulation Oversight Office, Cannabis Sales Figures dashboard, ""Medical Prices"" view (Tableau, public.data.illinois.gov)",https://cannabis.illinois.gov/research-and-data/sales-figures.html,2026-09-24,download,"CROO dashboard measure 'Price per Gram of Item', category 'Infused Edibles'. Averaging method (simple vs volume-weighted) and tax treatment not stated on the dashboard. Pre-launch medical month (adult-use sales began Jan 2020)."
IL,2016-12,month,-37,medical,retail,edible,all,mean,usd_per_gram,15.314532398,unknown,"Illinois Cannabis Regulation Oversight Office, Cannabis Sales Figures dashboard, ""Medical Prices"" view (Tableau, public.data.illinois.gov)",https://cannabis.illinois.gov/research-and-data/sales-figures.html,2026-09-24,download,"CROO dashboard measure 'Price per Gram of Item', category 'Infused Edibles'. Averaging method (simple vs volume-weighted) and tax treatment not stated on the dashboard. Pre-launch medical month (adult-use sales began Jan 2020)."
IL,2017-01,month,-36,medical,retail,edible,all,mean,usd_per_gram,17.470666110,unknown,"Illinois Cannabis Regulation Oversight Office, Cannabis Sales Figures dashboard, ""Medical Prices"" view (Tableau, public.data.illinois.gov)",https://cannabis.illinois.gov/research-and-data/sales-figures.html,2026-09-24,download,"CROO dashboard measure 'Price per Gram of Item', category 'Infused Edibles'. Averaging method (simple vs volume-weighted) and tax treatment not stated on the dashboard. Pre-launch medical month (adult-use sales began Jan 2020)."
IL,2017-02,month,-35,medical,retail,edible,all,mean,usd_per_gram,18.770656335,unknown,"Illinois Cannabis Regulation Oversight Office, Cannabis Sales Figures dashboard, ""Medical Prices"" view (Tableau, public.data.illinois.gov)",https://cannabis.illinois.gov/research-and-data/sales-figures.html,2026-09-24,download,"CROO dashboard measure 'Price per Gram of Item', category 'Infused Edibles'. Averaging method (simple vs volume-weighted) and tax treatment not stated on the dashboard. Pre-launch medical month (adult-use sales began Jan 2020)."
IL,2017-03,month,-34,medical,retail,edible,all,mean,usd_per_gram,18.997935761,unknown,"Illinois Cannabis Regulation Oversight Office, Cannabis Sales Figures dashboard, ""Medical Prices"" view (Tableau, public.data.illinois.gov)",https://cannabis.illinois.gov/research-and-data/sales-figures.html,2026-09-24,download,"CROO dashboard measure 'Price per Gram of Item', category 'Infused Edibles'. Averaging method (simple vs volume-weighted) and tax treatment not stated on the dashboard. Pre-launch medical month (adult-use sales began Jan 2020)."
IL,2017-04,month,-33,medical,retail,edible,all,mean,usd_per_gram,16.868025673,unknown,"Illinois Cannabis Regulation Oversight Office, Cannabis Sales Figures dashboard, ""Medical Prices"" view (Tableau, public.data.illinois.gov)",https://cannabis.illinois.gov/research-and-data/sales-figures.html,2026-09-24,download,"CROO dashboard measure 'Price per Gram of Item', category 'Infused Edibles'. Averaging method (simple vs volume-weighted) and tax treatment not stated on the dashboard. Pre-launch medical month (adult-use sales began Jan 2020). Single-month outlier: 16.87 vs 19.00 prior and 20.98 next month. As published; not corrected."
IL,2017-05,month,-32,medical,retail,edible,all,mean,usd_per_gram,20.979544448,unknown,"Illinois Cannabis Regulation Oversight Office, Cannabis Sales Figures dashboard, ""Medical Prices"" view (Tableau, public.data.illinois.gov)",https://cannabis.illinois.gov/research-and-data/sales-figures.html,2026-09-24,download,"CROO dashboard measure 'Price per Gram of Item', category 'Infused Edibles'. Averaging method (simple vs volume-weighted) and tax treatment not stated on the dashboard. Pre-launch medical month (adult-use sales began Jan 2020). Single-month outlier: 20.98 vs 16.87 prior and 19.28 next month. As published; not corrected."
IL,2017-06,month,-31,medical,retail,edible,all,mean,usd_per_gram,19.280904200,unknown,"Illinois Cannabis Regulation Oversight Office, Cannabis Sales Figures dashboard, ""Medical Prices"" view (Tableau, public.data.illinois.gov)",https://cannabis.illinois.gov/research-and-data/sales-figures.html,2026-09-24,download,"CROO dashboard measure 'Price per Gram of Item', category 'Infused Edibles'. Averaging method (simple vs volume-weighted) and tax treatment not stated on the dashboard. Pre-launch medical month (adult-use sales began Jan 2020)."
IL,2017-07,month,-30,medical,retail,edible,all,mean,usd_per_gram,18.073887671,unknown,"Illinois Cannabis Regulation Oversight Office, Cannabis Sales Figures dashboard, ""Medical Prices"" view (Tableau, public.data.illinois.gov)",https://cannabis.illinois.gov/research-and-data/sales-figures.html,2026-09-24,download,"CROO dashboard measure 'Price per Gram of Item', category 'Infused Edibles'. Averaging method (simple vs volume-weighted) and tax treatment not stated on the dashboard. Pre-launch medical month (adult-use sales began Jan 2020)."
IL,2017-08,month,-29,medical,retail,edible,all,mean,usd_per_gram,18.898294856,unknown,"Illinois Cannabis Regulation Oversight Office, Cannabis Sales Figures dashboard, ""Medical Prices"" view (Tableau, public.data.illinois.gov)",https://cannabis.illinois.gov/research-and-data/sales-figures.html,2026-09-24,download,"CROO dashboard measure 'Price per Gram of Item', category 'Infused Edibles'. Averaging method (simple vs volume-weighted) and tax treatment not stated on the dashboard. Pre-launch medical month (adult-use sales began Jan 2020)."
IL,2017-09,month,-28,medical,retail,edible,all,mean,usd_per_gram,18.429991156,unknown,"Illinois Cannabis Regulation Oversight Office, Cannabis Sales Figures dashboard, ""Medical Prices"" view (Tableau, public.data.illinois.gov)",https://cannabis.illinois.gov/research-and-data/sales-figures.html,2026-09-24,download,"CROO dashboard measure 'Price per Gram of Item', category 'Infused Edibles'. Averaging method (simple vs volume-weighted) and tax treatment not stated on the dashboard. Pre-launch medical month (adult-use sales began Jan 2020)."
IL,2017-10,month,-27,medical,retail,edible,all,mean,usd_per_gram,16.893951944,unknown,"Illinois Cannabis Regulation Oversight Office, Cannabis Sales Figures dashboard, ""Medical Prices"" view (Tableau, public.data.illinois.gov)",https://cannabis.illinois.gov/research-and-data/sales-figures.html,2026-09-24,download,"CROO dashboard measure 'Price per Gram of Item', category 'Infused Edibles'. Averaging method (simple vs volume-weighted) and tax treatment not stated on the dashboard. Pre-launch medical month (adult-use sales began Jan 2020)."
IL,2017-11,month,-26,medical,retail,edible,all,mean,usd_per_gram,17.121137827,unknown,"Illinois Cannabis Regulation Oversight Office, Cannabis Sales Figures dashboard, ""Medical Prices"" view (Tableau, public.data.illinois.gov)",https://cannabis.illinois.gov/research-and-data/sales-figures.html,2026-09-24,download,"CROO dashboard measure 'Price per Gram of Item', category 'Infused Edibles'. Averaging method (simple vs volume-weighted) and tax treatment not stated on the dashboard. Pre-launch medical month (adult-use sales began Jan 2020)."
IL,2017-12,month,-25,medical,retail,edible,all,mean,usd_per_gram,17.024982719,unknown,"Illinois Cannabis Regulation Oversight Office, Cannabis Sales Figures dashboard, ""Medical Prices"" view (Tableau, public.data.illinois.gov)",https://cannabis.illinois.gov/research-and-data/sales-figures.html,2026-09-24,download,"CROO dashboard measure 'Price per Gram of Item', category 'Infused Edibles'. Averaging method (simple vs volume-weighted) and tax treatment not stated on the dashboard. Pre-launch medical month (adult-use sales began Jan 2020)."
IL,2018-01,month,-24,medical,retail,edible,all,mean,usd_per_gram,18.018503546,unknown,"Illinois Cannabis Regulation Oversight Office, Cannabis Sales Figures dashboard, ""Medical Prices"" view (Tableau, public.data.illinois.gov)",https://cannabis.illinois.gov/research-and-data/sales-figures.html,2026-09-24,download,"CROO dashboard measure 'Price per Gram of Item', category 'Infused Edibles'. Averaging method (simple vs volume-weighted) and tax treatment not stated on the dashboard. Pre-launch medical month (adult-use sales began Jan 2020)."
IL,2018-02,month,-23,medical,retail,edible,all,mean,usd_per_gram,17.413782992,unknown,"Illinois Cannabis Regulation Oversight Office, Cannabis Sales Figures dashboard, ""Medical Prices"" view (Tableau, public.data.illinois.gov)",https://cannabis.illinois.gov/research-and-data/sales-figures.html,2026-09-24,download,"CROO dashboard measure 'Price per Gram of Item', category 'Infused Edibles'. Averaging method (simple vs volume-weighted) and tax treatment not stated on the dashboard. Pre-launch medical month (adult-use sales began Jan 2020)."
IL,2018-03,month,-22,medical,retail,edible,all,mean,usd_per_gram,19.106039418,unknown,"Illinois Cannabis Regulation Oversight Office, Cannabis Sales Figures dashboard, ""Medical Prices"" view (Tableau, public.data.illinois.gov)",https://cannabis.illinois.gov/research-and-data/sales-figures.html,2026-09-24,download,"CROO dashboard measure 'Price per Gram of Item', category 'Infused Edibles'. Averaging method (simple vs volume-weighted) and tax treatment not stated on the dashboard. Pre-launch medical month (adult-use sales began Jan 2020)."
IL,2018-04,month,-21,medical,retail,edible,all,mean,usd_per_gram,17.511216369,unknown,"Illinois Cannabis Regulation Oversight Office, Cannabis Sales Figures dashboard, ""Medical Prices"" view (Tableau, public.data.illinois.gov)",https://cannabis.illinois.gov/research-and-data/sales-figures.html,2026-09-24,download,"CROO dashboard measure 'Price per Gram of Item', category 'Infused Edibles'. Averaging method (simple vs volume-weighted) and tax treatment not stated on the dashboard. Pre-launch medical month (adult-use sales began Jan 2020)."
IL,2018-05,month,-20,medical,retail,edible,all,mean,usd_per_gram,18.978636570,unknown,"Illinois Cannabis Regulation Oversight Office, Cannabis Sales Figures dashboard, ""Medical Prices"" view (Tableau, public.data.illinois.gov)",https://cannabis.illinois.gov/research-and-data/sales-figures.html,2026-09-24,download,"CROO dashboard measure 'Price per Gram of Item', category 'Infused Edibles'. Averaging method (simple vs volume-weighted) and tax treatment not stated on the dashboard. Pre-launch medical month (adult-use sales began Jan 2020)."
IL,2018-06,month,-19,medical,retail,edible,all,mean,usd_per_gram,18.598366327,unknown,"Illinois Cannabis Regulation Oversight Office, Cannabis Sales Figures dashboard, ""Medical Prices"" view (Tableau, public.data.illinois.gov)",https://cannabis.illinois.gov/research-and-data/sales-figures.html,2026-09-24,download,"CROO dashboard measure 'Price per Gram of Item', category 'Infused Edibles'. Averaging method (simple vs volume-weighted) and tax treatment not stated on the dashboard. Pre-launch medical month (adult-use sales began Jan 2020)."
IL,2018-07,month,-18,medical,retail,edible,all,mean,usd_per_gram,17.907271066,unknown,"Illinois Cannabis Regulation Oversight Office, Cannabis Sales Figures dashboard, ""Medical Prices"" view (Tableau, public.data.illinois.gov)",https://cannabis.illinois.gov/research-and-data/sales-figures.html,2026-09-24,download,"CROO dashboard measure 'Price per Gram of Item', category 'Infused Edibles'. Averaging method (simple vs volume-weighted) and tax treatment not stated on the dashboard. Pre-launch medical month (adult-use sales began Jan 2020)."
IL,2018-08,month,-17,medical,retail,edible,all,mean,usd_per_gram,17.584631356,unknown,"Illinois Cannabis Regulation Oversight Office, Cannabis Sales Figures dashboard, ""Medical Prices"" view (Tableau, public.data.illinois.gov)",https://cannabis.illinois.gov/research-and-data/sales-figures.html,2026-09-24,download,"CROO dashboard measure 'Price per Gram of Item', category 'Infused Edibles'. Averaging method (simple vs volume-weighted) and tax treatment not stated on the dashboard. Pre-launch medical month (adult-use sales began Jan 2020)."
IL,2018-09,month,-16,medical,retail,edible,all,mean,usd_per_gram,18.049845664,unknown,"Illinois Cannabis Regulation Oversight Office, Cannabis Sales Figures dashboard, ""Medical Prices"" view (Tableau, public.data.illinois.gov)",https://cannabis.illinois.gov/research-and-data/sales-figures.html,2026-09-24,download,"CROO dashboard measure 'Price per Gram of Item', category 'Infused Edibles'. Averaging method (simple vs volume-weighted) and tax treatment not stated on the dashboard. Pre-launch medical month (adult-use sales began Jan 2020)."
IL,2018-10,month,-15,medical,retail,edible,all,mean,usd_per_gram,17.488779813,unknown,"Illinois Cannabis Regulation Oversight Office, Cannabis Sales Figures dashboard, ""Medical Prices"" view (Tableau, public.data.illinois.gov)",https://cannabis.illinois.gov/research-and-data/sales-figures.html,2026-09-24,download,"CROO dashboard measure 'Price per Gram of Item', category 'Infused Edibles'. Averaging method (simple vs volume-weighted) and tax treatment not stated on the dashboard. Pre-launch medical month (adult-use sales began Jan 2020)."
IL,2018-11,month,-14,medical,retail,edible,all,mean,usd_per_gram,17.723104674,unknown,"Illinois Cannabis Regulation Oversight Office, Cannabis Sales Figures dashboard, ""Medical Prices"" view (Tableau, public.data.illinois.gov)",https://cannabis.illinois.gov/research-and-data/sales-figures.html,2026-09-24,download,"CROO dashboard measure 'Price per Gram of Item', category 'Infused Edibles'. Averaging method (simple vs volume-weighted) and tax treatment not stated on the dashboard. Pre-launch medical month (adult-use sales began Jan 2020)."
IL,2018-12,month,-13,medical,retail,edible,all,mean,usd_per_gram,17.640343987,unknown,"Illinois Cannabis Regulation Oversight Office, Cannabis Sales Figures dashboard, ""Medical Prices"" view (Tableau, public.data.illinois.gov)",https://cannabis.illinois.gov/research-and-data/sales-figures.html,2026-09-24,download,"CROO dashboard measure 'Price per Gram of Item', category 'Infused Edibles'. Averaging method (simple vs volume-weighted) and tax treatment not stated on the dashboard. Pre-launch medical month (adult-use sales began Jan 2020)."
IL,2019-01,month,-12,medical,retail,edible,all,mean,usd_per_gram,26.348596465,unknown,"Illinois Cannabis Regulation Oversight Office, Cannabis Sales Figures dashboard, ""Medical Prices"" view (Tableau, public.data.illinois.gov)",https://cannabis.illinois.gov/research-and-data/sales-figures.html,2026-09-24,download,"CROO dashboard measure 'Price per Gram of Item', category 'Infused Edibles'. Averaging method (simple vs volume-weighted) and tax treatment not stated on the dashboard. Pre-launch medical month (adult-use sales began Jan 2020). Single-month outlier: 26.35 vs 17.64 prior and 18.35 next month. As published; not corrected."
IL,2019-02,month,-11,medical,retail,edible,all,mean,usd_per_gram,18.345338990,unknown,"Illinois Cannabis Regulation Oversight Office, Cannabis Sales Figures dashboard, ""Medical Prices"" view (Tableau, public.data.illinois.gov)",https://cannabis.illinois.gov/research-and-data/sales-figures.html,2026-09-24,download,"CROO dashboard measure 'Price per Gram of Item', category 'Infused Edibles'. Averaging method (simple vs volume-weighted) and tax treatment not stated on the dashboard. Pre-launch medical month (adult-use sales began Jan 2020)."
IL,2019-03,month,-10,medical,retail,edible,all,mean,usd_per_gram,18.582727116,unknown,"Illinois Cannabis Regulation Oversight Office, Cannabis Sales Figures dashboard, ""Medical Prices"" view (Tableau, public.data.illinois.gov)",https://cannabis.illinois.gov/research-and-data/sales-figures.html,2026-09-24,download,"CROO dashboard measure 'Price per Gram of Item', category 'Infused Edibles'. Averaging method (simple vs volume-weighted) and tax treatment not stated on the dashboard. Pre-launch medical month (adult-use sales began Jan 2020)."
IL,2019-04,month,-9,medical,retail,edible,all,mean,usd_per_gram,17.745831542,unknown,"Illinois Cannabis Regulation Oversight Office, Cannabis Sales Figures dashboard, ""Medical Prices"" view (Tableau, public.data.illinois.gov)",https://cannabis.illinois.gov/research-and-data/sales-figures.html,2026-09-24,download,"CROO dashboard measure 'Price per Gram of Item', category 'Infused Edibles'. Averaging method (simple vs volume-weighted) and tax treatment not stated on the dashboard. Pre-launch medical month (adult-use sales began Jan 2020)."
IL,2019-05,month,-8,medical,retail,edible,all,mean,usd_per_gram,19.995204027,unknown,"Illinois Cannabis Regulation Oversight Office, Cannabis Sales Figures dashboard, ""Medical Prices"" view (Tableau, public.data.illinois.gov)",https://cannabis.illinois.gov/research-and-data/sales-figures.html,2026-09-24,download,"CROO dashboard measure 'Price per Gram of Item', category 'Infused Edibles'. Averaging method (simple vs volume-weighted) and tax treatment not stated on the dashboard. Pre-launch medical month (adult-use sales began Jan 2020)."
IL,2019-06,month,-7,medical,retail,edible,all,mean,usd_per_gram,20.384247065,unknown,"Illinois Cannabis Regulation Oversight Office, Cannabis Sales Figures dashboard, ""Medical Prices"" view (Tableau, public.data.illinois.gov)",https://cannabis.illinois.gov/research-and-data/sales-figures.html,2026-09-24,download,"CROO dashboard measure 'Price per Gram of Item', category 'Infused Edibles'. Averaging method (simple vs volume-weighted) and tax treatment not stated on the dashboard. Pre-launch medical month (adult-use sales began Jan 2020)."
IL,2019-07,month,-6,medical,retail,edible,all,mean,usd_per_gram,20.569997460,unknown,"Illinois Cannabis Regulation Oversight Office, Cannabis Sales Figures dashboard, ""Medical Prices"" view (Tableau, public.data.illinois.gov)",https://cannabis.illinois.gov/research-and-data/sales-figures.html,2026-09-24,download,"CROO dashboard measure 'Price per Gram of Item', category 'Infused Edibles'. Averaging method (simple vs volume-weighted) and tax treatment not stated on the dashboard. Pre-launch medical month (adult-use sales began Jan 2020)."
IL,2019-08,month,-5,medical,retail,edible,all,mean,usd_per_gram,20.191576644,unknown,"Illinois Cannabis Regulation Oversight Office, Cannabis Sales Figures dashboard, ""Medical Prices"" view (Tableau, public.data.illinois.gov)",https://cannabis.illinois.gov/research-and-data/sales-figures.html,2026-09-24,download,"CROO dashboard measure 'Price per Gram of Item', category 'Infused Edibles'. Averaging method (simple vs volume-weighted) and tax treatment not stated on the dashboard. Pre-launch medical month (adult-use sales began Jan 2020)."
IL,2019-09,month,-4,medical,retail,edible,all,mean,usd_per_gram,21.865849795,unknown,"Illinois Cannabis Regulation Oversight Office, Cannabis Sales Figures dashboard, ""Medical Prices"" view (Tableau, public.data.illinois.gov)",https://cannabis.illinois.gov/research-and-data/sales-figures.html,2026-09-24,download,"CROO dashboard measure 'Price per Gram of Item', category 'Infused Edibles'. Averaging method (simple vs volume-weighted) and tax treatment not stated on the dashboard. Pre-launch medical month (adult-use sales began Jan 2020)."
IL,2019-10,month,-3,medical,retail,edible,all,mean,usd_per_gram,22.704095774,unknown,"Illinois Cannabis Regulation Oversight Office, Cannabis Sales Figures dashboard, ""Medical Prices"" view (Tableau, public.data.illinois.gov)",https://cannabis.illinois.gov/research-and-data/sales-figures.html,2026-09-24,download,"CROO dashboard measure 'Price per Gram of Item', category 'Infused Edibles'. Averaging method (simple vs volume-weighted) and tax treatment not stated on the dashboard. Pre-launch medical month (adult-use sales began Jan 2020)."
IL,2019-11,month,-2,medical,retail,edible,all,mean,usd_per_gram,21.016855914,unknown,"Illinois Cannabis Regulation Oversight Office, Cannabis Sales Figures dashboard, ""Medical Prices"" view (Tableau, public.data.illinois.gov)",https://cannabis.illinois.gov/research-and-data/sales-figures.html,2026-09-24,download,"CROO dashboard measure 'Price per Gram of Item', category 'Infused Edibles'. Averaging method (simple vs volume-weighted) and tax treatment not stated on the dashboard. Pre-launch medical month (adult-use sales began Jan 2020)."
IL,2019-12,month,-1,medical,retail,edible,all,mean,usd_per_gram,23.674097109,unknown,"Illinois Cannabis Regulation Oversight Office, Cannabis Sales Figures dashboard, ""Medical Prices"" view (Tableau, public.data.illinois.gov)",https://cannabis.illinois.gov/research-and-data/sales-figures.html,2026-09-24,download,"CROO dashboard measure 'Price per Gram of Item', category 'Infused Edibles'. Averaging method (simple vs volume-weighted) and tax treatment not stated on the dashboard. Pre-launch medical month (adult-use sales began Jan 2020)."
IL,2020-01,month,0,medical,retail,edible,all,mean,usd_per_gram,24.715208007,unknown,"Illinois Cannabis Regulation Oversight Office, Cannabis Sales Figures dashboard, ""Medical Prices"" view (Tableau, public.data.illinois.gov)",https://cannabis.illinois.gov/research-and-data/sales-figures.html,2026-09-24,download,"CROO dashboard measure 'Price per Gram of Item', category 'Infused Edibles'. Averaging method (simple vs volume-weighted) and tax treatment not stated on the dashboard."
IL,2020-02,month,1,medical,retail,edible,all,mean,usd_per_gram,24.949817615,unknown,"Illinois Cannabis Regulation Oversight Office, Cannabis Sales Figures dashboard, ""Medical Prices"" view (Tableau, public.data.illinois.gov)",https://cannabis.illinois.gov/research-and-data/sales-figures.html,2026-09-24,download,"CROO dashboard measure 'Price per Gram of Item', category 'Infused Edibles'. Averaging method (simple vs volume-weighted) and tax treatment not stated on the dashboard."
IL,2020-03,month,2,medical,retail,edible,all,mean,usd_per_gram,25.105062024,unknown,"Illinois Cannabis Regulation Oversight Office, Cannabis Sales Figures dashboard, ""Medical Prices"" view (Tableau, public.data.illinois.gov)",https://cannabis.illinois.gov/research-and-data/sales-figures.html,2026-09-24,download,"CROO dashboard measure 'Price per Gram of Item', category 'Infused Edibles'. Averaging method (simple vs volume-weighted) and tax treatment not stated on the dashboard."
IL,2020-04,month,3,medical,retail,edible,all,mean,usd_per_gram,24.991709622,unknown,"Illinois Cannabis Regulation Oversight Office, Cannabis Sales Figures dashboard, ""Medical Prices"" view (Tableau, public.data.illinois.gov)",https://cannabis.illinois.gov/research-and-data/sales-figures.html,2026-09-24,download,"CROO dashboard measure 'Price per Gram of Item', category 'Infused Edibles'. Averaging method (simple vs volume-weighted) and tax treatment not stated on the dashboard."
IL,2020-05,month,4,medical,retail,edible,all,mean,usd_per_gram,25.306711542,unknown,"Illinois Cannabis Regulation Oversight Office, Cannabis Sales Figures dashboard, ""Medical Prices"" view (Tableau, public.data.illinois.gov)",https://cannabis.illinois.gov/research-and-data/sales-figures.html,2026-09-24,download,"CROO dashboard measure 'Price per Gram of Item', category 'Infused Edibles'. Averaging method (simple vs volume-weighted) and tax treatment not stated on the dashboard."
IL,2020-06,month,5,medical,retail,edible,all,mean,usd_per_gram,25.580725886,unknown,"Illinois Cannabis Regulation Oversight Office, Cannabis Sales Figures dashboard, ""Medical Prices"" view (Tableau, public.data.illinois.gov)",https://cannabis.illinois.gov/research-and-data/sales-figures.html,2026-09-24,download,"CROO dashboard measure 'Price per Gram of Item', category 'Infused Edibles'. Averaging method (simple vs volume-weighted) and tax treatment not stated on the dashboard."
IL,2020-07,month,6,medical,retail,edible,all,mean,usd_per_gram,25.542942881,unknown,"Illinois Cannabis Regulation Oversight Office, Cannabis Sales Figures dashboard, ""Medical Prices"" view (Tableau, public.data.illinois.gov)",https://cannabis.illinois.gov/research-and-data/sales-figures.html,2026-09-24,download,"CROO dashboard measure 'Price per Gram of Item', category 'Infused Edibles'. Averaging method (simple vs volume-weighted) and tax treatment not stated on the dashboard."
IL,2020-08,month,7,medical,retail,edible,all,mean,usd_per_gram,25.370006733,unknown,"Illinois Cannabis Regulation Oversight Office, Cannabis Sales Figures dashboard, ""Medical Prices"" view (Tableau, public.data.illinois.gov)",https://cannabis.illinois.gov/research-and-data/sales-figures.html,2026-09-24,download,"CROO dashboard measure 'Price per Gram of Item', category 'Infused Edibles'. Averaging method (simple vs volume-weighted) and tax treatment not stated on the dashboard."
IL,2020-09,month,8,medical,retail,edible,all,mean,usd_per_gram,25.971582132,unknown,"Illinois Cannabis Regulation Oversight Office, Cannabis Sales Figures dashboard, ""Medical Prices"" view (Tableau, public.data.illinois.gov)",https://cannabis.illinois.gov/research-and-data/sales-figures.html,2026-09-24,download,"CROO dashboard measure 'Price per Gram of Item', category 'Infused Edibles'. Averaging method (simple vs volume-weighted) and tax treatment not stated on the dashboard."
IL,2020-10,month,9,medical,retail,edible,all,mean,usd_per_gram,26.023976439,unknown,"Illinois Cannabis Regulation Oversight Office, Cannabis Sales Figures dashboard, ""Medical Prices"" view (Tableau, public.data.illinois.gov)",https://cannabis.illinois.gov/research-and-data/sales-figures.html,2026-09-24,download,"CROO dashboard measure 'Price per Gram of Item', category 'Infused Edibles'. Averaging method (simple vs volume-weighted) and tax treatment not stated on the dashboard."
IL,2020-11,month,10,medical,retail,edible,all,mean,usd_per_gram,25.964027780,unknown,"Illinois Cannabis Regulation Oversight Office, Cannabis Sales Figures dashboard, ""Medical Prices"" view (Tableau, public.data.illinois.gov)",https://cannabis.illinois.gov/research-and-data/sales-figures.html,2026-09-24,download,"CROO dashboard measure 'Price per Gram of Item', category 'Infused Edibles'. Averaging method (simple vs volume-weighted) and tax treatment not stated on the dashboard."
IL,2020-12,month,11,medical,retail,edible,all,mean,usd_per_gram,24.186064943,unknown,"Illinois Cannabis Regulation Oversight Office, Cannabis Sales Figures dashboard, ""Medical Prices"" view (Tableau, public.data.illinois.gov)",https://cannabis.illinois.gov/research-and-data/sales-figures.html,2026-09-24,download,"CROO dashboard measure 'Price per Gram of Item', category 'Infused Edibles'. Averaging method (simple vs volume-weighted) and tax treatment not stated on the dashboard."
IL,2021-01,month,12,medical,retail,edible,all,mean,usd_per_gram,24.177423236,unknown,"Illinois Cannabis Regulation Oversight Office, Cannabis Sales Figures dashboard, ""Medical Prices"" view (Tableau, public.data.illinois.gov)",https://cannabis.illinois.gov/research-and-data/sales-figures.html,2026-09-24,download,"CROO dashboard measure 'Price per Gram of Item', category 'Infused Edibles'. Averaging method (simple vs volume-weighted) and tax treatment not stated on the dashboard."
IL,2021-02,month,13,medical,retail,edible,all,mean,usd_per_gram,24.254551673,unknown,"Illinois Cannabis Regulation Oversight Office, Cannabis Sales Figures dashboard, ""Medical Prices"" view (Tableau, public.data.illinois.gov)",https://cannabis.illinois.gov/research-and-data/sales-figures.html,2026-09-24,download,"CROO dashboard measure 'Price per Gram of Item', category 'Infused Edibles'. Averaging method (simple vs volume-weighted) and tax treatment not stated on the dashboard."
IL,2021-03,month,14,medical,retail,edible,all,mean,usd_per_gram,25.757983291,unknown,"Illinois Cannabis Regulation Oversight Office, Cannabis Sales Figures dashboard, ""Medical Prices"" view (Tableau, public.data.illinois.gov)",https://cannabis.illinois.gov/research-and-data/sales-figures.html,2026-09-24,download,"CROO dashboard measure 'Price per Gram of Item', category 'Infused Edibles'. Averaging method (simple vs volume-weighted) and tax treatment not stated on the dashboard."
IL,2021-04,month,15,medical,retail,edible,all,mean,usd_per_gram,25.832477398,unknown,"Illinois Cannabis Regulation Oversight Office, Cannabis Sales Figures dashboard, ""Medical Prices"" view (Tableau, public.data.illinois.gov)",https://cannabis.illinois.gov/research-and-data/sales-figures.html,2026-09-24,download,"CROO dashboard measure 'Price per Gram of Item', category 'Infused Edibles'. Averaging method (simple vs volume-weighted) and tax treatment not stated on the dashboard."
IL,2021-05,month,16,medical,retail,edible,all,mean,usd_per_gram,26.452779514,unknown,"Illinois Cannabis Regulation Oversight Office, Cannabis Sales Figures dashboard, ""Medical Prices"" view (Tableau, public.data.illinois.gov)",https://cannabis.illinois.gov/research-and-data/sales-figures.html,2026-09-24,download,"CROO dashboard measure 'Price per Gram of Item', category 'Infused Edibles'. Averaging method (simple vs volume-weighted) and tax treatment not stated on the dashboard."
IL,2021-06,month,17,medical,retail,edible,all,mean,usd_per_gram,27.162791190,unknown,"Illinois Cannabis Regulation Oversight Office, Cannabis Sales Figures dashboard, ""Medical Prices"" view (Tableau, public.data.illinois.gov)",https://cannabis.illinois.gov/research-and-data/sales-figures.html,2026-09-24,download,"CROO dashboard measure 'Price per Gram of Item', category 'Infused Edibles'. Averaging method (simple vs volume-weighted) and tax treatment not stated on the dashboard."
IL,2021-07,month,18,medical,retail,edible,all,mean,usd_per_gram,26.277533030,unknown,"Illinois Cannabis Regulation Oversight Office, Cannabis Sales Figures dashboard, ""Medical Prices"" view (Tableau, public.data.illinois.gov)",https://cannabis.illinois.gov/research-and-data/sales-figures.html,2026-09-24,download,"CROO dashboard measure 'Price per Gram of Item', category 'Infused Edibles'. Averaging method (simple vs volume-weighted) and tax treatment not stated on the dashboard."
IL,2021-08,month,19,medical,retail,edible,all,mean,usd_per_gram,25.629152175,unknown,"Illinois Cannabis Regulation Oversight Office, Cannabis Sales Figures dashboard, ""Medical Prices"" view (Tableau, public.data.illinois.gov)",https://cannabis.illinois.gov/research-and-data/sales-figures.html,2026-09-24,download,"CROO dashboard measure 'Price per Gram of Item', category 'Infused Edibles'. Averaging method (simple vs volume-weighted) and tax treatment not stated on the dashboard."
IL,2021-09,month,20,medical,retail,edible,all,mean,usd_per_gram,26.252663639,unknown,"Illinois Cannabis Regulation Oversight Office, Cannabis Sales Figures dashboard, ""Medical Prices"" view (Tableau, public.data.illinois.gov)",https://cannabis.illinois.gov/research-and-data/sales-figures.html,2026-09-24,download,"CROO dashboard measure 'Price per Gram of Item', category 'Infused Edibles'. Averaging method (simple vs volume-weighted) and tax treatment not stated on the dashboard."
IL,2021-10,month,21,medical,retail,edible,all,mean,usd_per_gram,25.555575993,unknown,"Illinois Cannabis Regulation Oversight Office, Cannabis Sales Figures dashboard, ""Medical Prices"" view (Tableau, public.data.illinois.gov)",https://cannabis.illinois.gov/research-and-data/sales-figures.html,2026-09-24,download,"CROO dashboard measure 'Price per Gram of Item', category 'Infused Edibles'. Averaging method (simple vs volume-weighted) and tax treatment not stated on the dashboard."
IL,2021-11,month,22,medical,retail,edible,all,mean,usd_per_gram,24.617071343,unknown,"Illinois Cannabis Regulation Oversight Office, Cannabis Sales Figures dashboard, ""Medical Prices"" view (Tableau, public.data.illinois.gov)",https://cannabis.illinois.gov/research-and-data/sales-figures.html,2026-09-24,download,"CROO dashboard measure 'Price per Gram of Item', category 'Infused Edibles'. Averaging method (simple vs volume-weighted) and tax treatment not stated on the dashboard."
IL,2021-12,month,23,medical,retail,edible,all,mean,usd_per_gram,24.487935927,unknown,"Illinois Cannabis Regulation Oversight Office, Cannabis Sales Figures dashboard, ""Medical Prices"" view (Tableau, public.data.illinois.gov)",https://cannabis.illinois.gov/research-and-data/sales-figures.html,2026-09-24,download,"CROO dashboard measure 'Price per Gram of Item', category 'Infused Edibles'. Averaging method (simple vs volume-weighted) and tax treatment not stated on the dashboard."
IL,2022-01,month,24,medical,retail,edible,all,mean,usd_per_gram,24.745740882,unknown,"Illinois Cannabis Regulation Oversight Office, Cannabis Sales Figures dashboard, ""Medical Prices"" view (Tableau, public.data.illinois.gov)",https://cannabis.illinois.gov/research-and-data/sales-figures.html,2026-09-24,download,"CROO dashboard measure 'Price per Gram of Item', category 'Infused Edibles'. Averaging method (simple vs volume-weighted) and tax treatment not stated on the dashboard."
IL,2022-02,month,25,medical,retail,edible,all,mean,usd_per_gram,24.333106903,unknown,"Illinois Cannabis Regulation Oversight Office, Cannabis Sales Figures dashboard, ""Medical Prices"" view (Tableau, public.data.illinois.gov)",https://cannabis.illinois.gov/research-and-data/sales-figures.html,2026-09-24,download,"CROO dashboard measure 'Price per Gram of Item', category 'Infused Edibles'. Averaging method (simple vs volume-weighted) and tax treatment not stated on the dashboard."
IL,2022-03,month,26,medical,retail,edible,all,mean,usd_per_gram,24.671084377,unknown,"Illinois Cannabis Regulation Oversight Office, Cannabis Sales Figures dashboard, ""Medical Prices"" view (Tableau, public.data.illinois.gov)",https://cannabis.illinois.gov/research-and-data/sales-figures.html,2026-09-24,download,"CROO dashboard measure 'Price per Gram of Item', category 'Infused Edibles'. Averaging method (simple vs volume-weighted) and tax treatment not stated on the dashboard."
IL,2022-04,month,27,medical,retail,edible,all,mean,usd_per_gram,24.342328928,unknown,"Illinois Cannabis Regulation Oversight Office, Cannabis Sales Figures dashboard, ""Medical Prices"" view (Tableau, public.data.illinois.gov)",https://cannabis.illinois.gov/research-and-data/sales-figures.html,2026-09-24,download,"CROO dashboard measure 'Price per Gram of Item', category 'Infused Edibles'. Averaging method (simple vs volume-weighted) and tax treatment not stated on the dashboard."
IL,2022-05,month,28,medical,retail,edible,all,mean,usd_per_gram,24.545034827,unknown,"Illinois Cannabis Regulation Oversight Office, Cannabis Sales Figures dashboard, ""Medical Prices"" view (Tableau, public.data.illinois.gov)",https://cannabis.illinois.gov/research-and-data/sales-figures.html,2026-09-24,download,"CROO dashboard measure 'Price per Gram of Item', category 'Infused Edibles'. Averaging method (simple vs volume-weighted) and tax treatment not stated on the dashboard."
IL,2022-06,month,29,medical,retail,edible,all,mean,usd_per_gram,24.454045528,unknown,"Illinois Cannabis Regulation Oversight Office, Cannabis Sales Figures dashboard, ""Medical Prices"" view (Tableau, public.data.illinois.gov)",https://cannabis.illinois.gov/research-and-data/sales-figures.html,2026-09-24,download,"CROO dashboard measure 'Price per Gram of Item', category 'Infused Edibles'. Averaging method (simple vs volume-weighted) and tax treatment not stated on the dashboard."
IL,2022-07,month,30,medical,retail,edible,all,mean,usd_per_gram,23.573065867,unknown,"Illinois Cannabis Regulation Oversight Office, Cannabis Sales Figures dashboard, ""Medical Prices"" view (Tableau, public.data.illinois.gov)",https://cannabis.illinois.gov/research-and-data/sales-figures.html,2026-09-24,download,"CROO dashboard measure 'Price per Gram of Item', category 'Infused Edibles'. Averaging method (simple vs volume-weighted) and tax treatment not stated on the dashboard."
IL,2022-08,month,31,medical,retail,edible,all,mean,usd_per_gram,23.383321926,unknown,"Illinois Cannabis Regulation Oversight Office, Cannabis Sales Figures dashboard, ""Medical Prices"" view (Tableau, public.data.illinois.gov)",https://cannabis.illinois.gov/research-and-data/sales-figures.html,2026-09-24,download,"CROO dashboard measure 'Price per Gram of Item', category 'Infused Edibles'. Averaging method (simple vs volume-weighted) and tax treatment not stated on the dashboard."
IL,2022-09,month,32,medical,retail,edible,all,mean,usd_per_gram,23.491750193,unknown,"Illinois Cannabis Regulation Oversight Office, Cannabis Sales Figures dashboard, ""Medical Prices"" view (Tableau, public.data.illinois.gov)",https://cannabis.illinois.gov/research-and-data/sales-figures.html,2026-09-24,download,"CROO dashboard measure 'Price per Gram of Item', category 'Infused Edibles'. Averaging method (simple vs volume-weighted) and tax treatment not stated on the dashboard."
IL,2022-10,month,33,medical,retail,edible,all,mean,usd_per_gram,23.763738944,unknown,"Illinois Cannabis Regulation Oversight Office, Cannabis Sales Figures dashboard, ""Medical Prices"" view (Tableau, public.data.illinois.gov)",https://cannabis.illinois.gov/research-and-data/sales-figures.html,2026-09-24,download,"CROO dashboard measure 'Price per Gram of Item', category 'Infused Edibles'. Averaging method (simple vs volume-weighted) and tax treatment not stated on the dashboard."
IL,2022-11,month,34,medical,retail,edible,all,mean,usd_per_gram,23.512210850,unknown,"Illinois Cannabis Regulation Oversight Office, Cannabis Sales Figures dashboard, ""Medical Prices"" view (Tableau, public.data.illinois.gov)",https://cannabis.illinois.gov/research-and-data/sales-figures.html,2026-09-24,download,"CROO dashboard measure 'Price per Gram of Item', category 'Infused Edibles'. Averaging method (simple vs volume-weighted) and tax treatment not stated on the dashboard."
IL,2022-12,month,35,medical,retail,edible,all,mean,usd_per_gram,23.612523060,unknown,"Illinois Cannabis Regulation Oversight Office, Cannabis Sales Figures dashboard, ""Medical Prices"" view (Tableau, public.data.illinois.gov)",https://cannabis.illinois.gov/research-and-data/sales-figures.html,2026-09-24,download,"CROO dashboard measure 'Price per Gram of Item', category 'Infused Edibles'. Averaging method (simple vs volume-weighted) and tax treatment not stated on the dashboard."
IL,2023-01,month,36,medical,retail,edible,all,mean,usd_per_gram,23.612523060,unknown,"Illinois Cannabis Regulation Oversight Office, Cannabis Sales Figures dashboard, ""Medical Prices"" view (Tableau, public.data.illinois.gov)",https://cannabis.illinois.gov/research-and-data/sales-figures.html,2026-09-24,download,"CROO dashboard measure 'Price per Gram of Item', category 'Infused Edibles'. Averaging method (simple vs volume-weighted) and tax treatment not stated on the dashboard. Identical to Dec 2022 in every category and both markets; likely a carried-forward value, not an independent January observation. Use with caution."
IL,2023-02,month,37,medical,retail,edible,all,mean,usd_per_gram,23.529402237,unknown,"Illinois Cannabis Regulation Oversight Office, Cannabis Sales Figures dashboard, ""Medical Prices"" view (Tableau, public.data.illinois.gov)",https://cannabis.illinois.gov/research-and-data/sales-figures.html,2026-09-24,download,"CROO dashboard measure 'Price per Gram of Item', category 'Infused Edibles'. Averaging method (simple vs volume-weighted) and tax treatment not stated on the dashboard."
IL,2023-03,month,38,medical,retail,edible,all,mean,usd_per_gram,23.649377103,unknown,"Illinois Cannabis Regulation Oversight Office, Cannabis Sales Figures dashboard, ""Medical Prices"" view (Tableau, public.data.illinois.gov)",https://cannabis.illinois.gov/research-and-data/sales-figures.html,2026-09-24,download,"CROO dashboard measure 'Price per Gram of Item', category 'Infused Edibles'. Averaging method (simple vs volume-weighted) and tax treatment not stated on the dashboard."
IL,2023-04,month,39,medical,retail,edible,all,mean,usd_per_gram,23.11,unknown,"Illinois Cannabis Regulation Oversight Office, Cannabis Sales Figures dashboard, ""Medical Prices"" view (Tableau, public.data.illinois.gov)",https://cannabis.illinois.gov/research-and-data/sales-figures.html,2026-09-24,download,"CROO dashboard measure 'Price per Gram of Item', category 'Infused Edibles'. Averaging method (simple vs volume-weighted) and tax treatment not stated on the dashboard. Published at 2-decimal precision, unlike most months (which carry 9); possibly entered separately."
IL,2023-05,month,40,medical,retail,edible,all,mean,usd_per_gram,23.12,unknown,"Illinois Cannabis Regulation Oversight Office, Cannabis Sales Figures dashboard, ""Medical Prices"" view (Tableau, public.data.illinois.gov)",https://cannabis.illinois.gov/research-and-data/sales-figures.html,2026-09-24,download,"CROO dashboard measure 'Price per Gram of Item', category 'Infused Edibles'. Averaging method (simple vs volume-weighted) and tax treatment not stated on the dashboard. Published at 2-decimal precision, unlike most months (which carry 9); possibly entered separately."
IL,2023-06,month,41,medical,retail,edible,all,mean,usd_per_gram,23.005825260,unknown,"Illinois Cannabis Regulation Oversight Office, Cannabis Sales Figures dashboard, ""Medical Prices"" view (Tableau, public.data.illinois.gov)",https://cannabis.illinois.gov/research-and-data/sales-figures.html,2026-09-24,download,"CROO dashboard measure 'Price per Gram of Item', category 'Infused Edibles'. Averaging method (simple vs volume-weighted) and tax treatment not stated on the dashboard."
IL,2023-07,month,42,medical,retail,edible,all,mean,usd_per_gram,22.310854371,unknown,"Illinois Cannabis Regulation Oversight Office, Cannabis Sales Figures dashboard, ""Medical Prices"" view (Tableau, public.data.illinois.gov)",https://cannabis.illinois.gov/research-and-data/sales-figures.html,2026-09-24,download,"CROO dashboard measure 'Price per Gram of Item', category 'Infused Edibles'. Averaging method (simple vs volume-weighted) and tax treatment not stated on the dashboard."
IL,2023-08,month,43,medical,retail,edible,all,mean,usd_per_gram,22.402846260,unknown,"Illinois Cannabis Regulation Oversight Office, Cannabis Sales Figures dashboard, ""Medical Prices"" view (Tableau, public.data.illinois.gov)",https://cannabis.illinois.gov/research-and-data/sales-figures.html,2026-09-24,download,"CROO dashboard measure 'Price per Gram of Item', category 'Infused Edibles'. Averaging method (simple vs volume-weighted) and tax treatment not stated on the dashboard."
IL,2023-09,month,44,medical,retail,edible,all,mean,usd_per_gram,21.423935080,unknown,"Illinois Cannabis Regulation Oversight Office, Cannabis Sales Figures dashboard, ""Medical Prices"" view (Tableau, public.data.illinois.gov)",https://cannabis.illinois.gov/research-and-data/sales-figures.html,2026-09-24,download,"CROO dashboard measure 'Price per Gram of Item', category 'Infused Edibles'. Averaging method (simple vs volume-weighted) and tax treatment not stated on the dashboard."
IL,2023-10,month,45,medical,retail,edible,all,mean,usd_per_gram,21.257598117,unknown,"Illinois Cannabis Regulation Oversight Office, Cannabis Sales Figures dashboard, ""Medical Prices"" view (Tableau, public.data.illinois.gov)",https://cannabis.illinois.gov/research-and-data/sales-figures.html,2026-09-24,download,"CROO dashboard measure 'Price per Gram of Item', category 'Infused Edibles'. Averaging method (simple vs volume-weighted) and tax treatment not stated on the dashboard."
IL,2023-11,month,46,medical,retail,edible,all,mean,usd_per_gram,20.318835386,unknown,"Illinois Cannabis Regulation Oversight Office, Cannabis Sales Figures dashboard, ""Medical Prices"" view (Tableau, public.data.illinois.gov)",https://cannabis.illinois.gov/research-and-data/sales-figures.html,2026-09-24,download,"CROO dashboard measure 'Price per Gram of Item', category 'Infused Edibles'. Averaging method (simple vs volume-weighted) and tax treatment not stated on the dashboard."
IL,2023-12,month,47,medical,retail,edible,all,mean,usd_per_gram,19.93,unknown,"Illinois Cannabis Regulation Oversight Office, Cannabis Sales Figures dashboard, ""Medical Prices"" view (Tableau, public.data.illinois.gov)",https://cannabis.illinois.gov/research-and-data/sales-figures.html,2026-09-24,download,"CROO dashboard measure 'Price per Gram of Item', category 'Infused Edibles'. Averaging method (simple vs volume-weighted) and tax treatment not stated on the dashboard. Published at 2-decimal precision, unlike most months (which carry 9); possibly entered separately."
IL,2024-01,month,48,medical,retail,edible,all,mean,usd_per_gram,20.733984399,unknown,"Illinois Cannabis Regulation Oversight Office, Cannabis Sales Figures dashboard, ""Medical Prices"" view (Tableau, public.data.illinois.gov)",https://cannabis.illinois.gov/research-and-data/sales-figures.html,2026-09-24,download,"CROO dashboard measure 'Price per Gram of Item', category 'Infused Edibles'. Averaging method (simple vs volume-weighted) and tax treatment not stated on the dashboard."
IL,2024-02,month,49,medical,retail,edible,all,mean,usd_per_gram,19.293144736,unknown,"Illinois Cannabis Regulation Oversight Office, Cannabis Sales Figures dashboard, ""Medical Prices"" view (Tableau, public.data.illinois.gov)",https://cannabis.illinois.gov/research-and-data/sales-figures.html,2026-09-24,download,"CROO dashboard measure 'Price per Gram of Item', category 'Infused Edibles'. Averaging method (simple vs volume-weighted) and tax treatment not stated on the dashboard. Beyond month 48; retained for floor analysis."
IL,2024-03,month,50,medical,retail,edible,all,mean,usd_per_gram,20.343150497,unknown,"Illinois Cannabis Regulation Oversight Office, Cannabis Sales Figures dashboard, ""Medical Prices"" view (Tableau, public.data.illinois.gov)",https://cannabis.illinois.gov/research-and-data/sales-figures.html,2026-09-24,download,"CROO dashboard measure 'Price per Gram of Item', category 'Infused Edibles'. Averaging method (simple vs volume-weighted) and tax treatment not stated on the dashboard. Beyond month 48; retained for floor analysis."
IL,2024-04,month,51,medical,retail,edible,all,mean,usd_per_gram,19.499068572,unknown,"Illinois Cannabis Regulation Oversight Office, Cannabis Sales Figures dashboard, ""Medical Prices"" view (Tableau, public.data.illinois.gov)",https://cannabis.illinois.gov/research-and-data/sales-figures.html,2026-09-24,download,"CROO dashboard measure 'Price per Gram of Item', category 'Infused Edibles'. Averaging method (simple vs volume-weighted) and tax treatment not stated on the dashboard. Beyond month 48; retained for floor analysis."
IL,2024-05,month,52,medical,retail,edible,all,mean,usd_per_gram,19.69,unknown,"Illinois Cannabis Regulation Oversight Office, Cannabis Sales Figures dashboard, ""Medical Prices"" view (Tableau, public.data.illinois.gov)",https://cannabis.illinois.gov/research-and-data/sales-figures.html,2026-09-24,download,"CROO dashboard measure 'Price per Gram of Item', category 'Infused Edibles'. Averaging method (simple vs volume-weighted) and tax treatment not stated on the dashboard. Beyond month 48; retained for floor analysis. Published at 2-decimal precision, unlike most months (which carry 9); possibly entered separately."
IL,2024-06,month,53,medical,retail,edible,all,mean,usd_per_gram,19.56,unknown,"Illinois Cannabis Regulation Oversight Office, Cannabis Sales Figures dashboard, ""Medical Prices"" view (Tableau, public.data.illinois.gov)",https://cannabis.illinois.gov/research-and-data/sales-figures.html,2026-09-24,download,"CROO dashboard measure 'Price per Gram of Item', category 'Infused Edibles'. Averaging method (simple vs volume-weighted) and tax treatment not stated on the dashboard. Beyond month 48; retained for floor analysis. Published at 2-decimal precision, unlike most months (which carry 9); possibly entered separately."
IL,2024-07,month,54,medical,retail,edible,all,mean,usd_per_gram,18.857775883,unknown,"Illinois Cannabis Regulation Oversight Office, Cannabis Sales Figures dashboard, ""Medical Prices"" view (Tableau, public.data.illinois.gov)",https://cannabis.illinois.gov/research-and-data/sales-figures.html,2026-09-24,download,"CROO dashboard measure 'Price per Gram of Item', category 'Infused Edibles'. Averaging method (simple vs volume-weighted) and tax treatment not stated on the dashboard. Beyond month 48; retained for floor analysis."
IL,2024-08,month,55,medical,retail,edible,all,mean,usd_per_gram,17.72,unknown,"Illinois Cannabis Regulation Oversight Office, Cannabis Sales Figures dashboard, ""Medical Prices"" view (Tableau, public.data.illinois.gov)",https://cannabis.illinois.gov/research-and-data/sales-figures.html,2026-09-24,download,"CROO dashboard measure 'Price per Gram of Item', category 'Infused Edibles'. Averaging method (simple vs volume-weighted) and tax treatment not stated on the dashboard. Beyond month 48; retained for floor analysis. Published at 2-decimal precision, unlike most months (which carry 9); possibly entered separately."
IL,2024-09,month,56,medical,retail,edible,all,mean,usd_per_gram,17.725205102,unknown,"Illinois Cannabis Regulation Oversight Office, Cannabis Sales Figures dashboard, ""Medical Prices"" view (Tableau, public.data.illinois.gov)",https://cannabis.illinois.gov/research-and-data/sales-figures.html,2026-09-24,download,"CROO dashboard measure 'Price per Gram of Item', category 'Infused Edibles'. Averaging method (simple vs volume-weighted) and tax treatment not stated on the dashboard. Beyond month 48; retained for floor analysis."
IL,2024-10,month,57,medical,retail,edible,all,mean,usd_per_gram,17.61,unknown,"Illinois Cannabis Regulation Oversight Office, Cannabis Sales Figures dashboard, ""Medical Prices"" view (Tableau, public.data.illinois.gov)",https://cannabis.illinois.gov/research-and-data/sales-figures.html,2026-09-24,download,"CROO dashboard measure 'Price per Gram of Item', category 'Infused Edibles'. Averaging method (simple vs volume-weighted) and tax treatment not stated on the dashboard. Beyond month 48; retained for floor analysis. Published at 2-decimal precision, unlike most months (which carry 9); possibly entered separately."
IL,2024-11,month,58,medical,retail,edible,all,mean,usd_per_gram,17.541156451,unknown,"Illinois Cannabis Regulation Oversight Office, Cannabis Sales Figures dashboard, ""Medical Prices"" view (Tableau, public.data.illinois.gov)",https://cannabis.illinois.gov/research-and-data/sales-figures.html,2026-09-24,download,"CROO dashboard measure 'Price per Gram of Item', category 'Infused Edibles'. Averaging method (simple vs volume-weighted) and tax treatment not stated on the dashboard. Beyond month 48; retained for floor analysis."
IL,2024-12,month,59,medical,retail,edible,all,mean,usd_per_gram,16.943159338,unknown,"Illinois Cannabis Regulation Oversight Office, Cannabis Sales Figures dashboard, ""Medical Prices"" view (Tableau, public.data.illinois.gov)",https://cannabis.illinois.gov/research-and-data/sales-figures.html,2026-09-24,download,"CROO dashboard measure 'Price per Gram of Item', category 'Infused Edibles'. Averaging method (simple vs volume-weighted) and tax treatment not stated on the dashboard. Beyond month 48; retained for floor analysis."
IL,2025-01,month,60,medical,retail,edible,all,mean,usd_per_gram,17.148586171,unknown,"Illinois Cannabis Regulation Oversight Office, Cannabis Sales Figures dashboard, ""Medical Prices"" view (Tableau, public.data.illinois.gov)",https://cannabis.illinois.gov/research-and-data/sales-figures.html,2026-09-24,download,"CROO dashboard measure 'Price per Gram of Item', category 'Infused Edibles'. Averaging method (simple vs volume-weighted) and tax treatment not stated on the dashboard. Beyond month 48; retained for floor analysis."
IL,2025-02,month,61,medical,retail,edible,all,mean,usd_per_gram,16.89,unknown,"Illinois Cannabis Regulation Oversight Office, Cannabis Sales Figures dashboard, ""Medical Prices"" view (Tableau, public.data.illinois.gov)",https://cannabis.illinois.gov/research-and-data/sales-figures.html,2026-09-24,download,"CROO dashboard measure 'Price per Gram of Item', category 'Infused Edibles'. Averaging method (simple vs volume-weighted) and tax treatment not stated on the dashboard. Beyond month 48; retained for floor analysis. Published at 2-decimal precision, unlike most months (which carry 9); possibly entered separately."
IL,2025-03,month,62,medical,retail,edible,all,mean,usd_per_gram,17.138965110,unknown,"Illinois Cannabis Regulation Oversight Office, Cannabis Sales Figures dashboard, ""Medical Prices"" view (Tableau, public.data.illinois.gov)",https://cannabis.illinois.gov/research-and-data/sales-figures.html,2026-09-24,download,"CROO dashboard measure 'Price per Gram of Item', category 'Infused Edibles'. Averaging method (simple vs volume-weighted) and tax treatment not stated on the dashboard. Beyond month 48; retained for floor analysis."
IL,2025-04,month,63,medical,retail,edible,all,mean,usd_per_gram,16.420860642,unknown,"Illinois Cannabis Regulation Oversight Office, Cannabis Sales Figures dashboard, ""Medical Prices"" view (Tableau, public.data.illinois.gov)",https://cannabis.illinois.gov/research-and-data/sales-figures.html,2026-09-24,download,"CROO dashboard measure 'Price per Gram of Item', category 'Infused Edibles'. Averaging method (simple vs volume-weighted) and tax treatment not stated on the dashboard. Beyond month 48; retained for floor analysis."
IL,2025-05,month,64,medical,retail,edible,all,mean,usd_per_gram,16.74,unknown,"Illinois Cannabis Regulation Oversight Office, Cannabis Sales Figures dashboard, ""Medical Prices"" view (Tableau, public.data.illinois.gov)",https://cannabis.illinois.gov/research-and-data/sales-figures.html,2026-09-24,download,"CROO dashboard measure 'Price per Gram of Item', category 'Infused Edibles'. Averaging method (simple vs volume-weighted) and tax treatment not stated on the dashboard. Beyond month 48; retained for floor analysis. Published at 2-decimal precision, unlike most months (which carry 9); possibly entered separately."
IL,2025-06,month,65,medical,retail,edible,all,mean,usd_per_gram,13.57,unknown,"Illinois Cannabis Regulation Oversight Office, Cannabis Sales Figures dashboard, ""Medical Prices"" view (Tableau, public.data.illinois.gov)",https://cannabis.illinois.gov/research-and-data/sales-figures.html,2026-09-24,download,"CROO dashboard measure 'Price per Gram of Item', category 'Infused Edibles'. Averaging method (simple vs volume-weighted) and tax treatment not stated on the dashboard. Beyond month 48; retained for floor analysis. Published at 2-decimal precision, unlike most months (which carry 9); possibly entered separately. After a level shift in Jun-Jul 2025 across all categories and both markets (e.g., adult-use flower $8.98 Jun to $6.71 Jul 2025). CROO says its price charts were regrouped to reflect new seed-to-sale definitions; treat as a possible definition break."
IL,2025-07,month,66,medical,retail,edible,all,mean,usd_per_gram,12.76,unknown,"Illinois Cannabis Regulation Oversight Office, Cannabis Sales Figures dashboard, ""Medical Prices"" view (Tableau, public.data.illinois.gov)",https://cannabis.illinois.gov/research-and-data/sales-figures.html,2026-09-24,download,"CROO dashboard measure 'Price per Gram of Item', category 'Infused Edibles'. Averaging method (simple vs volume-weighted) and tax treatment not stated on the dashboard. Beyond month 48; retained for floor analysis. Published at 2-decimal precision, unlike most months (which carry 9); possibly entered separately. After a level shift in Jun-Jul 2025 across all categories and both markets (e.g., adult-use flower $8.98 Jun to $6.71 Jul 2025). CROO says its price charts were regrouped to reflect new seed-to-sale definitions; treat as a possible definition break."
IL,2025-08,month,67,medical,retail,edible,all,mean,usd_per_gram,12.45,unknown,"Illinois Cannabis Regulation Oversight Office, Cannabis Sales Figures dashboard, ""Medical Prices"" view (Tableau, public.data.illinois.gov)",https://cannabis.illinois.gov/research-and-data/sales-figures.html,2026-09-24,download,"CROO dashboard measure 'Price per Gram of Item', category 'Infused Edibles'. Averaging method (simple vs volume-weighted) and tax treatment not stated on the dashboard. Beyond month 48; retained for floor analysis. Published at 2-decimal precision, unlike most months (which carry 9); possibly entered separately. After a level shift in Jun-Jul 2025 across all categories and both markets (e.g., adult-use flower $8.98 Jun to $6.71 Jul 2025). CROO says its price charts were regrouped to reflect new seed-to-sale definitions; treat as a possible definition break."
IL,2025-09,month,68,medical,retail,edible,all,mean,usd_per_gram,12.02,unknown,"Illinois Cannabis Regulation Oversight Office, Cannabis Sales Figures dashboard, ""Medical Prices"" view (Tableau, public.data.illinois.gov)",https://cannabis.illinois.gov/research-and-data/sales-figures.html,2026-09-24,download,"CROO dashboard measure 'Price per Gram of Item', category 'Infused Edibles'. Averaging method (simple vs volume-weighted) and tax treatment not stated on the dashboard. Beyond month 48; retained for floor analysis. Published at 2-decimal precision, unlike most months (which carry 9); possibly entered separately. After a level shift in Jun-Jul 2025 across all categories and both markets (e.g., adult-use flower $8.98 Jun to $6.71 Jul 2025). CROO says its price charts were regrouped to reflect new seed-to-sale definitions; treat as a possible definition break."
IL,2025-10,month,69,medical,retail,edible,all,mean,usd_per_gram,12.15,unknown,"Illinois Cannabis Regulation Oversight Office, Cannabis Sales Figures dashboard, ""Medical Prices"" view (Tableau, public.data.illinois.gov)",https://cannabis.illinois.gov/research-and-data/sales-figures.html,2026-09-24,download,"CROO dashboard measure 'Price per Gram of Item', category 'Infused Edibles'. Averaging method (simple vs volume-weighted) and tax treatment not stated on the dashboard. Beyond month 48; retained for floor analysis. Published at 2-decimal precision, unlike most months (which carry 9); possibly entered separately. After a level shift in Jun-Jul 2025 across all categories and both markets (e.g., adult-use flower $8.98 Jun to $6.71 Jul 2025). CROO says its price charts were regrouped to reflect new seed-to-sale definitions; treat as a possible definition break."
IL,2025-11,month,70,medical,retail,edible,all,mean,usd_per_gram,11.66,unknown,"Illinois Cannabis Regulation Oversight Office, Cannabis Sales Figures dashboard, ""Medical Prices"" view (Tableau, public.data.illinois.gov)",https://cannabis.illinois.gov/research-and-data/sales-figures.html,2026-09-24,download,"CROO dashboard measure 'Price per Gram of Item', category 'Infused Edibles'. Averaging method (simple vs volume-weighted) and tax treatment not stated on the dashboard. Beyond month 48; retained for floor analysis. Published at 2-decimal precision, unlike most months (which carry 9); possibly entered separately. After a level shift in Jun-Jul 2025 across all categories and both markets (e.g., adult-use flower $8.98 Jun to $6.71 Jul 2025). CROO says its price charts were regrouped to reflect new seed-to-sale definitions; treat as a possible definition break."
IL,2025-12,month,71,medical,retail,edible,all,mean,usd_per_gram,12.04,unknown,"Illinois Cannabis Regulation Oversight Office, Cannabis Sales Figures dashboard, ""Medical Prices"" view (Tableau, public.data.illinois.gov)",https://cannabis.illinois.gov/research-and-data/sales-figures.html,2026-09-24,download,"CROO dashboard measure 'Price per Gram of Item', category 'Infused Edibles'. Averaging method (simple vs volume-weighted) and tax treatment not stated on the dashboard. Beyond month 48; retained for floor analysis. Published at 2-decimal precision, unlike most months (which carry 9); possibly entered separately. After a level shift in Jun-Jul 2025 across all categories and both markets (e.g., adult-use flower $8.98 Jun to $6.71 Jul 2025). CROO says its price charts were regrouped to reflect new seed-to-sale definitions; treat as a possible definition break."
IL,2026-01,month,72,medical,retail,edible,all,mean,usd_per_gram,11.84,unknown,"Illinois Cannabis Regulation Oversight Office, Cannabis Sales Figures dashboard, ""Medical Prices"" view (Tableau, public.data.illinois.gov)",https://cannabis.illinois.gov/research-and-data/sales-figures.html,2026-09-24,download,"CROO dashboard measure 'Price per Gram of Item', category 'Infused Edibles'. Averaging method (simple vs volume-weighted) and tax treatment not stated on the dashboard. Beyond month 48; retained for floor analysis. Published at 2-decimal precision, unlike most months (which carry 9); possibly entered separately. After a level shift in Jun-Jul 2025 across all categories and both markets (e.g., adult-use flower $8.98 Jun to $6.71 Jul 2025). CROO says its price charts were regrouped to reflect new seed-to-sale definitions; treat as a possible definition break."
IL,2026-02,month,73,medical,retail,edible,all,mean,usd_per_gram,12.03,unknown,"Illinois Cannabis Regulation Oversight Office, Cannabis Sales Figures dashboard, ""Medical Prices"" view (Tableau, public.data.illinois.gov)",https://cannabis.illinois.gov/research-and-data/sales-figures.html,2026-09-24,download,"CROO dashboard measure 'Price per Gram of Item', category 'Infused Edibles'. Averaging method (simple vs volume-weighted) and tax treatment not stated on the dashboard. Beyond month 48; retained for floor analysis. Published at 2-decimal precision, unlike most months (which carry 9); possibly entered separately. After a level shift in Jun-Jul 2025 across all categories and both markets (e.g., adult-use flower $8.98 Jun to $6.71 Jul 2025). CROO says its price charts were regrouped to reflect new seed-to-sale definitions; treat as a possible definition break."
IL,2026-03,month,74,medical,retail,edible,all,mean,usd_per_gram,11.62,unknown,"Illinois Cannabis Regulation Oversight Office, Cannabis Sales Figures dashboard, ""Medical Prices"" view (Tableau, public.data.illinois.gov)",https://cannabis.illinois.gov/research-and-data/sales-figures.html,2026-09-24,download,"CROO dashboard measure 'Price per Gram of Item', category 'Infused Edibles'. Averaging method (simple vs volume-weighted) and tax treatment not stated on the dashboard. Beyond month 48; retained for floor analysis. Published at 2-decimal precision, unlike most months (which carry 9); possibly entered separately. After a level shift in Jun-Jul 2025 across all categories and both markets (e.g., adult-use flower $8.98 Jun to $6.71 Jul 2025). CROO says its price charts were regrouped to reflect new seed-to-sale definitions; treat as a possible definition break."
IL,2026-04,month,75,medical,retail,edible,all,mean,usd_per_gram,11.27,unknown,"Illinois Cannabis Regulation Oversight Office, Cannabis Sales Figures dashboard, ""Medical Prices"" view (Tableau, public.data.illinois.gov)",https://cannabis.illinois.gov/research-and-data/sales-figures.html,2026-09-24,download,"CROO dashboard measure 'Price per Gram of Item', category 'Infused Edibles'. Averaging method (simple vs volume-weighted) and tax treatment not stated on the dashboard. Beyond month 48; retained for floor analysis. Published at 2-decimal precision, unlike most months (which carry 9); possibly entered separately. After a level shift in Jun-Jul 2025 across all categories and both markets (e.g., adult-use flower $8.98 Jun to $6.71 Jul 2025). CROO says its price charts were regrouped to reflect new seed-to-sale definitions; treat as a possible definition break."
IL,2026-05,month,76,medical,retail,edible,all,mean,usd_per_gram,11.54,unknown,"Illinois Cannabis Regulation Oversight Office, Cannabis Sales Figures dashboard, ""Medical Prices"" view (Tableau, public.data.illinois.gov)",https://cannabis.illinois.gov/research-and-data/sales-figures.html,2026-09-24,download,"CROO dashboard measure 'Price per Gram of Item', category 'Infused Edibles'. Averaging method (simple vs volume-weighted) and tax treatment not stated on the dashboard. Beyond month 48; retained for floor analysis. Published at 2-decimal precision, unlike most months (which carry 9); possibly entered separately. After a level shift in Jun-Jul 2025 across all categories and both markets (e.g., adult-use flower $8.98 Jun to $6.71 Jul 2025). CROO says its price charts were regrouped to reflect new seed-to-sale definitions; treat as a possible definition break."
IL,2026-06,month,77,medical,retail,edible,all,mean,usd_per_gram,11.5,unknown,"Illinois Cannabis Regulation Oversight Office, Cannabis Sales Figures dashboard, ""Medical Prices"" view (Tableau, public.data.illinois.gov)",https://cannabis.illinois.gov/research-and-data/sales-figures.html,2026-09-24,download,"CROO dashboard measure 'Price per Gram of Item', category 'Infused Edibles'. Averaging method (simple vs volume-weighted) and tax treatment not stated on the dashboard. Beyond month 48; retained for floor analysis. Published at 2-decimal precision, unlike most months (which carry 9); possibly entered separately. After a level shift in Jun-Jul 2025 across all categories and both markets (e.g., adult-use flower $8.98 Jun to $6.71 Jul 2025). CROO says its price charts were regrouped to reflect new seed-to-sale definitions; treat as a possible definition break."
IL,2026-07,month,78,medical,retail,edible,all,mean,usd_per_gram,11.46,unknown,"Illinois Cannabis Regulation Oversight Office, Cannabis Sales Figures dashboard, ""Medical Prices"" view (Tableau, public.data.illinois.gov)",https://cannabis.illinois.gov/research-and-data/sales-figures.html,2026-09-24,download,"CROO dashboard measure 'Price per Gram of Item', category 'Infused Edibles'. Averaging method (simple vs volume-weighted) and tax treatment not stated on the dashboard. Beyond month 48; retained for floor analysis. Published at 2-decimal precision, unlike most months (which carry 9); possibly entered separately. After a level shift in Jun-Jul 2025 across all categories and both markets (e.g., adult-use flower $8.98 Jun to $6.71 Jul 2025). CROO says its price charts were regrouped to reflect new seed-to-sale definitions; treat as a possible definition break."
IL,2026-08,month,79,medical,retail,edible,all,mean,usd_per_gram,11.56,unknown,"Illinois Cannabis Regulation Oversight Office, Cannabis Sales Figures dashboard, ""Medical Prices"" view (Tableau, public.data.illinois.gov)",https://cannabis.illinois.gov/research-and-data/sales-figures.html,2026-09-24,download,"CROO dashboard measure 'Price per Gram of Item', category 'Infused Edibles'. Averaging method (simple vs volume-weighted) and tax treatment not stated on the dashboard. Beyond month 48; retained for floor analysis. Published at 2-decimal precision, unlike most months (which carry 9); possibly entered separately. After a level shift in Jun-Jul 2025 across all categories and both markets (e.g., adult-use flower $8.98 Jun to $6.71 Jul 2025). CROO says its price charts were regrouped to reflect new seed-to-sale definitions; treat as a possible definition break."
IL,2020-01,month,0,adult_use,retail,infused_nonedible,all,mean,usd_per_gram,40.915717465,unknown,"Illinois Cannabis Regulation Oversight Office, Cannabis Sales Figures dashboard, ""Adult Use Prices"" view (Tableau, public.data.illinois.gov)",https://cannabis.illinois.gov/research-and-data/sales-figures.html,2026-09-24,download,"CROO dashboard measure 'Price per Gram of Item', category 'Infused NonEdible'. Averaging method (simple vs volume-weighted) and tax treatment not stated on the dashboard."
IL,2020-02,month,1,adult_use,retail,infused_nonedible,all,mean,usd_per_gram,39.392032929,unknown,"Illinois Cannabis Regulation Oversight Office, Cannabis Sales Figures dashboard, ""Adult Use Prices"" view (Tableau, public.data.illinois.gov)",https://cannabis.illinois.gov/research-and-data/sales-figures.html,2026-09-24,download,"CROO dashboard measure 'Price per Gram of Item', category 'Infused NonEdible'. Averaging method (simple vs volume-weighted) and tax treatment not stated on the dashboard."
IL,2020-03,month,2,adult_use,retail,infused_nonedible,all,mean,usd_per_gram,37.508329646,unknown,"Illinois Cannabis Regulation Oversight Office, Cannabis Sales Figures dashboard, ""Adult Use Prices"" view (Tableau, public.data.illinois.gov)",https://cannabis.illinois.gov/research-and-data/sales-figures.html,2026-09-24,download,"CROO dashboard measure 'Price per Gram of Item', category 'Infused NonEdible'. Averaging method (simple vs volume-weighted) and tax treatment not stated on the dashboard."
IL,2020-04,month,3,adult_use,retail,infused_nonedible,all,mean,usd_per_gram,40.779000071,unknown,"Illinois Cannabis Regulation Oversight Office, Cannabis Sales Figures dashboard, ""Adult Use Prices"" view (Tableau, public.data.illinois.gov)",https://cannabis.illinois.gov/research-and-data/sales-figures.html,2026-09-24,download,"CROO dashboard measure 'Price per Gram of Item', category 'Infused NonEdible'. Averaging method (simple vs volume-weighted) and tax treatment not stated on the dashboard."
IL,2020-05,month,4,adult_use,retail,infused_nonedible,all,mean,usd_per_gram,40.907304803,unknown,"Illinois Cannabis Regulation Oversight Office, Cannabis Sales Figures dashboard, ""Adult Use Prices"" view (Tableau, public.data.illinois.gov)",https://cannabis.illinois.gov/research-and-data/sales-figures.html,2026-09-24,download,"CROO dashboard measure 'Price per Gram of Item', category 'Infused NonEdible'. Averaging method (simple vs volume-weighted) and tax treatment not stated on the dashboard."
IL,2020-06,month,5,adult_use,retail,infused_nonedible,all,mean,usd_per_gram,42.133295208,unknown,"Illinois Cannabis Regulation Oversight Office, Cannabis Sales Figures dashboard, ""Adult Use Prices"" view (Tableau, public.data.illinois.gov)",https://cannabis.illinois.gov/research-and-data/sales-figures.html,2026-09-24,download,"CROO dashboard measure 'Price per Gram of Item', category 'Infused NonEdible'. Averaging method (simple vs volume-weighted) and tax treatment not stated on the dashboard."
IL,2020-07,month,6,adult_use,retail,infused_nonedible,all,mean,usd_per_gram,39.224758566,unknown,"Illinois Cannabis Regulation Oversight Office, Cannabis Sales Figures dashboard, ""Adult Use Prices"" view (Tableau, public.data.illinois.gov)",https://cannabis.illinois.gov/research-and-data/sales-figures.html,2026-09-24,download,"CROO dashboard measure 'Price per Gram of Item', category 'Infused NonEdible'. Averaging method (simple vs volume-weighted) and tax treatment not stated on the dashboard."
IL,2020-08,month,7,adult_use,retail,infused_nonedible,all,mean,usd_per_gram,35.465138270,unknown,"Illinois Cannabis Regulation Oversight Office, Cannabis Sales Figures dashboard, ""Adult Use Prices"" view (Tableau, public.data.illinois.gov)",https://cannabis.illinois.gov/research-and-data/sales-figures.html,2026-09-24,download,"CROO dashboard measure 'Price per Gram of Item', category 'Infused NonEdible'. Averaging method (simple vs volume-weighted) and tax treatment not stated on the dashboard."
IL,2020-09,month,8,adult_use,retail,infused_nonedible,all,mean,usd_per_gram,38.097603281,unknown,"Illinois Cannabis Regulation Oversight Office, Cannabis Sales Figures dashboard, ""Adult Use Prices"" view (Tableau, public.data.illinois.gov)",https://cannabis.illinois.gov/research-and-data/sales-figures.html,2026-09-24,download,"CROO dashboard measure 'Price per Gram of Item', category 'Infused NonEdible'. Averaging method (simple vs volume-weighted) and tax treatment not stated on the dashboard."
IL,2020-10,month,9,adult_use,retail,infused_nonedible,all,mean,usd_per_gram,38.629311725,unknown,"Illinois Cannabis Regulation Oversight Office, Cannabis Sales Figures dashboard, ""Adult Use Prices"" view (Tableau, public.data.illinois.gov)",https://cannabis.illinois.gov/research-and-data/sales-figures.html,2026-09-24,download,"CROO dashboard measure 'Price per Gram of Item', category 'Infused NonEdible'. Averaging method (simple vs volume-weighted) and tax treatment not stated on the dashboard."
IL,2020-11,month,10,adult_use,retail,infused_nonedible,all,mean,usd_per_gram,36.011501486,unknown,"Illinois Cannabis Regulation Oversight Office, Cannabis Sales Figures dashboard, ""Adult Use Prices"" view (Tableau, public.data.illinois.gov)",https://cannabis.illinois.gov/research-and-data/sales-figures.html,2026-09-24,download,"CROO dashboard measure 'Price per Gram of Item', category 'Infused NonEdible'. Averaging method (simple vs volume-weighted) and tax treatment not stated on the dashboard."
IL,2020-12,month,11,adult_use,retail,infused_nonedible,all,mean,usd_per_gram,33.296800405,unknown,"Illinois Cannabis Regulation Oversight Office, Cannabis Sales Figures dashboard, ""Adult Use Prices"" view (Tableau, public.data.illinois.gov)",https://cannabis.illinois.gov/research-and-data/sales-figures.html,2026-09-24,download,"CROO dashboard measure 'Price per Gram of Item', category 'Infused NonEdible'. Averaging method (simple vs volume-weighted) and tax treatment not stated on the dashboard."
IL,2021-01,month,12,adult_use,retail,infused_nonedible,all,mean,usd_per_gram,31.385215794,unknown,"Illinois Cannabis Regulation Oversight Office, Cannabis Sales Figures dashboard, ""Adult Use Prices"" view (Tableau, public.data.illinois.gov)",https://cannabis.illinois.gov/research-and-data/sales-figures.html,2026-09-24,download,"CROO dashboard measure 'Price per Gram of Item', category 'Infused NonEdible'. Averaging method (simple vs volume-weighted) and tax treatment not stated on the dashboard."
IL,2021-02,month,13,adult_use,retail,infused_nonedible,all,mean,usd_per_gram,33.747616056,unknown,"Illinois Cannabis Regulation Oversight Office, Cannabis Sales Figures dashboard, ""Adult Use Prices"" view (Tableau, public.data.illinois.gov)",https://cannabis.illinois.gov/research-and-data/sales-figures.html,2026-09-24,download,"CROO dashboard measure 'Price per Gram of Item', category 'Infused NonEdible'. Averaging method (simple vs volume-weighted) and tax treatment not stated on the dashboard."
IL,2021-03,month,14,adult_use,retail,infused_nonedible,all,mean,usd_per_gram,34.784694153,unknown,"Illinois Cannabis Regulation Oversight Office, Cannabis Sales Figures dashboard, ""Adult Use Prices"" view (Tableau, public.data.illinois.gov)",https://cannabis.illinois.gov/research-and-data/sales-figures.html,2026-09-24,download,"CROO dashboard measure 'Price per Gram of Item', category 'Infused NonEdible'. Averaging method (simple vs volume-weighted) and tax treatment not stated on the dashboard."
IL,2021-04,month,15,adult_use,retail,infused_nonedible,all,mean,usd_per_gram,36.708225883,unknown,"Illinois Cannabis Regulation Oversight Office, Cannabis Sales Figures dashboard, ""Adult Use Prices"" view (Tableau, public.data.illinois.gov)",https://cannabis.illinois.gov/research-and-data/sales-figures.html,2026-09-24,download,"CROO dashboard measure 'Price per Gram of Item', category 'Infused NonEdible'. Averaging method (simple vs volume-weighted) and tax treatment not stated on the dashboard."
IL,2021-05,month,16,adult_use,retail,infused_nonedible,all,mean,usd_per_gram,38.699969978,unknown,"Illinois Cannabis Regulation Oversight Office, Cannabis Sales Figures dashboard, ""Adult Use Prices"" view (Tableau, public.data.illinois.gov)",https://cannabis.illinois.gov/research-and-data/sales-figures.html,2026-09-24,download,"CROO dashboard measure 'Price per Gram of Item', category 'Infused NonEdible'. Averaging method (simple vs volume-weighted) and tax treatment not stated on the dashboard."
IL,2021-06,month,17,adult_use,retail,infused_nonedible,all,mean,usd_per_gram,38.254449769,unknown,"Illinois Cannabis Regulation Oversight Office, Cannabis Sales Figures dashboard, ""Adult Use Prices"" view (Tableau, public.data.illinois.gov)",https://cannabis.illinois.gov/research-and-data/sales-figures.html,2026-09-24,download,"CROO dashboard measure 'Price per Gram of Item', category 'Infused NonEdible'. Averaging method (simple vs volume-weighted) and tax treatment not stated on the dashboard."
IL,2021-07,month,18,adult_use,retail,infused_nonedible,all,mean,usd_per_gram,38.753159433,unknown,"Illinois Cannabis Regulation Oversight Office, Cannabis Sales Figures dashboard, ""Adult Use Prices"" view (Tableau, public.data.illinois.gov)",https://cannabis.illinois.gov/research-and-data/sales-figures.html,2026-09-24,download,"CROO dashboard measure 'Price per Gram of Item', category 'Infused NonEdible'. Averaging method (simple vs volume-weighted) and tax treatment not stated on the dashboard."
IL,2021-08,month,19,adult_use,retail,infused_nonedible,all,mean,usd_per_gram,39.913555398,unknown,"Illinois Cannabis Regulation Oversight Office, Cannabis Sales Figures dashboard, ""Adult Use Prices"" view (Tableau, public.data.illinois.gov)",https://cannabis.illinois.gov/research-and-data/sales-figures.html,2026-09-24,download,"CROO dashboard measure 'Price per Gram of Item', category 'Infused NonEdible'. Averaging method (simple vs volume-weighted) and tax treatment not stated on the dashboard."
IL,2021-09,month,20,adult_use,retail,infused_nonedible,all,mean,usd_per_gram,40.415670234,unknown,"Illinois Cannabis Regulation Oversight Office, Cannabis Sales Figures dashboard, ""Adult Use Prices"" view (Tableau, public.data.illinois.gov)",https://cannabis.illinois.gov/research-and-data/sales-figures.html,2026-09-24,download,"CROO dashboard measure 'Price per Gram of Item', category 'Infused NonEdible'. Averaging method (simple vs volume-weighted) and tax treatment not stated on the dashboard."
IL,2021-10,month,21,adult_use,retail,infused_nonedible,all,mean,usd_per_gram,43.208211368,unknown,"Illinois Cannabis Regulation Oversight Office, Cannabis Sales Figures dashboard, ""Adult Use Prices"" view (Tableau, public.data.illinois.gov)",https://cannabis.illinois.gov/research-and-data/sales-figures.html,2026-09-24,download,"CROO dashboard measure 'Price per Gram of Item', category 'Infused NonEdible'. Averaging method (simple vs volume-weighted) and tax treatment not stated on the dashboard."
IL,2021-11,month,22,adult_use,retail,infused_nonedible,all,mean,usd_per_gram,44.709323607,unknown,"Illinois Cannabis Regulation Oversight Office, Cannabis Sales Figures dashboard, ""Adult Use Prices"" view (Tableau, public.data.illinois.gov)",https://cannabis.illinois.gov/research-and-data/sales-figures.html,2026-09-24,download,"CROO dashboard measure 'Price per Gram of Item', category 'Infused NonEdible'. Averaging method (simple vs volume-weighted) and tax treatment not stated on the dashboard."
IL,2021-12,month,23,adult_use,retail,infused_nonedible,all,mean,usd_per_gram,44.508071379,unknown,"Illinois Cannabis Regulation Oversight Office, Cannabis Sales Figures dashboard, ""Adult Use Prices"" view (Tableau, public.data.illinois.gov)",https://cannabis.illinois.gov/research-and-data/sales-figures.html,2026-09-24,download,"CROO dashboard measure 'Price per Gram of Item', category 'Infused NonEdible'. Averaging method (simple vs volume-weighted) and tax treatment not stated on the dashboard."
IL,2022-01,month,24,adult_use,retail,infused_nonedible,all,mean,usd_per_gram,43.391677491,unknown,"Illinois Cannabis Regulation Oversight Office, Cannabis Sales Figures dashboard, ""Adult Use Prices"" view (Tableau, public.data.illinois.gov)",https://cannabis.illinois.gov/research-and-data/sales-figures.html,2026-09-24,download,"CROO dashboard measure 'Price per Gram of Item', category 'Infused NonEdible'. Averaging method (simple vs volume-weighted) and tax treatment not stated on the dashboard."
IL,2022-02,month,25,adult_use,retail,infused_nonedible,all,mean,usd_per_gram,42.926348371,unknown,"Illinois Cannabis Regulation Oversight Office, Cannabis Sales Figures dashboard, ""Adult Use Prices"" view (Tableau, public.data.illinois.gov)",https://cannabis.illinois.gov/research-and-data/sales-figures.html,2026-09-24,download,"CROO dashboard measure 'Price per Gram of Item', category 'Infused NonEdible'. Averaging method (simple vs volume-weighted) and tax treatment not stated on the dashboard."
IL,2022-03,month,26,adult_use,retail,infused_nonedible,all,mean,usd_per_gram,44.498261877,unknown,"Illinois Cannabis Regulation Oversight Office, Cannabis Sales Figures dashboard, ""Adult Use Prices"" view (Tableau, public.data.illinois.gov)",https://cannabis.illinois.gov/research-and-data/sales-figures.html,2026-09-24,download,"CROO dashboard measure 'Price per Gram of Item', category 'Infused NonEdible'. Averaging method (simple vs volume-weighted) and tax treatment not stated on the dashboard."
IL,2022-04,month,27,adult_use,retail,infused_nonedible,all,mean,usd_per_gram,40.671325078,unknown,"Illinois Cannabis Regulation Oversight Office, Cannabis Sales Figures dashboard, ""Adult Use Prices"" view (Tableau, public.data.illinois.gov)",https://cannabis.illinois.gov/research-and-data/sales-figures.html,2026-09-24,download,"CROO dashboard measure 'Price per Gram of Item', category 'Infused NonEdible'. Averaging method (simple vs volume-weighted) and tax treatment not stated on the dashboard."
IL,2022-05,month,28,adult_use,retail,infused_nonedible,all,mean,usd_per_gram,39.836978622,unknown,"Illinois Cannabis Regulation Oversight Office, Cannabis Sales Figures dashboard, ""Adult Use Prices"" view (Tableau, public.data.illinois.gov)",https://cannabis.illinois.gov/research-and-data/sales-figures.html,2026-09-24,download,"CROO dashboard measure 'Price per Gram of Item', category 'Infused NonEdible'. Averaging method (simple vs volume-weighted) and tax treatment not stated on the dashboard."
IL,2022-06,month,29,adult_use,retail,infused_nonedible,all,mean,usd_per_gram,39.570342982,unknown,"Illinois Cannabis Regulation Oversight Office, Cannabis Sales Figures dashboard, ""Adult Use Prices"" view (Tableau, public.data.illinois.gov)",https://cannabis.illinois.gov/research-and-data/sales-figures.html,2026-09-24,download,"CROO dashboard measure 'Price per Gram of Item', category 'Infused NonEdible'. Averaging method (simple vs volume-weighted) and tax treatment not stated on the dashboard."
IL,2022-07,month,30,adult_use,retail,infused_nonedible,all,mean,usd_per_gram,38.725389324,unknown,"Illinois Cannabis Regulation Oversight Office, Cannabis Sales Figures dashboard, ""Adult Use Prices"" view (Tableau, public.data.illinois.gov)",https://cannabis.illinois.gov/research-and-data/sales-figures.html,2026-09-24,download,"CROO dashboard measure 'Price per Gram of Item', category 'Infused NonEdible'. Averaging method (simple vs volume-weighted) and tax treatment not stated on the dashboard."
IL,2022-08,month,31,adult_use,retail,infused_nonedible,all,mean,usd_per_gram,38.601030057,unknown,"Illinois Cannabis Regulation Oversight Office, Cannabis Sales Figures dashboard, ""Adult Use Prices"" view (Tableau, public.data.illinois.gov)",https://cannabis.illinois.gov/research-and-data/sales-figures.html,2026-09-24,download,"CROO dashboard measure 'Price per Gram of Item', category 'Infused NonEdible'. Averaging method (simple vs volume-weighted) and tax treatment not stated on the dashboard."
IL,2022-09,month,32,adult_use,retail,infused_nonedible,all,mean,usd_per_gram,38.234663663,unknown,"Illinois Cannabis Regulation Oversight Office, Cannabis Sales Figures dashboard, ""Adult Use Prices"" view (Tableau, public.data.illinois.gov)",https://cannabis.illinois.gov/research-and-data/sales-figures.html,2026-09-24,download,"CROO dashboard measure 'Price per Gram of Item', category 'Infused NonEdible'. Averaging method (simple vs volume-weighted) and tax treatment not stated on the dashboard."
IL,2022-10,month,33,adult_use,retail,infused_nonedible,all,mean,usd_per_gram,38.331613989,unknown,"Illinois Cannabis Regulation Oversight Office, Cannabis Sales Figures dashboard, ""Adult Use Prices"" view (Tableau, public.data.illinois.gov)",https://cannabis.illinois.gov/research-and-data/sales-figures.html,2026-09-24,download,"CROO dashboard measure 'Price per Gram of Item', category 'Infused NonEdible'. Averaging method (simple vs volume-weighted) and tax treatment not stated on the dashboard."
IL,2022-11,month,34,adult_use,retail,infused_nonedible,all,mean,usd_per_gram,38.219750765,unknown,"Illinois Cannabis Regulation Oversight Office, Cannabis Sales Figures dashboard, ""Adult Use Prices"" view (Tableau, public.data.illinois.gov)",https://cannabis.illinois.gov/research-and-data/sales-figures.html,2026-09-24,download,"CROO dashboard measure 'Price per Gram of Item', category 'Infused NonEdible'. Averaging method (simple vs volume-weighted) and tax treatment not stated on the dashboard."
IL,2022-12,month,35,adult_use,retail,infused_nonedible,all,mean,usd_per_gram,36.732554673,unknown,"Illinois Cannabis Regulation Oversight Office, Cannabis Sales Figures dashboard, ""Adult Use Prices"" view (Tableau, public.data.illinois.gov)",https://cannabis.illinois.gov/research-and-data/sales-figures.html,2026-09-24,download,"CROO dashboard measure 'Price per Gram of Item', category 'Infused NonEdible'. Averaging method (simple vs volume-weighted) and tax treatment not stated on the dashboard."
IL,2023-01,month,36,adult_use,retail,infused_nonedible,all,mean,usd_per_gram,36.732554673,unknown,"Illinois Cannabis Regulation Oversight Office, Cannabis Sales Figures dashboard, ""Adult Use Prices"" view (Tableau, public.data.illinois.gov)",https://cannabis.illinois.gov/research-and-data/sales-figures.html,2026-09-24,download,"CROO dashboard measure 'Price per Gram of Item', category 'Infused NonEdible'. Averaging method (simple vs volume-weighted) and tax treatment not stated on the dashboard. Identical to Dec 2022 in every category and both markets; likely a carried-forward value, not an independent January observation. Use with caution."
IL,2023-02,month,37,adult_use,retail,infused_nonedible,all,mean,usd_per_gram,36.256575966,unknown,"Illinois Cannabis Regulation Oversight Office, Cannabis Sales Figures dashboard, ""Adult Use Prices"" view (Tableau, public.data.illinois.gov)",https://cannabis.illinois.gov/research-and-data/sales-figures.html,2026-09-24,download,"CROO dashboard measure 'Price per Gram of Item', category 'Infused NonEdible'. Averaging method (simple vs volume-weighted) and tax treatment not stated on the dashboard."
IL,2023-03,month,38,adult_use,retail,infused_nonedible,all,mean,usd_per_gram,37.153150770,unknown,"Illinois Cannabis Regulation Oversight Office, Cannabis Sales Figures dashboard, ""Adult Use Prices"" view (Tableau, public.data.illinois.gov)",https://cannabis.illinois.gov/research-and-data/sales-figures.html,2026-09-24,download,"CROO dashboard measure 'Price per Gram of Item', category 'Infused NonEdible'. Averaging method (simple vs volume-weighted) and tax treatment not stated on the dashboard."
IL,2023-04,month,39,adult_use,retail,infused_nonedible,all,mean,usd_per_gram,38.99,unknown,"Illinois Cannabis Regulation Oversight Office, Cannabis Sales Figures dashboard, ""Adult Use Prices"" view (Tableau, public.data.illinois.gov)",https://cannabis.illinois.gov/research-and-data/sales-figures.html,2026-09-24,download,"CROO dashboard measure 'Price per Gram of Item', category 'Infused NonEdible'. Averaging method (simple vs volume-weighted) and tax treatment not stated on the dashboard. Published at 2-decimal precision, unlike most months (which carry 9); possibly entered separately."
IL,2023-05,month,40,adult_use,retail,infused_nonedible,all,mean,usd_per_gram,39.03,unknown,"Illinois Cannabis Regulation Oversight Office, Cannabis Sales Figures dashboard, ""Adult Use Prices"" view (Tableau, public.data.illinois.gov)",https://cannabis.illinois.gov/research-and-data/sales-figures.html,2026-09-24,download,"CROO dashboard measure 'Price per Gram of Item', category 'Infused NonEdible'. Averaging method (simple vs volume-weighted) and tax treatment not stated on the dashboard. Published at 2-decimal precision, unlike most months (which carry 9); possibly entered separately."
IL,2023-06,month,41,adult_use,retail,infused_nonedible,all,mean,usd_per_gram,41.317443112,unknown,"Illinois Cannabis Regulation Oversight Office, Cannabis Sales Figures dashboard, ""Adult Use Prices"" view (Tableau, public.data.illinois.gov)",https://cannabis.illinois.gov/research-and-data/sales-figures.html,2026-09-24,download,"CROO dashboard measure 'Price per Gram of Item', category 'Infused NonEdible'. Averaging method (simple vs volume-weighted) and tax treatment not stated on the dashboard."
IL,2023-07,month,42,adult_use,retail,infused_nonedible,all,mean,usd_per_gram,41.707664010,unknown,"Illinois Cannabis Regulation Oversight Office, Cannabis Sales Figures dashboard, ""Adult Use Prices"" view (Tableau, public.data.illinois.gov)",https://cannabis.illinois.gov/research-and-data/sales-figures.html,2026-09-24,download,"CROO dashboard measure 'Price per Gram of Item', category 'Infused NonEdible'. Averaging method (simple vs volume-weighted) and tax treatment not stated on the dashboard."
IL,2023-08,month,43,adult_use,retail,infused_nonedible,all,mean,usd_per_gram,35.829298705,unknown,"Illinois Cannabis Regulation Oversight Office, Cannabis Sales Figures dashboard, ""Adult Use Prices"" view (Tableau, public.data.illinois.gov)",https://cannabis.illinois.gov/research-and-data/sales-figures.html,2026-09-24,download,"CROO dashboard measure 'Price per Gram of Item', category 'Infused NonEdible'. Averaging method (simple vs volume-weighted) and tax treatment not stated on the dashboard."
IL,2023-09,month,44,adult_use,retail,infused_nonedible,all,mean,usd_per_gram,39.192277549,unknown,"Illinois Cannabis Regulation Oversight Office, Cannabis Sales Figures dashboard, ""Adult Use Prices"" view (Tableau, public.data.illinois.gov)",https://cannabis.illinois.gov/research-and-data/sales-figures.html,2026-09-24,download,"CROO dashboard measure 'Price per Gram of Item', category 'Infused NonEdible'. Averaging method (simple vs volume-weighted) and tax treatment not stated on the dashboard."
IL,2023-10,month,45,adult_use,retail,infused_nonedible,all,mean,usd_per_gram,39.546865773,unknown,"Illinois Cannabis Regulation Oversight Office, Cannabis Sales Figures dashboard, ""Adult Use Prices"" view (Tableau, public.data.illinois.gov)",https://cannabis.illinois.gov/research-and-data/sales-figures.html,2026-09-24,download,"CROO dashboard measure 'Price per Gram of Item', category 'Infused NonEdible'. Averaging method (simple vs volume-weighted) and tax treatment not stated on the dashboard."
IL,2023-11,month,46,adult_use,retail,infused_nonedible,all,mean,usd_per_gram,40.192868378,unknown,"Illinois Cannabis Regulation Oversight Office, Cannabis Sales Figures dashboard, ""Adult Use Prices"" view (Tableau, public.data.illinois.gov)",https://cannabis.illinois.gov/research-and-data/sales-figures.html,2026-09-24,download,"CROO dashboard measure 'Price per Gram of Item', category 'Infused NonEdible'. Averaging method (simple vs volume-weighted) and tax treatment not stated on the dashboard."
IL,2023-12,month,47,adult_use,retail,infused_nonedible,all,mean,usd_per_gram,40.515901341,unknown,"Illinois Cannabis Regulation Oversight Office, Cannabis Sales Figures dashboard, ""Adult Use Prices"" view (Tableau, public.data.illinois.gov)",https://cannabis.illinois.gov/research-and-data/sales-figures.html,2026-09-24,download,"CROO dashboard measure 'Price per Gram of Item', category 'Infused NonEdible'. Averaging method (simple vs volume-weighted) and tax treatment not stated on the dashboard."
IL,2024-01,month,48,adult_use,retail,infused_nonedible,all,mean,usd_per_gram,38.167700561,unknown,"Illinois Cannabis Regulation Oversight Office, Cannabis Sales Figures dashboard, ""Adult Use Prices"" view (Tableau, public.data.illinois.gov)",https://cannabis.illinois.gov/research-and-data/sales-figures.html,2026-09-24,download,"CROO dashboard measure 'Price per Gram of Item', category 'Infused NonEdible'. Averaging method (simple vs volume-weighted) and tax treatment not stated on the dashboard."
IL,2024-02,month,49,adult_use,retail,infused_nonedible,all,mean,usd_per_gram,38.531995177,unknown,"Illinois Cannabis Regulation Oversight Office, Cannabis Sales Figures dashboard, ""Adult Use Prices"" view (Tableau, public.data.illinois.gov)",https://cannabis.illinois.gov/research-and-data/sales-figures.html,2026-09-24,download,"CROO dashboard measure 'Price per Gram of Item', category 'Infused NonEdible'. Averaging method (simple vs volume-weighted) and tax treatment not stated on the dashboard. Beyond month 48; retained for floor analysis."
IL,2024-03,month,50,adult_use,retail,infused_nonedible,all,mean,usd_per_gram,38.214237571,unknown,"Illinois Cannabis Regulation Oversight Office, Cannabis Sales Figures dashboard, ""Adult Use Prices"" view (Tableau, public.data.illinois.gov)",https://cannabis.illinois.gov/research-and-data/sales-figures.html,2026-09-24,download,"CROO dashboard measure 'Price per Gram of Item', category 'Infused NonEdible'. Averaging method (simple vs volume-weighted) and tax treatment not stated on the dashboard. Beyond month 48; retained for floor analysis."
IL,2024-04,month,51,adult_use,retail,infused_nonedible,all,mean,usd_per_gram,38.6,unknown,"Illinois Cannabis Regulation Oversight Office, Cannabis Sales Figures dashboard, ""Adult Use Prices"" view (Tableau, public.data.illinois.gov)",https://cannabis.illinois.gov/research-and-data/sales-figures.html,2026-09-24,download,"CROO dashboard measure 'Price per Gram of Item', category 'Infused NonEdible'. Averaging method (simple vs volume-weighted) and tax treatment not stated on the dashboard. Beyond month 48; retained for floor analysis. Published at 2-decimal precision, unlike most months (which carry 9); possibly entered separately."
IL,2024-05,month,52,adult_use,retail,infused_nonedible,all,mean,usd_per_gram,37.46,unknown,"Illinois Cannabis Regulation Oversight Office, Cannabis Sales Figures dashboard, ""Adult Use Prices"" view (Tableau, public.data.illinois.gov)",https://cannabis.illinois.gov/research-and-data/sales-figures.html,2026-09-24,download,"CROO dashboard measure 'Price per Gram of Item', category 'Infused NonEdible'. Averaging method (simple vs volume-weighted) and tax treatment not stated on the dashboard. Beyond month 48; retained for floor analysis. Published at 2-decimal precision, unlike most months (which carry 9); possibly entered separately."
IL,2024-06,month,53,adult_use,retail,infused_nonedible,all,mean,usd_per_gram,38.54,unknown,"Illinois Cannabis Regulation Oversight Office, Cannabis Sales Figures dashboard, ""Adult Use Prices"" view (Tableau, public.data.illinois.gov)",https://cannabis.illinois.gov/research-and-data/sales-figures.html,2026-09-24,download,"CROO dashboard measure 'Price per Gram of Item', category 'Infused NonEdible'. Averaging method (simple vs volume-weighted) and tax treatment not stated on the dashboard. Beyond month 48; retained for floor analysis. Published at 2-decimal precision, unlike most months (which carry 9); possibly entered separately."
IL,2024-07,month,54,adult_use,retail,infused_nonedible,all,mean,usd_per_gram,39.011558981,unknown,"Illinois Cannabis Regulation Oversight Office, Cannabis Sales Figures dashboard, ""Adult Use Prices"" view (Tableau, public.data.illinois.gov)",https://cannabis.illinois.gov/research-and-data/sales-figures.html,2026-09-24,download,"CROO dashboard measure 'Price per Gram of Item', category 'Infused NonEdible'. Averaging method (simple vs volume-weighted) and tax treatment not stated on the dashboard. Beyond month 48; retained for floor analysis."
IL,2024-08,month,55,adult_use,retail,infused_nonedible,all,mean,usd_per_gram,38.49,unknown,"Illinois Cannabis Regulation Oversight Office, Cannabis Sales Figures dashboard, ""Adult Use Prices"" view (Tableau, public.data.illinois.gov)",https://cannabis.illinois.gov/research-and-data/sales-figures.html,2026-09-24,download,"CROO dashboard measure 'Price per Gram of Item', category 'Infused NonEdible'. Averaging method (simple vs volume-weighted) and tax treatment not stated on the dashboard. Beyond month 48; retained for floor analysis. Published at 2-decimal precision, unlike most months (which carry 9); possibly entered separately."
IL,2024-09,month,56,adult_use,retail,infused_nonedible,all,mean,usd_per_gram,36.685678301,unknown,"Illinois Cannabis Regulation Oversight Office, Cannabis Sales Figures dashboard, ""Adult Use Prices"" view (Tableau, public.data.illinois.gov)",https://cannabis.illinois.gov/research-and-data/sales-figures.html,2026-09-24,download,"CROO dashboard measure 'Price per Gram of Item', category 'Infused NonEdible'. Averaging method (simple vs volume-weighted) and tax treatment not stated on the dashboard. Beyond month 48; retained for floor analysis."
IL,2024-10,month,57,adult_use,retail,infused_nonedible,all,mean,usd_per_gram,37.57,unknown,"Illinois Cannabis Regulation Oversight Office, Cannabis Sales Figures dashboard, ""Adult Use Prices"" view (Tableau, public.data.illinois.gov)",https://cannabis.illinois.gov/research-and-data/sales-figures.html,2026-09-24,download,"CROO dashboard measure 'Price per Gram of Item', category 'Infused NonEdible'. Averaging method (simple vs volume-weighted) and tax treatment not stated on the dashboard. Beyond month 48; retained for floor analysis. Published at 2-decimal precision, unlike most months (which carry 9); possibly entered separately."
IL,2024-11,month,58,adult_use,retail,infused_nonedible,all,mean,usd_per_gram,34.56,unknown,"Illinois Cannabis Regulation Oversight Office, Cannabis Sales Figures dashboard, ""Adult Use Prices"" view (Tableau, public.data.illinois.gov)",https://cannabis.illinois.gov/research-and-data/sales-figures.html,2026-09-24,download,"CROO dashboard measure 'Price per Gram of Item', category 'Infused NonEdible'. Averaging method (simple vs volume-weighted) and tax treatment not stated on the dashboard. Beyond month 48; retained for floor analysis. Published at 2-decimal precision, unlike most months (which carry 9); possibly entered separately."
IL,2024-12,month,59,adult_use,retail,infused_nonedible,all,mean,usd_per_gram,36.336189622,unknown,"Illinois Cannabis Regulation Oversight Office, Cannabis Sales Figures dashboard, ""Adult Use Prices"" view (Tableau, public.data.illinois.gov)",https://cannabis.illinois.gov/research-and-data/sales-figures.html,2026-09-24,download,"CROO dashboard measure 'Price per Gram of Item', category 'Infused NonEdible'. Averaging method (simple vs volume-weighted) and tax treatment not stated on the dashboard. Beyond month 48; retained for floor analysis."
IL,2025-01,month,60,adult_use,retail,infused_nonedible,all,mean,usd_per_gram,35.82,unknown,"Illinois Cannabis Regulation Oversight Office, Cannabis Sales Figures dashboard, ""Adult Use Prices"" view (Tableau, public.data.illinois.gov)",https://cannabis.illinois.gov/research-and-data/sales-figures.html,2026-09-24,download,"CROO dashboard measure 'Price per Gram of Item', category 'Infused NonEdible'. Averaging method (simple vs volume-weighted) and tax treatment not stated on the dashboard. Beyond month 48; retained for floor analysis. Published at 2-decimal precision, unlike most months (which carry 9); possibly entered separately."
IL,2025-02,month,61,adult_use,retail,infused_nonedible,all,mean,usd_per_gram,35.08,unknown,"Illinois Cannabis Regulation Oversight Office, Cannabis Sales Figures dashboard, ""Adult Use Prices"" view (Tableau, public.data.illinois.gov)",https://cannabis.illinois.gov/research-and-data/sales-figures.html,2026-09-24,download,"CROO dashboard measure 'Price per Gram of Item', category 'Infused NonEdible'. Averaging method (simple vs volume-weighted) and tax treatment not stated on the dashboard. Beyond month 48; retained for floor analysis. Published at 2-decimal precision, unlike most months (which carry 9); possibly entered separately."
IL,2025-03,month,62,adult_use,retail,infused_nonedible,all,mean,usd_per_gram,34.92,unknown,"Illinois Cannabis Regulation Oversight Office, Cannabis Sales Figures dashboard, ""Adult Use Prices"" view (Tableau, public.data.illinois.gov)",https://cannabis.illinois.gov/research-and-data/sales-figures.html,2026-09-24,download,"CROO dashboard measure 'Price per Gram of Item', category 'Infused NonEdible'. Averaging method (simple vs volume-weighted) and tax treatment not stated on the dashboard. Beyond month 48; retained for floor analysis. Published at 2-decimal precision, unlike most months (which carry 9); possibly entered separately."
IL,2025-04,month,63,adult_use,retail,infused_nonedible,all,mean,usd_per_gram,33.944256790,unknown,"Illinois Cannabis Regulation Oversight Office, Cannabis Sales Figures dashboard, ""Adult Use Prices"" view (Tableau, public.data.illinois.gov)",https://cannabis.illinois.gov/research-and-data/sales-figures.html,2026-09-24,download,"CROO dashboard measure 'Price per Gram of Item', category 'Infused NonEdible'. Averaging method (simple vs volume-weighted) and tax treatment not stated on the dashboard. Beyond month 48; retained for floor analysis."
IL,2025-05,month,64,adult_use,retail,infused_nonedible,all,mean,usd_per_gram,33.96,unknown,"Illinois Cannabis Regulation Oversight Office, Cannabis Sales Figures dashboard, ""Adult Use Prices"" view (Tableau, public.data.illinois.gov)",https://cannabis.illinois.gov/research-and-data/sales-figures.html,2026-09-24,download,"CROO dashboard measure 'Price per Gram of Item', category 'Infused NonEdible'. Averaging method (simple vs volume-weighted) and tax treatment not stated on the dashboard. Beyond month 48; retained for floor analysis. Published at 2-decimal precision, unlike most months (which carry 9); possibly entered separately."
IL,2025-06,month,65,adult_use,retail,infused_nonedible,all,mean,usd_per_gram,30.44,unknown,"Illinois Cannabis Regulation Oversight Office, Cannabis Sales Figures dashboard, ""Adult Use Prices"" view (Tableau, public.data.illinois.gov)",https://cannabis.illinois.gov/research-and-data/sales-figures.html,2026-09-24,download,"CROO dashboard measure 'Price per Gram of Item', category 'Infused NonEdible'. Averaging method (simple vs volume-weighted) and tax treatment not stated on the dashboard. Beyond month 48; retained for floor analysis. Published at 2-decimal precision, unlike most months (which carry 9); possibly entered separately. After a level shift in Jun-Jul 2025 across all categories and both markets (e.g., adult-use flower $8.98 Jun to $6.71 Jul 2025). CROO says its price charts were regrouped to reflect new seed-to-sale definitions; treat as a possible definition break."
IL,2025-07,month,66,adult_use,retail,infused_nonedible,all,mean,usd_per_gram,28.21,unknown,"Illinois Cannabis Regulation Oversight Office, Cannabis Sales Figures dashboard, ""Adult Use Prices"" view (Tableau, public.data.illinois.gov)",https://cannabis.illinois.gov/research-and-data/sales-figures.html,2026-09-24,download,"CROO dashboard measure 'Price per Gram of Item', category 'Infused NonEdible'. Averaging method (simple vs volume-weighted) and tax treatment not stated on the dashboard. Beyond month 48; retained for floor analysis. Published at 2-decimal precision, unlike most months (which carry 9); possibly entered separately. After a level shift in Jun-Jul 2025 across all categories and both markets (e.g., adult-use flower $8.98 Jun to $6.71 Jul 2025). CROO says its price charts were regrouped to reflect new seed-to-sale definitions; treat as a possible definition break."
IL,2025-08,month,67,adult_use,retail,infused_nonedible,all,mean,usd_per_gram,27.37,unknown,"Illinois Cannabis Regulation Oversight Office, Cannabis Sales Figures dashboard, ""Adult Use Prices"" view (Tableau, public.data.illinois.gov)",https://cannabis.illinois.gov/research-and-data/sales-figures.html,2026-09-24,download,"CROO dashboard measure 'Price per Gram of Item', category 'Infused NonEdible'. Averaging method (simple vs volume-weighted) and tax treatment not stated on the dashboard. Beyond month 48; retained for floor analysis. Published at 2-decimal precision, unlike most months (which carry 9); possibly entered separately. After a level shift in Jun-Jul 2025 across all categories and both markets (e.g., adult-use flower $8.98 Jun to $6.71 Jul 2025). CROO says its price charts were regrouped to reflect new seed-to-sale definitions; treat as a possible definition break."
IL,2025-09,month,68,adult_use,retail,infused_nonedible,all,mean,usd_per_gram,26.3,unknown,"Illinois Cannabis Regulation Oversight Office, Cannabis Sales Figures dashboard, ""Adult Use Prices"" view (Tableau, public.data.illinois.gov)",https://cannabis.illinois.gov/research-and-data/sales-figures.html,2026-09-24,download,"CROO dashboard measure 'Price per Gram of Item', category 'Infused NonEdible'. Averaging method (simple vs volume-weighted) and tax treatment not stated on the dashboard. Beyond month 48; retained for floor analysis. Published at 2-decimal precision, unlike most months (which carry 9); possibly entered separately. After a level shift in Jun-Jul 2025 across all categories and both markets (e.g., adult-use flower $8.98 Jun to $6.71 Jul 2025). CROO says its price charts were regrouped to reflect new seed-to-sale definitions; treat as a possible definition break."
IL,2025-10,month,69,adult_use,retail,infused_nonedible,all,mean,usd_per_gram,26.73,unknown,"Illinois Cannabis Regulation Oversight Office, Cannabis Sales Figures dashboard, ""Adult Use Prices"" view (Tableau, public.data.illinois.gov)",https://cannabis.illinois.gov/research-and-data/sales-figures.html,2026-09-24,download,"CROO dashboard measure 'Price per Gram of Item', category 'Infused NonEdible'. Averaging method (simple vs volume-weighted) and tax treatment not stated on the dashboard. Beyond month 48; retained for floor analysis. Published at 2-decimal precision, unlike most months (which carry 9); possibly entered separately. After a level shift in Jun-Jul 2025 across all categories and both markets (e.g., adult-use flower $8.98 Jun to $6.71 Jul 2025). CROO says its price charts were regrouped to reflect new seed-to-sale definitions; treat as a possible definition break."
IL,2025-11,month,70,adult_use,retail,infused_nonedible,all,mean,usd_per_gram,27.16,unknown,"Illinois Cannabis Regulation Oversight Office, Cannabis Sales Figures dashboard, ""Adult Use Prices"" view (Tableau, public.data.illinois.gov)",https://cannabis.illinois.gov/research-and-data/sales-figures.html,2026-09-24,download,"CROO dashboard measure 'Price per Gram of Item', category 'Infused NonEdible'. Averaging method (simple vs volume-weighted) and tax treatment not stated on the dashboard. Beyond month 48; retained for floor analysis. Published at 2-decimal precision, unlike most months (which carry 9); possibly entered separately. After a level shift in Jun-Jul 2025 across all categories and both markets (e.g., adult-use flower $8.98 Jun to $6.71 Jul 2025). CROO says its price charts were regrouped to reflect new seed-to-sale definitions; treat as a possible definition break."
IL,2025-12,month,71,adult_use,retail,infused_nonedible,all,mean,usd_per_gram,26.72,unknown,"Illinois Cannabis Regulation Oversight Office, Cannabis Sales Figures dashboard, ""Adult Use Prices"" view (Tableau, public.data.illinois.gov)",https://cannabis.illinois.gov/research-and-data/sales-figures.html,2026-09-24,download,"CROO dashboard measure 'Price per Gram of Item', category 'Infused NonEdible'. Averaging method (simple vs volume-weighted) and tax treatment not stated on the dashboard. Beyond month 48; retained for floor analysis. Published at 2-decimal precision, unlike most months (which carry 9); possibly entered separately. After a level shift in Jun-Jul 2025 across all categories and both markets (e.g., adult-use flower $8.98 Jun to $6.71 Jul 2025). CROO says its price charts were regrouped to reflect new seed-to-sale definitions; treat as a possible definition break."
IL,2026-01,month,72,adult_use,retail,infused_nonedible,all,mean,usd_per_gram,27.77,unknown,"Illinois Cannabis Regulation Oversight Office, Cannabis Sales Figures dashboard, ""Adult Use Prices"" view (Tableau, public.data.illinois.gov)",https://cannabis.illinois.gov/research-and-data/sales-figures.html,2026-09-24,download,"CROO dashboard measure 'Price per Gram of Item', category 'Infused NonEdible'. Averaging method (simple vs volume-weighted) and tax treatment not stated on the dashboard. Beyond month 48; retained for floor analysis. Published at 2-decimal precision, unlike most months (which carry 9); possibly entered separately. After a level shift in Jun-Jul 2025 across all categories and both markets (e.g., adult-use flower $8.98 Jun to $6.71 Jul 2025). CROO says its price charts were regrouped to reflect new seed-to-sale definitions; treat as a possible definition break."
IL,2026-02,month,73,adult_use,retail,infused_nonedible,all,mean,usd_per_gram,26.95,unknown,"Illinois Cannabis Regulation Oversight Office, Cannabis Sales Figures dashboard, ""Adult Use Prices"" view (Tableau, public.data.illinois.gov)",https://cannabis.illinois.gov/research-and-data/sales-figures.html,2026-09-24,download,"CROO dashboard measure 'Price per Gram of Item', category 'Infused NonEdible'. Averaging method (simple vs volume-weighted) and tax treatment not stated on the dashboard. Beyond month 48; retained for floor analysis. Published at 2-decimal precision, unlike most months (which carry 9); possibly entered separately. After a level shift in Jun-Jul 2025 across all categories and both markets (e.g., adult-use flower $8.98 Jun to $6.71 Jul 2025). CROO says its price charts were regrouped to reflect new seed-to-sale definitions; treat as a possible definition break."
IL,2026-03,month,74,adult_use,retail,infused_nonedible,all,mean,usd_per_gram,27.16,unknown,"Illinois Cannabis Regulation Oversight Office, Cannabis Sales Figures dashboard, ""Adult Use Prices"" view (Tableau, public.data.illinois.gov)",https://cannabis.illinois.gov/research-and-data/sales-figures.html,2026-09-24,download,"CROO dashboard measure 'Price per Gram of Item', category 'Infused NonEdible'. Averaging method (simple vs volume-weighted) and tax treatment not stated on the dashboard. Beyond month 48; retained for floor analysis. Published at 2-decimal precision, unlike most months (which carry 9); possibly entered separately. After a level shift in Jun-Jul 2025 across all categories and both markets (e.g., adult-use flower $8.98 Jun to $6.71 Jul 2025). CROO says its price charts were regrouped to reflect new seed-to-sale definitions; treat as a possible definition break."
IL,2026-04,month,75,adult_use,retail,infused_nonedible,all,mean,usd_per_gram,26.03,unknown,"Illinois Cannabis Regulation Oversight Office, Cannabis Sales Figures dashboard, ""Adult Use Prices"" view (Tableau, public.data.illinois.gov)",https://cannabis.illinois.gov/research-and-data/sales-figures.html,2026-09-24,download,"CROO dashboard measure 'Price per Gram of Item', category 'Infused NonEdible'. Averaging method (simple vs volume-weighted) and tax treatment not stated on the dashboard. Beyond month 48; retained for floor analysis. Published at 2-decimal precision, unlike most months (which carry 9); possibly entered separately. After a level shift in Jun-Jul 2025 across all categories and both markets (e.g., adult-use flower $8.98 Jun to $6.71 Jul 2025). CROO says its price charts were regrouped to reflect new seed-to-sale definitions; treat as a possible definition break."
IL,2026-05,month,76,adult_use,retail,infused_nonedible,all,mean,usd_per_gram,28.87,unknown,"Illinois Cannabis Regulation Oversight Office, Cannabis Sales Figures dashboard, ""Adult Use Prices"" view (Tableau, public.data.illinois.gov)",https://cannabis.illinois.gov/research-and-data/sales-figures.html,2026-09-24,download,"CROO dashboard measure 'Price per Gram of Item', category 'Infused NonEdible'. Averaging method (simple vs volume-weighted) and tax treatment not stated on the dashboard. Beyond month 48; retained for floor analysis. Published at 2-decimal precision, unlike most months (which carry 9); possibly entered separately. After a level shift in Jun-Jul 2025 across all categories and both markets (e.g., adult-use flower $8.98 Jun to $6.71 Jul 2025). CROO says its price charts were regrouped to reflect new seed-to-sale definitions; treat as a possible definition break."
IL,2026-06,month,77,adult_use,retail,infused_nonedible,all,mean,usd_per_gram,28.57,unknown,"Illinois Cannabis Regulation Oversight Office, Cannabis Sales Figures dashboard, ""Adult Use Prices"" view (Tableau, public.data.illinois.gov)",https://cannabis.illinois.gov/research-and-data/sales-figures.html,2026-09-24,download,"CROO dashboard measure 'Price per Gram of Item', category 'Infused NonEdible'. Averaging method (simple vs volume-weighted) and tax treatment not stated on the dashboard. Beyond month 48; retained for floor analysis. Published at 2-decimal precision, unlike most months (which carry 9); possibly entered separately. After a level shift in Jun-Jul 2025 across all categories and both markets (e.g., adult-use flower $8.98 Jun to $6.71 Jul 2025). CROO says its price charts were regrouped to reflect new seed-to-sale definitions; treat as a possible definition break."
IL,2026-07,month,78,adult_use,retail,infused_nonedible,all,mean,usd_per_gram,29.68,unknown,"Illinois Cannabis Regulation Oversight Office, Cannabis Sales Figures dashboard, ""Adult Use Prices"" view (Tableau, public.data.illinois.gov)",https://cannabis.illinois.gov/research-and-data/sales-figures.html,2026-09-24,download,"CROO dashboard measure 'Price per Gram of Item', category 'Infused NonEdible'. Averaging method (simple vs volume-weighted) and tax treatment not stated on the dashboard. Beyond month 48; retained for floor analysis. Published at 2-decimal precision, unlike most months (which carry 9); possibly entered separately. After a level shift in Jun-Jul 2025 across all categories and both markets (e.g., adult-use flower $8.98 Jun to $6.71 Jul 2025). CROO says its price charts were regrouped to reflect new seed-to-sale definitions; treat as a possible definition break."
IL,2026-08,month,79,adult_use,retail,infused_nonedible,all,mean,usd_per_gram,29.79,unknown,"Illinois Cannabis Regulation Oversight Office, Cannabis Sales Figures dashboard, ""Adult Use Prices"" view (Tableau, public.data.illinois.gov)",https://cannabis.illinois.gov/research-and-data/sales-figures.html,2026-09-24,download,"CROO dashboard measure 'Price per Gram of Item', category 'Infused NonEdible'. Averaging method (simple vs volume-weighted) and tax treatment not stated on the dashboard. Beyond month 48; retained for floor analysis. Published at 2-decimal precision, unlike most months (which carry 9); possibly entered separately. After a level shift in Jun-Jul 2025 across all categories and both markets (e.g., adult-use flower $8.98 Jun to $6.71 Jul 2025). CROO says its price charts were regrouped to reflect new seed-to-sale definitions; treat as a possible definition break."
IL,2016-03,month,-46,medical,retail,infused_nonedible,all,mean,usd_per_gram,45.779682540,unknown,"Illinois Cannabis Regulation Oversight Office, Cannabis Sales Figures dashboard, ""Medical Prices"" view (Tableau, public.data.illinois.gov)",https://cannabis.illinois.gov/research-and-data/sales-figures.html,2026-09-24,download,"CROO dashboard measure 'Price per Gram of Item', category 'Infused NonEdible'. Averaging method (simple vs volume-weighted) and tax treatment not stated on the dashboard. Pre-launch medical month (adult-use sales began Jan 2020)."
IL,2016-04,month,-45,medical,retail,infused_nonedible,all,mean,usd_per_gram,41.924556452,unknown,"Illinois Cannabis Regulation Oversight Office, Cannabis Sales Figures dashboard, ""Medical Prices"" view (Tableau, public.data.illinois.gov)",https://cannabis.illinois.gov/research-and-data/sales-figures.html,2026-09-24,download,"CROO dashboard measure 'Price per Gram of Item', category 'Infused NonEdible'. Averaging method (simple vs volume-weighted) and tax treatment not stated on the dashboard. Pre-launch medical month (adult-use sales began Jan 2020)."
IL,2016-05,month,-44,medical,retail,infused_nonedible,all,mean,usd_per_gram,42.534043062,unknown,"Illinois Cannabis Regulation Oversight Office, Cannabis Sales Figures dashboard, ""Medical Prices"" view (Tableau, public.data.illinois.gov)",https://cannabis.illinois.gov/research-and-data/sales-figures.html,2026-09-24,download,"CROO dashboard measure 'Price per Gram of Item', category 'Infused NonEdible'. Averaging method (simple vs volume-weighted) and tax treatment not stated on the dashboard. Pre-launch medical month (adult-use sales began Jan 2020)."
IL,2016-06,month,-43,medical,retail,infused_nonedible,all,mean,usd_per_gram,39.317589744,unknown,"Illinois Cannabis Regulation Oversight Office, Cannabis Sales Figures dashboard, ""Medical Prices"" view (Tableau, public.data.illinois.gov)",https://cannabis.illinois.gov/research-and-data/sales-figures.html,2026-09-24,download,"CROO dashboard measure 'Price per Gram of Item', category 'Infused NonEdible'. Averaging method (simple vs volume-weighted) and tax treatment not stated on the dashboard. Pre-launch medical month (adult-use sales began Jan 2020)."
IL,2016-07,month,-42,medical,retail,infused_nonedible,all,mean,usd_per_gram,39.115485232,unknown,"Illinois Cannabis Regulation Oversight Office, Cannabis Sales Figures dashboard, ""Medical Prices"" view (Tableau, public.data.illinois.gov)",https://cannabis.illinois.gov/research-and-data/sales-figures.html,2026-09-24,download,"CROO dashboard measure 'Price per Gram of Item', category 'Infused NonEdible'. Averaging method (simple vs volume-weighted) and tax treatment not stated on the dashboard. Pre-launch medical month (adult-use sales began Jan 2020)."
IL,2016-08,month,-41,medical,retail,infused_nonedible,all,mean,usd_per_gram,40.425413534,unknown,"Illinois Cannabis Regulation Oversight Office, Cannabis Sales Figures dashboard, ""Medical Prices"" view (Tableau, public.data.illinois.gov)",https://cannabis.illinois.gov/research-and-data/sales-figures.html,2026-09-24,download,"CROO dashboard measure 'Price per Gram of Item', category 'Infused NonEdible'. Averaging method (simple vs volume-weighted) and tax treatment not stated on the dashboard. Pre-launch medical month (adult-use sales began Jan 2020)."
IL,2016-09,month,-40,medical,retail,infused_nonedible,all,mean,usd_per_gram,28.809335468,unknown,"Illinois Cannabis Regulation Oversight Office, Cannabis Sales Figures dashboard, ""Medical Prices"" view (Tableau, public.data.illinois.gov)",https://cannabis.illinois.gov/research-and-data/sales-figures.html,2026-09-24,download,"CROO dashboard measure 'Price per Gram of Item', category 'Infused NonEdible'. Averaging method (simple vs volume-weighted) and tax treatment not stated on the dashboard. Pre-launch medical month (adult-use sales began Jan 2020)."
IL,2016-10,month,-39,medical,retail,infused_nonedible,all,mean,usd_per_gram,21.247516110,unknown,"Illinois Cannabis Regulation Oversight Office, Cannabis Sales Figures dashboard, ""Medical Prices"" view (Tableau, public.data.illinois.gov)",https://cannabis.illinois.gov/research-and-data/sales-figures.html,2026-09-24,download,"CROO dashboard measure 'Price per Gram of Item', category 'Infused NonEdible'. Averaging method (simple vs volume-weighted) and tax treatment not stated on the dashboard. Pre-launch medical month (adult-use sales began Jan 2020)."
IL,2016-11,month,-38,medical,retail,infused_nonedible,all,mean,usd_per_gram,19.768114991,unknown,"Illinois Cannabis Regulation Oversight Office, Cannabis Sales Figures dashboard, ""Medical Prices"" view (Tableau, public.data.illinois.gov)",https://cannabis.illinois.gov/research-and-data/sales-figures.html,2026-09-24,download,"CROO dashboard measure 'Price per Gram of Item', category 'Infused NonEdible'. Averaging method (simple vs volume-weighted) and tax treatment not stated on the dashboard. Pre-launch medical month (adult-use sales began Jan 2020)."
IL,2016-12,month,-37,medical,retail,infused_nonedible,all,mean,usd_per_gram,21.058190804,unknown,"Illinois Cannabis Regulation Oversight Office, Cannabis Sales Figures dashboard, ""Medical Prices"" view (Tableau, public.data.illinois.gov)",https://cannabis.illinois.gov/research-and-data/sales-figures.html,2026-09-24,download,"CROO dashboard measure 'Price per Gram of Item', category 'Infused NonEdible'. Averaging method (simple vs volume-weighted) and tax treatment not stated on the dashboard. Pre-launch medical month (adult-use sales began Jan 2020)."
IL,2017-01,month,-36,medical,retail,infused_nonedible,all,mean,usd_per_gram,22.882844104,unknown,"Illinois Cannabis Regulation Oversight Office, Cannabis Sales Figures dashboard, ""Medical Prices"" view (Tableau, public.data.illinois.gov)",https://cannabis.illinois.gov/research-and-data/sales-figures.html,2026-09-24,download,"CROO dashboard measure 'Price per Gram of Item', category 'Infused NonEdible'. Averaging method (simple vs volume-weighted) and tax treatment not stated on the dashboard. Pre-launch medical month (adult-use sales began Jan 2020)."
IL,2017-02,month,-35,medical,retail,infused_nonedible,all,mean,usd_per_gram,22.505506896,unknown,"Illinois Cannabis Regulation Oversight Office, Cannabis Sales Figures dashboard, ""Medical Prices"" view (Tableau, public.data.illinois.gov)",https://cannabis.illinois.gov/research-and-data/sales-figures.html,2026-09-24,download,"CROO dashboard measure 'Price per Gram of Item', category 'Infused NonEdible'. Averaging method (simple vs volume-weighted) and tax treatment not stated on the dashboard. Pre-launch medical month (adult-use sales began Jan 2020)."
IL,2017-03,month,-34,medical,retail,infused_nonedible,all,mean,usd_per_gram,27.479567719,unknown,"Illinois Cannabis Regulation Oversight Office, Cannabis Sales Figures dashboard, ""Medical Prices"" view (Tableau, public.data.illinois.gov)",https://cannabis.illinois.gov/research-and-data/sales-figures.html,2026-09-24,download,"CROO dashboard measure 'Price per Gram of Item', category 'Infused NonEdible'. Averaging method (simple vs volume-weighted) and tax treatment not stated on the dashboard. Pre-launch medical month (adult-use sales began Jan 2020)."
IL,2017-04,month,-33,medical,retail,infused_nonedible,all,mean,usd_per_gram,27.091221832,unknown,"Illinois Cannabis Regulation Oversight Office, Cannabis Sales Figures dashboard, ""Medical Prices"" view (Tableau, public.data.illinois.gov)",https://cannabis.illinois.gov/research-and-data/sales-figures.html,2026-09-24,download,"CROO dashboard measure 'Price per Gram of Item', category 'Infused NonEdible'. Averaging method (simple vs volume-weighted) and tax treatment not stated on the dashboard. Pre-launch medical month (adult-use sales began Jan 2020)."
IL,2017-05,month,-32,medical,retail,infused_nonedible,all,mean,usd_per_gram,31.628595128,unknown,"Illinois Cannabis Regulation Oversight Office, Cannabis Sales Figures dashboard, ""Medical Prices"" view (Tableau, public.data.illinois.gov)",https://cannabis.illinois.gov/research-and-data/sales-figures.html,2026-09-24,download,"CROO dashboard measure 'Price per Gram of Item', category 'Infused NonEdible'. Averaging method (simple vs volume-weighted) and tax treatment not stated on the dashboard. Pre-launch medical month (adult-use sales began Jan 2020)."
IL,2017-06,month,-31,medical,retail,infused_nonedible,all,mean,usd_per_gram,29.191836626,unknown,"Illinois Cannabis Regulation Oversight Office, Cannabis Sales Figures dashboard, ""Medical Prices"" view (Tableau, public.data.illinois.gov)",https://cannabis.illinois.gov/research-and-data/sales-figures.html,2026-09-24,download,"CROO dashboard measure 'Price per Gram of Item', category 'Infused NonEdible'. Averaging method (simple vs volume-weighted) and tax treatment not stated on the dashboard. Pre-launch medical month (adult-use sales began Jan 2020)."
IL,2017-07,month,-30,medical,retail,infused_nonedible,all,mean,usd_per_gram,28.968295440,unknown,"Illinois Cannabis Regulation Oversight Office, Cannabis Sales Figures dashboard, ""Medical Prices"" view (Tableau, public.data.illinois.gov)",https://cannabis.illinois.gov/research-and-data/sales-figures.html,2026-09-24,download,"CROO dashboard measure 'Price per Gram of Item', category 'Infused NonEdible'. Averaging method (simple vs volume-weighted) and tax treatment not stated on the dashboard. Pre-launch medical month (adult-use sales began Jan 2020)."
IL,2017-08,month,-29,medical,retail,infused_nonedible,all,mean,usd_per_gram,31.029006815,unknown,"Illinois Cannabis Regulation Oversight Office, Cannabis Sales Figures dashboard, ""Medical Prices"" view (Tableau, public.data.illinois.gov)",https://cannabis.illinois.gov/research-and-data/sales-figures.html,2026-09-24,download,"CROO dashboard measure 'Price per Gram of Item', category 'Infused NonEdible'. Averaging method (simple vs volume-weighted) and tax treatment not stated on the dashboard. Pre-launch medical month (adult-use sales began Jan 2020)."
IL,2017-09,month,-28,medical,retail,infused_nonedible,all,mean,usd_per_gram,28.635527923,unknown,"Illinois Cannabis Regulation Oversight Office, Cannabis Sales Figures dashboard, ""Medical Prices"" view (Tableau, public.data.illinois.gov)",https://cannabis.illinois.gov/research-and-data/sales-figures.html,2026-09-24,download,"CROO dashboard measure 'Price per Gram of Item', category 'Infused NonEdible'. Averaging method (simple vs volume-weighted) and tax treatment not stated on the dashboard. Pre-launch medical month (adult-use sales began Jan 2020)."
IL,2017-10,month,-27,medical,retail,infused_nonedible,all,mean,usd_per_gram,29.6481515,unknown,"Illinois Cannabis Regulation Oversight Office, Cannabis Sales Figures dashboard, ""Medical Prices"" view (Tableau, public.data.illinois.gov)",https://cannabis.illinois.gov/research-and-data/sales-figures.html,2026-09-24,download,"CROO dashboard measure 'Price per Gram of Item', category 'Infused NonEdible'. Averaging method (simple vs volume-weighted) and tax treatment not stated on the dashboard. Pre-launch medical month (adult-use sales began Jan 2020)."
IL,2017-11,month,-26,medical,retail,infused_nonedible,all,mean,usd_per_gram,26.455718991,unknown,"Illinois Cannabis Regulation Oversight Office, Cannabis Sales Figures dashboard, ""Medical Prices"" view (Tableau, public.data.illinois.gov)",https://cannabis.illinois.gov/research-and-data/sales-figures.html,2026-09-24,download,"CROO dashboard measure 'Price per Gram of Item', category 'Infused NonEdible'. Averaging method (simple vs volume-weighted) and tax treatment not stated on the dashboard. Pre-launch medical month (adult-use sales began Jan 2020)."
IL,2017-12,month,-25,medical,retail,infused_nonedible,all,mean,usd_per_gram,25.751260240,unknown,"Illinois Cannabis Regulation Oversight Office, Cannabis Sales Figures dashboard, ""Medical Prices"" view (Tableau, public.data.illinois.gov)",https://cannabis.illinois.gov/research-and-data/sales-figures.html,2026-09-24,download,"CROO dashboard measure 'Price per Gram of Item', category 'Infused NonEdible'. Averaging method (simple vs volume-weighted) and tax treatment not stated on the dashboard. Pre-launch medical month (adult-use sales began Jan 2020)."
IL,2018-01,month,-24,medical,retail,infused_nonedible,all,mean,usd_per_gram,26.788001940,unknown,"Illinois Cannabis Regulation Oversight Office, Cannabis Sales Figures dashboard, ""Medical Prices"" view (Tableau, public.data.illinois.gov)",https://cannabis.illinois.gov/research-and-data/sales-figures.html,2026-09-24,download,"CROO dashboard measure 'Price per Gram of Item', category 'Infused NonEdible'. Averaging method (simple vs volume-weighted) and tax treatment not stated on the dashboard. Pre-launch medical month (adult-use sales began Jan 2020)."
IL,2018-02,month,-23,medical,retail,infused_nonedible,all,mean,usd_per_gram,27.364818423,unknown,"Illinois Cannabis Regulation Oversight Office, Cannabis Sales Figures dashboard, ""Medical Prices"" view (Tableau, public.data.illinois.gov)",https://cannabis.illinois.gov/research-and-data/sales-figures.html,2026-09-24,download,"CROO dashboard measure 'Price per Gram of Item', category 'Infused NonEdible'. Averaging method (simple vs volume-weighted) and tax treatment not stated on the dashboard. Pre-launch medical month (adult-use sales began Jan 2020)."
IL,2018-03,month,-22,medical,retail,infused_nonedible,all,mean,usd_per_gram,23.080600425,unknown,"Illinois Cannabis Regulation Oversight Office, Cannabis Sales Figures dashboard, ""Medical Prices"" view (Tableau, public.data.illinois.gov)",https://cannabis.illinois.gov/research-and-data/sales-figures.html,2026-09-24,download,"CROO dashboard measure 'Price per Gram of Item', category 'Infused NonEdible'. Averaging method (simple vs volume-weighted) and tax treatment not stated on the dashboard. Pre-launch medical month (adult-use sales began Jan 2020)."
IL,2018-04,month,-21,medical,retail,infused_nonedible,all,mean,usd_per_gram,24.865511638,unknown,"Illinois Cannabis Regulation Oversight Office, Cannabis Sales Figures dashboard, ""Medical Prices"" view (Tableau, public.data.illinois.gov)",https://cannabis.illinois.gov/research-and-data/sales-figures.html,2026-09-24,download,"CROO dashboard measure 'Price per Gram of Item', category 'Infused NonEdible'. Averaging method (simple vs volume-weighted) and tax treatment not stated on the dashboard. Pre-launch medical month (adult-use sales began Jan 2020)."
IL,2018-05,month,-20,medical,retail,infused_nonedible,all,mean,usd_per_gram,26.861995948,unknown,"Illinois Cannabis Regulation Oversight Office, Cannabis Sales Figures dashboard, ""Medical Prices"" view (Tableau, public.data.illinois.gov)",https://cannabis.illinois.gov/research-and-data/sales-figures.html,2026-09-24,download,"CROO dashboard measure 'Price per Gram of Item', category 'Infused NonEdible'. Averaging method (simple vs volume-weighted) and tax treatment not stated on the dashboard. Pre-launch medical month (adult-use sales began Jan 2020)."
IL,2018-06,month,-19,medical,retail,infused_nonedible,all,mean,usd_per_gram,27.492109482,unknown,"Illinois Cannabis Regulation Oversight Office, Cannabis Sales Figures dashboard, ""Medical Prices"" view (Tableau, public.data.illinois.gov)",https://cannabis.illinois.gov/research-and-data/sales-figures.html,2026-09-24,download,"CROO dashboard measure 'Price per Gram of Item', category 'Infused NonEdible'. Averaging method (simple vs volume-weighted) and tax treatment not stated on the dashboard. Pre-launch medical month (adult-use sales began Jan 2020)."
IL,2018-07,month,-18,medical,retail,infused_nonedible,all,mean,usd_per_gram,23.327669762,unknown,"Illinois Cannabis Regulation Oversight Office, Cannabis Sales Figures dashboard, ""Medical Prices"" view (Tableau, public.data.illinois.gov)",https://cannabis.illinois.gov/research-and-data/sales-figures.html,2026-09-24,download,"CROO dashboard measure 'Price per Gram of Item', category 'Infused NonEdible'. Averaging method (simple vs volume-weighted) and tax treatment not stated on the dashboard. Pre-launch medical month (adult-use sales began Jan 2020)."
IL,2018-08,month,-17,medical,retail,infused_nonedible,all,mean,usd_per_gram,25.100073320,unknown,"Illinois Cannabis Regulation Oversight Office, Cannabis Sales Figures dashboard, ""Medical Prices"" view (Tableau, public.data.illinois.gov)",https://cannabis.illinois.gov/research-and-data/sales-figures.html,2026-09-24,download,"CROO dashboard measure 'Price per Gram of Item', category 'Infused NonEdible'. Averaging method (simple vs volume-weighted) and tax treatment not stated on the dashboard. Pre-launch medical month (adult-use sales began Jan 2020)."
IL,2018-09,month,-16,medical,retail,infused_nonedible,all,mean,usd_per_gram,26.734767188,unknown,"Illinois Cannabis Regulation Oversight Office, Cannabis Sales Figures dashboard, ""Medical Prices"" view (Tableau, public.data.illinois.gov)",https://cannabis.illinois.gov/research-and-data/sales-figures.html,2026-09-24,download,"CROO dashboard measure 'Price per Gram of Item', category 'Infused NonEdible'. Averaging method (simple vs volume-weighted) and tax treatment not stated on the dashboard. Pre-launch medical month (adult-use sales began Jan 2020)."
IL,2018-10,month,-15,medical,retail,infused_nonedible,all,mean,usd_per_gram,27.845705050,unknown,"Illinois Cannabis Regulation Oversight Office, Cannabis Sales Figures dashboard, ""Medical Prices"" view (Tableau, public.data.illinois.gov)",https://cannabis.illinois.gov/research-and-data/sales-figures.html,2026-09-24,download,"CROO dashboard measure 'Price per Gram of Item', category 'Infused NonEdible'. Averaging method (simple vs volume-weighted) and tax treatment not stated on the dashboard. Pre-launch medical month (adult-use sales began Jan 2020)."
IL,2018-11,month,-14,medical,retail,infused_nonedible,all,mean,usd_per_gram,27.703759827,unknown,"Illinois Cannabis Regulation Oversight Office, Cannabis Sales Figures dashboard, ""Medical Prices"" view (Tableau, public.data.illinois.gov)",https://cannabis.illinois.gov/research-and-data/sales-figures.html,2026-09-24,download,"CROO dashboard measure 'Price per Gram of Item', category 'Infused NonEdible'. Averaging method (simple vs volume-weighted) and tax treatment not stated on the dashboard. Pre-launch medical month (adult-use sales began Jan 2020)."
IL,2018-12,month,-13,medical,retail,infused_nonedible,all,mean,usd_per_gram,27.409550236,unknown,"Illinois Cannabis Regulation Oversight Office, Cannabis Sales Figures dashboard, ""Medical Prices"" view (Tableau, public.data.illinois.gov)",https://cannabis.illinois.gov/research-and-data/sales-figures.html,2026-09-24,download,"CROO dashboard measure 'Price per Gram of Item', category 'Infused NonEdible'. Averaging method (simple vs volume-weighted) and tax treatment not stated on the dashboard. Pre-launch medical month (adult-use sales began Jan 2020)."
IL,2019-01,month,-12,medical,retail,infused_nonedible,all,mean,usd_per_gram,26.281338960,unknown,"Illinois Cannabis Regulation Oversight Office, Cannabis Sales Figures dashboard, ""Medical Prices"" view (Tableau, public.data.illinois.gov)",https://cannabis.illinois.gov/research-and-data/sales-figures.html,2026-09-24,download,"CROO dashboard measure 'Price per Gram of Item', category 'Infused NonEdible'. Averaging method (simple vs volume-weighted) and tax treatment not stated on the dashboard. Pre-launch medical month (adult-use sales began Jan 2020)."
IL,2019-02,month,-11,medical,retail,infused_nonedible,all,mean,usd_per_gram,26.108628356,unknown,"Illinois Cannabis Regulation Oversight Office, Cannabis Sales Figures dashboard, ""Medical Prices"" view (Tableau, public.data.illinois.gov)",https://cannabis.illinois.gov/research-and-data/sales-figures.html,2026-09-24,download,"CROO dashboard measure 'Price per Gram of Item', category 'Infused NonEdible'. Averaging method (simple vs volume-weighted) and tax treatment not stated on the dashboard. Pre-launch medical month (adult-use sales began Jan 2020)."
IL,2019-03,month,-10,medical,retail,infused_nonedible,all,mean,usd_per_gram,27.246858467,unknown,"Illinois Cannabis Regulation Oversight Office, Cannabis Sales Figures dashboard, ""Medical Prices"" view (Tableau, public.data.illinois.gov)",https://cannabis.illinois.gov/research-and-data/sales-figures.html,2026-09-24,download,"CROO dashboard measure 'Price per Gram of Item', category 'Infused NonEdible'. Averaging method (simple vs volume-weighted) and tax treatment not stated on the dashboard. Pre-launch medical month (adult-use sales began Jan 2020)."
IL,2019-04,month,-9,medical,retail,infused_nonedible,all,mean,usd_per_gram,29.115717453,unknown,"Illinois Cannabis Regulation Oversight Office, Cannabis Sales Figures dashboard, ""Medical Prices"" view (Tableau, public.data.illinois.gov)",https://cannabis.illinois.gov/research-and-data/sales-figures.html,2026-09-24,download,"CROO dashboard measure 'Price per Gram of Item', category 'Infused NonEdible'. Averaging method (simple vs volume-weighted) and tax treatment not stated on the dashboard. Pre-launch medical month (adult-use sales began Jan 2020)."
IL,2019-05,month,-8,medical,retail,infused_nonedible,all,mean,usd_per_gram,30.174795013,unknown,"Illinois Cannabis Regulation Oversight Office, Cannabis Sales Figures dashboard, ""Medical Prices"" view (Tableau, public.data.illinois.gov)",https://cannabis.illinois.gov/research-and-data/sales-figures.html,2026-09-24,download,"CROO dashboard measure 'Price per Gram of Item', category 'Infused NonEdible'. Averaging method (simple vs volume-weighted) and tax treatment not stated on the dashboard. Pre-launch medical month (adult-use sales began Jan 2020)."
IL,2019-06,month,-7,medical,retail,infused_nonedible,all,mean,usd_per_gram,30.538343989,unknown,"Illinois Cannabis Regulation Oversight Office, Cannabis Sales Figures dashboard, ""Medical Prices"" view (Tableau, public.data.illinois.gov)",https://cannabis.illinois.gov/research-and-data/sales-figures.html,2026-09-24,download,"CROO dashboard measure 'Price per Gram of Item', category 'Infused NonEdible'. Averaging method (simple vs volume-weighted) and tax treatment not stated on the dashboard. Pre-launch medical month (adult-use sales began Jan 2020)."
IL,2019-07,month,-6,medical,retail,infused_nonedible,all,mean,usd_per_gram,29.017217358,unknown,"Illinois Cannabis Regulation Oversight Office, Cannabis Sales Figures dashboard, ""Medical Prices"" view (Tableau, public.data.illinois.gov)",https://cannabis.illinois.gov/research-and-data/sales-figures.html,2026-09-24,download,"CROO dashboard measure 'Price per Gram of Item', category 'Infused NonEdible'. Averaging method (simple vs volume-weighted) and tax treatment not stated on the dashboard. Pre-launch medical month (adult-use sales began Jan 2020)."
IL,2019-08,month,-5,medical,retail,infused_nonedible,all,mean,usd_per_gram,30.012534780,unknown,"Illinois Cannabis Regulation Oversight Office, Cannabis Sales Figures dashboard, ""Medical Prices"" view (Tableau, public.data.illinois.gov)",https://cannabis.illinois.gov/research-and-data/sales-figures.html,2026-09-24,download,"CROO dashboard measure 'Price per Gram of Item', category 'Infused NonEdible'. Averaging method (simple vs volume-weighted) and tax treatment not stated on the dashboard. Pre-launch medical month (adult-use sales began Jan 2020)."
IL,2019-09,month,-4,medical,retail,infused_nonedible,all,mean,usd_per_gram,29.503450921,unknown,"Illinois Cannabis Regulation Oversight Office, Cannabis Sales Figures dashboard, ""Medical Prices"" view (Tableau, public.data.illinois.gov)",https://cannabis.illinois.gov/research-and-data/sales-figures.html,2026-09-24,download,"CROO dashboard measure 'Price per Gram of Item', category 'Infused NonEdible'. Averaging method (simple vs volume-weighted) and tax treatment not stated on the dashboard. Pre-launch medical month (adult-use sales began Jan 2020)."
IL,2019-10,month,-3,medical,retail,infused_nonedible,all,mean,usd_per_gram,28.681689949,unknown,"Illinois Cannabis Regulation Oversight Office, Cannabis Sales Figures dashboard, ""Medical Prices"" view (Tableau, public.data.illinois.gov)",https://cannabis.illinois.gov/research-and-data/sales-figures.html,2026-09-24,download,"CROO dashboard measure 'Price per Gram of Item', category 'Infused NonEdible'. Averaging method (simple vs volume-weighted) and tax treatment not stated on the dashboard. Pre-launch medical month (adult-use sales began Jan 2020)."
IL,2019-11,month,-2,medical,retail,infused_nonedible,all,mean,usd_per_gram,31.207130809,unknown,"Illinois Cannabis Regulation Oversight Office, Cannabis Sales Figures dashboard, ""Medical Prices"" view (Tableau, public.data.illinois.gov)",https://cannabis.illinois.gov/research-and-data/sales-figures.html,2026-09-24,download,"CROO dashboard measure 'Price per Gram of Item', category 'Infused NonEdible'. Averaging method (simple vs volume-weighted) and tax treatment not stated on the dashboard. Pre-launch medical month (adult-use sales began Jan 2020)."
IL,2019-12,month,-1,medical,retail,infused_nonedible,all,mean,usd_per_gram,31.206106675,unknown,"Illinois Cannabis Regulation Oversight Office, Cannabis Sales Figures dashboard, ""Medical Prices"" view (Tableau, public.data.illinois.gov)",https://cannabis.illinois.gov/research-and-data/sales-figures.html,2026-09-24,download,"CROO dashboard measure 'Price per Gram of Item', category 'Infused NonEdible'. Averaging method (simple vs volume-weighted) and tax treatment not stated on the dashboard. Pre-launch medical month (adult-use sales began Jan 2020)."
IL,2020-01,month,0,medical,retail,infused_nonedible,all,mean,usd_per_gram,32.889451223,unknown,"Illinois Cannabis Regulation Oversight Office, Cannabis Sales Figures dashboard, ""Medical Prices"" view (Tableau, public.data.illinois.gov)",https://cannabis.illinois.gov/research-and-data/sales-figures.html,2026-09-24,download,"CROO dashboard measure 'Price per Gram of Item', category 'Infused NonEdible'. Averaging method (simple vs volume-weighted) and tax treatment not stated on the dashboard."
IL,2020-02,month,1,medical,retail,infused_nonedible,all,mean,usd_per_gram,33.605460641,unknown,"Illinois Cannabis Regulation Oversight Office, Cannabis Sales Figures dashboard, ""Medical Prices"" view (Tableau, public.data.illinois.gov)",https://cannabis.illinois.gov/research-and-data/sales-figures.html,2026-09-24,download,"CROO dashboard measure 'Price per Gram of Item', category 'Infused NonEdible'. Averaging method (simple vs volume-weighted) and tax treatment not stated on the dashboard."
IL,2020-03,month,2,medical,retail,infused_nonedible,all,mean,usd_per_gram,33.179452703,unknown,"Illinois Cannabis Regulation Oversight Office, Cannabis Sales Figures dashboard, ""Medical Prices"" view (Tableau, public.data.illinois.gov)",https://cannabis.illinois.gov/research-and-data/sales-figures.html,2026-09-24,download,"CROO dashboard measure 'Price per Gram of Item', category 'Infused NonEdible'. Averaging method (simple vs volume-weighted) and tax treatment not stated on the dashboard."
IL,2020-04,month,3,medical,retail,infused_nonedible,all,mean,usd_per_gram,34.225624536,unknown,"Illinois Cannabis Regulation Oversight Office, Cannabis Sales Figures dashboard, ""Medical Prices"" view (Tableau, public.data.illinois.gov)",https://cannabis.illinois.gov/research-and-data/sales-figures.html,2026-09-24,download,"CROO dashboard measure 'Price per Gram of Item', category 'Infused NonEdible'. Averaging method (simple vs volume-weighted) and tax treatment not stated on the dashboard."
IL,2020-05,month,4,medical,retail,infused_nonedible,all,mean,usd_per_gram,34.990436076,unknown,"Illinois Cannabis Regulation Oversight Office, Cannabis Sales Figures dashboard, ""Medical Prices"" view (Tableau, public.data.illinois.gov)",https://cannabis.illinois.gov/research-and-data/sales-figures.html,2026-09-24,download,"CROO dashboard measure 'Price per Gram of Item', category 'Infused NonEdible'. Averaging method (simple vs volume-weighted) and tax treatment not stated on the dashboard."
IL,2020-06,month,5,medical,retail,infused_nonedible,all,mean,usd_per_gram,32.997357136,unknown,"Illinois Cannabis Regulation Oversight Office, Cannabis Sales Figures dashboard, ""Medical Prices"" view (Tableau, public.data.illinois.gov)",https://cannabis.illinois.gov/research-and-data/sales-figures.html,2026-09-24,download,"CROO dashboard measure 'Price per Gram of Item', category 'Infused NonEdible'. Averaging method (simple vs volume-weighted) and tax treatment not stated on the dashboard."
IL,2020-07,month,6,medical,retail,infused_nonedible,all,mean,usd_per_gram,31.177328692,unknown,"Illinois Cannabis Regulation Oversight Office, Cannabis Sales Figures dashboard, ""Medical Prices"" view (Tableau, public.data.illinois.gov)",https://cannabis.illinois.gov/research-and-data/sales-figures.html,2026-09-24,download,"CROO dashboard measure 'Price per Gram of Item', category 'Infused NonEdible'. Averaging method (simple vs volume-weighted) and tax treatment not stated on the dashboard."
IL,2020-08,month,7,medical,retail,infused_nonedible,all,mean,usd_per_gram,31.426687224,unknown,"Illinois Cannabis Regulation Oversight Office, Cannabis Sales Figures dashboard, ""Medical Prices"" view (Tableau, public.data.illinois.gov)",https://cannabis.illinois.gov/research-and-data/sales-figures.html,2026-09-24,download,"CROO dashboard measure 'Price per Gram of Item', category 'Infused NonEdible'. Averaging method (simple vs volume-weighted) and tax treatment not stated on the dashboard."
IL,2020-09,month,8,medical,retail,infused_nonedible,all,mean,usd_per_gram,31.270165703,unknown,"Illinois Cannabis Regulation Oversight Office, Cannabis Sales Figures dashboard, ""Medical Prices"" view (Tableau, public.data.illinois.gov)",https://cannabis.illinois.gov/research-and-data/sales-figures.html,2026-09-24,download,"CROO dashboard measure 'Price per Gram of Item', category 'Infused NonEdible'. Averaging method (simple vs volume-weighted) and tax treatment not stated on the dashboard."
IL,2020-10,month,9,medical,retail,infused_nonedible,all,mean,usd_per_gram,31.274987864,unknown,"Illinois Cannabis Regulation Oversight Office, Cannabis Sales Figures dashboard, ""Medical Prices"" view (Tableau, public.data.illinois.gov)",https://cannabis.illinois.gov/research-and-data/sales-figures.html,2026-09-24,download,"CROO dashboard measure 'Price per Gram of Item', category 'Infused NonEdible'. Averaging method (simple vs volume-weighted) and tax treatment not stated on the dashboard."
IL,2020-11,month,10,medical,retail,infused_nonedible,all,mean,usd_per_gram,31.210131981,unknown,"Illinois Cannabis Regulation Oversight Office, Cannabis Sales Figures dashboard, ""Medical Prices"" view (Tableau, public.data.illinois.gov)",https://cannabis.illinois.gov/research-and-data/sales-figures.html,2026-09-24,download,"CROO dashboard measure 'Price per Gram of Item', category 'Infused NonEdible'. Averaging method (simple vs volume-weighted) and tax treatment not stated on the dashboard."
IL,2020-12,month,11,medical,retail,infused_nonedible,all,mean,usd_per_gram,30.171661127,unknown,"Illinois Cannabis Regulation Oversight Office, Cannabis Sales Figures dashboard, ""Medical Prices"" view (Tableau, public.data.illinois.gov)",https://cannabis.illinois.gov/research-and-data/sales-figures.html,2026-09-24,download,"CROO dashboard measure 'Price per Gram of Item', category 'Infused NonEdible'. Averaging method (simple vs volume-weighted) and tax treatment not stated on the dashboard."
IL,2021-01,month,12,medical,retail,infused_nonedible,all,mean,usd_per_gram,28.204873519,unknown,"Illinois Cannabis Regulation Oversight Office, Cannabis Sales Figures dashboard, ""Medical Prices"" view (Tableau, public.data.illinois.gov)",https://cannabis.illinois.gov/research-and-data/sales-figures.html,2026-09-24,download,"CROO dashboard measure 'Price per Gram of Item', category 'Infused NonEdible'. Averaging method (simple vs volume-weighted) and tax treatment not stated on the dashboard."
IL,2021-02,month,13,medical,retail,infused_nonedible,all,mean,usd_per_gram,28.240069481,unknown,"Illinois Cannabis Regulation Oversight Office, Cannabis Sales Figures dashboard, ""Medical Prices"" view (Tableau, public.data.illinois.gov)",https://cannabis.illinois.gov/research-and-data/sales-figures.html,2026-09-24,download,"CROO dashboard measure 'Price per Gram of Item', category 'Infused NonEdible'. Averaging method (simple vs volume-weighted) and tax treatment not stated on the dashboard."
IL,2021-03,month,14,medical,retail,infused_nonedible,all,mean,usd_per_gram,30.544600622,unknown,"Illinois Cannabis Regulation Oversight Office, Cannabis Sales Figures dashboard, ""Medical Prices"" view (Tableau, public.data.illinois.gov)",https://cannabis.illinois.gov/research-and-data/sales-figures.html,2026-09-24,download,"CROO dashboard measure 'Price per Gram of Item', category 'Infused NonEdible'. Averaging method (simple vs volume-weighted) and tax treatment not stated on the dashboard."
IL,2021-04,month,15,medical,retail,infused_nonedible,all,mean,usd_per_gram,30.030214068,unknown,"Illinois Cannabis Regulation Oversight Office, Cannabis Sales Figures dashboard, ""Medical Prices"" view (Tableau, public.data.illinois.gov)",https://cannabis.illinois.gov/research-and-data/sales-figures.html,2026-09-24,download,"CROO dashboard measure 'Price per Gram of Item', category 'Infused NonEdible'. Averaging method (simple vs volume-weighted) and tax treatment not stated on the dashboard."
IL,2021-05,month,16,medical,retail,infused_nonedible,all,mean,usd_per_gram,32.733715885,unknown,"Illinois Cannabis Regulation Oversight Office, Cannabis Sales Figures dashboard, ""Medical Prices"" view (Tableau, public.data.illinois.gov)",https://cannabis.illinois.gov/research-and-data/sales-figures.html,2026-09-24,download,"CROO dashboard measure 'Price per Gram of Item', category 'Infused NonEdible'. Averaging method (simple vs volume-weighted) and tax treatment not stated on the dashboard."
IL,2021-06,month,17,medical,retail,infused_nonedible,all,mean,usd_per_gram,35.003132082,unknown,"Illinois Cannabis Regulation Oversight Office, Cannabis Sales Figures dashboard, ""Medical Prices"" view (Tableau, public.data.illinois.gov)",https://cannabis.illinois.gov/research-and-data/sales-figures.html,2026-09-24,download,"CROO dashboard measure 'Price per Gram of Item', category 'Infused NonEdible'. Averaging method (simple vs volume-weighted) and tax treatment not stated on the dashboard."
IL,2021-07,month,18,medical,retail,infused_nonedible,all,mean,usd_per_gram,33.634187227,unknown,"Illinois Cannabis Regulation Oversight Office, Cannabis Sales Figures dashboard, ""Medical Prices"" view (Tableau, public.data.illinois.gov)",https://cannabis.illinois.gov/research-and-data/sales-figures.html,2026-09-24,download,"CROO dashboard measure 'Price per Gram of Item', category 'Infused NonEdible'. Averaging method (simple vs volume-weighted) and tax treatment not stated on the dashboard."
IL,2021-08,month,19,medical,retail,infused_nonedible,all,mean,usd_per_gram,36.761133039,unknown,"Illinois Cannabis Regulation Oversight Office, Cannabis Sales Figures dashboard, ""Medical Prices"" view (Tableau, public.data.illinois.gov)",https://cannabis.illinois.gov/research-and-data/sales-figures.html,2026-09-24,download,"CROO dashboard measure 'Price per Gram of Item', category 'Infused NonEdible'. Averaging method (simple vs volume-weighted) and tax treatment not stated on the dashboard."
IL,2021-09,month,20,medical,retail,infused_nonedible,all,mean,usd_per_gram,37.635338432,unknown,"Illinois Cannabis Regulation Oversight Office, Cannabis Sales Figures dashboard, ""Medical Prices"" view (Tableau, public.data.illinois.gov)",https://cannabis.illinois.gov/research-and-data/sales-figures.html,2026-09-24,download,"CROO dashboard measure 'Price per Gram of Item', category 'Infused NonEdible'. Averaging method (simple vs volume-weighted) and tax treatment not stated on the dashboard."
IL,2021-10,month,21,medical,retail,infused_nonedible,all,mean,usd_per_gram,38.356594198,unknown,"Illinois Cannabis Regulation Oversight Office, Cannabis Sales Figures dashboard, ""Medical Prices"" view (Tableau, public.data.illinois.gov)",https://cannabis.illinois.gov/research-and-data/sales-figures.html,2026-09-24,download,"CROO dashboard measure 'Price per Gram of Item', category 'Infused NonEdible'. Averaging method (simple vs volume-weighted) and tax treatment not stated on the dashboard."
IL,2021-11,month,22,medical,retail,infused_nonedible,all,mean,usd_per_gram,41.695223273,unknown,"Illinois Cannabis Regulation Oversight Office, Cannabis Sales Figures dashboard, ""Medical Prices"" view (Tableau, public.data.illinois.gov)",https://cannabis.illinois.gov/research-and-data/sales-figures.html,2026-09-24,download,"CROO dashboard measure 'Price per Gram of Item', category 'Infused NonEdible'. Averaging method (simple vs volume-weighted) and tax treatment not stated on the dashboard."
IL,2021-12,month,23,medical,retail,infused_nonedible,all,mean,usd_per_gram,42.762387711,unknown,"Illinois Cannabis Regulation Oversight Office, Cannabis Sales Figures dashboard, ""Medical Prices"" view (Tableau, public.data.illinois.gov)",https://cannabis.illinois.gov/research-and-data/sales-figures.html,2026-09-24,download,"CROO dashboard measure 'Price per Gram of Item', category 'Infused NonEdible'. Averaging method (simple vs volume-weighted) and tax treatment not stated on the dashboard."
IL,2022-01,month,24,medical,retail,infused_nonedible,all,mean,usd_per_gram,42.207034057,unknown,"Illinois Cannabis Regulation Oversight Office, Cannabis Sales Figures dashboard, ""Medical Prices"" view (Tableau, public.data.illinois.gov)",https://cannabis.illinois.gov/research-and-data/sales-figures.html,2026-09-24,download,"CROO dashboard measure 'Price per Gram of Item', category 'Infused NonEdible'. Averaging method (simple vs volume-weighted) and tax treatment not stated on the dashboard."
IL,2022-02,month,25,medical,retail,infused_nonedible,all,mean,usd_per_gram,38.996626494,unknown,"Illinois Cannabis Regulation Oversight Office, Cannabis Sales Figures dashboard, ""Medical Prices"" view (Tableau, public.data.illinois.gov)",https://cannabis.illinois.gov/research-and-data/sales-figures.html,2026-09-24,download,"CROO dashboard measure 'Price per Gram of Item', category 'Infused NonEdible'. Averaging method (simple vs volume-weighted) and tax treatment not stated on the dashboard."
IL,2022-03,month,26,medical,retail,infused_nonedible,all,mean,usd_per_gram,37.591828164,unknown,"Illinois Cannabis Regulation Oversight Office, Cannabis Sales Figures dashboard, ""Medical Prices"" view (Tableau, public.data.illinois.gov)",https://cannabis.illinois.gov/research-and-data/sales-figures.html,2026-09-24,download,"CROO dashboard measure 'Price per Gram of Item', category 'Infused NonEdible'. Averaging method (simple vs volume-weighted) and tax treatment not stated on the dashboard."
IL,2022-04,month,27,medical,retail,infused_nonedible,all,mean,usd_per_gram,34.500385443,unknown,"Illinois Cannabis Regulation Oversight Office, Cannabis Sales Figures dashboard, ""Medical Prices"" view (Tableau, public.data.illinois.gov)",https://cannabis.illinois.gov/research-and-data/sales-figures.html,2026-09-24,download,"CROO dashboard measure 'Price per Gram of Item', category 'Infused NonEdible'. Averaging method (simple vs volume-weighted) and tax treatment not stated on the dashboard."
IL,2022-05,month,28,medical,retail,infused_nonedible,all,mean,usd_per_gram,34.441608257,unknown,"Illinois Cannabis Regulation Oversight Office, Cannabis Sales Figures dashboard, ""Medical Prices"" view (Tableau, public.data.illinois.gov)",https://cannabis.illinois.gov/research-and-data/sales-figures.html,2026-09-24,download,"CROO dashboard measure 'Price per Gram of Item', category 'Infused NonEdible'. Averaging method (simple vs volume-weighted) and tax treatment not stated on the dashboard."
IL,2022-06,month,29,medical,retail,infused_nonedible,all,mean,usd_per_gram,32.860394553,unknown,"Illinois Cannabis Regulation Oversight Office, Cannabis Sales Figures dashboard, ""Medical Prices"" view (Tableau, public.data.illinois.gov)",https://cannabis.illinois.gov/research-and-data/sales-figures.html,2026-09-24,download,"CROO dashboard measure 'Price per Gram of Item', category 'Infused NonEdible'. Averaging method (simple vs volume-weighted) and tax treatment not stated on the dashboard."
IL,2022-07,month,30,medical,retail,infused_nonedible,all,mean,usd_per_gram,29.480988448,unknown,"Illinois Cannabis Regulation Oversight Office, Cannabis Sales Figures dashboard, ""Medical Prices"" view (Tableau, public.data.illinois.gov)",https://cannabis.illinois.gov/research-and-data/sales-figures.html,2026-09-24,download,"CROO dashboard measure 'Price per Gram of Item', category 'Infused NonEdible'. Averaging method (simple vs volume-weighted) and tax treatment not stated on the dashboard."
IL,2022-08,month,31,medical,retail,infused_nonedible,all,mean,usd_per_gram,31.424464930,unknown,"Illinois Cannabis Regulation Oversight Office, Cannabis Sales Figures dashboard, ""Medical Prices"" view (Tableau, public.data.illinois.gov)",https://cannabis.illinois.gov/research-and-data/sales-figures.html,2026-09-24,download,"CROO dashboard measure 'Price per Gram of Item', category 'Infused NonEdible'. Averaging method (simple vs volume-weighted) and tax treatment not stated on the dashboard."
IL,2022-09,month,32,medical,retail,infused_nonedible,all,mean,usd_per_gram,32.197472158,unknown,"Illinois Cannabis Regulation Oversight Office, Cannabis Sales Figures dashboard, ""Medical Prices"" view (Tableau, public.data.illinois.gov)",https://cannabis.illinois.gov/research-and-data/sales-figures.html,2026-09-24,download,"CROO dashboard measure 'Price per Gram of Item', category 'Infused NonEdible'. Averaging method (simple vs volume-weighted) and tax treatment not stated on the dashboard."
IL,2022-10,month,33,medical,retail,infused_nonedible,all,mean,usd_per_gram,32.179715359,unknown,"Illinois Cannabis Regulation Oversight Office, Cannabis Sales Figures dashboard, ""Medical Prices"" view (Tableau, public.data.illinois.gov)",https://cannabis.illinois.gov/research-and-data/sales-figures.html,2026-09-24,download,"CROO dashboard measure 'Price per Gram of Item', category 'Infused NonEdible'. Averaging method (simple vs volume-weighted) and tax treatment not stated on the dashboard."
IL,2022-11,month,34,medical,retail,infused_nonedible,all,mean,usd_per_gram,32.798372062,unknown,"Illinois Cannabis Regulation Oversight Office, Cannabis Sales Figures dashboard, ""Medical Prices"" view (Tableau, public.data.illinois.gov)",https://cannabis.illinois.gov/research-and-data/sales-figures.html,2026-09-24,download,"CROO dashboard measure 'Price per Gram of Item', category 'Infused NonEdible'. Averaging method (simple vs volume-weighted) and tax treatment not stated on the dashboard."
IL,2022-12,month,35,medical,retail,infused_nonedible,all,mean,usd_per_gram,32.036287405,unknown,"Illinois Cannabis Regulation Oversight Office, Cannabis Sales Figures dashboard, ""Medical Prices"" view (Tableau, public.data.illinois.gov)",https://cannabis.illinois.gov/research-and-data/sales-figures.html,2026-09-24,download,"CROO dashboard measure 'Price per Gram of Item', category 'Infused NonEdible'. Averaging method (simple vs volume-weighted) and tax treatment not stated on the dashboard."
IL,2023-01,month,36,medical,retail,infused_nonedible,all,mean,usd_per_gram,32.036287405,unknown,"Illinois Cannabis Regulation Oversight Office, Cannabis Sales Figures dashboard, ""Medical Prices"" view (Tableau, public.data.illinois.gov)",https://cannabis.illinois.gov/research-and-data/sales-figures.html,2026-09-24,download,"CROO dashboard measure 'Price per Gram of Item', category 'Infused NonEdible'. Averaging method (simple vs volume-weighted) and tax treatment not stated on the dashboard. Identical to Dec 2022 in every category and both markets; likely a carried-forward value, not an independent January observation. Use with caution."
IL,2023-02,month,37,medical,retail,infused_nonedible,all,mean,usd_per_gram,31.954065054,unknown,"Illinois Cannabis Regulation Oversight Office, Cannabis Sales Figures dashboard, ""Medical Prices"" view (Tableau, public.data.illinois.gov)",https://cannabis.illinois.gov/research-and-data/sales-figures.html,2026-09-24,download,"CROO dashboard measure 'Price per Gram of Item', category 'Infused NonEdible'. Averaging method (simple vs volume-weighted) and tax treatment not stated on the dashboard."
IL,2023-03,month,38,medical,retail,infused_nonedible,all,mean,usd_per_gram,32.562416001,unknown,"Illinois Cannabis Regulation Oversight Office, Cannabis Sales Figures dashboard, ""Medical Prices"" view (Tableau, public.data.illinois.gov)",https://cannabis.illinois.gov/research-and-data/sales-figures.html,2026-09-24,download,"CROO dashboard measure 'Price per Gram of Item', category 'Infused NonEdible'. Averaging method (simple vs volume-weighted) and tax treatment not stated on the dashboard."
IL,2023-04,month,39,medical,retail,infused_nonedible,all,mean,usd_per_gram,35.4,unknown,"Illinois Cannabis Regulation Oversight Office, Cannabis Sales Figures dashboard, ""Medical Prices"" view (Tableau, public.data.illinois.gov)",https://cannabis.illinois.gov/research-and-data/sales-figures.html,2026-09-24,download,"CROO dashboard measure 'Price per Gram of Item', category 'Infused NonEdible'. Averaging method (simple vs volume-weighted) and tax treatment not stated on the dashboard. Published at 2-decimal precision, unlike most months (which carry 9); possibly entered separately."
IL,2023-05,month,40,medical,retail,infused_nonedible,all,mean,usd_per_gram,36.35,unknown,"Illinois Cannabis Regulation Oversight Office, Cannabis Sales Figures dashboard, ""Medical Prices"" view (Tableau, public.data.illinois.gov)",https://cannabis.illinois.gov/research-and-data/sales-figures.html,2026-09-24,download,"CROO dashboard measure 'Price per Gram of Item', category 'Infused NonEdible'. Averaging method (simple vs volume-weighted) and tax treatment not stated on the dashboard. Published at 2-decimal precision, unlike most months (which carry 9); possibly entered separately."
IL,2023-06,month,41,medical,retail,infused_nonedible,all,mean,usd_per_gram,36.337658594,unknown,"Illinois Cannabis Regulation Oversight Office, Cannabis Sales Figures dashboard, ""Medical Prices"" view (Tableau, public.data.illinois.gov)",https://cannabis.illinois.gov/research-and-data/sales-figures.html,2026-09-24,download,"CROO dashboard measure 'Price per Gram of Item', category 'Infused NonEdible'. Averaging method (simple vs volume-weighted) and tax treatment not stated on the dashboard."
IL,2023-07,month,42,medical,retail,infused_nonedible,all,mean,usd_per_gram,38.398959811,unknown,"Illinois Cannabis Regulation Oversight Office, Cannabis Sales Figures dashboard, ""Medical Prices"" view (Tableau, public.data.illinois.gov)",https://cannabis.illinois.gov/research-and-data/sales-figures.html,2026-09-24,download,"CROO dashboard measure 'Price per Gram of Item', category 'Infused NonEdible'. Averaging method (simple vs volume-weighted) and tax treatment not stated on the dashboard."
IL,2023-08,month,43,medical,retail,infused_nonedible,all,mean,usd_per_gram,36.888964263,unknown,"Illinois Cannabis Regulation Oversight Office, Cannabis Sales Figures dashboard, ""Medical Prices"" view (Tableau, public.data.illinois.gov)",https://cannabis.illinois.gov/research-and-data/sales-figures.html,2026-09-24,download,"CROO dashboard measure 'Price per Gram of Item', category 'Infused NonEdible'. Averaging method (simple vs volume-weighted) and tax treatment not stated on the dashboard."
IL,2023-09,month,44,medical,retail,infused_nonedible,all,mean,usd_per_gram,33.280040267,unknown,"Illinois Cannabis Regulation Oversight Office, Cannabis Sales Figures dashboard, ""Medical Prices"" view (Tableau, public.data.illinois.gov)",https://cannabis.illinois.gov/research-and-data/sales-figures.html,2026-09-24,download,"CROO dashboard measure 'Price per Gram of Item', category 'Infused NonEdible'. Averaging method (simple vs volume-weighted) and tax treatment not stated on the dashboard."
IL,2023-10,month,45,medical,retail,infused_nonedible,all,mean,usd_per_gram,33.892471542,unknown,"Illinois Cannabis Regulation Oversight Office, Cannabis Sales Figures dashboard, ""Medical Prices"" view (Tableau, public.data.illinois.gov)",https://cannabis.illinois.gov/research-and-data/sales-figures.html,2026-09-24,download,"CROO dashboard measure 'Price per Gram of Item', category 'Infused NonEdible'. Averaging method (simple vs volume-weighted) and tax treatment not stated on the dashboard."
IL,2023-11,month,46,medical,retail,infused_nonedible,all,mean,usd_per_gram,36.329559282,unknown,"Illinois Cannabis Regulation Oversight Office, Cannabis Sales Figures dashboard, ""Medical Prices"" view (Tableau, public.data.illinois.gov)",https://cannabis.illinois.gov/research-and-data/sales-figures.html,2026-09-24,download,"CROO dashboard measure 'Price per Gram of Item', category 'Infused NonEdible'. Averaging method (simple vs volume-weighted) and tax treatment not stated on the dashboard."
IL,2023-12,month,47,medical,retail,infused_nonedible,all,mean,usd_per_gram,34.395597850,unknown,"Illinois Cannabis Regulation Oversight Office, Cannabis Sales Figures dashboard, ""Medical Prices"" view (Tableau, public.data.illinois.gov)",https://cannabis.illinois.gov/research-and-data/sales-figures.html,2026-09-24,download,"CROO dashboard measure 'Price per Gram of Item', category 'Infused NonEdible'. Averaging method (simple vs volume-weighted) and tax treatment not stated on the dashboard."
IL,2024-01,month,48,medical,retail,infused_nonedible,all,mean,usd_per_gram,31.127299574,unknown,"Illinois Cannabis Regulation Oversight Office, Cannabis Sales Figures dashboard, ""Medical Prices"" view (Tableau, public.data.illinois.gov)",https://cannabis.illinois.gov/research-and-data/sales-figures.html,2026-09-24,download,"CROO dashboard measure 'Price per Gram of Item', category 'Infused NonEdible'. Averaging method (simple vs volume-weighted) and tax treatment not stated on the dashboard."
IL,2024-02,month,49,medical,retail,infused_nonedible,all,mean,usd_per_gram,33.301827691,unknown,"Illinois Cannabis Regulation Oversight Office, Cannabis Sales Figures dashboard, ""Medical Prices"" view (Tableau, public.data.illinois.gov)",https://cannabis.illinois.gov/research-and-data/sales-figures.html,2026-09-24,download,"CROO dashboard measure 'Price per Gram of Item', category 'Infused NonEdible'. Averaging method (simple vs volume-weighted) and tax treatment not stated on the dashboard. Beyond month 48; retained for floor analysis."
IL,2024-03,month,50,medical,retail,infused_nonedible,all,mean,usd_per_gram,34.627412725,unknown,"Illinois Cannabis Regulation Oversight Office, Cannabis Sales Figures dashboard, ""Medical Prices"" view (Tableau, public.data.illinois.gov)",https://cannabis.illinois.gov/research-and-data/sales-figures.html,2026-09-24,download,"CROO dashboard measure 'Price per Gram of Item', category 'Infused NonEdible'. Averaging method (simple vs volume-weighted) and tax treatment not stated on the dashboard. Beyond month 48; retained for floor analysis."
IL,2024-04,month,51,medical,retail,infused_nonedible,all,mean,usd_per_gram,33.71,unknown,"Illinois Cannabis Regulation Oversight Office, Cannabis Sales Figures dashboard, ""Medical Prices"" view (Tableau, public.data.illinois.gov)",https://cannabis.illinois.gov/research-and-data/sales-figures.html,2026-09-24,download,"CROO dashboard measure 'Price per Gram of Item', category 'Infused NonEdible'. Averaging method (simple vs volume-weighted) and tax treatment not stated on the dashboard. Beyond month 48; retained for floor analysis. Published at 2-decimal precision, unlike most months (which carry 9); possibly entered separately."
IL,2024-05,month,52,medical,retail,infused_nonedible,all,mean,usd_per_gram,34.35,unknown,"Illinois Cannabis Regulation Oversight Office, Cannabis Sales Figures dashboard, ""Medical Prices"" view (Tableau, public.data.illinois.gov)",https://cannabis.illinois.gov/research-and-data/sales-figures.html,2026-09-24,download,"CROO dashboard measure 'Price per Gram of Item', category 'Infused NonEdible'. Averaging method (simple vs volume-weighted) and tax treatment not stated on the dashboard. Beyond month 48; retained for floor analysis. Published at 2-decimal precision, unlike most months (which carry 9); possibly entered separately."
IL,2024-06,month,53,medical,retail,infused_nonedible,all,mean,usd_per_gram,32.54,unknown,"Illinois Cannabis Regulation Oversight Office, Cannabis Sales Figures dashboard, ""Medical Prices"" view (Tableau, public.data.illinois.gov)",https://cannabis.illinois.gov/research-and-data/sales-figures.html,2026-09-24,download,"CROO dashboard measure 'Price per Gram of Item', category 'Infused NonEdible'. Averaging method (simple vs volume-weighted) and tax treatment not stated on the dashboard. Beyond month 48; retained for floor analysis. Published at 2-decimal precision, unlike most months (which carry 9); possibly entered separately."
IL,2024-07,month,54,medical,retail,infused_nonedible,all,mean,usd_per_gram,34.366937013,unknown,"Illinois Cannabis Regulation Oversight Office, Cannabis Sales Figures dashboard, ""Medical Prices"" view (Tableau, public.data.illinois.gov)",https://cannabis.illinois.gov/research-and-data/sales-figures.html,2026-09-24,download,"CROO dashboard measure 'Price per Gram of Item', category 'Infused NonEdible'. Averaging method (simple vs volume-weighted) and tax treatment not stated on the dashboard. Beyond month 48; retained for floor analysis."
IL,2024-08,month,55,medical,retail,infused_nonedible,all,mean,usd_per_gram,34.01,unknown,"Illinois Cannabis Regulation Oversight Office, Cannabis Sales Figures dashboard, ""Medical Prices"" view (Tableau, public.data.illinois.gov)",https://cannabis.illinois.gov/research-and-data/sales-figures.html,2026-09-24,download,"CROO dashboard measure 'Price per Gram of Item', category 'Infused NonEdible'. Averaging method (simple vs volume-weighted) and tax treatment not stated on the dashboard. Beyond month 48; retained for floor analysis. Published at 2-decimal precision, unlike most months (which carry 9); possibly entered separately."
IL,2024-09,month,56,medical,retail,infused_nonedible,all,mean,usd_per_gram,30.726611629,unknown,"Illinois Cannabis Regulation Oversight Office, Cannabis Sales Figures dashboard, ""Medical Prices"" view (Tableau, public.data.illinois.gov)",https://cannabis.illinois.gov/research-and-data/sales-figures.html,2026-09-24,download,"CROO dashboard measure 'Price per Gram of Item', category 'Infused NonEdible'. Averaging method (simple vs volume-weighted) and tax treatment not stated on the dashboard. Beyond month 48; retained for floor analysis."
IL,2024-10,month,57,medical,retail,infused_nonedible,all,mean,usd_per_gram,33.75,unknown,"Illinois Cannabis Regulation Oversight Office, Cannabis Sales Figures dashboard, ""Medical Prices"" view (Tableau, public.data.illinois.gov)",https://cannabis.illinois.gov/research-and-data/sales-figures.html,2026-09-24,download,"CROO dashboard measure 'Price per Gram of Item', category 'Infused NonEdible'. Averaging method (simple vs volume-weighted) and tax treatment not stated on the dashboard. Beyond month 48; retained for floor analysis. Published at 2-decimal precision, unlike most months (which carry 9); possibly entered separately."
IL,2024-11,month,58,medical,retail,infused_nonedible,all,mean,usd_per_gram,30.436845912,unknown,"Illinois Cannabis Regulation Oversight Office, Cannabis Sales Figures dashboard, ""Medical Prices"" view (Tableau, public.data.illinois.gov)",https://cannabis.illinois.gov/research-and-data/sales-figures.html,2026-09-24,download,"CROO dashboard measure 'Price per Gram of Item', category 'Infused NonEdible'. Averaging method (simple vs volume-weighted) and tax treatment not stated on the dashboard. Beyond month 48; retained for floor analysis."
IL,2024-12,month,59,medical,retail,infused_nonedible,all,mean,usd_per_gram,32.904295639,unknown,"Illinois Cannabis Regulation Oversight Office, Cannabis Sales Figures dashboard, ""Medical Prices"" view (Tableau, public.data.illinois.gov)",https://cannabis.illinois.gov/research-and-data/sales-figures.html,2026-09-24,download,"CROO dashboard measure 'Price per Gram of Item', category 'Infused NonEdible'. Averaging method (simple vs volume-weighted) and tax treatment not stated on the dashboard. Beyond month 48; retained for floor analysis."
IL,2025-01,month,60,medical,retail,infused_nonedible,all,mean,usd_per_gram,34.590567649,unknown,"Illinois Cannabis Regulation Oversight Office, Cannabis Sales Figures dashboard, ""Medical Prices"" view (Tableau, public.data.illinois.gov)",https://cannabis.illinois.gov/research-and-data/sales-figures.html,2026-09-24,download,"CROO dashboard measure 'Price per Gram of Item', category 'Infused NonEdible'. Averaging method (simple vs volume-weighted) and tax treatment not stated on the dashboard. Beyond month 48; retained for floor analysis."
IL,2025-02,month,61,medical,retail,infused_nonedible,all,mean,usd_per_gram,32.37,unknown,"Illinois Cannabis Regulation Oversight Office, Cannabis Sales Figures dashboard, ""Medical Prices"" view (Tableau, public.data.illinois.gov)",https://cannabis.illinois.gov/research-and-data/sales-figures.html,2026-09-24,download,"CROO dashboard measure 'Price per Gram of Item', category 'Infused NonEdible'. Averaging method (simple vs volume-weighted) and tax treatment not stated on the dashboard. Beyond month 48; retained for floor analysis. Published at 2-decimal precision, unlike most months (which carry 9); possibly entered separately."
IL,2025-03,month,62,medical,retail,infused_nonedible,all,mean,usd_per_gram,34.723589651,unknown,"Illinois Cannabis Regulation Oversight Office, Cannabis Sales Figures dashboard, ""Medical Prices"" view (Tableau, public.data.illinois.gov)",https://cannabis.illinois.gov/research-and-data/sales-figures.html,2026-09-24,download,"CROO dashboard measure 'Price per Gram of Item', category 'Infused NonEdible'. Averaging method (simple vs volume-weighted) and tax treatment not stated on the dashboard. Beyond month 48; retained for floor analysis."
IL,2025-04,month,63,medical,retail,infused_nonedible,all,mean,usd_per_gram,30.293284332,unknown,"Illinois Cannabis Regulation Oversight Office, Cannabis Sales Figures dashboard, ""Medical Prices"" view (Tableau, public.data.illinois.gov)",https://cannabis.illinois.gov/research-and-data/sales-figures.html,2026-09-24,download,"CROO dashboard measure 'Price per Gram of Item', category 'Infused NonEdible'. Averaging method (simple vs volume-weighted) and tax treatment not stated on the dashboard. Beyond month 48; retained for floor analysis."
IL,2025-05,month,64,medical,retail,infused_nonedible,all,mean,usd_per_gram,35.95,unknown,"Illinois Cannabis Regulation Oversight Office, Cannabis Sales Figures dashboard, ""Medical Prices"" view (Tableau, public.data.illinois.gov)",https://cannabis.illinois.gov/research-and-data/sales-figures.html,2026-09-24,download,"CROO dashboard measure 'Price per Gram of Item', category 'Infused NonEdible'. Averaging method (simple vs volume-weighted) and tax treatment not stated on the dashboard. Beyond month 48; retained for floor analysis. Published at 2-decimal precision, unlike most months (which carry 9); possibly entered separately. Single-month outlier: 35.95 vs 30.29 prior and 31.73 next month. As published; not corrected."
IL,2025-06,month,65,medical,retail,infused_nonedible,all,mean,usd_per_gram,31.73,unknown,"Illinois Cannabis Regulation Oversight Office, Cannabis Sales Figures dashboard, ""Medical Prices"" view (Tableau, public.data.illinois.gov)",https://cannabis.illinois.gov/research-and-data/sales-figures.html,2026-09-24,download,"CROO dashboard measure 'Price per Gram of Item', category 'Infused NonEdible'. Averaging method (simple vs volume-weighted) and tax treatment not stated on the dashboard. Beyond month 48; retained for floor analysis. Published at 2-decimal precision, unlike most months (which carry 9); possibly entered separately. After a level shift in Jun-Jul 2025 across all categories and both markets (e.g., adult-use flower $8.98 Jun to $6.71 Jul 2025). CROO says its price charts were regrouped to reflect new seed-to-sale definitions; treat as a possible definition break."
IL,2025-07,month,66,medical,retail,infused_nonedible,all,mean,usd_per_gram,31.7,unknown,"Illinois Cannabis Regulation Oversight Office, Cannabis Sales Figures dashboard, ""Medical Prices"" view (Tableau, public.data.illinois.gov)",https://cannabis.illinois.gov/research-and-data/sales-figures.html,2026-09-24,download,"CROO dashboard measure 'Price per Gram of Item', category 'Infused NonEdible'. Averaging method (simple vs volume-weighted) and tax treatment not stated on the dashboard. Beyond month 48; retained for floor analysis. Published at 2-decimal precision, unlike most months (which carry 9); possibly entered separately. After a level shift in Jun-Jul 2025 across all categories and both markets (e.g., adult-use flower $8.98 Jun to $6.71 Jul 2025). CROO says its price charts were regrouped to reflect new seed-to-sale definitions; treat as a possible definition break."
IL,2025-08,month,67,medical,retail,infused_nonedible,all,mean,usd_per_gram,30.02,unknown,"Illinois Cannabis Regulation Oversight Office, Cannabis Sales Figures dashboard, ""Medical Prices"" view (Tableau, public.data.illinois.gov)",https://cannabis.illinois.gov/research-and-data/sales-figures.html,2026-09-24,download,"CROO dashboard measure 'Price per Gram of Item', category 'Infused NonEdible'. Averaging method (simple vs volume-weighted) and tax treatment not stated on the dashboard. Beyond month 48; retained for floor analysis. Published at 2-decimal precision, unlike most months (which carry 9); possibly entered separately. After a level shift in Jun-Jul 2025 across all categories and both markets (e.g., adult-use flower $8.98 Jun to $6.71 Jul 2025). CROO says its price charts were regrouped to reflect new seed-to-sale definitions; treat as a possible definition break."
IL,2025-09,month,68,medical,retail,infused_nonedible,all,mean,usd_per_gram,28.97,unknown,"Illinois Cannabis Regulation Oversight Office, Cannabis Sales Figures dashboard, ""Medical Prices"" view (Tableau, public.data.illinois.gov)",https://cannabis.illinois.gov/research-and-data/sales-figures.html,2026-09-24,download,"CROO dashboard measure 'Price per Gram of Item', category 'Infused NonEdible'. Averaging method (simple vs volume-weighted) and tax treatment not stated on the dashboard. Beyond month 48; retained for floor analysis. Published at 2-decimal precision, unlike most months (which carry 9); possibly entered separately. After a level shift in Jun-Jul 2025 across all categories and both markets (e.g., adult-use flower $8.98 Jun to $6.71 Jul 2025). CROO says its price charts were regrouped to reflect new seed-to-sale definitions; treat as a possible definition break."
IL,2025-10,month,69,medical,retail,infused_nonedible,all,mean,usd_per_gram,29.76,unknown,"Illinois Cannabis Regulation Oversight Office, Cannabis Sales Figures dashboard, ""Medical Prices"" view (Tableau, public.data.illinois.gov)",https://cannabis.illinois.gov/research-and-data/sales-figures.html,2026-09-24,download,"CROO dashboard measure 'Price per Gram of Item', category 'Infused NonEdible'. Averaging method (simple vs volume-weighted) and tax treatment not stated on the dashboard. Beyond month 48; retained for floor analysis. Published at 2-decimal precision, unlike most months (which carry 9); possibly entered separately. After a level shift in Jun-Jul 2025 across all categories and both markets (e.g., adult-use flower $8.98 Jun to $6.71 Jul 2025). CROO says its price charts were regrouped to reflect new seed-to-sale definitions; treat as a possible definition break."
IL,2025-11,month,70,medical,retail,infused_nonedible,all,mean,usd_per_gram,28.13,unknown,"Illinois Cannabis Regulation Oversight Office, Cannabis Sales Figures dashboard, ""Medical Prices"" view (Tableau, public.data.illinois.gov)",https://cannabis.illinois.gov/research-and-data/sales-figures.html,2026-09-24,download,"CROO dashboard measure 'Price per Gram of Item', category 'Infused NonEdible'. Averaging method (simple vs volume-weighted) and tax treatment not stated on the dashboard. Beyond month 48; retained for floor analysis. Published at 2-decimal precision, unlike most months (which carry 9); possibly entered separately. After a level shift in Jun-Jul 2025 across all categories and both markets (e.g., adult-use flower $8.98 Jun to $6.71 Jul 2025). CROO says its price charts were regrouped to reflect new seed-to-sale definitions; treat as a possible definition break."
IL,2025-12,month,71,medical,retail,infused_nonedible,all,mean,usd_per_gram,27.84,unknown,"Illinois Cannabis Regulation Oversight Office, Cannabis Sales Figures dashboard, ""Medical Prices"" view (Tableau, public.data.illinois.gov)",https://cannabis.illinois.gov/research-and-data/sales-figures.html,2026-09-24,download,"CROO dashboard measure 'Price per Gram of Item', category 'Infused NonEdible'. Averaging method (simple vs volume-weighted) and tax treatment not stated on the dashboard. Beyond month 48; retained for floor analysis. Published at 2-decimal precision, unlike most months (which carry 9); possibly entered separately. After a level shift in Jun-Jul 2025 across all categories and both markets (e.g., adult-use flower $8.98 Jun to $6.71 Jul 2025). CROO says its price charts were regrouped to reflect new seed-to-sale definitions; treat as a possible definition break."
IL,2026-01,month,72,medical,retail,infused_nonedible,all,mean,usd_per_gram,28.9,unknown,"Illinois Cannabis Regulation Oversight Office, Cannabis Sales Figures dashboard, ""Medical Prices"" view (Tableau, public.data.illinois.gov)",https://cannabis.illinois.gov/research-and-data/sales-figures.html,2026-09-24,download,"CROO dashboard measure 'Price per Gram of Item', category 'Infused NonEdible'. Averaging method (simple vs volume-weighted) and tax treatment not stated on the dashboard. Beyond month 48; retained for floor analysis. Published at 2-decimal precision, unlike most months (which carry 9); possibly entered separately. After a level shift in Jun-Jul 2025 across all categories and both markets (e.g., adult-use flower $8.98 Jun to $6.71 Jul 2025). CROO says its price charts were regrouped to reflect new seed-to-sale definitions; treat as a possible definition break."
IL,2026-02,month,73,medical,retail,infused_nonedible,all,mean,usd_per_gram,29.28,unknown,"Illinois Cannabis Regulation Oversight Office, Cannabis Sales Figures dashboard, ""Medical Prices"" view (Tableau, public.data.illinois.gov)",https://cannabis.illinois.gov/research-and-data/sales-figures.html,2026-09-24,download,"CROO dashboard measure 'Price per Gram of Item', category 'Infused NonEdible'. Averaging method (simple vs volume-weighted) and tax treatment not stated on the dashboard. Beyond month 48; retained for floor analysis. Published at 2-decimal precision, unlike most months (which carry 9); possibly entered separately. After a level shift in Jun-Jul 2025 across all categories and both markets (e.g., adult-use flower $8.98 Jun to $6.71 Jul 2025). CROO says its price charts were regrouped to reflect new seed-to-sale definitions; treat as a possible definition break."
IL,2026-03,month,74,medical,retail,infused_nonedible,all,mean,usd_per_gram,28.06,unknown,"Illinois Cannabis Regulation Oversight Office, Cannabis Sales Figures dashboard, ""Medical Prices"" view (Tableau, public.data.illinois.gov)",https://cannabis.illinois.gov/research-and-data/sales-figures.html,2026-09-24,download,"CROO dashboard measure 'Price per Gram of Item', category 'Infused NonEdible'. Averaging method (simple vs volume-weighted) and tax treatment not stated on the dashboard. Beyond month 48; retained for floor analysis. Published at 2-decimal precision, unlike most months (which carry 9); possibly entered separately. After a level shift in Jun-Jul 2025 across all categories and both markets (e.g., adult-use flower $8.98 Jun to $6.71 Jul 2025). CROO says its price charts were regrouped to reflect new seed-to-sale definitions; treat as a possible definition break."
IL,2026-04,month,75,medical,retail,infused_nonedible,all,mean,usd_per_gram,27.96,unknown,"Illinois Cannabis Regulation Oversight Office, Cannabis Sales Figures dashboard, ""Medical Prices"" view (Tableau, public.data.illinois.gov)",https://cannabis.illinois.gov/research-and-data/sales-figures.html,2026-09-24,download,"CROO dashboard measure 'Price per Gram of Item', category 'Infused NonEdible'. Averaging method (simple vs volume-weighted) and tax treatment not stated on the dashboard. Beyond month 48; retained for floor analysis. Published at 2-decimal precision, unlike most months (which carry 9); possibly entered separately. After a level shift in Jun-Jul 2025 across all categories and both markets (e.g., adult-use flower $8.98 Jun to $6.71 Jul 2025). CROO says its price charts were regrouped to reflect new seed-to-sale definitions; treat as a possible definition break."
IL,2026-05,month,76,medical,retail,infused_nonedible,all,mean,usd_per_gram,28.72,unknown,"Illinois Cannabis Regulation Oversight Office, Cannabis Sales Figures dashboard, ""Medical Prices"" view (Tableau, public.data.illinois.gov)",https://cannabis.illinois.gov/research-and-data/sales-figures.html,2026-09-24,download,"CROO dashboard measure 'Price per Gram of Item', category 'Infused NonEdible'. Averaging method (simple vs volume-weighted) and tax treatment not stated on the dashboard. Beyond month 48; retained for floor analysis. Published at 2-decimal precision, unlike most months (which carry 9); possibly entered separately. After a level shift in Jun-Jul 2025 across all categories and both markets (e.g., adult-use flower $8.98 Jun to $6.71 Jul 2025). CROO says its price charts were regrouped to reflect new seed-to-sale definitions; treat as a possible definition break."
IL,2026-06,month,77,medical,retail,infused_nonedible,all,mean,usd_per_gram,30.03,unknown,"Illinois Cannabis Regulation Oversight Office, Cannabis Sales Figures dashboard, ""Medical Prices"" view (Tableau, public.data.illinois.gov)",https://cannabis.illinois.gov/research-and-data/sales-figures.html,2026-09-24,download,"CROO dashboard measure 'Price per Gram of Item', category 'Infused NonEdible'. Averaging method (simple vs volume-weighted) and tax treatment not stated on the dashboard. Beyond month 48; retained for floor analysis. Published at 2-decimal precision, unlike most months (which carry 9); possibly entered separately. After a level shift in Jun-Jul 2025 across all categories and both markets (e.g., adult-use flower $8.98 Jun to $6.71 Jul 2025). CROO says its price charts were regrouped to reflect new seed-to-sale definitions; treat as a possible definition break."
IL,2026-07,month,78,medical,retail,infused_nonedible,all,mean,usd_per_gram,29.64,unknown,"Illinois Cannabis Regulation Oversight Office, Cannabis Sales Figures dashboard, ""Medical Prices"" view (Tableau, public.data.illinois.gov)",https://cannabis.illinois.gov/research-and-data/sales-figures.html,2026-09-24,download,"CROO dashboard measure 'Price per Gram of Item', category 'Infused NonEdible'. Averaging method (simple vs volume-weighted) and tax treatment not stated on the dashboard. Beyond month 48; retained for floor analysis. Published at 2-decimal precision, unlike most months (which carry 9); possibly entered separately. After a level shift in Jun-Jul 2025 across all categories and both markets (e.g., adult-use flower $8.98 Jun to $6.71 Jul 2025). CROO says its price charts were regrouped to reflect new seed-to-sale definitions; treat as a possible definition break."
IL,2026-08,month,79,medical,retail,infused_nonedible,all,mean,usd_per_gram,30,unknown,"Illinois Cannabis Regulation Oversight Office, Cannabis Sales Figures dashboard, ""Medical Prices"" view (Tableau, public.data.illinois.gov)",https://cannabis.illinois.gov/research-and-data/sales-figures.html,2026-09-24,download,"CROO dashboard measure 'Price per Gram of Item', category 'Infused NonEdible'. Averaging method (simple vs volume-weighted) and tax treatment not stated on the dashboard. Beyond month 48; retained for floor analysis. Published at 2-decimal precision, unlike most months (which carry 9); possibly entered separately. After a level shift in Jun-Jul 2025 across all categories and both markets (e.g., adult-use flower $8.98 Jun to $6.71 Jul 2025). CROO says its price charts were regrouped to reflect new seed-to-sale definitions; treat as a possible definition break."
IL,2020,year,,adult_use,retail,flower,all,mean,usd_per_ounce,452.41,unknown,"Cannabis Business Times, citing Illinois CROO",https://www.cannabisbusinesstimes.com/top-stories/news/15710420/how-much-does-an-ounce-of-cannabis-flower-cost-entering-2025,2026-09-23,transcribed,"Annual average. Reproduces exactly as the simple mean of the 12 monthly CROO adult-use flower (Buds) per-gram values for 2020 times 28.3495 g/oz ($15.958/g), so it is an unweighted average of monthly figures. Retained as secondary."
IL,2024,year,,adult_use,retail,flower,all,mean,usd_per_ounce,257.22,unknown,"Cannabis Business Times, citing Illinois CROO",https://www.cannabisbusinesstimes.com/top-stories/news/15710420/how-much-does-an-ounce-of-cannabis-flower-cost-entering-2025,2026-09-23,transcribed,"Annual average; beyond month 48. Does not reproduce from the current dashboard: the simple mean of the 12 monthly 2024 adult-use flower values is $8.998/g, or $255.08/oz (vs $257.22). The dashboard may have been revised since publication. Retained as secondary."
