state,period,period_type,months_since_launch,variable,value,unit,source_name,source_url,access_date,notes
OH,2026-09-17,snapshot,25,licensed_cultivators,39,count,"Ohio Division of Cannabis Control, DCC Update (web page, last updated 2026-09-17)",https://com.ohio.gov/divisions-and-programs/cannabis-control/licensee-resources/what-we-do/dcc-update,2026-09-25,"DCC Update page ""last updated September 17, 2026"". Cultivator Certificates of Operation (25 Level I dual-use, 14 Level II dual-use)."
OH,2026-09-17,snapshot,25,licensed_cultivators_level_i,25,count,"Ohio Division of Cannabis Control, DCC Update (web page, last updated 2026-09-17)",https://com.ohio.gov/divisions-and-programs/cannabis-control/licensee-resources/what-we-do/dcc-update,2026-09-25,"DCC Update page ""last updated September 17, 2026"". Level I dual-use Certificates of Operation. New variable name."
OH,2026-09-17,snapshot,25,licensed_cultivators_level_ii,14,count,"Ohio Division of Cannabis Control, DCC Update (web page, last updated 2026-09-17)",https://com.ohio.gov/divisions-and-programs/cannabis-control/licensee-resources/what-we-do/dcc-update,2026-09-25,"DCC Update page ""last updated September 17, 2026"". Level II dual-use Certificates of Operation. New variable name."
OH,2026-09-17,snapshot,25,licensed_processors,46,count,"Ohio Division of Cannabis Control, DCC Update (web page, last updated 2026-09-17)",https://com.ohio.gov/divisions-and-programs/cannabis-control/licensee-resources/what-we-do/dcc-update,2026-09-25,"DCC Update page ""last updated September 17, 2026"". Processor dual-use Certificates of Operation."
OH,2026-09-17,snapshot,25,licensed_testing_labs,7,count,"Ohio Division of Cannabis Control, DCC Update (web page, last updated 2026-09-17)",https://com.ohio.gov/divisions-and-programs/cannabis-control/licensee-resources/what-we-do/dcc-update,2026-09-25,"DCC Update page ""last updated September 17, 2026"". Testing laboratory dual-use Certificates of Operation. New variable name."
OH,2026-09-17,snapshot,25,licensed_retail_sites_dual_use,228,count,"Ohio Division of Cannabis Control, DCC Update (web page, last updated 2026-09-17)",https://com.ohio.gov/divisions-and-programs/cannabis-control/licensee-resources/what-we-do/dcc-update,2026-09-25,"DCC Update page ""last updated September 17, 2026"". Dispensaries holding dual-use Certificates of Operation (operating, serve both markets). Suffix _dual_use is new."
OH,2026-09-17,snapshot,25,provisional_retail_licenses,50,count,"Ohio Division of Cannabis Control, DCC Update (web page, last updated 2026-09-17)",https://com.ohio.gov/divisions-and-programs/cannabis-control/licensee-resources/what-we-do/dcc-update,2026-09-25,"DCC Update page ""last updated September 17, 2026"". Dispensary provisional licenses (not yet operating). New variable name."
OH,2026-07-31,snapshot,23,medical_patients_registered,473844,persons,"Ohio Division of Cannabis Control, DCC Update (web page, last updated 2026-09-17)",https://com.ohio.gov/divisions-and-programs/cannabis-control/licensee-resources/what-we-do/dcc-update,2026-09-25,"DCC Update page (last updated 2026-09-17), medical program figures ""as of 7/31/2026"". ""Registered patients"". DCC counts every patient ever registered since 2019 (the DCC 2024-10-25 presentation labels this series ""Registered Patients (Historical)""), so this is not an active-patient count. New variable name."
OH,2026-07-31,snapshot,23,medical_caregivers,42803,persons,"Ohio Division of Cannabis Control, DCC Update (web page, last updated 2026-09-17)",https://com.ohio.gov/divisions-and-programs/cannabis-control/licensee-resources/what-we-do/dcc-update,2026-09-25,"DCC Update page (last updated 2026-09-17), medical program figures ""as of 7/31/2026"". Registered caregivers."
OH,2026-08-15,snapshot,24,medical_unique_purchasers,438752,persons,"Ohio Division of Cannabis Control, DCC Update (web page, last updated 2026-09-17)",https://com.ohio.gov/divisions-and-programs/cannabis-control/licensee-resources/what-we-do/dcc-update,2026-09-25,"DCC Update page (last updated 2026-09-17), ""Unique purchasers (as of 8/15/2026)"", cumulative since program start. New variable name."
OH,2026-09-05,snapshot,25,total_sales_usd_cumulative_adult_use,1868032447,usd,"Ohio Division of Cannabis Control, DCC Update (web page, last updated 2026-09-17)",https://com.ohio.gov/divisions-and-programs/cannabis-control/licensee-resources/what-we-do/dcc-update,2026-09-25,"DCC Update page (last updated 2026-09-17), sales data ""as of 09/05/2026"", cumulative since market start (medical 2019-01-14, non-medical 2024-08-06). New variable name (_cumulative). ""Total Product Sales"", Non-Medical."
OH,2026-09-05,snapshot,25,total_sales_usd_cumulative_medical,2421461131,usd,"Ohio Division of Cannabis Control, DCC Update (web page, last updated 2026-09-17)",https://com.ohio.gov/divisions-and-programs/cannabis-control/licensee-resources/what-we-do/dcc-update,2026-09-25,"DCC Update page (last updated 2026-09-17), sales data ""as of 09/05/2026"", cumulative since market start (medical 2019-01-14, non-medical 2024-08-06). New variable name (_cumulative). ""Total Product Sales"", Medical. Page total $4,289,495,488 differs from the sum of the two market values ($4,289,493,578) as printed; values are recorded as published."
OH,2026-09-05,snapshot,25,flower_sold_lbs_cumulative_adult_use,295800,pounds,"Ohio Division of Cannabis Control, DCC Update (web page, last updated 2026-09-17)",https://com.ohio.gov/divisions-and-programs/cannabis-control/licensee-resources/what-we-do/dcc-update,2026-09-25,"DCC Update page (last updated 2026-09-17), sales data ""as of 09/05/2026"", cumulative since market start (medical 2019-01-14, non-medical 2024-08-06). New variable name (_cumulative). ""Plant Material (lbs)"", Non-Medical."
OH,2026-09-05,snapshot,25,flower_sold_lbs_cumulative_medical,364935,pounds,"Ohio Division of Cannabis Control, DCC Update (web page, last updated 2026-09-17)",https://com.ohio.gov/divisions-and-programs/cannabis-control/licensee-resources/what-we-do/dcc-update,2026-09-25,"DCC Update page (last updated 2026-09-17), sales data ""as of 09/05/2026"", cumulative since market start (medical 2019-01-14, non-medical 2024-08-06). New variable name (_cumulative). ""Plant Material (lbs)"", Medical. Page total 661,216 lbs differs from 295,800 + 364,935 = 660,735 as printed; values are recorded as published."
OH,2026-09-05,snapshot,25,transactions_cumulative_adult_use,27700898,count,"Ohio Division of Cannabis Control, DCC Update (web page, last updated 2026-09-17)",https://com.ohio.gov/divisions-and-programs/cannabis-control/licensee-resources/what-we-do/dcc-update,2026-09-25,"DCC Update page (last updated 2026-09-17), sales data ""as of 09/05/2026"", cumulative since market start (medical 2019-01-14, non-medical 2024-08-06). New variable name (_cumulative). ""Total Receipts"", Non-Medical."
OH,2026-09-05,snapshot,25,transactions_cumulative_medical,21852301,count,"Ohio Division of Cannabis Control, DCC Update (web page, last updated 2026-09-17)",https://com.ohio.gov/divisions-and-programs/cannabis-control/licensee-resources/what-we-do/dcc-update,2026-09-25,"DCC Update page (last updated 2026-09-17), sales data ""as of 09/05/2026"", cumulative since market start (medical 2019-01-14, non-medical 2024-08-06). New variable name (_cumulative). ""Total Receipts"", Medical."
OH,2026-02-18,snapshot,18,licensed_retail_sites_dual_use,199,count,"Ohio Legislative Service Commission, S.B. 56 (136th GA) Final Analysis, 2026-04-02 (corrected version)",https://www.legislature.ohio.gov/download?key=27450,2026-09-25,"LSC S.B. 56 Final Analysis, licenses ""as of February 18, 2026"". Operational dual-use dispensaries (281 dispensary licenses total)."
OH,2026-02-18,snapshot,18,provisional_retail_licenses,82,count,"Ohio Legislative Service Commission, S.B. 56 (136th GA) Final Analysis, 2026-04-02 (corrected version)",https://www.legislature.ohio.gov/download?key=27450,2026-09-25,"LSC S.B. 56 Final Analysis, licenses ""as of February 18, 2026"". DERIVED by agent: 11 medical provisional + 71 10(B) provisional dispensary licenses as printed."
OH,2026-02-18,snapshot,18,licensed_cultivators,37,count,"Ohio Legislative Service Commission, S.B. 56 (136th GA) Final Analysis, 2026-04-02 (corrected version)",https://www.legislature.ohio.gov/download?key=27450,2026-09-25,"LSC S.B. 56 Final Analysis, licenses ""as of February 18, 2026"". 23 Level I dual-use and 14 Level II dual-use."
OH,2026-02-18,snapshot,18,licensed_cultivators_level_i,23,count,"Ohio Legislative Service Commission, S.B. 56 (136th GA) Final Analysis, 2026-04-02 (corrected version)",https://www.legislature.ohio.gov/download?key=27450,2026-09-25,"LSC S.B. 56 Final Analysis, licenses ""as of February 18, 2026"". Level I dual-use."
OH,2026-02-18,snapshot,18,licensed_cultivators_level_ii,14,count,"Ohio Legislative Service Commission, S.B. 56 (136th GA) Final Analysis, 2026-04-02 (corrected version)",https://www.legislature.ohio.gov/download?key=27450,2026-09-25,"LSC S.B. 56 Final Analysis, licenses ""as of February 18, 2026"". Level II dual-use."
OH,2026-02-18,snapshot,18,licensed_processors,46,count,"Ohio Legislative Service Commission, S.B. 56 (136th GA) Final Analysis, 2026-04-02 (corrected version)",https://www.legislature.ohio.gov/download?key=27450,2026-09-25,"LSC S.B. 56 Final Analysis, licenses ""as of February 18, 2026"". Dual-use processors."
OH,2026-02-18,snapshot,18,licensed_testing_labs,8,count,"Ohio Legislative Service Commission, S.B. 56 (136th GA) Final Analysis, 2026-04-02 (corrected version)",https://www.legislature.ohio.gov/download?key=27450,2026-09-25,"LSC S.B. 56 Final Analysis, licenses ""as of February 18, 2026"". 6 dual-use and 2 medical provisional."
OH,2026-02-18,snapshot,18,medical_patients_registered,467085,persons,"Ohio Legislative Service Commission, S.B. 56 (136th GA) Final Analysis, 2026-04-02 (corrected version)",https://www.legislature.ohio.gov/download?key=27450,2026-09-25,"LSC S.B. 56 Final Analysis, licenses ""as of February 18, 2026"". ""registered medical marijuana patients"" (cumulative registrations, see 2026-07-31 row)."
OH,2026-02-18,snapshot,18,medical_caregivers,42438,persons,"Ohio Legislative Service Commission, S.B. 56 (136th GA) Final Analysis, 2026-04-02 (corrected version)",https://www.legislature.ohio.gov/download?key=27450,2026-09-25,"LSC S.B. 56 Final Analysis, licenses ""as of February 18, 2026"". Registered caregivers."
OH,2025-01-07,snapshot,5,licensed_retail_sites_dual_use,128,count,"Ohio Legislative Service Commission, S.B. 56 (136th GA) bill analysis, As Introduced, 2025-01-29",https://www.legislature.ohio.gov/download?key=24447,2026-09-25,"LSC S.B. 56 bill analysis As Introduced, licenses ""as of January 7, 2025"". Operational dual-use dispensaries (212 dispensary licenses total)."
OH,2025-01-07,snapshot,5,provisional_retail_licenses,84,count,"Ohio Legislative Service Commission, S.B. 56 (136th GA) bill analysis, As Introduced, 2025-01-29",https://www.legislature.ohio.gov/download?key=24447,2026-09-25,"LSC S.B. 56 bill analysis As Introduced, licenses ""as of January 7, 2025"". DERIVED by agent: 13 medical-only provisional + 71 dual-use provisional dispensary licenses as printed."
OH,2025-01-07,snapshot,5,licensed_cultivators,37,count,"Ohio Legislative Service Commission, S.B. 56 (136th GA) bill analysis, As Introduced, 2025-01-29",https://www.legislature.ohio.gov/download?key=24447,2026-09-25,"LSC S.B. 56 bill analysis As Introduced, licenses ""as of January 7, 2025"". 22 Level I dual-use, 14 Level II dual-use, 1 Level I medical-only."
OH,2025-01-07,snapshot,5,licensed_cultivators_level_i,23,count,"Ohio Legislative Service Commission, S.B. 56 (136th GA) bill analysis, As Introduced, 2025-01-29",https://www.legislature.ohio.gov/download?key=24447,2026-09-25,"LSC S.B. 56 bill analysis As Introduced, licenses ""as of January 7, 2025"". DERIVED by agent: 22 Level I dual-use + 1 Level I medical-only."
OH,2025-01-07,snapshot,5,licensed_cultivators_level_ii,14,count,"Ohio Legislative Service Commission, S.B. 56 (136th GA) bill analysis, As Introduced, 2025-01-29",https://www.legislature.ohio.gov/download?key=24447,2026-09-25,"LSC S.B. 56 bill analysis As Introduced, licenses ""as of January 7, 2025"". Level II dual-use."
OH,2025-01-07,snapshot,5,licensed_processors,46,count,"Ohio Legislative Service Commission, S.B. 56 (136th GA) bill analysis, As Introduced, 2025-01-29",https://www.legislature.ohio.gov/download?key=24447,2026-09-25,"LSC S.B. 56 bill analysis As Introduced, licenses ""as of January 7, 2025"". 44 dual-use and 2 medical-only."
OH,2025-01-07,snapshot,5,licensed_testing_labs,9,count,"Ohio Legislative Service Commission, S.B. 56 (136th GA) bill analysis, As Introduced, 2025-01-29",https://www.legislature.ohio.gov/download?key=24447,2026-09-25,"LSC S.B. 56 bill analysis As Introduced, licenses ""as of January 7, 2025"". 7 dual-use and 2 medical-only provisional."
OH,2025-01-07,snapshot,5,medical_patients_registered,448301,persons,"Ohio Legislative Service Commission, S.B. 56 (136th GA) bill analysis, As Introduced, 2025-01-29",https://www.legislature.ohio.gov/download?key=24447,2026-09-25,"LSC S.B. 56 bill analysis As Introduced (2025-01-29): ""approximately 448,301 registered medical patients""; the analysis gives no separate as-of date for patient counts, so the row carries the license as-of date 2025-01-07."
OH,2025-01-07,snapshot,5,medical_caregivers,41286,persons,"Ohio Legislative Service Commission, S.B. 56 (136th GA) bill analysis, As Introduced, 2025-01-29",https://www.legislature.ohio.gov/download?key=24447,2026-09-25,"LSC S.B. 56 bill analysis As Introduced (2025-01-29): 41,286 registered caregivers; no separate as-of date given, row carries the license as-of date."
OH,2024-10-25,snapshot,2,licensed_cultivators,37,count,"Ohio Division of Cannabis Control, ""Ohio Division of Cannabis Control Update"" presentation to Ohio Municipal League conference, 2024-10-25 (hosted by OML)",https://www.omlohio.org/DocumentCenter/View/2716/DCC-Program-Update---OML-Conference-October-25-2024,2026-09-25,DCC presentation dated 2024-10-25 (conference date); the slide does not print a separate as-of date. Cultivators.
OH,2024-10-25,snapshot,2,licensed_processors,46,count,"Ohio Division of Cannabis Control, ""Ohio Division of Cannabis Control Update"" presentation to Ohio Municipal League conference, 2024-10-25 (hosted by OML)",https://www.omlohio.org/DocumentCenter/View/2716/DCC-Program-Update---OML-Conference-October-25-2024,2026-09-25,DCC presentation dated 2024-10-25 (conference date); the slide does not print a separate as-of date. Processors.
OH,2024-10-25,snapshot,2,licensed_testing_labs,7,count,"Ohio Division of Cannabis Control, ""Ohio Division of Cannabis Control Update"" presentation to Ohio Municipal League conference, 2024-10-25 (hosted by OML)",https://www.omlohio.org/DocumentCenter/View/2716/DCC-Program-Update---OML-Conference-October-25-2024,2026-09-25,DCC presentation dated 2024-10-25 (conference date); the slide does not print a separate as-of date. Testing labs.
OH,2024-10-25,snapshot,2,licensed_retail_sites_dual_use,141,count,"Ohio Division of Cannabis Control, ""Ohio Division of Cannabis Control Update"" presentation to Ohio Municipal League conference, 2024-10-25 (hosted by OML)",https://www.omlohio.org/DocumentCenter/View/2716/DCC-Program-Update---OML-Conference-October-25-2024,2026-09-25,"DCC presentation dated 2024-10-25 (conference date); the slide does not print a separate as-of date. Dispensaries (141, listed as dual-use)."
OH,2024-10-25,snapshot,2,medical_patients_registered,443793,persons,"Ohio Division of Cannabis Control, ""Ohio Division of Cannabis Control Update"" presentation to Ohio Municipal League conference, 2024-10-25 (hosted by OML)",https://www.omlohio.org/DocumentCenter/View/2716/DCC-Program-Update---OML-Conference-October-25-2024,2026-09-25,"DCC presentation dated 2024-10-25 (conference date); the slide does not print a separate as-of date. ""Registered Patients (Historical)""."
OH,2024-10-25,snapshot,2,medical_patients,151932,persons,"Ohio Division of Cannabis Control, ""Ohio Division of Cannabis Control Update"" presentation to Ohio Municipal League conference, 2024-10-25 (hosted by OML)",https://www.omlohio.org/DocumentCenter/View/2716/DCC-Program-Update---OML-Conference-October-25-2024,2026-09-25,"DCC presentation dated 2024-10-25 (conference date); the slide does not print a separate as-of date. ""Active Patients (Purchasing)"". Only active-patient count found for Ohio."
OH,2024-10-25,snapshot,2,medical_caregivers,40911,persons,"Ohio Division of Cannabis Control, ""Ohio Division of Cannabis Control Update"" presentation to Ohio Municipal League conference, 2024-10-25 (hosted by OML)",https://www.omlohio.org/DocumentCenter/View/2716/DCC-Program-Update---OML-Conference-October-25-2024,2026-09-25,DCC presentation dated 2024-10-25 (conference date); the slide does not print a separate as-of date. Caregivers.
OH,2024-08-06,snapshot,0,licensed_retail_sites_dual_use,98,count,"Cannabis Business Times, ""98 Ohio Dispensaries Approved to Launch Adult-Use Cannabis Sales"" (2024-08-05)",https://www.cannabisbusinesstimes.com/us-states/ohio/news/15686527/98-ohio-dispensaries-approved-to-launch-adult-use-cannabis-sales,2026-09-25,Dispensaries receiving the first dual-use certificates of operation to begin adult-use sales on 2024-08-06; CBT reports 36 more awaited approval that week.
OH,2024-06-25,snapshot,-2,licensed_retail_sites_medical,126,count,"Cannabis Business Times, ""Ohio's Adult-Use Cannabis Sales Launch: What to Know"" (2024-06-25)",https://www.cannabisbusinesstimes.com/us-states/ohio/news/15686606/ohios-adult-use-cannabis-sales-launch-what-to-know,2026-09-25,CBT 2024-06-25 reporting DCC figures. Medical dispensaries eligible for dual-use conversion (operating medical dispensaries before adult-use launch).
OH,2024-06-25,snapshot,-2,licensed_cultivators_level_i,22,count,"Cannabis Business Times, ""Ohio's Adult-Use Cannabis Sales Launch: What to Know"" (2024-06-25)",https://www.cannabisbusinesstimes.com/us-states/ohio/news/15686606/ohios-adult-use-cannabis-sales-launch-what-to-know,2026-09-25,CBT 2024-06-25 reporting DCC figures. Level I medical cultivators.
OH,2024-06-25,snapshot,-2,licensed_cultivators_level_ii,14,count,"Cannabis Business Times, ""Ohio's Adult-Use Cannabis Sales Launch: What to Know"" (2024-06-25)",https://www.cannabisbusinesstimes.com/us-states/ohio/news/15686606/ohios-adult-use-cannabis-sales-launch-what-to-know,2026-09-25,CBT 2024-06-25 reporting DCC figures. Level II medical cultivators.
OH,2018,year,,adult_population_21plus,8619557,persons,"U.S. Census Bureau, American Community Survey 2018 1-year estimates, table B01001 (Sex by Age)",https://api.census.gov/data/2018/acs/acs1?get=B01001_001E&for=state:*,2026-09-25,"DERIVED by agent: B01001_001E total population (11,689,442) minus male and female ages under 21 (B01001_003E to _008E and _027E to _032E). Check passed: male + female totals equal the total. Point estimate; margins of error not recorded. Includes group-quarters population. No 2020 row: Census did not release standard 2020 ACS 1-year estimates. 2025 1-year estimates not yet in the API on the access date."
OH,2019,year,,adult_population_21plus,8627797,persons,"U.S. Census Bureau, American Community Survey 2019 1-year estimates, table B01001 (Sex by Age)",https://api.census.gov/data/2019/acs/acs1?get=B01001_001E&for=state:*,2026-09-25,"DERIVED by agent: B01001_001E total population (11,689,100) minus male and female ages under 21 (B01001_003E to _008E and _027E to _032E). Check passed: male + female totals equal the total. Point estimate; margins of error not recorded. Includes group-quarters population. No 2020 row: Census did not release standard 2020 ACS 1-year estimates. 2025 1-year estimates not yet in the API on the access date."
OH,2021,year,,adult_population_21plus,8700622,persons,"U.S. Census Bureau, American Community Survey 2021 1-year estimates, table B01001 (Sex by Age)",https://api.census.gov/data/2021/acs/acs1?get=B01001_001E&for=state:*,2026-09-25,"DERIVED by agent: B01001_001E total population (11,780,017) minus male and female ages under 21 (B01001_003E to _008E and _027E to _032E). Check passed: male + female totals equal the total. Point estimate; margins of error not recorded. Includes group-quarters population. No 2020 row: Census did not release standard 2020 ACS 1-year estimates. 2025 1-year estimates not yet in the API on the access date."
OH,2022,year,,adult_population_21plus,8734215,persons,"U.S. Census Bureau, American Community Survey 2022 1-year estimates, table B01001 (Sex by Age)",https://api.census.gov/data/2022/acs/acs1?get=B01001_001E&for=state:*,2026-09-25,"DERIVED by agent: B01001_001E total population (11,756,058) minus male and female ages under 21 (B01001_003E to _008E and _027E to _032E). Check passed: male + female totals equal the total. Point estimate; margins of error not recorded. Includes group-quarters population. No 2020 row: Census did not release standard 2020 ACS 1-year estimates. 2025 1-year estimates not yet in the API on the access date."
OH,2023,year,,adult_population_21plus,8760422,persons,"U.S. Census Bureau, American Community Survey 2023 1-year estimates, table B01001 (Sex by Age)",https://api.census.gov/data/2023/acs/acs1?get=B01001_001E&for=state:*,2026-09-25,"DERIVED by agent: B01001_001E total population (11,785,935) minus male and female ages under 21 (B01001_003E to _008E and _027E to _032E). Check passed: male + female totals equal the total. Point estimate; margins of error not recorded. Includes group-quarters population. No 2020 row: Census did not release standard 2020 ACS 1-year estimates. 2025 1-year estimates not yet in the API on the access date."
OH,2024,year,,adult_population_21plus,8849535,persons,"U.S. Census Bureau, American Community Survey 2024 1-year estimates, table B01001 (Sex by Age)",https://api.census.gov/data/2024/acs/acs1?get=B01001_001E&for=state:*,2026-09-25,"DERIVED by agent: B01001_001E total population (11,883,304) minus male and female ages under 21 (B01001_003E to _008E and _027E to _032E). Check passed: male + female totals equal the total. Point estimate; margins of error not recorded. Includes group-quarters population. No 2020 row: Census did not release standard 2020 ACS 1-year estimates. 2025 1-year estimates not yet in the API on the access date."
OH,2024-08,month,0,flower_sold_lbs_adult_use,4945.24,pounds,"Ohio Division of Cannabis Control, DCC Product Data - Non-Medical (weekly XLSX)",https://dam.assets.ohio.gov/image/upload/com.ohio.gov/DCC/DCC_Product_Data_-_Non-Medical.pdf,2026-09-25,"DERIVED by agent: sum of 4 weekly rows whose week-ending date (Saturday) falls in this month (2024-08-10;2024-08-17;2024-08-24;2024-08-31). XLSX supplied by the author 2026-09-25 (runs to week ending 2026-09-12); same DCC series as the PDF linked. First week (ending 2024-08-10) has five selling days; sales began 2024-08-06. Column ""Plant Material Sold (Pounds)""."
OH,2024-08,month,0,flower_sales_usd_adult_use,22668713.51,usd,"Ohio Division of Cannabis Control, DCC Product Data - Non-Medical (weekly XLSX)",https://dam.assets.ohio.gov/image/upload/com.ohio.gov/DCC/DCC_Product_Data_-_Non-Medical.pdf,2026-09-25,"DERIVED by agent: sum of 4 weekly rows whose week-ending date (Saturday) falls in this month (2024-08-10;2024-08-17;2024-08-24;2024-08-31). XLSX supplied by the author 2026-09-25 (runs to week ending 2026-09-12); same DCC series as the PDF linked. First week (ending 2024-08-10) has five selling days; sales began 2024-08-06. Column ""Total Sales (Plant Material)""."
OH,2024-08,month,0,total_sales_usd_adult_use,44051670.72,usd,"Ohio Division of Cannabis Control, DCC Product Data - Non-Medical (weekly XLSX)",https://dam.assets.ohio.gov/image/upload/com.ohio.gov/DCC/DCC_Product_Data_-_Non-Medical.pdf,2026-09-25,"DERIVED by agent: sum of 4 weekly rows whose week-ending date (Saturday) falls in this month (2024-08-10;2024-08-17;2024-08-24;2024-08-31). XLSX supplied by the author 2026-09-25 (runs to week ending 2026-09-12); same DCC series as the PDF linked. First week (ending 2024-08-10) has five selling days; sales began 2024-08-06. Sum of every ""... Sales"" column, plant material plus all manufactured product types. Cross-check: weekly totals match week-over-week differences of the DCC cumulative Historical Sales Data within 1% in 500 of 501 weeks."
OH,2024-09,month,1,flower_sold_lbs_adult_use,5268.21,pounds,"Ohio Division of Cannabis Control, DCC Product Data - Non-Medical (weekly XLSX)",https://dam.assets.ohio.gov/image/upload/com.ohio.gov/DCC/DCC_Product_Data_-_Non-Medical.pdf,2026-09-25,"DERIVED by agent: sum of 4 weekly rows whose week-ending date (Saturday) falls in this month (2024-09-07;2024-09-14;2024-09-21;2024-09-28). XLSX supplied by the author 2026-09-25 (runs to week ending 2026-09-12); same DCC series as the PDF linked. Column ""Plant Material Sold (Pounds)""."
OH,2024-09,month,1,flower_sales_usd_adult_use,21889686.8,usd,"Ohio Division of Cannabis Control, DCC Product Data - Non-Medical (weekly XLSX)",https://dam.assets.ohio.gov/image/upload/com.ohio.gov/DCC/DCC_Product_Data_-_Non-Medical.pdf,2026-09-25,"DERIVED by agent: sum of 4 weekly rows whose week-ending date (Saturday) falls in this month (2024-09-07;2024-09-14;2024-09-21;2024-09-28). XLSX supplied by the author 2026-09-25 (runs to week ending 2026-09-12); same DCC series as the PDF linked. Column ""Total Sales (Plant Material)""."
OH,2024-09,month,1,total_sales_usd_adult_use,43071418.44,usd,"Ohio Division of Cannabis Control, DCC Product Data - Non-Medical (weekly XLSX)",https://dam.assets.ohio.gov/image/upload/com.ohio.gov/DCC/DCC_Product_Data_-_Non-Medical.pdf,2026-09-25,"DERIVED by agent: sum of 4 weekly rows whose week-ending date (Saturday) falls in this month (2024-09-07;2024-09-14;2024-09-21;2024-09-28). XLSX supplied by the author 2026-09-25 (runs to week ending 2026-09-12); same DCC series as the PDF linked. Sum of every ""... Sales"" column, plant material plus all manufactured product types. Cross-check: weekly totals match week-over-week differences of the DCC cumulative Historical Sales Data within 1% in 500 of 501 weeks."
OH,2024-10,month,2,flower_sold_lbs_adult_use,6040.29,pounds,"Ohio Division of Cannabis Control, DCC Product Data - Non-Medical (weekly XLSX)",https://dam.assets.ohio.gov/image/upload/com.ohio.gov/DCC/DCC_Product_Data_-_Non-Medical.pdf,2026-09-25,"DERIVED by agent: sum of 4 weekly rows whose week-ending date (Saturday) falls in this month (2024-10-05;2024-10-12;2024-10-19;2024-10-26). XLSX supplied by the author 2026-09-25 (runs to week ending 2026-09-12); same DCC series as the PDF linked. Column ""Plant Material Sold (Pounds)""."
OH,2024-10,month,2,flower_sales_usd_adult_use,22570523.72,usd,"Ohio Division of Cannabis Control, DCC Product Data - Non-Medical (weekly XLSX)",https://dam.assets.ohio.gov/image/upload/com.ohio.gov/DCC/DCC_Product_Data_-_Non-Medical.pdf,2026-09-25,"DERIVED by agent: sum of 4 weekly rows whose week-ending date (Saturday) falls in this month (2024-10-05;2024-10-12;2024-10-19;2024-10-26). XLSX supplied by the author 2026-09-25 (runs to week ending 2026-09-12); same DCC series as the PDF linked. Column ""Total Sales (Plant Material)""."
OH,2024-10,month,2,total_sales_usd_adult_use,44690040.79,usd,"Ohio Division of Cannabis Control, DCC Product Data - Non-Medical (weekly XLSX)",https://dam.assets.ohio.gov/image/upload/com.ohio.gov/DCC/DCC_Product_Data_-_Non-Medical.pdf,2026-09-25,"DERIVED by agent: sum of 4 weekly rows whose week-ending date (Saturday) falls in this month (2024-10-05;2024-10-12;2024-10-19;2024-10-26). XLSX supplied by the author 2026-09-25 (runs to week ending 2026-09-12); same DCC series as the PDF linked. Sum of every ""... Sales"" column, plant material plus all manufactured product types. Cross-check: weekly totals match week-over-week differences of the DCC cumulative Historical Sales Data within 1% in 500 of 501 weeks."
OH,2024-11,month,3,flower_sold_lbs_adult_use,8598.08,pounds,"Ohio Division of Cannabis Control, DCC Product Data - Non-Medical (weekly XLSX)",https://dam.assets.ohio.gov/image/upload/com.ohio.gov/DCC/DCC_Product_Data_-_Non-Medical.pdf,2026-09-25,"DERIVED by agent: sum of 5 weekly rows whose week-ending date (Saturday) falls in this month (2024-11-02;2024-11-09;2024-11-16;2024-11-23;2024-11-30). XLSX supplied by the author 2026-09-25 (runs to week ending 2026-09-12); same DCC series as the PDF linked. DCC labels seven adult-use weeks from 2024-11-25 to 2025-01-06 with Monday or Tuesday dates; each was reassigned to the preceding Saturday after confirming identical pounds and sales in the DCC cumulative Historical Sales Data for that Saturday. Column ""Plant Material Sold (Pounds)""."
OH,2024-11,month,3,flower_sales_usd_adult_use,30265972.33,usd,"Ohio Division of Cannabis Control, DCC Product Data - Non-Medical (weekly XLSX)",https://dam.assets.ohio.gov/image/upload/com.ohio.gov/DCC/DCC_Product_Data_-_Non-Medical.pdf,2026-09-25,"DERIVED by agent: sum of 5 weekly rows whose week-ending date (Saturday) falls in this month (2024-11-02;2024-11-09;2024-11-16;2024-11-23;2024-11-30). XLSX supplied by the author 2026-09-25 (runs to week ending 2026-09-12); same DCC series as the PDF linked. DCC labels seven adult-use weeks from 2024-11-25 to 2025-01-06 with Monday or Tuesday dates; each was reassigned to the preceding Saturday after confirming identical pounds and sales in the DCC cumulative Historical Sales Data for that Saturday. Column ""Total Sales (Plant Material)""."
OH,2024-11,month,3,total_sales_usd_adult_use,59526790.04,usd,"Ohio Division of Cannabis Control, DCC Product Data - Non-Medical (weekly XLSX)",https://dam.assets.ohio.gov/image/upload/com.ohio.gov/DCC/DCC_Product_Data_-_Non-Medical.pdf,2026-09-25,"DERIVED by agent: sum of 5 weekly rows whose week-ending date (Saturday) falls in this month (2024-11-02;2024-11-09;2024-11-16;2024-11-23;2024-11-30). XLSX supplied by the author 2026-09-25 (runs to week ending 2026-09-12); same DCC series as the PDF linked. DCC labels seven adult-use weeks from 2024-11-25 to 2025-01-06 with Monday or Tuesday dates; each was reassigned to the preceding Saturday after confirming identical pounds and sales in the DCC cumulative Historical Sales Data for that Saturday. Sum of every ""... Sales"" column, plant material plus all manufactured product types. Cross-check: weekly totals match week-over-week differences of the DCC cumulative Historical Sales Data within 1% in 500 of 501 weeks."
OH,2024-12,month,4,flower_sold_lbs_adult_use,7635.35,pounds,"Ohio Division of Cannabis Control, DCC Product Data - Non-Medical (weekly XLSX)",https://dam.assets.ohio.gov/image/upload/com.ohio.gov/DCC/DCC_Product_Data_-_Non-Medical.pdf,2026-09-25,"DERIVED by agent: sum of 4 weekly rows whose week-ending date (Saturday) falls in this month (2024-12-07;2024-12-14;2024-12-21;2024-12-28). XLSX supplied by the author 2026-09-25 (runs to week ending 2026-09-12); same DCC series as the PDF linked. DCC labels seven adult-use weeks from 2024-11-25 to 2025-01-06 with Monday or Tuesday dates; each was reassigned to the preceding Saturday after confirming identical pounds and sales in the DCC cumulative Historical Sales Data for that Saturday. Column ""Plant Material Sold (Pounds)""."
OH,2024-12,month,4,flower_sales_usd_adult_use,25724355.86,usd,"Ohio Division of Cannabis Control, DCC Product Data - Non-Medical (weekly XLSX)",https://dam.assets.ohio.gov/image/upload/com.ohio.gov/DCC/DCC_Product_Data_-_Non-Medical.pdf,2026-09-25,"DERIVED by agent: sum of 4 weekly rows whose week-ending date (Saturday) falls in this month (2024-12-07;2024-12-14;2024-12-21;2024-12-28). XLSX supplied by the author 2026-09-25 (runs to week ending 2026-09-12); same DCC series as the PDF linked. DCC labels seven adult-use weeks from 2024-11-25 to 2025-01-06 with Monday or Tuesday dates; each was reassigned to the preceding Saturday after confirming identical pounds and sales in the DCC cumulative Historical Sales Data for that Saturday. Column ""Total Sales (Plant Material)""."
OH,2024-12,month,4,total_sales_usd_adult_use,50735568.88,usd,"Ohio Division of Cannabis Control, DCC Product Data - Non-Medical (weekly XLSX)",https://dam.assets.ohio.gov/image/upload/com.ohio.gov/DCC/DCC_Product_Data_-_Non-Medical.pdf,2026-09-25,"DERIVED by agent: sum of 4 weekly rows whose week-ending date (Saturday) falls in this month (2024-12-07;2024-12-14;2024-12-21;2024-12-28). XLSX supplied by the author 2026-09-25 (runs to week ending 2026-09-12); same DCC series as the PDF linked. DCC labels seven adult-use weeks from 2024-11-25 to 2025-01-06 with Monday or Tuesday dates; each was reassigned to the preceding Saturday after confirming identical pounds and sales in the DCC cumulative Historical Sales Data for that Saturday. Sum of every ""... Sales"" column, plant material plus all manufactured product types. Cross-check: weekly totals match week-over-week differences of the DCC cumulative Historical Sales Data within 1% in 500 of 501 weeks."
OH,2025-01,month,5,flower_sold_lbs_adult_use,8291.83,pounds,"Ohio Division of Cannabis Control, DCC Product Data - Non-Medical (weekly XLSX)",https://dam.assets.ohio.gov/image/upload/com.ohio.gov/DCC/DCC_Product_Data_-_Non-Medical.pdf,2026-09-25,"DERIVED by agent: sum of 4 weekly rows whose week-ending date (Saturday) falls in this month (2025-01-04;2025-01-11;2025-01-18;2025-01-25). XLSX supplied by the author 2026-09-25 (runs to week ending 2026-09-12); same DCC series as the PDF linked. DCC labels seven adult-use weeks from 2024-11-25 to 2025-01-06 with Monday or Tuesday dates; each was reassigned to the preceding Saturday after confirming identical pounds and sales in the DCC cumulative Historical Sales Data for that Saturday. Column ""Plant Material Sold (Pounds)""."
OH,2025-01,month,5,flower_sales_usd_adult_use,26310548.07,usd,"Ohio Division of Cannabis Control, DCC Product Data - Non-Medical (weekly XLSX)",https://dam.assets.ohio.gov/image/upload/com.ohio.gov/DCC/DCC_Product_Data_-_Non-Medical.pdf,2026-09-25,"DERIVED by agent: sum of 4 weekly rows whose week-ending date (Saturday) falls in this month (2025-01-04;2025-01-11;2025-01-18;2025-01-25). XLSX supplied by the author 2026-09-25 (runs to week ending 2026-09-12); same DCC series as the PDF linked. DCC labels seven adult-use weeks from 2024-11-25 to 2025-01-06 with Monday or Tuesday dates; each was reassigned to the preceding Saturday after confirming identical pounds and sales in the DCC cumulative Historical Sales Data for that Saturday. Column ""Total Sales (Plant Material)""."
OH,2025-01,month,5,total_sales_usd_adult_use,50799180.0,usd,"Ohio Division of Cannabis Control, DCC Product Data - Non-Medical (weekly XLSX)",https://dam.assets.ohio.gov/image/upload/com.ohio.gov/DCC/DCC_Product_Data_-_Non-Medical.pdf,2026-09-25,"DERIVED by agent: sum of 4 weekly rows whose week-ending date (Saturday) falls in this month (2025-01-04;2025-01-11;2025-01-18;2025-01-25). XLSX supplied by the author 2026-09-25 (runs to week ending 2026-09-12); same DCC series as the PDF linked. DCC labels seven adult-use weeks from 2024-11-25 to 2025-01-06 with Monday or Tuesday dates; each was reassigned to the preceding Saturday after confirming identical pounds and sales in the DCC cumulative Historical Sales Data for that Saturday. Sum of every ""... Sales"" column, plant material plus all manufactured product types. Cross-check: weekly totals match week-over-week differences of the DCC cumulative Historical Sales Data within 1% in 500 of 501 weeks."
OH,2025-02,month,6,flower_sold_lbs_adult_use,8928.02,pounds,"Ohio Division of Cannabis Control, DCC Product Data - Non-Medical (weekly XLSX)",https://dam.assets.ohio.gov/image/upload/com.ohio.gov/DCC/DCC_Product_Data_-_Non-Medical.pdf,2026-09-25,"DERIVED by agent: sum of 4 weekly rows whose week-ending date (Saturday) falls in this month (2025-02-01;2025-02-08;2025-02-15;2025-02-22). XLSX supplied by the author 2026-09-25 (runs to week ending 2026-09-12); same DCC series as the PDF linked. Column ""Plant Material Sold (Pounds)""."
OH,2025-02,month,6,flower_sales_usd_adult_use,27984226.82,usd,"Ohio Division of Cannabis Control, DCC Product Data - Non-Medical (weekly XLSX)",https://dam.assets.ohio.gov/image/upload/com.ohio.gov/DCC/DCC_Product_Data_-_Non-Medical.pdf,2026-09-25,"DERIVED by agent: sum of 4 weekly rows whose week-ending date (Saturday) falls in this month (2025-02-01;2025-02-08;2025-02-15;2025-02-22). XLSX supplied by the author 2026-09-25 (runs to week ending 2026-09-12); same DCC series as the PDF linked. Column ""Total Sales (Plant Material)""."
OH,2025-02,month,6,total_sales_usd_adult_use,54048792.2,usd,"Ohio Division of Cannabis Control, DCC Product Data - Non-Medical (weekly XLSX)",https://dam.assets.ohio.gov/image/upload/com.ohio.gov/DCC/DCC_Product_Data_-_Non-Medical.pdf,2026-09-25,"DERIVED by agent: sum of 4 weekly rows whose week-ending date (Saturday) falls in this month (2025-02-01;2025-02-08;2025-02-15;2025-02-22). XLSX supplied by the author 2026-09-25 (runs to week ending 2026-09-12); same DCC series as the PDF linked. Sum of every ""... Sales"" column, plant material plus all manufactured product types. Cross-check: weekly totals match week-over-week differences of the DCC cumulative Historical Sales Data within 1% in 500 of 501 weeks."
OH,2025-03,month,7,flower_sold_lbs_adult_use,11766.04,pounds,"Ohio Division of Cannabis Control, DCC Product Data - Non-Medical (weekly XLSX)",https://dam.assets.ohio.gov/image/upload/com.ohio.gov/DCC/DCC_Product_Data_-_Non-Medical.pdf,2026-09-25,"DERIVED by agent: sum of 5 weekly rows whose week-ending date (Saturday) falls in this month (2025-03-01;2025-03-08;2025-03-15;2025-03-22;2025-03-29). XLSX supplied by the author 2026-09-25 (runs to week ending 2026-09-12); same DCC series as the PDF linked. Column ""Plant Material Sold (Pounds)""."
OH,2025-03,month,7,flower_sales_usd_adult_use,37671229.78,usd,"Ohio Division of Cannabis Control, DCC Product Data - Non-Medical (weekly XLSX)",https://dam.assets.ohio.gov/image/upload/com.ohio.gov/DCC/DCC_Product_Data_-_Non-Medical.pdf,2026-09-25,"DERIVED by agent: sum of 5 weekly rows whose week-ending date (Saturday) falls in this month (2025-03-01;2025-03-08;2025-03-15;2025-03-22;2025-03-29). XLSX supplied by the author 2026-09-25 (runs to week ending 2026-09-12); same DCC series as the PDF linked. Column ""Total Sales (Plant Material)""."
OH,2025-03,month,7,total_sales_usd_adult_use,72573655.65,usd,"Ohio Division of Cannabis Control, DCC Product Data - Non-Medical (weekly XLSX)",https://dam.assets.ohio.gov/image/upload/com.ohio.gov/DCC/DCC_Product_Data_-_Non-Medical.pdf,2026-09-25,"DERIVED by agent: sum of 5 weekly rows whose week-ending date (Saturday) falls in this month (2025-03-01;2025-03-08;2025-03-15;2025-03-22;2025-03-29). XLSX supplied by the author 2026-09-25 (runs to week ending 2026-09-12); same DCC series as the PDF linked. Sum of every ""... Sales"" column, plant material plus all manufactured product types. Cross-check: weekly totals match week-over-week differences of the DCC cumulative Historical Sales Data within 1% in 500 of 501 weeks."
OH,2025-04,month,8,flower_sold_lbs_adult_use,10124.31,pounds,"Ohio Division of Cannabis Control, DCC Product Data - Non-Medical (weekly XLSX)",https://dam.assets.ohio.gov/image/upload/com.ohio.gov/DCC/DCC_Product_Data_-_Non-Medical.pdf,2026-09-25,"DERIVED by agent: sum of 4 weekly rows whose week-ending date (Saturday) falls in this month (2025-04-05;2025-04-12;2025-04-19;2025-04-26). XLSX supplied by the author 2026-09-25 (runs to week ending 2026-09-12); same DCC series as the PDF linked. Column ""Plant Material Sold (Pounds)""."
OH,2025-04,month,8,flower_sales_usd_adult_use,30996762.31,usd,"Ohio Division of Cannabis Control, DCC Product Data - Non-Medical (weekly XLSX)",https://dam.assets.ohio.gov/image/upload/com.ohio.gov/DCC/DCC_Product_Data_-_Non-Medical.pdf,2026-09-25,"DERIVED by agent: sum of 4 weekly rows whose week-ending date (Saturday) falls in this month (2025-04-05;2025-04-12;2025-04-19;2025-04-26). XLSX supplied by the author 2026-09-25 (runs to week ending 2026-09-12); same DCC series as the PDF linked. Column ""Total Sales (Plant Material)""."
OH,2025-04,month,8,total_sales_usd_adult_use,59722760.19,usd,"Ohio Division of Cannabis Control, DCC Product Data - Non-Medical (weekly XLSX)",https://dam.assets.ohio.gov/image/upload/com.ohio.gov/DCC/DCC_Product_Data_-_Non-Medical.pdf,2026-09-25,"DERIVED by agent: sum of 4 weekly rows whose week-ending date (Saturday) falls in this month (2025-04-05;2025-04-12;2025-04-19;2025-04-26). XLSX supplied by the author 2026-09-25 (runs to week ending 2026-09-12); same DCC series as the PDF linked. Sum of every ""... Sales"" column, plant material plus all manufactured product types. Cross-check: weekly totals match week-over-week differences of the DCC cumulative Historical Sales Data within 1% in 500 of 501 weeks."
OH,2025-05,month,9,flower_sold_lbs_adult_use,12939.17,pounds,"Ohio Division of Cannabis Control, DCC Product Data - Non-Medical (weekly XLSX)",https://dam.assets.ohio.gov/image/upload/com.ohio.gov/DCC/DCC_Product_Data_-_Non-Medical.pdf,2026-09-25,"DERIVED by agent: sum of 5 weekly rows whose week-ending date (Saturday) falls in this month (2025-05-03;2025-05-10;2025-05-17;2025-05-24;2025-05-31). XLSX supplied by the author 2026-09-25 (runs to week ending 2026-09-12); same DCC series as the PDF linked. Column ""Plant Material Sold (Pounds)""."
OH,2025-05,month,9,flower_sales_usd_adult_use,39536932.66,usd,"Ohio Division of Cannabis Control, DCC Product Data - Non-Medical (weekly XLSX)",https://dam.assets.ohio.gov/image/upload/com.ohio.gov/DCC/DCC_Product_Data_-_Non-Medical.pdf,2026-09-25,"DERIVED by agent: sum of 5 weekly rows whose week-ending date (Saturday) falls in this month (2025-05-03;2025-05-10;2025-05-17;2025-05-24;2025-05-31). XLSX supplied by the author 2026-09-25 (runs to week ending 2026-09-12); same DCC series as the PDF linked. Column ""Total Sales (Plant Material)""."
OH,2025-05,month,9,total_sales_usd_adult_use,76234717.38,usd,"Ohio Division of Cannabis Control, DCC Product Data - Non-Medical (weekly XLSX)",https://dam.assets.ohio.gov/image/upload/com.ohio.gov/DCC/DCC_Product_Data_-_Non-Medical.pdf,2026-09-25,"DERIVED by agent: sum of 5 weekly rows whose week-ending date (Saturday) falls in this month (2025-05-03;2025-05-10;2025-05-17;2025-05-24;2025-05-31). XLSX supplied by the author 2026-09-25 (runs to week ending 2026-09-12); same DCC series as the PDF linked. Sum of every ""... Sales"" column, plant material plus all manufactured product types. Cross-check: weekly totals match week-over-week differences of the DCC cumulative Historical Sales Data within 1% in 500 of 501 weeks."
OH,2025-06,month,10,flower_sold_lbs_adult_use,10872.81,pounds,"Ohio Division of Cannabis Control, DCC Product Data - Non-Medical (weekly XLSX)",https://dam.assets.ohio.gov/image/upload/com.ohio.gov/DCC/DCC_Product_Data_-_Non-Medical.pdf,2026-09-25,"DERIVED by agent: sum of 4 weekly rows whose week-ending date (Saturday) falls in this month (2025-06-07;2025-06-14;2025-06-21;2025-06-28). XLSX supplied by the author 2026-09-25 (runs to week ending 2026-09-12); same DCC series as the PDF linked. Column ""Plant Material Sold (Pounds)""."
OH,2025-06,month,10,flower_sales_usd_adult_use,33229075.25,usd,"Ohio Division of Cannabis Control, DCC Product Data - Non-Medical (weekly XLSX)",https://dam.assets.ohio.gov/image/upload/com.ohio.gov/DCC/DCC_Product_Data_-_Non-Medical.pdf,2026-09-25,"DERIVED by agent: sum of 4 weekly rows whose week-ending date (Saturday) falls in this month (2025-06-07;2025-06-14;2025-06-21;2025-06-28). XLSX supplied by the author 2026-09-25 (runs to week ending 2026-09-12); same DCC series as the PDF linked. Column ""Total Sales (Plant Material)""."
OH,2025-06,month,10,total_sales_usd_adult_use,64325823.67,usd,"Ohio Division of Cannabis Control, DCC Product Data - Non-Medical (weekly XLSX)",https://dam.assets.ohio.gov/image/upload/com.ohio.gov/DCC/DCC_Product_Data_-_Non-Medical.pdf,2026-09-25,"DERIVED by agent: sum of 4 weekly rows whose week-ending date (Saturday) falls in this month (2025-06-07;2025-06-14;2025-06-21;2025-06-28). XLSX supplied by the author 2026-09-25 (runs to week ending 2026-09-12); same DCC series as the PDF linked. Sum of every ""... Sales"" column, plant material plus all manufactured product types. Cross-check: weekly totals match week-over-week differences of the DCC cumulative Historical Sales Data within 1% in 500 of 501 weeks."
OH,2025-07,month,11,flower_sold_lbs_adult_use,11364.6,pounds,"Ohio Division of Cannabis Control, DCC Product Data - Non-Medical (weekly XLSX)",https://dam.assets.ohio.gov/image/upload/com.ohio.gov/DCC/DCC_Product_Data_-_Non-Medical.pdf,2026-09-25,"DERIVED by agent: sum of 4 weekly rows whose week-ending date (Saturday) falls in this month (2025-07-05;2025-07-12;2025-07-19;2025-07-26). XLSX supplied by the author 2026-09-25 (runs to week ending 2026-09-12); same DCC series as the PDF linked. Column ""Plant Material Sold (Pounds)""."
OH,2025-07,month,11,flower_sales_usd_adult_use,34258838.51,usd,"Ohio Division of Cannabis Control, DCC Product Data - Non-Medical (weekly XLSX)",https://dam.assets.ohio.gov/image/upload/com.ohio.gov/DCC/DCC_Product_Data_-_Non-Medical.pdf,2026-09-25,"DERIVED by agent: sum of 4 weekly rows whose week-ending date (Saturday) falls in this month (2025-07-05;2025-07-12;2025-07-19;2025-07-26). XLSX supplied by the author 2026-09-25 (runs to week ending 2026-09-12); same DCC series as the PDF linked. Column ""Total Sales (Plant Material)""."
OH,2025-07,month,11,total_sales_usd_adult_use,65926384.72,usd,"Ohio Division of Cannabis Control, DCC Product Data - Non-Medical (weekly XLSX)",https://dam.assets.ohio.gov/image/upload/com.ohio.gov/DCC/DCC_Product_Data_-_Non-Medical.pdf,2026-09-25,"DERIVED by agent: sum of 4 weekly rows whose week-ending date (Saturday) falls in this month (2025-07-05;2025-07-12;2025-07-19;2025-07-26). XLSX supplied by the author 2026-09-25 (runs to week ending 2026-09-12); same DCC series as the PDF linked. Sum of every ""... Sales"" column, plant material plus all manufactured product types. Cross-check: weekly totals match week-over-week differences of the DCC cumulative Historical Sales Data within 1% in 500 of 501 weeks."
OH,2025-08,month,12,flower_sold_lbs_adult_use,14522.5,pounds,"Ohio Division of Cannabis Control, DCC Product Data - Non-Medical (weekly XLSX)",https://dam.assets.ohio.gov/image/upload/com.ohio.gov/DCC/DCC_Product_Data_-_Non-Medical.pdf,2026-09-25,"DERIVED by agent: sum of 5 weekly rows whose week-ending date (Saturday) falls in this month (2025-08-02;2025-08-09;2025-08-16;2025-08-23;2025-08-30). XLSX supplied by the author 2026-09-25 (runs to week ending 2026-09-12); same DCC series as the PDF linked. Column ""Plant Material Sold (Pounds)""."
OH,2025-08,month,12,flower_sales_usd_adult_use,43160752.56,usd,"Ohio Division of Cannabis Control, DCC Product Data - Non-Medical (weekly XLSX)",https://dam.assets.ohio.gov/image/upload/com.ohio.gov/DCC/DCC_Product_Data_-_Non-Medical.pdf,2026-09-25,"DERIVED by agent: sum of 5 weekly rows whose week-ending date (Saturday) falls in this month (2025-08-02;2025-08-09;2025-08-16;2025-08-23;2025-08-30). XLSX supplied by the author 2026-09-25 (runs to week ending 2026-09-12); same DCC series as the PDF linked. Column ""Total Sales (Plant Material)""."
OH,2025-08,month,12,total_sales_usd_adult_use,83269334.6,usd,"Ohio Division of Cannabis Control, DCC Product Data - Non-Medical (weekly XLSX)",https://dam.assets.ohio.gov/image/upload/com.ohio.gov/DCC/DCC_Product_Data_-_Non-Medical.pdf,2026-09-25,"DERIVED by agent: sum of 5 weekly rows whose week-ending date (Saturday) falls in this month (2025-08-02;2025-08-09;2025-08-16;2025-08-23;2025-08-30). XLSX supplied by the author 2026-09-25 (runs to week ending 2026-09-12); same DCC series as the PDF linked. Sum of every ""... Sales"" column, plant material plus all manufactured product types. Cross-check: weekly totals match week-over-week differences of the DCC cumulative Historical Sales Data within 1% in 500 of 501 weeks."
OH,2025-09,month,13,flower_sold_lbs_adult_use,11502.36,pounds,"Ohio Division of Cannabis Control, DCC Product Data - Non-Medical (weekly XLSX)",https://dam.assets.ohio.gov/image/upload/com.ohio.gov/DCC/DCC_Product_Data_-_Non-Medical.pdf,2026-09-25,"DERIVED by agent: sum of 4 weekly rows whose week-ending date (Saturday) falls in this month (2025-09-06;2025-09-13;2025-09-20;2025-09-27). XLSX supplied by the author 2026-09-25 (runs to week ending 2026-09-12); same DCC series as the PDF linked. Column ""Plant Material Sold (Pounds)""."
OH,2025-09,month,13,flower_sales_usd_adult_use,33972888.92,usd,"Ohio Division of Cannabis Control, DCC Product Data - Non-Medical (weekly XLSX)",https://dam.assets.ohio.gov/image/upload/com.ohio.gov/DCC/DCC_Product_Data_-_Non-Medical.pdf,2026-09-25,"DERIVED by agent: sum of 4 weekly rows whose week-ending date (Saturday) falls in this month (2025-09-06;2025-09-13;2025-09-20;2025-09-27). XLSX supplied by the author 2026-09-25 (runs to week ending 2026-09-12); same DCC series as the PDF linked. Column ""Total Sales (Plant Material)""."
OH,2025-09,month,13,total_sales_usd_adult_use,67309800.23,usd,"Ohio Division of Cannabis Control, DCC Product Data - Non-Medical (weekly XLSX)",https://dam.assets.ohio.gov/image/upload/com.ohio.gov/DCC/DCC_Product_Data_-_Non-Medical.pdf,2026-09-25,"DERIVED by agent: sum of 4 weekly rows whose week-ending date (Saturday) falls in this month (2025-09-06;2025-09-13;2025-09-20;2025-09-27). XLSX supplied by the author 2026-09-25 (runs to week ending 2026-09-12); same DCC series as the PDF linked. Sum of every ""... Sales"" column, plant material plus all manufactured product types. Cross-check: weekly totals match week-over-week differences of the DCC cumulative Historical Sales Data within 1% in 500 of 501 weeks."
OH,2025-10,month,14,flower_sold_lbs_adult_use,11514.48,pounds,"Ohio Division of Cannabis Control, DCC Product Data - Non-Medical (weekly XLSX)",https://dam.assets.ohio.gov/image/upload/com.ohio.gov/DCC/DCC_Product_Data_-_Non-Medical.pdf,2026-09-25,"DERIVED by agent: sum of 4 weekly rows whose week-ending date (Saturday) falls in this month (2025-10-04;2025-10-11;2025-10-18;2025-10-25). XLSX supplied by the author 2026-09-25 (runs to week ending 2026-09-12); same DCC series as the PDF linked. Column ""Plant Material Sold (Pounds)""."
OH,2025-10,month,14,flower_sales_usd_adult_use,33603975.26,usd,"Ohio Division of Cannabis Control, DCC Product Data - Non-Medical (weekly XLSX)",https://dam.assets.ohio.gov/image/upload/com.ohio.gov/DCC/DCC_Product_Data_-_Non-Medical.pdf,2026-09-25,"DERIVED by agent: sum of 4 weekly rows whose week-ending date (Saturday) falls in this month (2025-10-04;2025-10-11;2025-10-18;2025-10-25). XLSX supplied by the author 2026-09-25 (runs to week ending 2026-09-12); same DCC series as the PDF linked. Column ""Total Sales (Plant Material)""."
OH,2025-10,month,14,total_sales_usd_adult_use,69698043.3,usd,"Ohio Division of Cannabis Control, DCC Product Data - Non-Medical (weekly XLSX)",https://dam.assets.ohio.gov/image/upload/com.ohio.gov/DCC/DCC_Product_Data_-_Non-Medical.pdf,2026-09-25,"DERIVED by agent: sum of 4 weekly rows whose week-ending date (Saturday) falls in this month (2025-10-04;2025-10-11;2025-10-18;2025-10-25). XLSX supplied by the author 2026-09-25 (runs to week ending 2026-09-12); same DCC series as the PDF linked. Sum of every ""... Sales"" column, plant material plus all manufactured product types. Cross-check: weekly totals match week-over-week differences of the DCC cumulative Historical Sales Data within 1% in 500 of 501 weeks."
OH,2025-11,month,15,flower_sold_lbs_adult_use,14957.05,pounds,"Ohio Division of Cannabis Control, DCC Product Data - Non-Medical (weekly XLSX)",https://dam.assets.ohio.gov/image/upload/com.ohio.gov/DCC/DCC_Product_Data_-_Non-Medical.pdf,2026-09-25,"DERIVED by agent: sum of 5 weekly rows whose week-ending date (Saturday) falls in this month (2025-11-01;2025-11-08;2025-11-15;2025-11-22;2025-11-29). XLSX supplied by the author 2026-09-25 (runs to week ending 2026-09-12); same DCC series as the PDF linked. Column ""Plant Material Sold (Pounds)""."
OH,2025-11,month,15,flower_sales_usd_adult_use,42472875.81,usd,"Ohio Division of Cannabis Control, DCC Product Data - Non-Medical (weekly XLSX)",https://dam.assets.ohio.gov/image/upload/com.ohio.gov/DCC/DCC_Product_Data_-_Non-Medical.pdf,2026-09-25,"DERIVED by agent: sum of 5 weekly rows whose week-ending date (Saturday) falls in this month (2025-11-01;2025-11-08;2025-11-15;2025-11-22;2025-11-29). XLSX supplied by the author 2026-09-25 (runs to week ending 2026-09-12); same DCC series as the PDF linked. Column ""Total Sales (Plant Material)""."
OH,2025-11,month,15,total_sales_usd_adult_use,90569595.33,usd,"Ohio Division of Cannabis Control, DCC Product Data - Non-Medical (weekly XLSX)",https://dam.assets.ohio.gov/image/upload/com.ohio.gov/DCC/DCC_Product_Data_-_Non-Medical.pdf,2026-09-25,"DERIVED by agent: sum of 5 weekly rows whose week-ending date (Saturday) falls in this month (2025-11-01;2025-11-08;2025-11-15;2025-11-22;2025-11-29). XLSX supplied by the author 2026-09-25 (runs to week ending 2026-09-12); same DCC series as the PDF linked. Sum of every ""... Sales"" column, plant material plus all manufactured product types. Cross-check: weekly totals match week-over-week differences of the DCC cumulative Historical Sales Data within 1% in 500 of 501 weeks."
OH,2025-12,month,16,flower_sold_lbs_adult_use,12220.73,pounds,"Ohio Division of Cannabis Control, DCC Product Data - Non-Medical (weekly XLSX)",https://dam.assets.ohio.gov/image/upload/com.ohio.gov/DCC/DCC_Product_Data_-_Non-Medical.pdf,2026-09-25,"DERIVED by agent: sum of 4 weekly rows whose week-ending date (Saturday) falls in this month (2025-12-06;2025-12-13;2025-12-20;2025-12-27). XLSX supplied by the author 2026-09-25 (runs to week ending 2026-09-12); same DCC series as the PDF linked. Column ""Plant Material Sold (Pounds)""."
OH,2025-12,month,16,flower_sales_usd_adult_use,34860859.44,usd,"Ohio Division of Cannabis Control, DCC Product Data - Non-Medical (weekly XLSX)",https://dam.assets.ohio.gov/image/upload/com.ohio.gov/DCC/DCC_Product_Data_-_Non-Medical.pdf,2026-09-25,"DERIVED by agent: sum of 4 weekly rows whose week-ending date (Saturday) falls in this month (2025-12-06;2025-12-13;2025-12-20;2025-12-27). XLSX supplied by the author 2026-09-25 (runs to week ending 2026-09-12); same DCC series as the PDF linked. Column ""Total Sales (Plant Material)""."
OH,2025-12,month,16,total_sales_usd_adult_use,74960028.71,usd,"Ohio Division of Cannabis Control, DCC Product Data - Non-Medical (weekly XLSX)",https://dam.assets.ohio.gov/image/upload/com.ohio.gov/DCC/DCC_Product_Data_-_Non-Medical.pdf,2026-09-25,"DERIVED by agent: sum of 4 weekly rows whose week-ending date (Saturday) falls in this month (2025-12-06;2025-12-13;2025-12-20;2025-12-27). XLSX supplied by the author 2026-09-25 (runs to week ending 2026-09-12); same DCC series as the PDF linked. Sum of every ""... Sales"" column, plant material plus all manufactured product types. Cross-check: weekly totals match week-over-week differences of the DCC cumulative Historical Sales Data within 1% in 500 of 501 weeks."
OH,2026-01,month,17,flower_sold_lbs_adult_use,15614.97,pounds,"Ohio Division of Cannabis Control, DCC Product Data - Non-Medical (weekly XLSX)",https://dam.assets.ohio.gov/image/upload/com.ohio.gov/DCC/DCC_Product_Data_-_Non-Medical.pdf,2026-09-25,"DERIVED by agent: sum of 5 weekly rows whose week-ending date (Saturday) falls in this month (2026-01-03;2026-01-10;2026-01-17;2026-01-24;2026-01-31). XLSX supplied by the author 2026-09-25 (runs to week ending 2026-09-12); same DCC series as the PDF linked. Column ""Plant Material Sold (Pounds)""."
OH,2026-01,month,17,flower_sales_usd_adult_use,44774791.25,usd,"Ohio Division of Cannabis Control, DCC Product Data - Non-Medical (weekly XLSX)",https://dam.assets.ohio.gov/image/upload/com.ohio.gov/DCC/DCC_Product_Data_-_Non-Medical.pdf,2026-09-25,"DERIVED by agent: sum of 5 weekly rows whose week-ending date (Saturday) falls in this month (2026-01-03;2026-01-10;2026-01-17;2026-01-24;2026-01-31). XLSX supplied by the author 2026-09-25 (runs to week ending 2026-09-12); same DCC series as the PDF linked. Column ""Total Sales (Plant Material)""."
OH,2026-01,month,17,total_sales_usd_adult_use,94905834.72,usd,"Ohio Division of Cannabis Control, DCC Product Data - Non-Medical (weekly XLSX)",https://dam.assets.ohio.gov/image/upload/com.ohio.gov/DCC/DCC_Product_Data_-_Non-Medical.pdf,2026-09-25,"DERIVED by agent: sum of 5 weekly rows whose week-ending date (Saturday) falls in this month (2026-01-03;2026-01-10;2026-01-17;2026-01-24;2026-01-31). XLSX supplied by the author 2026-09-25 (runs to week ending 2026-09-12); same DCC series as the PDF linked. Sum of every ""... Sales"" column, plant material plus all manufactured product types. Cross-check: weekly totals match week-over-week differences of the DCC cumulative Historical Sales Data within 1% in 500 of 501 weeks."
OH,2026-02,month,18,flower_sold_lbs_adult_use,13167.64,pounds,"Ohio Division of Cannabis Control, DCC Product Data - Non-Medical (weekly XLSX)",https://dam.assets.ohio.gov/image/upload/com.ohio.gov/DCC/DCC_Product_Data_-_Non-Medical.pdf,2026-09-25,"DERIVED by agent: sum of 4 weekly rows whose week-ending date (Saturday) falls in this month (2026-02-07;2026-02-14;2026-02-21;2026-02-28). XLSX supplied by the author 2026-09-25 (runs to week ending 2026-09-12); same DCC series as the PDF linked. Column ""Plant Material Sold (Pounds)""."
OH,2026-02,month,18,flower_sales_usd_adult_use,37671628.63,usd,"Ohio Division of Cannabis Control, DCC Product Data - Non-Medical (weekly XLSX)",https://dam.assets.ohio.gov/image/upload/com.ohio.gov/DCC/DCC_Product_Data_-_Non-Medical.pdf,2026-09-25,"DERIVED by agent: sum of 4 weekly rows whose week-ending date (Saturday) falls in this month (2026-02-07;2026-02-14;2026-02-21;2026-02-28). XLSX supplied by the author 2026-09-25 (runs to week ending 2026-09-12); same DCC series as the PDF linked. Column ""Total Sales (Plant Material)""."
OH,2026-02,month,18,total_sales_usd_adult_use,80828663.12,usd,"Ohio Division of Cannabis Control, DCC Product Data - Non-Medical (weekly XLSX)",https://dam.assets.ohio.gov/image/upload/com.ohio.gov/DCC/DCC_Product_Data_-_Non-Medical.pdf,2026-09-25,"DERIVED by agent: sum of 4 weekly rows whose week-ending date (Saturday) falls in this month (2026-02-07;2026-02-14;2026-02-21;2026-02-28). XLSX supplied by the author 2026-09-25 (runs to week ending 2026-09-12); same DCC series as the PDF linked. Sum of every ""... Sales"" column, plant material plus all manufactured product types. Cross-check: weekly totals match week-over-week differences of the DCC cumulative Historical Sales Data within 1% in 500 of 501 weeks."
OH,2026-03,month,19,flower_sold_lbs_adult_use,13260.52,pounds,"Ohio Division of Cannabis Control, DCC Product Data - Non-Medical (weekly XLSX)",https://dam.assets.ohio.gov/image/upload/com.ohio.gov/DCC/DCC_Product_Data_-_Non-Medical.pdf,2026-09-25,"DERIVED by agent: sum of 4 weekly rows whose week-ending date (Saturday) falls in this month (2026-03-07;2026-03-14;2026-03-21;2026-03-28). XLSX supplied by the author 2026-09-25 (runs to week ending 2026-09-12); same DCC series as the PDF linked. Column ""Plant Material Sold (Pounds)""."
OH,2026-03,month,19,flower_sales_usd_adult_use,37876923.05,usd,"Ohio Division of Cannabis Control, DCC Product Data - Non-Medical (weekly XLSX)",https://dam.assets.ohio.gov/image/upload/com.ohio.gov/DCC/DCC_Product_Data_-_Non-Medical.pdf,2026-09-25,"DERIVED by agent: sum of 4 weekly rows whose week-ending date (Saturday) falls in this month (2026-03-07;2026-03-14;2026-03-21;2026-03-28). XLSX supplied by the author 2026-09-25 (runs to week ending 2026-09-12); same DCC series as the PDF linked. Column ""Total Sales (Plant Material)""."
OH,2026-03,month,19,total_sales_usd_adult_use,82645123.94,usd,"Ohio Division of Cannabis Control, DCC Product Data - Non-Medical (weekly XLSX)",https://dam.assets.ohio.gov/image/upload/com.ohio.gov/DCC/DCC_Product_Data_-_Non-Medical.pdf,2026-09-25,"DERIVED by agent: sum of 4 weekly rows whose week-ending date (Saturday) falls in this month (2026-03-07;2026-03-14;2026-03-21;2026-03-28). XLSX supplied by the author 2026-09-25 (runs to week ending 2026-09-12); same DCC series as the PDF linked. Sum of every ""... Sales"" column, plant material plus all manufactured product types. Cross-check: weekly totals match week-over-week differences of the DCC cumulative Historical Sales Data within 1% in 500 of 501 weeks."
OH,2026-04,month,20,flower_sold_lbs_adult_use,14560.4,pounds,"Ohio Division of Cannabis Control, DCC Product Data - Non-Medical (weekly XLSX)",https://dam.assets.ohio.gov/image/upload/com.ohio.gov/DCC/DCC_Product_Data_-_Non-Medical.pdf,2026-09-25,"DERIVED by agent: sum of 4 weekly rows whose week-ending date (Saturday) falls in this month (2026-04-04;2026-04-11;2026-04-18;2026-04-25). XLSX supplied by the author 2026-09-25 (runs to week ending 2026-09-12); same DCC series as the PDF linked. Column ""Plant Material Sold (Pounds)""."
OH,2026-04,month,20,flower_sales_usd_adult_use,41042876.14,usd,"Ohio Division of Cannabis Control, DCC Product Data - Non-Medical (weekly XLSX)",https://dam.assets.ohio.gov/image/upload/com.ohio.gov/DCC/DCC_Product_Data_-_Non-Medical.pdf,2026-09-25,"DERIVED by agent: sum of 4 weekly rows whose week-ending date (Saturday) falls in this month (2026-04-04;2026-04-11;2026-04-18;2026-04-25). XLSX supplied by the author 2026-09-25 (runs to week ending 2026-09-12); same DCC series as the PDF linked. Column ""Total Sales (Plant Material)""."
OH,2026-04,month,20,total_sales_usd_adult_use,89408481.2,usd,"Ohio Division of Cannabis Control, DCC Product Data - Non-Medical (weekly XLSX)",https://dam.assets.ohio.gov/image/upload/com.ohio.gov/DCC/DCC_Product_Data_-_Non-Medical.pdf,2026-09-25,"DERIVED by agent: sum of 4 weekly rows whose week-ending date (Saturday) falls in this month (2026-04-04;2026-04-11;2026-04-18;2026-04-25). XLSX supplied by the author 2026-09-25 (runs to week ending 2026-09-12); same DCC series as the PDF linked. Sum of every ""... Sales"" column, plant material plus all manufactured product types. Cross-check: weekly totals match week-over-week differences of the DCC cumulative Historical Sales Data within 1% in 500 of 501 weeks."
OH,2026-05,month,21,flower_sold_lbs_adult_use,17862.01,pounds,"Ohio Division of Cannabis Control, DCC Product Data - Non-Medical (weekly XLSX)",https://dam.assets.ohio.gov/image/upload/com.ohio.gov/DCC/DCC_Product_Data_-_Non-Medical.pdf,2026-09-25,"DERIVED by agent: sum of 5 weekly rows whose week-ending date (Saturday) falls in this month (2026-05-02;2026-05-09;2026-05-16;2026-05-23;2026-05-30). XLSX supplied by the author 2026-09-25 (runs to week ending 2026-09-12); same DCC series as the PDF linked. Column ""Plant Material Sold (Pounds)""."
OH,2026-05,month,21,flower_sales_usd_adult_use,51916171.04,usd,"Ohio Division of Cannabis Control, DCC Product Data - Non-Medical (weekly XLSX)",https://dam.assets.ohio.gov/image/upload/com.ohio.gov/DCC/DCC_Product_Data_-_Non-Medical.pdf,2026-09-25,"DERIVED by agent: sum of 5 weekly rows whose week-ending date (Saturday) falls in this month (2026-05-02;2026-05-09;2026-05-16;2026-05-23;2026-05-30). XLSX supplied by the author 2026-09-25 (runs to week ending 2026-09-12); same DCC series as the PDF linked. Column ""Total Sales (Plant Material)""."
OH,2026-05,month,21,total_sales_usd_adult_use,114804903.63,usd,"Ohio Division of Cannabis Control, DCC Product Data - Non-Medical (weekly XLSX)",https://dam.assets.ohio.gov/image/upload/com.ohio.gov/DCC/DCC_Product_Data_-_Non-Medical.pdf,2026-09-25,"DERIVED by agent: sum of 5 weekly rows whose week-ending date (Saturday) falls in this month (2026-05-02;2026-05-09;2026-05-16;2026-05-23;2026-05-30). XLSX supplied by the author 2026-09-25 (runs to week ending 2026-09-12); same DCC series as the PDF linked. Sum of every ""... Sales"" column, plant material plus all manufactured product types. Cross-check: weekly totals match week-over-week differences of the DCC cumulative Historical Sales Data within 1% in 500 of 501 weeks."
OH,2026-06,month,22,flower_sold_lbs_adult_use,14291.09,pounds,"Ohio Division of Cannabis Control, DCC Product Data - Non-Medical (weekly XLSX)",https://dam.assets.ohio.gov/image/upload/com.ohio.gov/DCC/DCC_Product_Data_-_Non-Medical.pdf,2026-09-25,"DERIVED by agent: sum of 4 weekly rows whose week-ending date (Saturday) falls in this month (2026-06-06;2026-06-13;2026-06-20;2026-06-27). XLSX supplied by the author 2026-09-25 (runs to week ending 2026-09-12); same DCC series as the PDF linked. Column ""Plant Material Sold (Pounds)""."
OH,2026-06,month,22,flower_sales_usd_adult_use,44886583.94,usd,"Ohio Division of Cannabis Control, DCC Product Data - Non-Medical (weekly XLSX)",https://dam.assets.ohio.gov/image/upload/com.ohio.gov/DCC/DCC_Product_Data_-_Non-Medical.pdf,2026-09-25,"DERIVED by agent: sum of 4 weekly rows whose week-ending date (Saturday) falls in this month (2026-06-06;2026-06-13;2026-06-20;2026-06-27). XLSX supplied by the author 2026-09-25 (runs to week ending 2026-09-12); same DCC series as the PDF linked. Column ""Total Sales (Plant Material)""."
OH,2026-06,month,22,total_sales_usd_adult_use,98869992.68,usd,"Ohio Division of Cannabis Control, DCC Product Data - Non-Medical (weekly XLSX)",https://dam.assets.ohio.gov/image/upload/com.ohio.gov/DCC/DCC_Product_Data_-_Non-Medical.pdf,2026-09-25,"DERIVED by agent: sum of 4 weekly rows whose week-ending date (Saturday) falls in this month (2026-06-06;2026-06-13;2026-06-20;2026-06-27). XLSX supplied by the author 2026-09-25 (runs to week ending 2026-09-12); same DCC series as the PDF linked. Sum of every ""... Sales"" column, plant material plus all manufactured product types. Cross-check: weekly totals match week-over-week differences of the DCC cumulative Historical Sales Data within 1% in 500 of 501 weeks."
OH,2026-07,month,23,flower_sold_lbs_adult_use,14247.38,pounds,"Ohio Division of Cannabis Control, DCC Product Data - Non-Medical (weekly XLSX)",https://dam.assets.ohio.gov/image/upload/com.ohio.gov/DCC/DCC_Product_Data_-_Non-Medical.pdf,2026-09-25,"DERIVED by agent: sum of 4 weekly rows whose week-ending date (Saturday) falls in this month (2026-07-04;2026-07-11;2026-07-18;2026-07-25). XLSX supplied by the author 2026-09-25 (runs to week ending 2026-09-12); same DCC series as the PDF linked. Column ""Plant Material Sold (Pounds)""."
OH,2026-07,month,23,flower_sales_usd_adult_use,43162874.53,usd,"Ohio Division of Cannabis Control, DCC Product Data - Non-Medical (weekly XLSX)",https://dam.assets.ohio.gov/image/upload/com.ohio.gov/DCC/DCC_Product_Data_-_Non-Medical.pdf,2026-09-25,"DERIVED by agent: sum of 4 weekly rows whose week-ending date (Saturday) falls in this month (2026-07-04;2026-07-11;2026-07-18;2026-07-25). XLSX supplied by the author 2026-09-25 (runs to week ending 2026-09-12); same DCC series as the PDF linked. Column ""Total Sales (Plant Material)""."
OH,2026-07,month,23,total_sales_usd_adult_use,95758593.99,usd,"Ohio Division of Cannabis Control, DCC Product Data - Non-Medical (weekly XLSX)",https://dam.assets.ohio.gov/image/upload/com.ohio.gov/DCC/DCC_Product_Data_-_Non-Medical.pdf,2026-09-25,"DERIVED by agent: sum of 4 weekly rows whose week-ending date (Saturday) falls in this month (2026-07-04;2026-07-11;2026-07-18;2026-07-25). XLSX supplied by the author 2026-09-25 (runs to week ending 2026-09-12); same DCC series as the PDF linked. Sum of every ""... Sales"" column, plant material plus all manufactured product types. Cross-check: weekly totals match week-over-week differences of the DCC cumulative Historical Sales Data within 1% in 500 of 501 weeks."
OH,2026-08,month,24,flower_sold_lbs_adult_use,17587.51,pounds,"Ohio Division of Cannabis Control, DCC Product Data - Non-Medical (weekly XLSX)",https://dam.assets.ohio.gov/image/upload/com.ohio.gov/DCC/DCC_Product_Data_-_Non-Medical.pdf,2026-09-25,"DERIVED by agent: sum of 5 weekly rows whose week-ending date (Saturday) falls in this month (2026-08-01;2026-08-08;2026-08-15;2026-08-22;2026-08-29). XLSX supplied by the author 2026-09-25 (runs to week ending 2026-09-12); same DCC series as the PDF linked. Column ""Plant Material Sold (Pounds)""."
OH,2026-08,month,24,flower_sales_usd_adult_use,52856045.62,usd,"Ohio Division of Cannabis Control, DCC Product Data - Non-Medical (weekly XLSX)",https://dam.assets.ohio.gov/image/upload/com.ohio.gov/DCC/DCC_Product_Data_-_Non-Medical.pdf,2026-09-25,"DERIVED by agent: sum of 5 weekly rows whose week-ending date (Saturday) falls in this month (2026-08-01;2026-08-08;2026-08-15;2026-08-22;2026-08-29). XLSX supplied by the author 2026-09-25 (runs to week ending 2026-09-12); same DCC series as the PDF linked. Column ""Total Sales (Plant Material)""."
OH,2026-08,month,24,total_sales_usd_adult_use,118782115.08,usd,"Ohio Division of Cannabis Control, DCC Product Data - Non-Medical (weekly XLSX)",https://dam.assets.ohio.gov/image/upload/com.ohio.gov/DCC/DCC_Product_Data_-_Non-Medical.pdf,2026-09-25,"DERIVED by agent: sum of 5 weekly rows whose week-ending date (Saturday) falls in this month (2026-08-01;2026-08-08;2026-08-15;2026-08-22;2026-08-29). XLSX supplied by the author 2026-09-25 (runs to week ending 2026-09-12); same DCC series as the PDF linked. Sum of every ""... Sales"" column, plant material plus all manufactured product types. Cross-check: weekly totals match week-over-week differences of the DCC cumulative Historical Sales Data within 1% in 500 of 501 weeks."
OH,2019-01,month,-67,flower_sold_lbs_medical,47.4,pounds,"Ohio Division of Cannabis Control, DCC Product Data - Medical (weekly XLSX)",https://dam.assets.ohio.gov/image/upload/com.ohio.gov/DCC/DCC_Product_Data_-_Medical.pdf,2026-09-25,"DERIVED by agent: sum of 2 weekly rows whose week-ending date (Saturday) falls in this month (2019-01-19;2019-01-26). XLSX supplied by the author 2026-09-25 (runs to week ending 2026-09-12); same DCC series as the PDF linked. Partial month: medical sales began 2019-01-16. Column ""Plant Material Sold (Pounds)""."
OH,2019-01,month,-67,flower_sales_usd_medical,344691.57,usd,"Ohio Division of Cannabis Control, DCC Product Data - Medical (weekly XLSX)",https://dam.assets.ohio.gov/image/upload/com.ohio.gov/DCC/DCC_Product_Data_-_Medical.pdf,2026-09-25,"DERIVED by agent: sum of 2 weekly rows whose week-ending date (Saturday) falls in this month (2019-01-19;2019-01-26). XLSX supplied by the author 2026-09-25 (runs to week ending 2026-09-12); same DCC series as the PDF linked. Partial month: medical sales began 2019-01-16. Column ""Total Sales (Plant Material)""."
OH,2019-01,month,-67,total_sales_usd_medical,344691.57,usd,"Ohio Division of Cannabis Control, DCC Product Data - Medical (weekly XLSX)",https://dam.assets.ohio.gov/image/upload/com.ohio.gov/DCC/DCC_Product_Data_-_Medical.pdf,2026-09-25,"DERIVED by agent: sum of 2 weekly rows whose week-ending date (Saturday) falls in this month (2019-01-19;2019-01-26). XLSX supplied by the author 2026-09-25 (runs to week ending 2026-09-12); same DCC series as the PDF linked. Partial month: medical sales began 2019-01-16. Sum of every ""... Sales"" column, plant material plus all manufactured product types. Cross-check: weekly totals match week-over-week differences of the DCC cumulative Historical Sales Data within 1% in 500 of 501 weeks."
OH,2019-02,month,-66,flower_sold_lbs_medical,113.16,pounds,"Ohio Division of Cannabis Control, DCC Product Data - Medical (weekly XLSX)",https://dam.assets.ohio.gov/image/upload/com.ohio.gov/DCC/DCC_Product_Data_-_Medical.pdf,2026-09-25,"DERIVED by agent: sum of 4 weekly rows whose week-ending date (Saturday) falls in this month (2019-02-02;2019-02-09;2019-02-16;2019-02-23). XLSX supplied by the author 2026-09-25 (runs to week ending 2026-09-12); same DCC series as the PDF linked. Column ""Plant Material Sold (Pounds)""."
OH,2019-02,month,-66,flower_sales_usd_medical,867396.02,usd,"Ohio Division of Cannabis Control, DCC Product Data - Medical (weekly XLSX)",https://dam.assets.ohio.gov/image/upload/com.ohio.gov/DCC/DCC_Product_Data_-_Medical.pdf,2026-09-25,"DERIVED by agent: sum of 4 weekly rows whose week-ending date (Saturday) falls in this month (2019-02-02;2019-02-09;2019-02-16;2019-02-23). XLSX supplied by the author 2026-09-25 (runs to week ending 2026-09-12); same DCC series as the PDF linked. Column ""Total Sales (Plant Material)""."
OH,2019-02,month,-66,total_sales_usd_medical,867396.02,usd,"Ohio Division of Cannabis Control, DCC Product Data - Medical (weekly XLSX)",https://dam.assets.ohio.gov/image/upload/com.ohio.gov/DCC/DCC_Product_Data_-_Medical.pdf,2026-09-25,"DERIVED by agent: sum of 4 weekly rows whose week-ending date (Saturday) falls in this month (2019-02-02;2019-02-09;2019-02-16;2019-02-23). XLSX supplied by the author 2026-09-25 (runs to week ending 2026-09-12); same DCC series as the PDF linked. Sum of every ""... Sales"" column, plant material plus all manufactured product types. Cross-check: weekly totals match week-over-week differences of the DCC cumulative Historical Sales Data within 1% in 500 of 501 weeks."
OH,2019-03,month,-65,flower_sold_lbs_medical,225.56,pounds,"Ohio Division of Cannabis Control, DCC Product Data - Medical (weekly XLSX)",https://dam.assets.ohio.gov/image/upload/com.ohio.gov/DCC/DCC_Product_Data_-_Medical.pdf,2026-09-25,"DERIVED by agent: sum of 5 weekly rows whose week-ending date (Saturday) falls in this month (2019-03-02;2019-03-09;2019-03-16;2019-03-23;2019-03-30). XLSX supplied by the author 2026-09-25 (runs to week ending 2026-09-12); same DCC series as the PDF linked. Column ""Plant Material Sold (Pounds)""."
OH,2019-03,month,-65,flower_sales_usd_medical,1706566.17,usd,"Ohio Division of Cannabis Control, DCC Product Data - Medical (weekly XLSX)",https://dam.assets.ohio.gov/image/upload/com.ohio.gov/DCC/DCC_Product_Data_-_Medical.pdf,2026-09-25,"DERIVED by agent: sum of 5 weekly rows whose week-ending date (Saturday) falls in this month (2019-03-02;2019-03-09;2019-03-16;2019-03-23;2019-03-30). XLSX supplied by the author 2026-09-25 (runs to week ending 2026-09-12); same DCC series as the PDF linked. Column ""Total Sales (Plant Material)""."
OH,2019-03,month,-65,total_sales_usd_medical,1706566.17,usd,"Ohio Division of Cannabis Control, DCC Product Data - Medical (weekly XLSX)",https://dam.assets.ohio.gov/image/upload/com.ohio.gov/DCC/DCC_Product_Data_-_Medical.pdf,2026-09-25,"DERIVED by agent: sum of 5 weekly rows whose week-ending date (Saturday) falls in this month (2019-03-02;2019-03-09;2019-03-16;2019-03-23;2019-03-30). XLSX supplied by the author 2026-09-25 (runs to week ending 2026-09-12); same DCC series as the PDF linked. Sum of every ""... Sales"" column, plant material plus all manufactured product types. Cross-check: weekly totals match week-over-week differences of the DCC cumulative Historical Sales Data within 1% in 500 of 501 weeks."
OH,2019-04,month,-64,flower_sold_lbs_medical,287.02,pounds,"Ohio Division of Cannabis Control, DCC Product Data - Medical (weekly XLSX)",https://dam.assets.ohio.gov/image/upload/com.ohio.gov/DCC/DCC_Product_Data_-_Medical.pdf,2026-09-25,"DERIVED by agent: sum of 4 weekly rows whose week-ending date (Saturday) falls in this month (2019-04-06;2019-04-13;2019-04-20;2019-04-27). XLSX supplied by the author 2026-09-25 (runs to week ending 2026-09-12); same DCC series as the PDF linked. Column ""Plant Material Sold (Pounds)""."
OH,2019-04,month,-64,flower_sales_usd_medical,2017912.93,usd,"Ohio Division of Cannabis Control, DCC Product Data - Medical (weekly XLSX)",https://dam.assets.ohio.gov/image/upload/com.ohio.gov/DCC/DCC_Product_Data_-_Medical.pdf,2026-09-25,"DERIVED by agent: sum of 4 weekly rows whose week-ending date (Saturday) falls in this month (2019-04-06;2019-04-13;2019-04-20;2019-04-27). XLSX supplied by the author 2026-09-25 (runs to week ending 2026-09-12); same DCC series as the PDF linked. Column ""Total Sales (Plant Material)""."
OH,2019-04,month,-64,total_sales_usd_medical,2017912.93,usd,"Ohio Division of Cannabis Control, DCC Product Data - Medical (weekly XLSX)",https://dam.assets.ohio.gov/image/upload/com.ohio.gov/DCC/DCC_Product_Data_-_Medical.pdf,2026-09-25,"DERIVED by agent: sum of 4 weekly rows whose week-ending date (Saturday) falls in this month (2019-04-06;2019-04-13;2019-04-20;2019-04-27). XLSX supplied by the author 2026-09-25 (runs to week ending 2026-09-12); same DCC series as the PDF linked. Sum of every ""... Sales"" column, plant material plus all manufactured product types. Cross-check: weekly totals match week-over-week differences of the DCC cumulative Historical Sales Data within 1% in 500 of 501 weeks."
OH,2019-05,month,-63,flower_sold_lbs_medical,310.21,pounds,"Ohio Division of Cannabis Control, DCC Product Data - Medical (weekly XLSX)",https://dam.assets.ohio.gov/image/upload/com.ohio.gov/DCC/DCC_Product_Data_-_Medical.pdf,2026-09-25,"DERIVED by agent: sum of 4 weekly rows whose week-ending date (Saturday) falls in this month (2019-05-04;2019-05-11;2019-05-18;2019-05-25). XLSX supplied by the author 2026-09-25 (runs to week ending 2026-09-12); same DCC series as the PDF linked. Column ""Plant Material Sold (Pounds)""."
OH,2019-05,month,-63,flower_sales_usd_medical,2238414.3,usd,"Ohio Division of Cannabis Control, DCC Product Data - Medical (weekly XLSX)",https://dam.assets.ohio.gov/image/upload/com.ohio.gov/DCC/DCC_Product_Data_-_Medical.pdf,2026-09-25,"DERIVED by agent: sum of 4 weekly rows whose week-ending date (Saturday) falls in this month (2019-05-04;2019-05-11;2019-05-18;2019-05-25). XLSX supplied by the author 2026-09-25 (runs to week ending 2026-09-12); same DCC series as the PDF linked. Column ""Total Sales (Plant Material)""."
OH,2019-05,month,-63,total_sales_usd_medical,2554436.8,usd,"Ohio Division of Cannabis Control, DCC Product Data - Medical (weekly XLSX)",https://dam.assets.ohio.gov/image/upload/com.ohio.gov/DCC/DCC_Product_Data_-_Medical.pdf,2026-09-25,"DERIVED by agent: sum of 4 weekly rows whose week-ending date (Saturday) falls in this month (2019-05-04;2019-05-11;2019-05-18;2019-05-25). XLSX supplied by the author 2026-09-25 (runs to week ending 2026-09-12); same DCC series as the PDF linked. Sum of every ""... Sales"" column, plant material plus all manufactured product types. Cross-check: weekly totals match week-over-week differences of the DCC cumulative Historical Sales Data within 1% in 500 of 501 weeks."
OH,2019-06,month,-62,flower_sold_lbs_medical,501.58,pounds,"Ohio Division of Cannabis Control, DCC Product Data - Medical (weekly XLSX)",https://dam.assets.ohio.gov/image/upload/com.ohio.gov/DCC/DCC_Product_Data_-_Medical.pdf,2026-09-25,"DERIVED by agent: sum of 5 weekly rows whose week-ending date (Saturday) falls in this month (2019-06-01;2019-06-08;2019-06-15;2019-06-22;2019-06-29). XLSX supplied by the author 2026-09-25 (runs to week ending 2026-09-12); same DCC series as the PDF linked. Column ""Plant Material Sold (Pounds)""."
OH,2019-06,month,-62,flower_sales_usd_medical,3420351.49,usd,"Ohio Division of Cannabis Control, DCC Product Data - Medical (weekly XLSX)",https://dam.assets.ohio.gov/image/upload/com.ohio.gov/DCC/DCC_Product_Data_-_Medical.pdf,2026-09-25,"DERIVED by agent: sum of 5 weekly rows whose week-ending date (Saturday) falls in this month (2019-06-01;2019-06-08;2019-06-15;2019-06-22;2019-06-29). XLSX supplied by the author 2026-09-25 (runs to week ending 2026-09-12); same DCC series as the PDF linked. Column ""Total Sales (Plant Material)""."
OH,2019-06,month,-62,total_sales_usd_medical,4508217.9,usd,"Ohio Division of Cannabis Control, DCC Product Data - Medical (weekly XLSX)",https://dam.assets.ohio.gov/image/upload/com.ohio.gov/DCC/DCC_Product_Data_-_Medical.pdf,2026-09-25,"DERIVED by agent: sum of 5 weekly rows whose week-ending date (Saturday) falls in this month (2019-06-01;2019-06-08;2019-06-15;2019-06-22;2019-06-29). XLSX supplied by the author 2026-09-25 (runs to week ending 2026-09-12); same DCC series as the PDF linked. Sum of every ""... Sales"" column, plant material plus all manufactured product types. Cross-check: weekly totals match week-over-week differences of the DCC cumulative Historical Sales Data within 1% in 500 of 501 weeks."
OH,2019-07,month,-61,flower_sold_lbs_medical,499.88,pounds,"Ohio Division of Cannabis Control, DCC Product Data - Medical (weekly XLSX)",https://dam.assets.ohio.gov/image/upload/com.ohio.gov/DCC/DCC_Product_Data_-_Medical.pdf,2026-09-25,"DERIVED by agent: sum of 4 weekly rows whose week-ending date (Saturday) falls in this month (2019-07-06;2019-07-13;2019-07-20;2019-07-27). XLSX supplied by the author 2026-09-25 (runs to week ending 2026-09-12); same DCC series as the PDF linked. Column ""Plant Material Sold (Pounds)""."
OH,2019-07,month,-61,flower_sales_usd_medical,3147422.82,usd,"Ohio Division of Cannabis Control, DCC Product Data - Medical (weekly XLSX)",https://dam.assets.ohio.gov/image/upload/com.ohio.gov/DCC/DCC_Product_Data_-_Medical.pdf,2026-09-25,"DERIVED by agent: sum of 4 weekly rows whose week-ending date (Saturday) falls in this month (2019-07-06;2019-07-13;2019-07-20;2019-07-27). XLSX supplied by the author 2026-09-25 (runs to week ending 2026-09-12); same DCC series as the PDF linked. Column ""Total Sales (Plant Material)""."
OH,2019-07,month,-61,total_sales_usd_medical,4229355.9,usd,"Ohio Division of Cannabis Control, DCC Product Data - Medical (weekly XLSX)",https://dam.assets.ohio.gov/image/upload/com.ohio.gov/DCC/DCC_Product_Data_-_Medical.pdf,2026-09-25,"DERIVED by agent: sum of 4 weekly rows whose week-ending date (Saturday) falls in this month (2019-07-06;2019-07-13;2019-07-20;2019-07-27). XLSX supplied by the author 2026-09-25 (runs to week ending 2026-09-12); same DCC series as the PDF linked. Sum of every ""... Sales"" column, plant material plus all manufactured product types. Cross-check: weekly totals match week-over-week differences of the DCC cumulative Historical Sales Data within 1% in 500 of 501 weeks."
OH,2019-08,month,-60,flower_sold_lbs_medical,803.63,pounds,"Ohio Division of Cannabis Control, DCC Product Data - Medical (weekly XLSX)",https://dam.assets.ohio.gov/image/upload/com.ohio.gov/DCC/DCC_Product_Data_-_Medical.pdf,2026-09-25,"DERIVED by agent: sum of 5 weekly rows whose week-ending date (Saturday) falls in this month (2019-08-03;2019-08-10;2019-08-17;2019-08-24;2019-08-31). XLSX supplied by the author 2026-09-25 (runs to week ending 2026-09-12); same DCC series as the PDF linked. Column ""Plant Material Sold (Pounds)""."
OH,2019-08,month,-60,flower_sales_usd_medical,4756590.98,usd,"Ohio Division of Cannabis Control, DCC Product Data - Medical (weekly XLSX)",https://dam.assets.ohio.gov/image/upload/com.ohio.gov/DCC/DCC_Product_Data_-_Medical.pdf,2026-09-25,"DERIVED by agent: sum of 5 weekly rows whose week-ending date (Saturday) falls in this month (2019-08-03;2019-08-10;2019-08-17;2019-08-24;2019-08-31). XLSX supplied by the author 2026-09-25 (runs to week ending 2026-09-12); same DCC series as the PDF linked. Column ""Total Sales (Plant Material)""."
OH,2019-08,month,-60,total_sales_usd_medical,6834854.46,usd,"Ohio Division of Cannabis Control, DCC Product Data - Medical (weekly XLSX)",https://dam.assets.ohio.gov/image/upload/com.ohio.gov/DCC/DCC_Product_Data_-_Medical.pdf,2026-09-25,"DERIVED by agent: sum of 5 weekly rows whose week-ending date (Saturday) falls in this month (2019-08-03;2019-08-10;2019-08-17;2019-08-24;2019-08-31). XLSX supplied by the author 2026-09-25 (runs to week ending 2026-09-12); same DCC series as the PDF linked. Sum of every ""... Sales"" column, plant material plus all manufactured product types. Cross-check: weekly totals match week-over-week differences of the DCC cumulative Historical Sales Data within 1% in 500 of 501 weeks."
OH,2019-09,month,-59,flower_sold_lbs_medical,776.98,pounds,"Ohio Division of Cannabis Control, DCC Product Data - Medical (weekly XLSX)",https://dam.assets.ohio.gov/image/upload/com.ohio.gov/DCC/DCC_Product_Data_-_Medical.pdf,2026-09-25,"DERIVED by agent: sum of 4 weekly rows whose week-ending date (Saturday) falls in this month (2019-09-07;2019-09-14;2019-09-21;2019-09-28). XLSX supplied by the author 2026-09-25 (runs to week ending 2026-09-12); same DCC series as the PDF linked. Column ""Plant Material Sold (Pounds)""."
OH,2019-09,month,-59,flower_sales_usd_medical,4220712.73,usd,"Ohio Division of Cannabis Control, DCC Product Data - Medical (weekly XLSX)",https://dam.assets.ohio.gov/image/upload/com.ohio.gov/DCC/DCC_Product_Data_-_Medical.pdf,2026-09-25,"DERIVED by agent: sum of 4 weekly rows whose week-ending date (Saturday) falls in this month (2019-09-07;2019-09-14;2019-09-21;2019-09-28). XLSX supplied by the author 2026-09-25 (runs to week ending 2026-09-12); same DCC series as the PDF linked. Column ""Total Sales (Plant Material)""."
OH,2019-09,month,-59,total_sales_usd_medical,6241644.06,usd,"Ohio Division of Cannabis Control, DCC Product Data - Medical (weekly XLSX)",https://dam.assets.ohio.gov/image/upload/com.ohio.gov/DCC/DCC_Product_Data_-_Medical.pdf,2026-09-25,"DERIVED by agent: sum of 4 weekly rows whose week-ending date (Saturday) falls in this month (2019-09-07;2019-09-14;2019-09-21;2019-09-28). XLSX supplied by the author 2026-09-25 (runs to week ending 2026-09-12); same DCC series as the PDF linked. Sum of every ""... Sales"" column, plant material plus all manufactured product types. Cross-check: weekly totals match week-over-week differences of the DCC cumulative Historical Sales Data within 1% in 500 of 501 weeks."
OH,2019-10,month,-58,flower_sold_lbs_medical,871.58,pounds,"Ohio Division of Cannabis Control, DCC Product Data - Medical (weekly XLSX)",https://dam.assets.ohio.gov/image/upload/com.ohio.gov/DCC/DCC_Product_Data_-_Medical.pdf,2026-09-25,"DERIVED by agent: sum of 4 weekly rows whose week-ending date (Saturday) falls in this month (2019-10-05;2019-10-12;2019-10-19;2019-10-26). XLSX supplied by the author 2026-09-25 (runs to week ending 2026-09-12); same DCC series as the PDF linked. Column ""Plant Material Sold (Pounds)""."
OH,2019-10,month,-58,flower_sales_usd_medical,4783992.99,usd,"Ohio Division of Cannabis Control, DCC Product Data - Medical (weekly XLSX)",https://dam.assets.ohio.gov/image/upload/com.ohio.gov/DCC/DCC_Product_Data_-_Medical.pdf,2026-09-25,"DERIVED by agent: sum of 4 weekly rows whose week-ending date (Saturday) falls in this month (2019-10-05;2019-10-12;2019-10-19;2019-10-26). XLSX supplied by the author 2026-09-25 (runs to week ending 2026-09-12); same DCC series as the PDF linked. Column ""Total Sales (Plant Material)""."
OH,2019-10,month,-58,total_sales_usd_medical,7312716.17,usd,"Ohio Division of Cannabis Control, DCC Product Data - Medical (weekly XLSX)",https://dam.assets.ohio.gov/image/upload/com.ohio.gov/DCC/DCC_Product_Data_-_Medical.pdf,2026-09-25,"DERIVED by agent: sum of 4 weekly rows whose week-ending date (Saturday) falls in this month (2019-10-05;2019-10-12;2019-10-19;2019-10-26). XLSX supplied by the author 2026-09-25 (runs to week ending 2026-09-12); same DCC series as the PDF linked. Sum of every ""... Sales"" column, plant material plus all manufactured product types. Cross-check: weekly totals match week-over-week differences of the DCC cumulative Historical Sales Data within 1% in 500 of 501 weeks."
OH,2019-11,month,-57,flower_sold_lbs_medical,1273.51,pounds,"Ohio Division of Cannabis Control, DCC Product Data - Medical (weekly XLSX)",https://dam.assets.ohio.gov/image/upload/com.ohio.gov/DCC/DCC_Product_Data_-_Medical.pdf,2026-09-25,"DERIVED by agent: sum of 5 weekly rows whose week-ending date (Saturday) falls in this month (2019-11-02;2019-11-09;2019-11-16;2019-11-23;2019-11-30). XLSX supplied by the author 2026-09-25 (runs to week ending 2026-09-12); same DCC series as the PDF linked. Column ""Plant Material Sold (Pounds)""."
OH,2019-11,month,-57,flower_sales_usd_medical,6741465.65,usd,"Ohio Division of Cannabis Control, DCC Product Data - Medical (weekly XLSX)",https://dam.assets.ohio.gov/image/upload/com.ohio.gov/DCC/DCC_Product_Data_-_Medical.pdf,2026-09-25,"DERIVED by agent: sum of 5 weekly rows whose week-ending date (Saturday) falls in this month (2019-11-02;2019-11-09;2019-11-16;2019-11-23;2019-11-30). XLSX supplied by the author 2026-09-25 (runs to week ending 2026-09-12); same DCC series as the PDF linked. Column ""Total Sales (Plant Material)""."
OH,2019-11,month,-57,total_sales_usd_medical,10537778.02,usd,"Ohio Division of Cannabis Control, DCC Product Data - Medical (weekly XLSX)",https://dam.assets.ohio.gov/image/upload/com.ohio.gov/DCC/DCC_Product_Data_-_Medical.pdf,2026-09-25,"DERIVED by agent: sum of 5 weekly rows whose week-ending date (Saturday) falls in this month (2019-11-02;2019-11-09;2019-11-16;2019-11-23;2019-11-30). XLSX supplied by the author 2026-09-25 (runs to week ending 2026-09-12); same DCC series as the PDF linked. Sum of every ""... Sales"" column, plant material plus all manufactured product types. Cross-check: weekly totals match week-over-week differences of the DCC cumulative Historical Sales Data within 1% in 500 of 501 weeks."
OH,2019-12,month,-56,flower_sold_lbs_medical,1000.46,pounds,"Ohio Division of Cannabis Control, DCC Product Data - Medical (weekly XLSX)",https://dam.assets.ohio.gov/image/upload/com.ohio.gov/DCC/DCC_Product_Data_-_Medical.pdf,2026-09-25,"DERIVED by agent: sum of 4 weekly rows whose week-ending date (Saturday) falls in this month (2019-12-07;2019-12-14;2019-12-21;2019-12-28). XLSX supplied by the author 2026-09-25 (runs to week ending 2026-09-12); same DCC series as the PDF linked. Column ""Plant Material Sold (Pounds)""."
OH,2019-12,month,-56,flower_sales_usd_medical,5134907.08,usd,"Ohio Division of Cannabis Control, DCC Product Data - Medical (weekly XLSX)",https://dam.assets.ohio.gov/image/upload/com.ohio.gov/DCC/DCC_Product_Data_-_Medical.pdf,2026-09-25,"DERIVED by agent: sum of 4 weekly rows whose week-ending date (Saturday) falls in this month (2019-12-07;2019-12-14;2019-12-21;2019-12-28). XLSX supplied by the author 2026-09-25 (runs to week ending 2026-09-12); same DCC series as the PDF linked. Column ""Total Sales (Plant Material)""."
OH,2019-12,month,-56,total_sales_usd_medical,8656317.84,usd,"Ohio Division of Cannabis Control, DCC Product Data - Medical (weekly XLSX)",https://dam.assets.ohio.gov/image/upload/com.ohio.gov/DCC/DCC_Product_Data_-_Medical.pdf,2026-09-25,"DERIVED by agent: sum of 4 weekly rows whose week-ending date (Saturday) falls in this month (2019-12-07;2019-12-14;2019-12-21;2019-12-28). XLSX supplied by the author 2026-09-25 (runs to week ending 2026-09-12); same DCC series as the PDF linked. Sum of every ""... Sales"" column, plant material plus all manufactured product types. Cross-check: weekly totals match week-over-week differences of the DCC cumulative Historical Sales Data within 1% in 500 of 501 weeks."
OH,2020-01,month,-55,flower_sold_lbs_medical,1155.3,pounds,"Ohio Division of Cannabis Control, DCC Product Data - Medical (weekly XLSX)",https://dam.assets.ohio.gov/image/upload/com.ohio.gov/DCC/DCC_Product_Data_-_Medical.pdf,2026-09-25,"DERIVED by agent: sum of 4 weekly rows whose week-ending date (Saturday) falls in this month (2020-01-04;2020-01-11;2020-01-18;2020-01-25). XLSX supplied by the author 2026-09-25 (runs to week ending 2026-09-12); same DCC series as the PDF linked. Column ""Plant Material Sold (Pounds)""."
OH,2020-01,month,-55,flower_sales_usd_medical,5662630.09,usd,"Ohio Division of Cannabis Control, DCC Product Data - Medical (weekly XLSX)",https://dam.assets.ohio.gov/image/upload/com.ohio.gov/DCC/DCC_Product_Data_-_Medical.pdf,2026-09-25,"DERIVED by agent: sum of 4 weekly rows whose week-ending date (Saturday) falls in this month (2020-01-04;2020-01-11;2020-01-18;2020-01-25). XLSX supplied by the author 2026-09-25 (runs to week ending 2026-09-12); same DCC series as the PDF linked. Column ""Total Sales (Plant Material)""."
OH,2020-01,month,-55,total_sales_usd_medical,9437186.44,usd,"Ohio Division of Cannabis Control, DCC Product Data - Medical (weekly XLSX)",https://dam.assets.ohio.gov/image/upload/com.ohio.gov/DCC/DCC_Product_Data_-_Medical.pdf,2026-09-25,"DERIVED by agent: sum of 4 weekly rows whose week-ending date (Saturday) falls in this month (2020-01-04;2020-01-11;2020-01-18;2020-01-25). XLSX supplied by the author 2026-09-25 (runs to week ending 2026-09-12); same DCC series as the PDF linked. Sum of every ""... Sales"" column, plant material plus all manufactured product types. Cross-check: weekly totals match week-over-week differences of the DCC cumulative Historical Sales Data within 1% in 500 of 501 weeks."
OH,2020-02,month,-54,flower_sold_lbs_medical,1584.07,pounds,"Ohio Division of Cannabis Control, DCC Product Data - Medical (weekly XLSX)",https://dam.assets.ohio.gov/image/upload/com.ohio.gov/DCC/DCC_Product_Data_-_Medical.pdf,2026-09-25,"DERIVED by agent: sum of 5 weekly rows whose week-ending date (Saturday) falls in this month (2020-02-01;2020-02-08;2020-02-15;2020-02-22;2020-02-29). XLSX supplied by the author 2026-09-25 (runs to week ending 2026-09-12); same DCC series as the PDF linked. Column ""Plant Material Sold (Pounds)""."
OH,2020-02,month,-54,flower_sales_usd_medical,7536074.7,usd,"Ohio Division of Cannabis Control, DCC Product Data - Medical (weekly XLSX)",https://dam.assets.ohio.gov/image/upload/com.ohio.gov/DCC/DCC_Product_Data_-_Medical.pdf,2026-09-25,"DERIVED by agent: sum of 5 weekly rows whose week-ending date (Saturday) falls in this month (2020-02-01;2020-02-08;2020-02-15;2020-02-22;2020-02-29). XLSX supplied by the author 2026-09-25 (runs to week ending 2026-09-12); same DCC series as the PDF linked. Column ""Total Sales (Plant Material)""."
OH,2020-02,month,-54,total_sales_usd_medical,13231256.93,usd,"Ohio Division of Cannabis Control, DCC Product Data - Medical (weekly XLSX)",https://dam.assets.ohio.gov/image/upload/com.ohio.gov/DCC/DCC_Product_Data_-_Medical.pdf,2026-09-25,"DERIVED by agent: sum of 5 weekly rows whose week-ending date (Saturday) falls in this month (2020-02-01;2020-02-08;2020-02-15;2020-02-22;2020-02-29). XLSX supplied by the author 2026-09-25 (runs to week ending 2026-09-12); same DCC series as the PDF linked. Sum of every ""... Sales"" column, plant material plus all manufactured product types. Cross-check: weekly totals match week-over-week differences of the DCC cumulative Historical Sales Data within 1% in 500 of 501 weeks."
OH,2020-03,month,-53,flower_sold_lbs_medical,1529.1,pounds,"Ohio Division of Cannabis Control, DCC Product Data - Medical (weekly XLSX)",https://dam.assets.ohio.gov/image/upload/com.ohio.gov/DCC/DCC_Product_Data_-_Medical.pdf,2026-09-25,"DERIVED by agent: sum of 4 weekly rows whose week-ending date (Saturday) falls in this month (2020-03-07;2020-03-14;2020-03-21;2020-03-28). XLSX supplied by the author 2026-09-25 (runs to week ending 2026-09-12); same DCC series as the PDF linked. Column ""Plant Material Sold (Pounds)""."
OH,2020-03,month,-53,flower_sales_usd_medical,7210072.26,usd,"Ohio Division of Cannabis Control, DCC Product Data - Medical (weekly XLSX)",https://dam.assets.ohio.gov/image/upload/com.ohio.gov/DCC/DCC_Product_Data_-_Medical.pdf,2026-09-25,"DERIVED by agent: sum of 4 weekly rows whose week-ending date (Saturday) falls in this month (2020-03-07;2020-03-14;2020-03-21;2020-03-28). XLSX supplied by the author 2026-09-25 (runs to week ending 2026-09-12); same DCC series as the PDF linked. Column ""Total Sales (Plant Material)""."
OH,2020-03,month,-53,total_sales_usd_medical,12824201.62,usd,"Ohio Division of Cannabis Control, DCC Product Data - Medical (weekly XLSX)",https://dam.assets.ohio.gov/image/upload/com.ohio.gov/DCC/DCC_Product_Data_-_Medical.pdf,2026-09-25,"DERIVED by agent: sum of 4 weekly rows whose week-ending date (Saturday) falls in this month (2020-03-07;2020-03-14;2020-03-21;2020-03-28). XLSX supplied by the author 2026-09-25 (runs to week ending 2026-09-12); same DCC series as the PDF linked. Sum of every ""... Sales"" column, plant material plus all manufactured product types. Cross-check: weekly totals match week-over-week differences of the DCC cumulative Historical Sales Data within 1% in 500 of 501 weeks."
OH,2020-04,month,-52,flower_sold_lbs_medical,1795.11,pounds,"Ohio Division of Cannabis Control, DCC Product Data - Medical (weekly XLSX)",https://dam.assets.ohio.gov/image/upload/com.ohio.gov/DCC/DCC_Product_Data_-_Medical.pdf,2026-09-25,"DERIVED by agent: sum of 4 weekly rows whose week-ending date (Saturday) falls in this month (2020-04-04;2020-04-11;2020-04-18;2020-04-25). XLSX supplied by the author 2026-09-25 (runs to week ending 2026-09-12); same DCC series as the PDF linked. Column ""Plant Material Sold (Pounds)""."
OH,2020-04,month,-52,flower_sales_usd_medical,8134099.33,usd,"Ohio Division of Cannabis Control, DCC Product Data - Medical (weekly XLSX)",https://dam.assets.ohio.gov/image/upload/com.ohio.gov/DCC/DCC_Product_Data_-_Medical.pdf,2026-09-25,"DERIVED by agent: sum of 4 weekly rows whose week-ending date (Saturday) falls in this month (2020-04-04;2020-04-11;2020-04-18;2020-04-25). XLSX supplied by the author 2026-09-25 (runs to week ending 2026-09-12); same DCC series as the PDF linked. Column ""Total Sales (Plant Material)""."
OH,2020-04,month,-52,total_sales_usd_medical,14248594.09,usd,"Ohio Division of Cannabis Control, DCC Product Data - Medical (weekly XLSX)",https://dam.assets.ohio.gov/image/upload/com.ohio.gov/DCC/DCC_Product_Data_-_Medical.pdf,2026-09-25,"DERIVED by agent: sum of 4 weekly rows whose week-ending date (Saturday) falls in this month (2020-04-04;2020-04-11;2020-04-18;2020-04-25). XLSX supplied by the author 2026-09-25 (runs to week ending 2026-09-12); same DCC series as the PDF linked. Sum of every ""... Sales"" column, plant material plus all manufactured product types. Cross-check: weekly totals match week-over-week differences of the DCC cumulative Historical Sales Data within 1% in 500 of 501 weeks."
OH,2020-05,month,-51,flower_sold_lbs_medical,2433.38,pounds,"Ohio Division of Cannabis Control, DCC Product Data - Medical (weekly XLSX)",https://dam.assets.ohio.gov/image/upload/com.ohio.gov/DCC/DCC_Product_Data_-_Medical.pdf,2026-09-25,"DERIVED by agent: sum of 5 weekly rows whose week-ending date (Saturday) falls in this month (2020-05-02;2020-05-09;2020-05-16;2020-05-23;2020-05-30). XLSX supplied by the author 2026-09-25 (runs to week ending 2026-09-12); same DCC series as the PDF linked. Column ""Plant Material Sold (Pounds)""."
OH,2020-05,month,-51,flower_sales_usd_medical,11239925.37,usd,"Ohio Division of Cannabis Control, DCC Product Data - Medical (weekly XLSX)",https://dam.assets.ohio.gov/image/upload/com.ohio.gov/DCC/DCC_Product_Data_-_Medical.pdf,2026-09-25,"DERIVED by agent: sum of 5 weekly rows whose week-ending date (Saturday) falls in this month (2020-05-02;2020-05-09;2020-05-16;2020-05-23;2020-05-30). XLSX supplied by the author 2026-09-25 (runs to week ending 2026-09-12); same DCC series as the PDF linked. Column ""Total Sales (Plant Material)""."
OH,2020-05,month,-51,total_sales_usd_medical,20051663.78,usd,"Ohio Division of Cannabis Control, DCC Product Data - Medical (weekly XLSX)",https://dam.assets.ohio.gov/image/upload/com.ohio.gov/DCC/DCC_Product_Data_-_Medical.pdf,2026-09-25,"DERIVED by agent: sum of 5 weekly rows whose week-ending date (Saturday) falls in this month (2020-05-02;2020-05-09;2020-05-16;2020-05-23;2020-05-30). XLSX supplied by the author 2026-09-25 (runs to week ending 2026-09-12); same DCC series as the PDF linked. Sum of every ""... Sales"" column, plant material plus all manufactured product types. Cross-check: weekly totals match week-over-week differences of the DCC cumulative Historical Sales Data within 1% in 500 of 501 weeks."
OH,2020-06,month,-50,flower_sold_lbs_medical,2057.31,pounds,"Ohio Division of Cannabis Control, DCC Product Data - Medical (weekly XLSX)",https://dam.assets.ohio.gov/image/upload/com.ohio.gov/DCC/DCC_Product_Data_-_Medical.pdf,2026-09-25,"DERIVED by agent: sum of 4 weekly rows whose week-ending date (Saturday) falls in this month (2020-06-06;2020-06-13;2020-06-20;2020-06-27). XLSX supplied by the author 2026-09-25 (runs to week ending 2026-09-12); same DCC series as the PDF linked. Column ""Plant Material Sold (Pounds)""."
OH,2020-06,month,-50,flower_sales_usd_medical,9653876.2,usd,"Ohio Division of Cannabis Control, DCC Product Data - Medical (weekly XLSX)",https://dam.assets.ohio.gov/image/upload/com.ohio.gov/DCC/DCC_Product_Data_-_Medical.pdf,2026-09-25,"DERIVED by agent: sum of 4 weekly rows whose week-ending date (Saturday) falls in this month (2020-06-06;2020-06-13;2020-06-20;2020-06-27). XLSX supplied by the author 2026-09-25 (runs to week ending 2026-09-12); same DCC series as the PDF linked. Column ""Total Sales (Plant Material)""."
OH,2020-06,month,-50,total_sales_usd_medical,17107550.83,usd,"Ohio Division of Cannabis Control, DCC Product Data - Medical (weekly XLSX)",https://dam.assets.ohio.gov/image/upload/com.ohio.gov/DCC/DCC_Product_Data_-_Medical.pdf,2026-09-25,"DERIVED by agent: sum of 4 weekly rows whose week-ending date (Saturday) falls in this month (2020-06-06;2020-06-13;2020-06-20;2020-06-27). XLSX supplied by the author 2026-09-25 (runs to week ending 2026-09-12); same DCC series as the PDF linked. Sum of every ""... Sales"" column, plant material plus all manufactured product types. Cross-check: weekly totals match week-over-week differences of the DCC cumulative Historical Sales Data within 1% in 500 of 501 weeks."
OH,2020-07,month,-49,flower_sold_lbs_medical,2350.01,pounds,"Ohio Division of Cannabis Control, DCC Product Data - Medical (weekly XLSX)",https://dam.assets.ohio.gov/image/upload/com.ohio.gov/DCC/DCC_Product_Data_-_Medical.pdf,2026-09-25,"DERIVED by agent: sum of 4 weekly rows whose week-ending date (Saturday) falls in this month (2020-07-04;2020-07-11;2020-07-18;2020-07-25). XLSX supplied by the author 2026-09-25 (runs to week ending 2026-09-12); same DCC series as the PDF linked. Column ""Plant Material Sold (Pounds)""."
OH,2020-07,month,-49,flower_sales_usd_medical,10462331.63,usd,"Ohio Division of Cannabis Control, DCC Product Data - Medical (weekly XLSX)",https://dam.assets.ohio.gov/image/upload/com.ohio.gov/DCC/DCC_Product_Data_-_Medical.pdf,2026-09-25,"DERIVED by agent: sum of 4 weekly rows whose week-ending date (Saturday) falls in this month (2020-07-04;2020-07-11;2020-07-18;2020-07-25). XLSX supplied by the author 2026-09-25 (runs to week ending 2026-09-12); same DCC series as the PDF linked. Column ""Total Sales (Plant Material)""."
OH,2020-07,month,-49,total_sales_usd_medical,18580961.85,usd,"Ohio Division of Cannabis Control, DCC Product Data - Medical (weekly XLSX)",https://dam.assets.ohio.gov/image/upload/com.ohio.gov/DCC/DCC_Product_Data_-_Medical.pdf,2026-09-25,"DERIVED by agent: sum of 4 weekly rows whose week-ending date (Saturday) falls in this month (2020-07-04;2020-07-11;2020-07-18;2020-07-25). XLSX supplied by the author 2026-09-25 (runs to week ending 2026-09-12); same DCC series as the PDF linked. Sum of every ""... Sales"" column, plant material plus all manufactured product types. Cross-check: weekly totals match week-over-week differences of the DCC cumulative Historical Sales Data within 1% in 500 of 501 weeks."
OH,2020-08,month,-48,flower_sold_lbs_medical,2837.28,pounds,"Ohio Division of Cannabis Control, DCC Product Data - Medical (weekly XLSX)",https://dam.assets.ohio.gov/image/upload/com.ohio.gov/DCC/DCC_Product_Data_-_Medical.pdf,2026-09-25,"DERIVED by agent: sum of 5 weekly rows whose week-ending date (Saturday) falls in this month (2020-08-01;2020-08-08;2020-08-15;2020-08-22;2020-08-29). XLSX supplied by the author 2026-09-25 (runs to week ending 2026-09-12); same DCC series as the PDF linked. Column ""Plant Material Sold (Pounds)""."
OH,2020-08,month,-48,flower_sales_usd_medical,13863634.36,usd,"Ohio Division of Cannabis Control, DCC Product Data - Medical (weekly XLSX)",https://dam.assets.ohio.gov/image/upload/com.ohio.gov/DCC/DCC_Product_Data_-_Medical.pdf,2026-09-25,"DERIVED by agent: sum of 5 weekly rows whose week-ending date (Saturday) falls in this month (2020-08-01;2020-08-08;2020-08-15;2020-08-22;2020-08-29). XLSX supplied by the author 2026-09-25 (runs to week ending 2026-09-12); same DCC series as the PDF linked. Column ""Total Sales (Plant Material)""."
OH,2020-08,month,-48,total_sales_usd_medical,24638264.85,usd,"Ohio Division of Cannabis Control, DCC Product Data - Medical (weekly XLSX)",https://dam.assets.ohio.gov/image/upload/com.ohio.gov/DCC/DCC_Product_Data_-_Medical.pdf,2026-09-25,"DERIVED by agent: sum of 5 weekly rows whose week-ending date (Saturday) falls in this month (2020-08-01;2020-08-08;2020-08-15;2020-08-22;2020-08-29). XLSX supplied by the author 2026-09-25 (runs to week ending 2026-09-12); same DCC series as the PDF linked. Sum of every ""... Sales"" column, plant material plus all manufactured product types. Cross-check: weekly totals match week-over-week differences of the DCC cumulative Historical Sales Data within 1% in 500 of 501 weeks."
OH,2020-09,month,-47,flower_sold_lbs_medical,2526.03,pounds,"Ohio Division of Cannabis Control, DCC Product Data - Medical (weekly XLSX)",https://dam.assets.ohio.gov/image/upload/com.ohio.gov/DCC/DCC_Product_Data_-_Medical.pdf,2026-09-25,"DERIVED by agent: sum of 4 weekly rows whose week-ending date (Saturday) falls in this month (2020-09-05;2020-09-12;2020-09-19;2020-09-26). XLSX supplied by the author 2026-09-25 (runs to week ending 2026-09-12); same DCC series as the PDF linked. Column ""Plant Material Sold (Pounds)""."
OH,2020-09,month,-47,flower_sales_usd_medical,11869361.61,usd,"Ohio Division of Cannabis Control, DCC Product Data - Medical (weekly XLSX)",https://dam.assets.ohio.gov/image/upload/com.ohio.gov/DCC/DCC_Product_Data_-_Medical.pdf,2026-09-25,"DERIVED by agent: sum of 4 weekly rows whose week-ending date (Saturday) falls in this month (2020-09-05;2020-09-12;2020-09-19;2020-09-26). XLSX supplied by the author 2026-09-25 (runs to week ending 2026-09-12); same DCC series as the PDF linked. Column ""Total Sales (Plant Material)""."
OH,2020-09,month,-47,total_sales_usd_medical,20923458.93,usd,"Ohio Division of Cannabis Control, DCC Product Data - Medical (weekly XLSX)",https://dam.assets.ohio.gov/image/upload/com.ohio.gov/DCC/DCC_Product_Data_-_Medical.pdf,2026-09-25,"DERIVED by agent: sum of 4 weekly rows whose week-ending date (Saturday) falls in this month (2020-09-05;2020-09-12;2020-09-19;2020-09-26). XLSX supplied by the author 2026-09-25 (runs to week ending 2026-09-12); same DCC series as the PDF linked. Sum of every ""... Sales"" column, plant material plus all manufactured product types. Cross-check: weekly totals match week-over-week differences of the DCC cumulative Historical Sales Data within 1% in 500 of 501 weeks."
OH,2020-10,month,-46,flower_sold_lbs_medical,3119.26,pounds,"Ohio Division of Cannabis Control, DCC Product Data - Medical (weekly XLSX)",https://dam.assets.ohio.gov/image/upload/com.ohio.gov/DCC/DCC_Product_Data_-_Medical.pdf,2026-09-25,"DERIVED by agent: sum of 5 weekly rows whose week-ending date (Saturday) falls in this month (2020-10-03;2020-10-10;2020-10-17;2020-10-24;2020-10-31). XLSX supplied by the author 2026-09-25 (runs to week ending 2026-09-12); same DCC series as the PDF linked. Column ""Plant Material Sold (Pounds)""."
OH,2020-10,month,-46,flower_sales_usd_medical,14846015.14,usd,"Ohio Division of Cannabis Control, DCC Product Data - Medical (weekly XLSX)",https://dam.assets.ohio.gov/image/upload/com.ohio.gov/DCC/DCC_Product_Data_-_Medical.pdf,2026-09-25,"DERIVED by agent: sum of 5 weekly rows whose week-ending date (Saturday) falls in this month (2020-10-03;2020-10-10;2020-10-17;2020-10-24;2020-10-31). XLSX supplied by the author 2026-09-25 (runs to week ending 2026-09-12); same DCC series as the PDF linked. Column ""Total Sales (Plant Material)""."
OH,2020-10,month,-46,total_sales_usd_medical,26811750.7,usd,"Ohio Division of Cannabis Control, DCC Product Data - Medical (weekly XLSX)",https://dam.assets.ohio.gov/image/upload/com.ohio.gov/DCC/DCC_Product_Data_-_Medical.pdf,2026-09-25,"DERIVED by agent: sum of 5 weekly rows whose week-ending date (Saturday) falls in this month (2020-10-03;2020-10-10;2020-10-17;2020-10-24;2020-10-31). XLSX supplied by the author 2026-09-25 (runs to week ending 2026-09-12); same DCC series as the PDF linked. Sum of every ""... Sales"" column, plant material plus all manufactured product types. Cross-check: weekly totals match week-over-week differences of the DCC cumulative Historical Sales Data within 1% in 500 of 501 weeks."
OH,2020-11,month,-45,flower_sold_lbs_medical,2516.53,pounds,"Ohio Division of Cannabis Control, DCC Product Data - Medical (weekly XLSX)",https://dam.assets.ohio.gov/image/upload/com.ohio.gov/DCC/DCC_Product_Data_-_Medical.pdf,2026-09-25,"DERIVED by agent: sum of 4 weekly rows whose week-ending date (Saturday) falls in this month (2020-11-07;2020-11-14;2020-11-21;2020-11-28). XLSX supplied by the author 2026-09-25 (runs to week ending 2026-09-12); same DCC series as the PDF linked. Column ""Plant Material Sold (Pounds)""."
OH,2020-11,month,-45,flower_sales_usd_medical,11848069.28,usd,"Ohio Division of Cannabis Control, DCC Product Data - Medical (weekly XLSX)",https://dam.assets.ohio.gov/image/upload/com.ohio.gov/DCC/DCC_Product_Data_-_Medical.pdf,2026-09-25,"DERIVED by agent: sum of 4 weekly rows whose week-ending date (Saturday) falls in this month (2020-11-07;2020-11-14;2020-11-21;2020-11-28). XLSX supplied by the author 2026-09-25 (runs to week ending 2026-09-12); same DCC series as the PDF linked. Column ""Total Sales (Plant Material)""."
OH,2020-11,month,-45,total_sales_usd_medical,21561344.29,usd,"Ohio Division of Cannabis Control, DCC Product Data - Medical (weekly XLSX)",https://dam.assets.ohio.gov/image/upload/com.ohio.gov/DCC/DCC_Product_Data_-_Medical.pdf,2026-09-25,"DERIVED by agent: sum of 4 weekly rows whose week-ending date (Saturday) falls in this month (2020-11-07;2020-11-14;2020-11-21;2020-11-28). XLSX supplied by the author 2026-09-25 (runs to week ending 2026-09-12); same DCC series as the PDF linked. Sum of every ""... Sales"" column, plant material plus all manufactured product types. Cross-check: weekly totals match week-over-week differences of the DCC cumulative Historical Sales Data within 1% in 500 of 501 weeks."
OH,2020-12,month,-44,flower_sold_lbs_medical,2503.38,pounds,"Ohio Division of Cannabis Control, DCC Product Data - Medical (weekly XLSX)",https://dam.assets.ohio.gov/image/upload/com.ohio.gov/DCC/DCC_Product_Data_-_Medical.pdf,2026-09-25,"DERIVED by agent: sum of 4 weekly rows whose week-ending date (Saturday) falls in this month (2020-12-05;2020-12-12;2020-12-19;2020-12-26). XLSX supplied by the author 2026-09-25 (runs to week ending 2026-09-12); same DCC series as the PDF linked. Column ""Plant Material Sold (Pounds)""."
OH,2020-12,month,-44,flower_sales_usd_medical,11997080.95,usd,"Ohio Division of Cannabis Control, DCC Product Data - Medical (weekly XLSX)",https://dam.assets.ohio.gov/image/upload/com.ohio.gov/DCC/DCC_Product_Data_-_Medical.pdf,2026-09-25,"DERIVED by agent: sum of 4 weekly rows whose week-ending date (Saturday) falls in this month (2020-12-05;2020-12-12;2020-12-19;2020-12-26). XLSX supplied by the author 2026-09-25 (runs to week ending 2026-09-12); same DCC series as the PDF linked. Column ""Total Sales (Plant Material)""."
OH,2020-12,month,-44,total_sales_usd_medical,22056251.1,usd,"Ohio Division of Cannabis Control, DCC Product Data - Medical (weekly XLSX)",https://dam.assets.ohio.gov/image/upload/com.ohio.gov/DCC/DCC_Product_Data_-_Medical.pdf,2026-09-25,"DERIVED by agent: sum of 4 weekly rows whose week-ending date (Saturday) falls in this month (2020-12-05;2020-12-12;2020-12-19;2020-12-26). XLSX supplied by the author 2026-09-25 (runs to week ending 2026-09-12); same DCC series as the PDF linked. Sum of every ""... Sales"" column, plant material plus all manufactured product types. Cross-check: weekly totals match week-over-week differences of the DCC cumulative Historical Sales Data within 1% in 500 of 501 weeks."
OH,2021-01,month,-43,flower_sold_lbs_medical,3364.02,pounds,"Ohio Division of Cannabis Control, DCC Product Data - Medical (weekly XLSX)",https://dam.assets.ohio.gov/image/upload/com.ohio.gov/DCC/DCC_Product_Data_-_Medical.pdf,2026-09-25,"DERIVED by agent: sum of 5 weekly rows whose week-ending date (Saturday) falls in this month (2021-01-02;2021-01-09;2021-01-16;2021-01-23;2021-01-30). XLSX supplied by the author 2026-09-25 (runs to week ending 2026-09-12); same DCC series as the PDF linked. Column ""Plant Material Sold (Pounds)""."
OH,2021-01,month,-43,flower_sales_usd_medical,16571703.0,usd,"Ohio Division of Cannabis Control, DCC Product Data - Medical (weekly XLSX)",https://dam.assets.ohio.gov/image/upload/com.ohio.gov/DCC/DCC_Product_Data_-_Medical.pdf,2026-09-25,"DERIVED by agent: sum of 5 weekly rows whose week-ending date (Saturday) falls in this month (2021-01-02;2021-01-09;2021-01-16;2021-01-23;2021-01-30). XLSX supplied by the author 2026-09-25 (runs to week ending 2026-09-12); same DCC series as the PDF linked. Column ""Total Sales (Plant Material)""."
OH,2021-01,month,-43,total_sales_usd_medical,30515203.21,usd,"Ohio Division of Cannabis Control, DCC Product Data - Medical (weekly XLSX)",https://dam.assets.ohio.gov/image/upload/com.ohio.gov/DCC/DCC_Product_Data_-_Medical.pdf,2026-09-25,"DERIVED by agent: sum of 5 weekly rows whose week-ending date (Saturday) falls in this month (2021-01-02;2021-01-09;2021-01-16;2021-01-23;2021-01-30). XLSX supplied by the author 2026-09-25 (runs to week ending 2026-09-12); same DCC series as the PDF linked. Sum of every ""... Sales"" column, plant material plus all manufactured product types. Cross-check: weekly totals match week-over-week differences of the DCC cumulative Historical Sales Data within 1% in 500 of 501 weeks."
OH,2021-02,month,-42,flower_sold_lbs_medical,2653.35,pounds,"Ohio Division of Cannabis Control, DCC Product Data - Medical (weekly XLSX)",https://dam.assets.ohio.gov/image/upload/com.ohio.gov/DCC/DCC_Product_Data_-_Medical.pdf,2026-09-25,"DERIVED by agent: sum of 4 weekly rows whose week-ending date (Saturday) falls in this month (2021-02-06;2021-02-13;2021-02-20;2021-02-27). XLSX supplied by the author 2026-09-25 (runs to week ending 2026-09-12); same DCC series as the PDF linked. Column ""Plant Material Sold (Pounds)""."
OH,2021-02,month,-42,flower_sales_usd_medical,13060765.0,usd,"Ohio Division of Cannabis Control, DCC Product Data - Medical (weekly XLSX)",https://dam.assets.ohio.gov/image/upload/com.ohio.gov/DCC/DCC_Product_Data_-_Medical.pdf,2026-09-25,"DERIVED by agent: sum of 4 weekly rows whose week-ending date (Saturday) falls in this month (2021-02-06;2021-02-13;2021-02-20;2021-02-27). XLSX supplied by the author 2026-09-25 (runs to week ending 2026-09-12); same DCC series as the PDF linked. Column ""Total Sales (Plant Material)""."
OH,2021-02,month,-42,total_sales_usd_medical,24069062.05,usd,"Ohio Division of Cannabis Control, DCC Product Data - Medical (weekly XLSX)",https://dam.assets.ohio.gov/image/upload/com.ohio.gov/DCC/DCC_Product_Data_-_Medical.pdf,2026-09-25,"DERIVED by agent: sum of 4 weekly rows whose week-ending date (Saturday) falls in this month (2021-02-06;2021-02-13;2021-02-20;2021-02-27). XLSX supplied by the author 2026-09-25 (runs to week ending 2026-09-12); same DCC series as the PDF linked. Sum of every ""... Sales"" column, plant material plus all manufactured product types. Cross-check: weekly totals match week-over-week differences of the DCC cumulative Historical Sales Data within 1% in 500 of 501 weeks."
OH,2021-03,month,-41,flower_sold_lbs_medical,2973.65,pounds,"Ohio Division of Cannabis Control, DCC Product Data - Medical (weekly XLSX)",https://dam.assets.ohio.gov/image/upload/com.ohio.gov/DCC/DCC_Product_Data_-_Medical.pdf,2026-09-25,"DERIVED by agent: sum of 4 weekly rows whose week-ending date (Saturday) falls in this month (2021-03-06;2021-03-13;2021-03-20;2021-03-27). XLSX supplied by the author 2026-09-25 (runs to week ending 2026-09-12); same DCC series as the PDF linked. Column ""Plant Material Sold (Pounds)""."
OH,2021-03,month,-41,flower_sales_usd_medical,14778082.0,usd,"Ohio Division of Cannabis Control, DCC Product Data - Medical (weekly XLSX)",https://dam.assets.ohio.gov/image/upload/com.ohio.gov/DCC/DCC_Product_Data_-_Medical.pdf,2026-09-25,"DERIVED by agent: sum of 4 weekly rows whose week-ending date (Saturday) falls in this month (2021-03-06;2021-03-13;2021-03-20;2021-03-27). XLSX supplied by the author 2026-09-25 (runs to week ending 2026-09-12); same DCC series as the PDF linked. Column ""Total Sales (Plant Material)""."
OH,2021-03,month,-41,total_sales_usd_medical,28448328.55,usd,"Ohio Division of Cannabis Control, DCC Product Data - Medical (weekly XLSX)",https://dam.assets.ohio.gov/image/upload/com.ohio.gov/DCC/DCC_Product_Data_-_Medical.pdf,2026-09-25,"DERIVED by agent: sum of 4 weekly rows whose week-ending date (Saturday) falls in this month (2021-03-06;2021-03-13;2021-03-20;2021-03-27). XLSX supplied by the author 2026-09-25 (runs to week ending 2026-09-12); same DCC series as the PDF linked. Sum of every ""... Sales"" column, plant material plus all manufactured product types. Cross-check: weekly totals match week-over-week differences of the DCC cumulative Historical Sales Data within 1% in 500 of 501 weeks."
OH,2021-04,month,-40,flower_sold_lbs_medical,3055.44,pounds,"Ohio Division of Cannabis Control, DCC Product Data - Medical (weekly XLSX)",https://dam.assets.ohio.gov/image/upload/com.ohio.gov/DCC/DCC_Product_Data_-_Medical.pdf,2026-09-25,"DERIVED by agent: sum of 4 weekly rows whose week-ending date (Saturday) falls in this month (2021-04-03;2021-04-10;2021-04-17;2021-04-24). XLSX supplied by the author 2026-09-25 (runs to week ending 2026-09-12); same DCC series as the PDF linked. Column ""Plant Material Sold (Pounds)""."
OH,2021-04,month,-40,flower_sales_usd_medical,15311393.0,usd,"Ohio Division of Cannabis Control, DCC Product Data - Medical (weekly XLSX)",https://dam.assets.ohio.gov/image/upload/com.ohio.gov/DCC/DCC_Product_Data_-_Medical.pdf,2026-09-25,"DERIVED by agent: sum of 4 weekly rows whose week-ending date (Saturday) falls in this month (2021-04-03;2021-04-10;2021-04-17;2021-04-24). XLSX supplied by the author 2026-09-25 (runs to week ending 2026-09-12); same DCC series as the PDF linked. Column ""Total Sales (Plant Material)""."
OH,2021-04,month,-40,total_sales_usd_medical,29277262.64,usd,"Ohio Division of Cannabis Control, DCC Product Data - Medical (weekly XLSX)",https://dam.assets.ohio.gov/image/upload/com.ohio.gov/DCC/DCC_Product_Data_-_Medical.pdf,2026-09-25,"DERIVED by agent: sum of 4 weekly rows whose week-ending date (Saturday) falls in this month (2021-04-03;2021-04-10;2021-04-17;2021-04-24). XLSX supplied by the author 2026-09-25 (runs to week ending 2026-09-12); same DCC series as the PDF linked. Sum of every ""... Sales"" column, plant material plus all manufactured product types. Cross-check: weekly totals match week-over-week differences of the DCC cumulative Historical Sales Data within 1% in 500 of 501 weeks."
OH,2021-05,month,-39,flower_sold_lbs_medical,3889.57,pounds,"Ohio Division of Cannabis Control, DCC Product Data - Medical (weekly XLSX)",https://dam.assets.ohio.gov/image/upload/com.ohio.gov/DCC/DCC_Product_Data_-_Medical.pdf,2026-09-25,"DERIVED by agent: sum of 5 weekly rows whose week-ending date (Saturday) falls in this month (2021-05-01;2021-05-08;2021-05-15;2021-05-22;2021-05-29). XLSX supplied by the author 2026-09-25 (runs to week ending 2026-09-12); same DCC series as the PDF linked. Column ""Plant Material Sold (Pounds)""."
OH,2021-05,month,-39,flower_sales_usd_medical,19489125.0,usd,"Ohio Division of Cannabis Control, DCC Product Data - Medical (weekly XLSX)",https://dam.assets.ohio.gov/image/upload/com.ohio.gov/DCC/DCC_Product_Data_-_Medical.pdf,2026-09-25,"DERIVED by agent: sum of 5 weekly rows whose week-ending date (Saturday) falls in this month (2021-05-01;2021-05-08;2021-05-15;2021-05-22;2021-05-29). XLSX supplied by the author 2026-09-25 (runs to week ending 2026-09-12); same DCC series as the PDF linked. Column ""Total Sales (Plant Material)""."
OH,2021-05,month,-39,total_sales_usd_medical,37227378.46,usd,"Ohio Division of Cannabis Control, DCC Product Data - Medical (weekly XLSX)",https://dam.assets.ohio.gov/image/upload/com.ohio.gov/DCC/DCC_Product_Data_-_Medical.pdf,2026-09-25,"DERIVED by agent: sum of 5 weekly rows whose week-ending date (Saturday) falls in this month (2021-05-01;2021-05-08;2021-05-15;2021-05-22;2021-05-29). XLSX supplied by the author 2026-09-25 (runs to week ending 2026-09-12); same DCC series as the PDF linked. Sum of every ""... Sales"" column, plant material plus all manufactured product types. Cross-check: weekly totals match week-over-week differences of the DCC cumulative Historical Sales Data within 1% in 500 of 501 weeks."
OH,2021-06,month,-38,flower_sold_lbs_medical,3052.67,pounds,"Ohio Division of Cannabis Control, DCC Product Data - Medical (weekly XLSX)",https://dam.assets.ohio.gov/image/upload/com.ohio.gov/DCC/DCC_Product_Data_-_Medical.pdf,2026-09-25,"DERIVED by agent: sum of 4 weekly rows whose week-ending date (Saturday) falls in this month (2021-06-05;2021-06-12;2021-06-19;2021-06-26). XLSX supplied by the author 2026-09-25 (runs to week ending 2026-09-12); same DCC series as the PDF linked. Column ""Plant Material Sold (Pounds)""."
OH,2021-06,month,-38,flower_sales_usd_medical,15242919.0,usd,"Ohio Division of Cannabis Control, DCC Product Data - Medical (weekly XLSX)",https://dam.assets.ohio.gov/image/upload/com.ohio.gov/DCC/DCC_Product_Data_-_Medical.pdf,2026-09-25,"DERIVED by agent: sum of 4 weekly rows whose week-ending date (Saturday) falls in this month (2021-06-05;2021-06-12;2021-06-19;2021-06-26). XLSX supplied by the author 2026-09-25 (runs to week ending 2026-09-12); same DCC series as the PDF linked. Column ""Total Sales (Plant Material)""."
OH,2021-06,month,-38,total_sales_usd_medical,29072160.98,usd,"Ohio Division of Cannabis Control, DCC Product Data - Medical (weekly XLSX)",https://dam.assets.ohio.gov/image/upload/com.ohio.gov/DCC/DCC_Product_Data_-_Medical.pdf,2026-09-25,"DERIVED by agent: sum of 4 weekly rows whose week-ending date (Saturday) falls in this month (2021-06-05;2021-06-12;2021-06-19;2021-06-26). XLSX supplied by the author 2026-09-25 (runs to week ending 2026-09-12); same DCC series as the PDF linked. Sum of every ""... Sales"" column, plant material plus all manufactured product types. Cross-check: weekly totals match week-over-week differences of the DCC cumulative Historical Sales Data within 1% in 500 of 501 weeks."
OH,2021-07,month,-37,flower_sold_lbs_medical,3978.34,pounds,"Ohio Division of Cannabis Control, DCC Product Data - Medical (weekly XLSX)",https://dam.assets.ohio.gov/image/upload/com.ohio.gov/DCC/DCC_Product_Data_-_Medical.pdf,2026-09-25,"DERIVED by agent: sum of 5 weekly rows whose week-ending date (Saturday) falls in this month (2021-07-03;2021-07-10;2021-07-17;2021-07-24;2021-07-31). XLSX supplied by the author 2026-09-25 (runs to week ending 2026-09-12); same DCC series as the PDF linked. Column ""Plant Material Sold (Pounds)""."
OH,2021-07,month,-37,flower_sales_usd_medical,19553732.0,usd,"Ohio Division of Cannabis Control, DCC Product Data - Medical (weekly XLSX)",https://dam.assets.ohio.gov/image/upload/com.ohio.gov/DCC/DCC_Product_Data_-_Medical.pdf,2026-09-25,"DERIVED by agent: sum of 5 weekly rows whose week-ending date (Saturday) falls in this month (2021-07-03;2021-07-10;2021-07-17;2021-07-24;2021-07-31). XLSX supplied by the author 2026-09-25 (runs to week ending 2026-09-12); same DCC series as the PDF linked. Column ""Total Sales (Plant Material)""."
OH,2021-07,month,-37,total_sales_usd_medical,37295379.43,usd,"Ohio Division of Cannabis Control, DCC Product Data - Medical (weekly XLSX)",https://dam.assets.ohio.gov/image/upload/com.ohio.gov/DCC/DCC_Product_Data_-_Medical.pdf,2026-09-25,"DERIVED by agent: sum of 5 weekly rows whose week-ending date (Saturday) falls in this month (2021-07-03;2021-07-10;2021-07-17;2021-07-24;2021-07-31). XLSX supplied by the author 2026-09-25 (runs to week ending 2026-09-12); same DCC series as the PDF linked. Sum of every ""... Sales"" column, plant material plus all manufactured product types. Cross-check: weekly totals match week-over-week differences of the DCC cumulative Historical Sales Data within 1% in 500 of 501 weeks."
OH,2021-08,month,-36,flower_sold_lbs_medical,3288.7,pounds,"Ohio Division of Cannabis Control, DCC Product Data - Medical (weekly XLSX)",https://dam.assets.ohio.gov/image/upload/com.ohio.gov/DCC/DCC_Product_Data_-_Medical.pdf,2026-09-25,"DERIVED by agent: sum of 4 weekly rows whose week-ending date (Saturday) falls in this month (2021-08-07;2021-08-14;2021-08-21;2021-08-28). XLSX supplied by the author 2026-09-25 (runs to week ending 2026-09-12); same DCC series as the PDF linked. Column ""Plant Material Sold (Pounds)""."
OH,2021-08,month,-36,flower_sales_usd_medical,15573817.0,usd,"Ohio Division of Cannabis Control, DCC Product Data - Medical (weekly XLSX)",https://dam.assets.ohio.gov/image/upload/com.ohio.gov/DCC/DCC_Product_Data_-_Medical.pdf,2026-09-25,"DERIVED by agent: sum of 4 weekly rows whose week-ending date (Saturday) falls in this month (2021-08-07;2021-08-14;2021-08-21;2021-08-28). XLSX supplied by the author 2026-09-25 (runs to week ending 2026-09-12); same DCC series as the PDF linked. Column ""Total Sales (Plant Material)""."
OH,2021-08,month,-36,total_sales_usd_medical,30154916.3,usd,"Ohio Division of Cannabis Control, DCC Product Data - Medical (weekly XLSX)",https://dam.assets.ohio.gov/image/upload/com.ohio.gov/DCC/DCC_Product_Data_-_Medical.pdf,2026-09-25,"DERIVED by agent: sum of 4 weekly rows whose week-ending date (Saturday) falls in this month (2021-08-07;2021-08-14;2021-08-21;2021-08-28). XLSX supplied by the author 2026-09-25 (runs to week ending 2026-09-12); same DCC series as the PDF linked. Sum of every ""... Sales"" column, plant material plus all manufactured product types. Cross-check: weekly totals match week-over-week differences of the DCC cumulative Historical Sales Data within 1% in 500 of 501 weeks."
OH,2021-09,month,-35,flower_sold_lbs_medical,3423.45,pounds,"Ohio Division of Cannabis Control, DCC Product Data - Medical (weekly XLSX)",https://dam.assets.ohio.gov/image/upload/com.ohio.gov/DCC/DCC_Product_Data_-_Medical.pdf,2026-09-25,"DERIVED by agent: sum of 4 weekly rows whose week-ending date (Saturday) falls in this month (2021-09-04;2021-09-11;2021-09-18;2021-09-25). XLSX supplied by the author 2026-09-25 (runs to week ending 2026-09-12); same DCC series as the PDF linked. Column ""Plant Material Sold (Pounds)""."
OH,2021-09,month,-35,flower_sales_usd_medical,15962178.0,usd,"Ohio Division of Cannabis Control, DCC Product Data - Medical (weekly XLSX)",https://dam.assets.ohio.gov/image/upload/com.ohio.gov/DCC/DCC_Product_Data_-_Medical.pdf,2026-09-25,"DERIVED by agent: sum of 4 weekly rows whose week-ending date (Saturday) falls in this month (2021-09-04;2021-09-11;2021-09-18;2021-09-25). XLSX supplied by the author 2026-09-25 (runs to week ending 2026-09-12); same DCC series as the PDF linked. Column ""Total Sales (Plant Material)""."
OH,2021-09,month,-35,total_sales_usd_medical,30974769.21,usd,"Ohio Division of Cannabis Control, DCC Product Data - Medical (weekly XLSX)",https://dam.assets.ohio.gov/image/upload/com.ohio.gov/DCC/DCC_Product_Data_-_Medical.pdf,2026-09-25,"DERIVED by agent: sum of 4 weekly rows whose week-ending date (Saturday) falls in this month (2021-09-04;2021-09-11;2021-09-18;2021-09-25). XLSX supplied by the author 2026-09-25 (runs to week ending 2026-09-12); same DCC series as the PDF linked. Sum of every ""... Sales"" column, plant material plus all manufactured product types. Cross-check: weekly totals match week-over-week differences of the DCC cumulative Historical Sales Data within 1% in 500 of 501 weeks."
OH,2021-10,month,-34,flower_sold_lbs_medical,4430.72,pounds,"Ohio Division of Cannabis Control, DCC Product Data - Medical (weekly XLSX)",https://dam.assets.ohio.gov/image/upload/com.ohio.gov/DCC/DCC_Product_Data_-_Medical.pdf,2026-09-25,"DERIVED by agent: sum of 5 weekly rows whose week-ending date (Saturday) falls in this month (2021-10-02;2021-10-09;2021-10-16;2021-10-23;2021-10-30). XLSX supplied by the author 2026-09-25 (runs to week ending 2026-09-12); same DCC series as the PDF linked. Column ""Plant Material Sold (Pounds)""."
OH,2021-10,month,-34,flower_sales_usd_medical,20306301.0,usd,"Ohio Division of Cannabis Control, DCC Product Data - Medical (weekly XLSX)",https://dam.assets.ohio.gov/image/upload/com.ohio.gov/DCC/DCC_Product_Data_-_Medical.pdf,2026-09-25,"DERIVED by agent: sum of 5 weekly rows whose week-ending date (Saturday) falls in this month (2021-10-02;2021-10-09;2021-10-16;2021-10-23;2021-10-30). XLSX supplied by the author 2026-09-25 (runs to week ending 2026-09-12); same DCC series as the PDF linked. Column ""Total Sales (Plant Material)""."
OH,2021-10,month,-34,total_sales_usd_medical,39403868.96,usd,"Ohio Division of Cannabis Control, DCC Product Data - Medical (weekly XLSX)",https://dam.assets.ohio.gov/image/upload/com.ohio.gov/DCC/DCC_Product_Data_-_Medical.pdf,2026-09-25,"DERIVED by agent: sum of 5 weekly rows whose week-ending date (Saturday) falls in this month (2021-10-02;2021-10-09;2021-10-16;2021-10-23;2021-10-30). XLSX supplied by the author 2026-09-25 (runs to week ending 2026-09-12); same DCC series as the PDF linked. Sum of every ""... Sales"" column, plant material plus all manufactured product types. Cross-check: weekly totals match week-over-week differences of the DCC cumulative Historical Sales Data within 1% in 500 of 501 weeks."
OH,2021-11,month,-33,flower_sold_lbs_medical,3642.39,pounds,"Ohio Division of Cannabis Control, DCC Product Data - Medical (weekly XLSX)",https://dam.assets.ohio.gov/image/upload/com.ohio.gov/DCC/DCC_Product_Data_-_Medical.pdf,2026-09-25,"DERIVED by agent: sum of 4 weekly rows whose week-ending date (Saturday) falls in this month (2021-11-06;2021-11-13;2021-11-20;2021-11-27). XLSX supplied by the author 2026-09-25 (runs to week ending 2026-09-12); same DCC series as the PDF linked. Column ""Plant Material Sold (Pounds)""."
OH,2021-11,month,-33,flower_sales_usd_medical,16227744.0,usd,"Ohio Division of Cannabis Control, DCC Product Data - Medical (weekly XLSX)",https://dam.assets.ohio.gov/image/upload/com.ohio.gov/DCC/DCC_Product_Data_-_Medical.pdf,2026-09-25,"DERIVED by agent: sum of 4 weekly rows whose week-ending date (Saturday) falls in this month (2021-11-06;2021-11-13;2021-11-20;2021-11-27). XLSX supplied by the author 2026-09-25 (runs to week ending 2026-09-12); same DCC series as the PDF linked. Column ""Total Sales (Plant Material)""."
OH,2021-11,month,-33,total_sales_usd_medical,31749352.96,usd,"Ohio Division of Cannabis Control, DCC Product Data - Medical (weekly XLSX)",https://dam.assets.ohio.gov/image/upload/com.ohio.gov/DCC/DCC_Product_Data_-_Medical.pdf,2026-09-25,"DERIVED by agent: sum of 4 weekly rows whose week-ending date (Saturday) falls in this month (2021-11-06;2021-11-13;2021-11-20;2021-11-27). XLSX supplied by the author 2026-09-25 (runs to week ending 2026-09-12); same DCC series as the PDF linked. Sum of every ""... Sales"" column, plant material plus all manufactured product types. Cross-check: weekly totals match week-over-week differences of the DCC cumulative Historical Sales Data within 1% in 500 of 501 weeks."
OH,2021-12,month,-32,flower_sold_lbs_medical,3830.56,pounds,"Ohio Division of Cannabis Control, DCC Product Data - Medical (weekly XLSX)",https://dam.assets.ohio.gov/image/upload/com.ohio.gov/DCC/DCC_Product_Data_-_Medical.pdf,2026-09-25,"DERIVED by agent: sum of 4 weekly rows whose week-ending date (Saturday) falls in this month (2021-12-04;2021-12-11;2021-12-18;2021-12-25). XLSX supplied by the author 2026-09-25 (runs to week ending 2026-09-12); same DCC series as the PDF linked. Column ""Plant Material Sold (Pounds)""."
OH,2021-12,month,-32,flower_sales_usd_medical,16537111.0,usd,"Ohio Division of Cannabis Control, DCC Product Data - Medical (weekly XLSX)",https://dam.assets.ohio.gov/image/upload/com.ohio.gov/DCC/DCC_Product_Data_-_Medical.pdf,2026-09-25,"DERIVED by agent: sum of 4 weekly rows whose week-ending date (Saturday) falls in this month (2021-12-04;2021-12-11;2021-12-18;2021-12-25). XLSX supplied by the author 2026-09-25 (runs to week ending 2026-09-12); same DCC series as the PDF linked. Column ""Total Sales (Plant Material)""."
OH,2021-12,month,-32,total_sales_usd_medical,32537082.36,usd,"Ohio Division of Cannabis Control, DCC Product Data - Medical (weekly XLSX)",https://dam.assets.ohio.gov/image/upload/com.ohio.gov/DCC/DCC_Product_Data_-_Medical.pdf,2026-09-25,"DERIVED by agent: sum of 4 weekly rows whose week-ending date (Saturday) falls in this month (2021-12-04;2021-12-11;2021-12-18;2021-12-25). XLSX supplied by the author 2026-09-25 (runs to week ending 2026-09-12); same DCC series as the PDF linked. Sum of every ""... Sales"" column, plant material plus all manufactured product types. Cross-check: weekly totals match week-over-week differences of the DCC cumulative Historical Sales Data within 1% in 500 of 501 weeks."
OH,2022-01,month,-31,flower_sold_lbs_medical,4953.46,pounds,"Ohio Division of Cannabis Control, DCC Product Data - Medical (weekly XLSX)",https://dam.assets.ohio.gov/image/upload/com.ohio.gov/DCC/DCC_Product_Data_-_Medical.pdf,2026-09-25,"DERIVED by agent: sum of 5 weekly rows whose week-ending date (Saturday) falls in this month (2022-01-01;2022-01-08;2022-01-15;2022-01-22;2022-01-29). XLSX supplied by the author 2026-09-25 (runs to week ending 2026-09-12); same DCC series as the PDF linked. Column ""Plant Material Sold (Pounds)""."
OH,2022-01,month,-31,flower_sales_usd_medical,21390524.0,usd,"Ohio Division of Cannabis Control, DCC Product Data - Medical (weekly XLSX)",https://dam.assets.ohio.gov/image/upload/com.ohio.gov/DCC/DCC_Product_Data_-_Medical.pdf,2026-09-25,"DERIVED by agent: sum of 5 weekly rows whose week-ending date (Saturday) falls in this month (2022-01-01;2022-01-08;2022-01-15;2022-01-22;2022-01-29). XLSX supplied by the author 2026-09-25 (runs to week ending 2026-09-12); same DCC series as the PDF linked. Column ""Total Sales (Plant Material)""."
OH,2022-01,month,-31,total_sales_usd_medical,40338657.34,usd,"Ohio Division of Cannabis Control, DCC Product Data - Medical (weekly XLSX)",https://dam.assets.ohio.gov/image/upload/com.ohio.gov/DCC/DCC_Product_Data_-_Medical.pdf,2026-09-25,"DERIVED by agent: sum of 5 weekly rows whose week-ending date (Saturday) falls in this month (2022-01-01;2022-01-08;2022-01-15;2022-01-22;2022-01-29). XLSX supplied by the author 2026-09-25 (runs to week ending 2026-09-12); same DCC series as the PDF linked. Sum of every ""... Sales"" column, plant material plus all manufactured product types. Cross-check: weekly totals match week-over-week differences of the DCC cumulative Historical Sales Data within 1% in 500 of 501 weeks."
OH,2022-02,month,-30,flower_sold_lbs_medical,4515.76,pounds,"Ohio Division of Cannabis Control, DCC Product Data - Medical (weekly XLSX)",https://dam.assets.ohio.gov/image/upload/com.ohio.gov/DCC/DCC_Product_Data_-_Medical.pdf,2026-09-25,"DERIVED by agent: sum of 4 weekly rows whose week-ending date (Saturday) falls in this month (2022-02-05;2022-02-12;2022-02-19;2022-02-26). XLSX supplied by the author 2026-09-25 (runs to week ending 2026-09-12); same DCC series as the PDF linked. Column ""Plant Material Sold (Pounds)""."
OH,2022-02,month,-30,flower_sales_usd_medical,18999389.22,usd,"Ohio Division of Cannabis Control, DCC Product Data - Medical (weekly XLSX)",https://dam.assets.ohio.gov/image/upload/com.ohio.gov/DCC/DCC_Product_Data_-_Medical.pdf,2026-09-25,"DERIVED by agent: sum of 4 weekly rows whose week-ending date (Saturday) falls in this month (2022-02-05;2022-02-12;2022-02-19;2022-02-26). XLSX supplied by the author 2026-09-25 (runs to week ending 2026-09-12); same DCC series as the PDF linked. Column ""Total Sales (Plant Material)""."
OH,2022-02,month,-30,total_sales_usd_medical,35613294.03,usd,"Ohio Division of Cannabis Control, DCC Product Data - Medical (weekly XLSX)",https://dam.assets.ohio.gov/image/upload/com.ohio.gov/DCC/DCC_Product_Data_-_Medical.pdf,2026-09-25,"DERIVED by agent: sum of 4 weekly rows whose week-ending date (Saturday) falls in this month (2022-02-05;2022-02-12;2022-02-19;2022-02-26). XLSX supplied by the author 2026-09-25 (runs to week ending 2026-09-12); same DCC series as the PDF linked. Sum of every ""... Sales"" column, plant material plus all manufactured product types. Cross-check: weekly totals match week-over-week differences of the DCC cumulative Historical Sales Data within 1% in 500 of 501 weeks."
OH,2022-03,month,-29,flower_sold_lbs_medical,4536.22,pounds,"Ohio Division of Cannabis Control, DCC Product Data - Medical (weekly XLSX)",https://dam.assets.ohio.gov/image/upload/com.ohio.gov/DCC/DCC_Product_Data_-_Medical.pdf,2026-09-25,"DERIVED by agent: sum of 4 weekly rows whose week-ending date (Saturday) falls in this month (2022-03-05;2022-03-12;2022-03-19;2022-03-26). XLSX supplied by the author 2026-09-25 (runs to week ending 2026-09-12); same DCC series as the PDF linked. Column ""Plant Material Sold (Pounds)""."
OH,2022-03,month,-29,flower_sales_usd_medical,19333033.23,usd,"Ohio Division of Cannabis Control, DCC Product Data - Medical (weekly XLSX)",https://dam.assets.ohio.gov/image/upload/com.ohio.gov/DCC/DCC_Product_Data_-_Medical.pdf,2026-09-25,"DERIVED by agent: sum of 4 weekly rows whose week-ending date (Saturday) falls in this month (2022-03-05;2022-03-12;2022-03-19;2022-03-26). XLSX supplied by the author 2026-09-25 (runs to week ending 2026-09-12); same DCC series as the PDF linked. Column ""Total Sales (Plant Material)""."
OH,2022-03,month,-29,total_sales_usd_medical,37158891.58,usd,"Ohio Division of Cannabis Control, DCC Product Data - Medical (weekly XLSX)",https://dam.assets.ohio.gov/image/upload/com.ohio.gov/DCC/DCC_Product_Data_-_Medical.pdf,2026-09-25,"DERIVED by agent: sum of 4 weekly rows whose week-ending date (Saturday) falls in this month (2022-03-05;2022-03-12;2022-03-19;2022-03-26). XLSX supplied by the author 2026-09-25 (runs to week ending 2026-09-12); same DCC series as the PDF linked. Sum of every ""... Sales"" column, plant material plus all manufactured product types. Cross-check: weekly totals match week-over-week differences of the DCC cumulative Historical Sales Data within 1% in 500 of 501 weeks."
OH,2022-04,month,-28,flower_sold_lbs_medical,6031.3,pounds,"Ohio Division of Cannabis Control, DCC Product Data - Medical (weekly XLSX)",https://dam.assets.ohio.gov/image/upload/com.ohio.gov/DCC/DCC_Product_Data_-_Medical.pdf,2026-09-25,"DERIVED by agent: sum of 5 weekly rows whose week-ending date (Saturday) falls in this month (2022-04-02;2022-04-09;2022-04-16;2022-04-23;2022-04-30). XLSX supplied by the author 2026-09-25 (runs to week ending 2026-09-12); same DCC series as the PDF linked. Column ""Plant Material Sold (Pounds)""."
OH,2022-04,month,-28,flower_sales_usd_medical,24902557.96,usd,"Ohio Division of Cannabis Control, DCC Product Data - Medical (weekly XLSX)",https://dam.assets.ohio.gov/image/upload/com.ohio.gov/DCC/DCC_Product_Data_-_Medical.pdf,2026-09-25,"DERIVED by agent: sum of 5 weekly rows whose week-ending date (Saturday) falls in this month (2022-04-02;2022-04-09;2022-04-16;2022-04-23;2022-04-30). XLSX supplied by the author 2026-09-25 (runs to week ending 2026-09-12); same DCC series as the PDF linked. Column ""Total Sales (Plant Material)""."
OH,2022-04,month,-28,total_sales_usd_medical,48082475.48,usd,"Ohio Division of Cannabis Control, DCC Product Data - Medical (weekly XLSX)",https://dam.assets.ohio.gov/image/upload/com.ohio.gov/DCC/DCC_Product_Data_-_Medical.pdf,2026-09-25,"DERIVED by agent: sum of 5 weekly rows whose week-ending date (Saturday) falls in this month (2022-04-02;2022-04-09;2022-04-16;2022-04-23;2022-04-30). XLSX supplied by the author 2026-09-25 (runs to week ending 2026-09-12); same DCC series as the PDF linked. Sum of every ""... Sales"" column, plant material plus all manufactured product types. Cross-check: weekly totals match week-over-week differences of the DCC cumulative Historical Sales Data within 1% in 500 of 501 weeks."
OH,2022-05,month,-27,flower_sold_lbs_medical,4513.72,pounds,"Ohio Division of Cannabis Control, DCC Product Data - Medical (weekly XLSX)",https://dam.assets.ohio.gov/image/upload/com.ohio.gov/DCC/DCC_Product_Data_-_Medical.pdf,2026-09-25,"DERIVED by agent: sum of 4 weekly rows whose week-ending date (Saturday) falls in this month (2022-05-07;2022-05-14;2022-05-21;2022-05-28). XLSX supplied by the author 2026-09-25 (runs to week ending 2026-09-12); same DCC series as the PDF linked. Column ""Plant Material Sold (Pounds)""."
OH,2022-05,month,-27,flower_sales_usd_medical,18689896.88,usd,"Ohio Division of Cannabis Control, DCC Product Data - Medical (weekly XLSX)",https://dam.assets.ohio.gov/image/upload/com.ohio.gov/DCC/DCC_Product_Data_-_Medical.pdf,2026-09-25,"DERIVED by agent: sum of 4 weekly rows whose week-ending date (Saturday) falls in this month (2022-05-07;2022-05-14;2022-05-21;2022-05-28). XLSX supplied by the author 2026-09-25 (runs to week ending 2026-09-12); same DCC series as the PDF linked. Column ""Total Sales (Plant Material)""."
OH,2022-05,month,-27,total_sales_usd_medical,36563677.84,usd,"Ohio Division of Cannabis Control, DCC Product Data - Medical (weekly XLSX)",https://dam.assets.ohio.gov/image/upload/com.ohio.gov/DCC/DCC_Product_Data_-_Medical.pdf,2026-09-25,"DERIVED by agent: sum of 4 weekly rows whose week-ending date (Saturday) falls in this month (2022-05-07;2022-05-14;2022-05-21;2022-05-28). XLSX supplied by the author 2026-09-25 (runs to week ending 2026-09-12); same DCC series as the PDF linked. Sum of every ""... Sales"" column, plant material plus all manufactured product types. Cross-check: weekly totals match week-over-week differences of the DCC cumulative Historical Sales Data within 1% in 500 of 501 weeks."
OH,2022-06,month,-26,flower_sold_lbs_medical,4417.13,pounds,"Ohio Division of Cannabis Control, DCC Product Data - Medical (weekly XLSX)",https://dam.assets.ohio.gov/image/upload/com.ohio.gov/DCC/DCC_Product_Data_-_Medical.pdf,2026-09-25,"DERIVED by agent: sum of 4 weekly rows whose week-ending date (Saturday) falls in this month (2022-06-04;2022-06-11;2022-06-18;2022-06-25). XLSX supplied by the author 2026-09-25 (runs to week ending 2026-09-12); same DCC series as the PDF linked. Column ""Plant Material Sold (Pounds)""."
OH,2022-06,month,-26,flower_sales_usd_medical,18172667.6,usd,"Ohio Division of Cannabis Control, DCC Product Data - Medical (weekly XLSX)",https://dam.assets.ohio.gov/image/upload/com.ohio.gov/DCC/DCC_Product_Data_-_Medical.pdf,2026-09-25,"DERIVED by agent: sum of 4 weekly rows whose week-ending date (Saturday) falls in this month (2022-06-04;2022-06-11;2022-06-18;2022-06-25). XLSX supplied by the author 2026-09-25 (runs to week ending 2026-09-12); same DCC series as the PDF linked. Column ""Total Sales (Plant Material)""."
OH,2022-06,month,-26,total_sales_usd_medical,35610062.26,usd,"Ohio Division of Cannabis Control, DCC Product Data - Medical (weekly XLSX)",https://dam.assets.ohio.gov/image/upload/com.ohio.gov/DCC/DCC_Product_Data_-_Medical.pdf,2026-09-25,"DERIVED by agent: sum of 4 weekly rows whose week-ending date (Saturday) falls in this month (2022-06-04;2022-06-11;2022-06-18;2022-06-25). XLSX supplied by the author 2026-09-25 (runs to week ending 2026-09-12); same DCC series as the PDF linked. Sum of every ""... Sales"" column, plant material plus all manufactured product types. Cross-check: weekly totals match week-over-week differences of the DCC cumulative Historical Sales Data within 1% in 500 of 501 weeks."
OH,2022-07,month,-25,flower_sold_lbs_medical,5755.02,pounds,"Ohio Division of Cannabis Control, DCC Product Data - Medical (weekly XLSX)",https://dam.assets.ohio.gov/image/upload/com.ohio.gov/DCC/DCC_Product_Data_-_Medical.pdf,2026-09-25,"DERIVED by agent: sum of 5 weekly rows whose week-ending date (Saturday) falls in this month (2022-07-02;2022-07-09;2022-07-16;2022-07-23;2022-07-30). XLSX supplied by the author 2026-09-25 (runs to week ending 2026-09-12); same DCC series as the PDF linked. Column ""Plant Material Sold (Pounds)""."
OH,2022-07,month,-25,flower_sales_usd_medical,23334732.08,usd,"Ohio Division of Cannabis Control, DCC Product Data - Medical (weekly XLSX)",https://dam.assets.ohio.gov/image/upload/com.ohio.gov/DCC/DCC_Product_Data_-_Medical.pdf,2026-09-25,"DERIVED by agent: sum of 5 weekly rows whose week-ending date (Saturday) falls in this month (2022-07-02;2022-07-09;2022-07-16;2022-07-23;2022-07-30). XLSX supplied by the author 2026-09-25 (runs to week ending 2026-09-12); same DCC series as the PDF linked. Column ""Total Sales (Plant Material)""."
OH,2022-07,month,-25,total_sales_usd_medical,45329509.0,usd,"Ohio Division of Cannabis Control, DCC Product Data - Medical (weekly XLSX)",https://dam.assets.ohio.gov/image/upload/com.ohio.gov/DCC/DCC_Product_Data_-_Medical.pdf,2026-09-25,"DERIVED by agent: sum of 5 weekly rows whose week-ending date (Saturday) falls in this month (2022-07-02;2022-07-09;2022-07-16;2022-07-23;2022-07-30). XLSX supplied by the author 2026-09-25 (runs to week ending 2026-09-12); same DCC series as the PDF linked. Sum of every ""... Sales"" column, plant material plus all manufactured product types. Cross-check: weekly totals match week-over-week differences of the DCC cumulative Historical Sales Data within 1% in 500 of 501 weeks."
OH,2022-08,month,-24,flower_sold_lbs_medical,4714.84,pounds,"Ohio Division of Cannabis Control, DCC Product Data - Medical (weekly XLSX)",https://dam.assets.ohio.gov/image/upload/com.ohio.gov/DCC/DCC_Product_Data_-_Medical.pdf,2026-09-25,"DERIVED by agent: sum of 4 weekly rows whose week-ending date (Saturday) falls in this month (2022-08-06;2022-08-13;2022-08-20;2022-08-27). XLSX supplied by the author 2026-09-25 (runs to week ending 2026-09-12); same DCC series as the PDF linked. Column ""Plant Material Sold (Pounds)""."
OH,2022-08,month,-24,flower_sales_usd_medical,18530562.49,usd,"Ohio Division of Cannabis Control, DCC Product Data - Medical (weekly XLSX)",https://dam.assets.ohio.gov/image/upload/com.ohio.gov/DCC/DCC_Product_Data_-_Medical.pdf,2026-09-25,"DERIVED by agent: sum of 4 weekly rows whose week-ending date (Saturday) falls in this month (2022-08-06;2022-08-13;2022-08-20;2022-08-27). XLSX supplied by the author 2026-09-25 (runs to week ending 2026-09-12); same DCC series as the PDF linked. Column ""Total Sales (Plant Material)""."
OH,2022-08,month,-24,total_sales_usd_medical,35951054.76,usd,"Ohio Division of Cannabis Control, DCC Product Data - Medical (weekly XLSX)",https://dam.assets.ohio.gov/image/upload/com.ohio.gov/DCC/DCC_Product_Data_-_Medical.pdf,2026-09-25,"DERIVED by agent: sum of 4 weekly rows whose week-ending date (Saturday) falls in this month (2022-08-06;2022-08-13;2022-08-20;2022-08-27). XLSX supplied by the author 2026-09-25 (runs to week ending 2026-09-12); same DCC series as the PDF linked. Sum of every ""... Sales"" column, plant material plus all manufactured product types. Cross-check: weekly totals match week-over-week differences of the DCC cumulative Historical Sales Data within 1% in 500 of 501 weeks."
OH,2022-09,month,-23,flower_sold_lbs_medical,4837.65,pounds,"Ohio Division of Cannabis Control, DCC Product Data - Medical (weekly XLSX)",https://dam.assets.ohio.gov/image/upload/com.ohio.gov/DCC/DCC_Product_Data_-_Medical.pdf,2026-09-25,"DERIVED by agent: sum of 4 weekly rows whose week-ending date (Saturday) falls in this month (2022-09-03;2022-09-10;2022-09-17;2022-09-24). XLSX supplied by the author 2026-09-25 (runs to week ending 2026-09-12); same DCC series as the PDF linked. Column ""Plant Material Sold (Pounds)""."
OH,2022-09,month,-23,flower_sales_usd_medical,18689005.53,usd,"Ohio Division of Cannabis Control, DCC Product Data - Medical (weekly XLSX)",https://dam.assets.ohio.gov/image/upload/com.ohio.gov/DCC/DCC_Product_Data_-_Medical.pdf,2026-09-25,"DERIVED by agent: sum of 4 weekly rows whose week-ending date (Saturday) falls in this month (2022-09-03;2022-09-10;2022-09-17;2022-09-24). XLSX supplied by the author 2026-09-25 (runs to week ending 2026-09-12); same DCC series as the PDF linked. Column ""Total Sales (Plant Material)""."
OH,2022-09,month,-23,total_sales_usd_medical,36062376.11,usd,"Ohio Division of Cannabis Control, DCC Product Data - Medical (weekly XLSX)",https://dam.assets.ohio.gov/image/upload/com.ohio.gov/DCC/DCC_Product_Data_-_Medical.pdf,2026-09-25,"DERIVED by agent: sum of 4 weekly rows whose week-ending date (Saturday) falls in this month (2022-09-03;2022-09-10;2022-09-17;2022-09-24). XLSX supplied by the author 2026-09-25 (runs to week ending 2026-09-12); same DCC series as the PDF linked. Sum of every ""... Sales"" column, plant material plus all manufactured product types. Cross-check: weekly totals match week-over-week differences of the DCC cumulative Historical Sales Data within 1% in 500 of 501 weeks."
OH,2022-10,month,-22,flower_sold_lbs_medical,6138.28,pounds,"Ohio Division of Cannabis Control, DCC Product Data - Medical (weekly XLSX)",https://dam.assets.ohio.gov/image/upload/com.ohio.gov/DCC/DCC_Product_Data_-_Medical.pdf,2026-09-25,"DERIVED by agent: sum of 5 weekly rows whose week-ending date (Saturday) falls in this month (2022-10-01;2022-10-08;2022-10-15;2022-10-22;2022-10-29). XLSX supplied by the author 2026-09-25 (runs to week ending 2026-09-12); same DCC series as the PDF linked. Column ""Plant Material Sold (Pounds)""."
OH,2022-10,month,-22,flower_sales_usd_medical,23220648.21,usd,"Ohio Division of Cannabis Control, DCC Product Data - Medical (weekly XLSX)",https://dam.assets.ohio.gov/image/upload/com.ohio.gov/DCC/DCC_Product_Data_-_Medical.pdf,2026-09-25,"DERIVED by agent: sum of 5 weekly rows whose week-ending date (Saturday) falls in this month (2022-10-01;2022-10-08;2022-10-15;2022-10-22;2022-10-29). XLSX supplied by the author 2026-09-25 (runs to week ending 2026-09-12); same DCC series as the PDF linked. Column ""Total Sales (Plant Material)""."
OH,2022-10,month,-22,total_sales_usd_medical,44907015.05,usd,"Ohio Division of Cannabis Control, DCC Product Data - Medical (weekly XLSX)",https://dam.assets.ohio.gov/image/upload/com.ohio.gov/DCC/DCC_Product_Data_-_Medical.pdf,2026-09-25,"DERIVED by agent: sum of 5 weekly rows whose week-ending date (Saturday) falls in this month (2022-10-01;2022-10-08;2022-10-15;2022-10-22;2022-10-29). XLSX supplied by the author 2026-09-25 (runs to week ending 2026-09-12); same DCC series as the PDF linked. Sum of every ""... Sales"" column, plant material plus all manufactured product types. Cross-check: weekly totals match week-over-week differences of the DCC cumulative Historical Sales Data within 1% in 500 of 501 weeks."
OH,2022-11,month,-21,flower_sold_lbs_medical,5171.3,pounds,"Ohio Division of Cannabis Control, DCC Product Data - Medical (weekly XLSX)",https://dam.assets.ohio.gov/image/upload/com.ohio.gov/DCC/DCC_Product_Data_-_Medical.pdf,2026-09-25,"DERIVED by agent: sum of 4 weekly rows whose week-ending date (Saturday) falls in this month (2022-11-05;2022-11-12;2022-11-19;2022-11-26). XLSX supplied by the author 2026-09-25 (runs to week ending 2026-09-12); same DCC series as the PDF linked. Column ""Plant Material Sold (Pounds)""."
OH,2022-11,month,-21,flower_sales_usd_medical,19002320.77,usd,"Ohio Division of Cannabis Control, DCC Product Data - Medical (weekly XLSX)",https://dam.assets.ohio.gov/image/upload/com.ohio.gov/DCC/DCC_Product_Data_-_Medical.pdf,2026-09-25,"DERIVED by agent: sum of 4 weekly rows whose week-ending date (Saturday) falls in this month (2022-11-05;2022-11-12;2022-11-19;2022-11-26). XLSX supplied by the author 2026-09-25 (runs to week ending 2026-09-12); same DCC series as the PDF linked. Column ""Total Sales (Plant Material)""."
OH,2022-11,month,-21,total_sales_usd_medical,36868494.3,usd,"Ohio Division of Cannabis Control, DCC Product Data - Medical (weekly XLSX)",https://dam.assets.ohio.gov/image/upload/com.ohio.gov/DCC/DCC_Product_Data_-_Medical.pdf,2026-09-25,"DERIVED by agent: sum of 4 weekly rows whose week-ending date (Saturday) falls in this month (2022-11-05;2022-11-12;2022-11-19;2022-11-26). XLSX supplied by the author 2026-09-25 (runs to week ending 2026-09-12); same DCC series as the PDF linked. Sum of every ""... Sales"" column, plant material plus all manufactured product types. Cross-check: weekly totals match week-over-week differences of the DCC cumulative Historical Sales Data within 1% in 500 of 501 weeks."
OH,2022-12,month,-20,flower_sold_lbs_medical,6695.35,pounds,"Ohio Division of Cannabis Control, DCC Product Data - Medical (weekly XLSX)",https://dam.assets.ohio.gov/image/upload/com.ohio.gov/DCC/DCC_Product_Data_-_Medical.pdf,2026-09-25,"DERIVED by agent: sum of 5 weekly rows whose week-ending date (Saturday) falls in this month (2022-12-03;2022-12-10;2022-12-17;2022-12-24;2022-12-31). XLSX supplied by the author 2026-09-25 (runs to week ending 2026-09-12); same DCC series as the PDF linked. Column ""Plant Material Sold (Pounds)""."
OH,2022-12,month,-20,flower_sales_usd_medical,23556115.35,usd,"Ohio Division of Cannabis Control, DCC Product Data - Medical (weekly XLSX)",https://dam.assets.ohio.gov/image/upload/com.ohio.gov/DCC/DCC_Product_Data_-_Medical.pdf,2026-09-25,"DERIVED by agent: sum of 5 weekly rows whose week-ending date (Saturday) falls in this month (2022-12-03;2022-12-10;2022-12-17;2022-12-24;2022-12-31). XLSX supplied by the author 2026-09-25 (runs to week ending 2026-09-12); same DCC series as the PDF linked. Column ""Total Sales (Plant Material)""."
OH,2022-12,month,-20,total_sales_usd_medical,46258573.54,usd,"Ohio Division of Cannabis Control, DCC Product Data - Medical (weekly XLSX)",https://dam.assets.ohio.gov/image/upload/com.ohio.gov/DCC/DCC_Product_Data_-_Medical.pdf,2026-09-25,"DERIVED by agent: sum of 5 weekly rows whose week-ending date (Saturday) falls in this month (2022-12-03;2022-12-10;2022-12-17;2022-12-24;2022-12-31). XLSX supplied by the author 2026-09-25 (runs to week ending 2026-09-12); same DCC series as the PDF linked. Sum of every ""... Sales"" column, plant material plus all manufactured product types. Cross-check: weekly totals match week-over-week differences of the DCC cumulative Historical Sales Data within 1% in 500 of 501 weeks."
OH,2023-01,month,-19,flower_sold_lbs_medical,5196.25,pounds,"Ohio Division of Cannabis Control, DCC Product Data - Medical (weekly XLSX)",https://dam.assets.ohio.gov/image/upload/com.ohio.gov/DCC/DCC_Product_Data_-_Medical.pdf,2026-09-25,"DERIVED by agent: sum of 4 weekly rows whose week-ending date (Saturday) falls in this month (2023-01-07;2023-01-14;2023-01-21;2023-01-28). XLSX supplied by the author 2026-09-25 (runs to week ending 2026-09-12); same DCC series as the PDF linked. Column ""Plant Material Sold (Pounds)""."
OH,2023-01,month,-19,flower_sales_usd_medical,18041126.37,usd,"Ohio Division of Cannabis Control, DCC Product Data - Medical (weekly XLSX)",https://dam.assets.ohio.gov/image/upload/com.ohio.gov/DCC/DCC_Product_Data_-_Medical.pdf,2026-09-25,"DERIVED by agent: sum of 4 weekly rows whose week-ending date (Saturday) falls in this month (2023-01-07;2023-01-14;2023-01-21;2023-01-28). XLSX supplied by the author 2026-09-25 (runs to week ending 2026-09-12); same DCC series as the PDF linked. Column ""Total Sales (Plant Material)""."
OH,2023-01,month,-19,total_sales_usd_medical,35408369.13,usd,"Ohio Division of Cannabis Control, DCC Product Data - Medical (weekly XLSX)",https://dam.assets.ohio.gov/image/upload/com.ohio.gov/DCC/DCC_Product_Data_-_Medical.pdf,2026-09-25,"DERIVED by agent: sum of 4 weekly rows whose week-ending date (Saturday) falls in this month (2023-01-07;2023-01-14;2023-01-21;2023-01-28). XLSX supplied by the author 2026-09-25 (runs to week ending 2026-09-12); same DCC series as the PDF linked. Sum of every ""... Sales"" column, plant material plus all manufactured product types. Cross-check: weekly totals match week-over-week differences of the DCC cumulative Historical Sales Data within 1% in 500 of 501 weeks."
OH,2023-02,month,-18,flower_sold_lbs_medical,5861.43,pounds,"Ohio Division of Cannabis Control, DCC Product Data - Medical (weekly XLSX)",https://dam.assets.ohio.gov/image/upload/com.ohio.gov/DCC/DCC_Product_Data_-_Medical.pdf,2026-09-25,"DERIVED by agent: sum of 4 weekly rows whose week-ending date (Saturday) falls in this month (2023-02-04;2023-02-11;2023-02-18;2023-02-25). XLSX supplied by the author 2026-09-25 (runs to week ending 2026-09-12); same DCC series as the PDF linked. Column ""Plant Material Sold (Pounds)""."
OH,2023-02,month,-18,flower_sales_usd_medical,19303308.58,usd,"Ohio Division of Cannabis Control, DCC Product Data - Medical (weekly XLSX)",https://dam.assets.ohio.gov/image/upload/com.ohio.gov/DCC/DCC_Product_Data_-_Medical.pdf,2026-09-25,"DERIVED by agent: sum of 4 weekly rows whose week-ending date (Saturday) falls in this month (2023-02-04;2023-02-11;2023-02-18;2023-02-25). XLSX supplied by the author 2026-09-25 (runs to week ending 2026-09-12); same DCC series as the PDF linked. Column ""Total Sales (Plant Material)""."
OH,2023-02,month,-18,total_sales_usd_medical,37701548.02,usd,"Ohio Division of Cannabis Control, DCC Product Data - Medical (weekly XLSX)",https://dam.assets.ohio.gov/image/upload/com.ohio.gov/DCC/DCC_Product_Data_-_Medical.pdf,2026-09-25,"DERIVED by agent: sum of 4 weekly rows whose week-ending date (Saturday) falls in this month (2023-02-04;2023-02-11;2023-02-18;2023-02-25). XLSX supplied by the author 2026-09-25 (runs to week ending 2026-09-12); same DCC series as the PDF linked. Sum of every ""... Sales"" column, plant material plus all manufactured product types. Cross-check: weekly totals match week-over-week differences of the DCC cumulative Historical Sales Data within 1% in 500 of 501 weeks."
OH,2023-03,month,-17,flower_sold_lbs_medical,5979.55,pounds,"Ohio Division of Cannabis Control, DCC Product Data - Medical (weekly XLSX)",https://dam.assets.ohio.gov/image/upload/com.ohio.gov/DCC/DCC_Product_Data_-_Medical.pdf,2026-09-25,"DERIVED by agent: sum of 4 weekly rows whose week-ending date (Saturday) falls in this month (2023-03-04;2023-03-11;2023-03-18;2023-03-25). XLSX supplied by the author 2026-09-25 (runs to week ending 2026-09-12); same DCC series as the PDF linked. Column ""Plant Material Sold (Pounds)""."
OH,2023-03,month,-17,flower_sales_usd_medical,19287077.12,usd,"Ohio Division of Cannabis Control, DCC Product Data - Medical (weekly XLSX)",https://dam.assets.ohio.gov/image/upload/com.ohio.gov/DCC/DCC_Product_Data_-_Medical.pdf,2026-09-25,"DERIVED by agent: sum of 4 weekly rows whose week-ending date (Saturday) falls in this month (2023-03-04;2023-03-11;2023-03-18;2023-03-25). XLSX supplied by the author 2026-09-25 (runs to week ending 2026-09-12); same DCC series as the PDF linked. Column ""Total Sales (Plant Material)""."
OH,2023-03,month,-17,total_sales_usd_medical,37959864.85,usd,"Ohio Division of Cannabis Control, DCC Product Data - Medical (weekly XLSX)",https://dam.assets.ohio.gov/image/upload/com.ohio.gov/DCC/DCC_Product_Data_-_Medical.pdf,2026-09-25,"DERIVED by agent: sum of 4 weekly rows whose week-ending date (Saturday) falls in this month (2023-03-04;2023-03-11;2023-03-18;2023-03-25). XLSX supplied by the author 2026-09-25 (runs to week ending 2026-09-12); same DCC series as the PDF linked. Sum of every ""... Sales"" column, plant material plus all manufactured product types. Cross-check: weekly totals match week-over-week differences of the DCC cumulative Historical Sales Data within 1% in 500 of 501 weeks."
OH,2023-04,month,-16,flower_sold_lbs_medical,7739.79,pounds,"Ohio Division of Cannabis Control, DCC Product Data - Medical (weekly XLSX)",https://dam.assets.ohio.gov/image/upload/com.ohio.gov/DCC/DCC_Product_Data_-_Medical.pdf,2026-09-25,"DERIVED by agent: sum of 5 weekly rows whose week-ending date (Saturday) falls in this month (2023-04-01;2023-04-08;2023-04-15;2023-04-22;2023-04-29). XLSX supplied by the author 2026-09-25 (runs to week ending 2026-09-12); same DCC series as the PDF linked. Column ""Plant Material Sold (Pounds)""."
OH,2023-04,month,-16,flower_sales_usd_medical,24141712.94,usd,"Ohio Division of Cannabis Control, DCC Product Data - Medical (weekly XLSX)",https://dam.assets.ohio.gov/image/upload/com.ohio.gov/DCC/DCC_Product_Data_-_Medical.pdf,2026-09-25,"DERIVED by agent: sum of 5 weekly rows whose week-ending date (Saturday) falls in this month (2023-04-01;2023-04-08;2023-04-15;2023-04-22;2023-04-29). XLSX supplied by the author 2026-09-25 (runs to week ending 2026-09-12); same DCC series as the PDF linked. Column ""Total Sales (Plant Material)""."
OH,2023-04,month,-16,total_sales_usd_medical,46721022.09,usd,"Ohio Division of Cannabis Control, DCC Product Data - Medical (weekly XLSX)",https://dam.assets.ohio.gov/image/upload/com.ohio.gov/DCC/DCC_Product_Data_-_Medical.pdf,2026-09-25,"DERIVED by agent: sum of 5 weekly rows whose week-ending date (Saturday) falls in this month (2023-04-01;2023-04-08;2023-04-15;2023-04-22;2023-04-29). XLSX supplied by the author 2026-09-25 (runs to week ending 2026-09-12); same DCC series as the PDF linked. Sum of every ""... Sales"" column, plant material plus all manufactured product types. Cross-check: weekly totals match week-over-week differences of the DCC cumulative Historical Sales Data within 1% in 500 of 501 weeks."
OH,2023-05,month,-15,flower_sold_lbs_medical,6284.98,pounds,"Ohio Division of Cannabis Control, DCC Product Data - Medical (weekly XLSX)",https://dam.assets.ohio.gov/image/upload/com.ohio.gov/DCC/DCC_Product_Data_-_Medical.pdf,2026-09-25,"DERIVED by agent: sum of 4 weekly rows whose week-ending date (Saturday) falls in this month (2023-05-06;2023-05-13;2023-05-20;2023-05-27). XLSX supplied by the author 2026-09-25 (runs to week ending 2026-09-12); same DCC series as the PDF linked. Column ""Plant Material Sold (Pounds)""."
OH,2023-05,month,-15,flower_sales_usd_medical,18865220.98,usd,"Ohio Division of Cannabis Control, DCC Product Data - Medical (weekly XLSX)",https://dam.assets.ohio.gov/image/upload/com.ohio.gov/DCC/DCC_Product_Data_-_Medical.pdf,2026-09-25,"DERIVED by agent: sum of 4 weekly rows whose week-ending date (Saturday) falls in this month (2023-05-06;2023-05-13;2023-05-20;2023-05-27). XLSX supplied by the author 2026-09-25 (runs to week ending 2026-09-12); same DCC series as the PDF linked. Column ""Total Sales (Plant Material)""."
OH,2023-05,month,-15,total_sales_usd_medical,36723154.92,usd,"Ohio Division of Cannabis Control, DCC Product Data - Medical (weekly XLSX)",https://dam.assets.ohio.gov/image/upload/com.ohio.gov/DCC/DCC_Product_Data_-_Medical.pdf,2026-09-25,"DERIVED by agent: sum of 4 weekly rows whose week-ending date (Saturday) falls in this month (2023-05-06;2023-05-13;2023-05-20;2023-05-27). XLSX supplied by the author 2026-09-25 (runs to week ending 2026-09-12); same DCC series as the PDF linked. Sum of every ""... Sales"" column, plant material plus all manufactured product types. Cross-check: weekly totals match week-over-week differences of the DCC cumulative Historical Sales Data within 1% in 500 of 501 weeks."
OH,2023-06,month,-14,flower_sold_lbs_medical,6529.32,pounds,"Ohio Division of Cannabis Control, DCC Product Data - Medical (weekly XLSX)",https://dam.assets.ohio.gov/image/upload/com.ohio.gov/DCC/DCC_Product_Data_-_Medical.pdf,2026-09-25,"DERIVED by agent: sum of 4 weekly rows whose week-ending date (Saturday) falls in this month (2023-06-03;2023-06-10;2023-06-17;2023-06-24). XLSX supplied by the author 2026-09-25 (runs to week ending 2026-09-12); same DCC series as the PDF linked. Column ""Plant Material Sold (Pounds)""."
OH,2023-06,month,-14,flower_sales_usd_medical,18656888.97,usd,"Ohio Division of Cannabis Control, DCC Product Data - Medical (weekly XLSX)",https://dam.assets.ohio.gov/image/upload/com.ohio.gov/DCC/DCC_Product_Data_-_Medical.pdf,2026-09-25,"DERIVED by agent: sum of 4 weekly rows whose week-ending date (Saturday) falls in this month (2023-06-03;2023-06-10;2023-06-17;2023-06-24). XLSX supplied by the author 2026-09-25 (runs to week ending 2026-09-12); same DCC series as the PDF linked. Column ""Total Sales (Plant Material)""."
OH,2023-06,month,-14,total_sales_usd_medical,36138818.93,usd,"Ohio Division of Cannabis Control, DCC Product Data - Medical (weekly XLSX)",https://dam.assets.ohio.gov/image/upload/com.ohio.gov/DCC/DCC_Product_Data_-_Medical.pdf,2026-09-25,"DERIVED by agent: sum of 4 weekly rows whose week-ending date (Saturday) falls in this month (2023-06-03;2023-06-10;2023-06-17;2023-06-24). XLSX supplied by the author 2026-09-25 (runs to week ending 2026-09-12); same DCC series as the PDF linked. Sum of every ""... Sales"" column, plant material plus all manufactured product types. Cross-check: weekly totals match week-over-week differences of the DCC cumulative Historical Sales Data within 1% in 500 of 501 weeks."
OH,2023-07,month,-13,flower_sold_lbs_medical,8539.68,pounds,"Ohio Division of Cannabis Control, DCC Product Data - Medical (weekly XLSX)",https://dam.assets.ohio.gov/image/upload/com.ohio.gov/DCC/DCC_Product_Data_-_Medical.pdf,2026-09-25,"DERIVED by agent: sum of 5 weekly rows whose week-ending date (Saturday) falls in this month (2023-07-01;2023-07-08;2023-07-15;2023-07-22;2023-07-29). XLSX supplied by the author 2026-09-25 (runs to week ending 2026-09-12); same DCC series as the PDF linked. Column ""Plant Material Sold (Pounds)""."
OH,2023-07,month,-13,flower_sales_usd_medical,24051966.41,usd,"Ohio Division of Cannabis Control, DCC Product Data - Medical (weekly XLSX)",https://dam.assets.ohio.gov/image/upload/com.ohio.gov/DCC/DCC_Product_Data_-_Medical.pdf,2026-09-25,"DERIVED by agent: sum of 5 weekly rows whose week-ending date (Saturday) falls in this month (2023-07-01;2023-07-08;2023-07-15;2023-07-22;2023-07-29). XLSX supplied by the author 2026-09-25 (runs to week ending 2026-09-12); same DCC series as the PDF linked. Column ""Total Sales (Plant Material)""."
OH,2023-07,month,-13,total_sales_usd_medical,46195362.29,usd,"Ohio Division of Cannabis Control, DCC Product Data - Medical (weekly XLSX)",https://dam.assets.ohio.gov/image/upload/com.ohio.gov/DCC/DCC_Product_Data_-_Medical.pdf,2026-09-25,"DERIVED by agent: sum of 5 weekly rows whose week-ending date (Saturday) falls in this month (2023-07-01;2023-07-08;2023-07-15;2023-07-22;2023-07-29). XLSX supplied by the author 2026-09-25 (runs to week ending 2026-09-12); same DCC series as the PDF linked. Sum of every ""... Sales"" column, plant material plus all manufactured product types. Cross-check: weekly totals match week-over-week differences of the DCC cumulative Historical Sales Data within 1% in 500 of 501 weeks."
OH,2023-08,month,-12,flower_sold_lbs_medical,7053.37,pounds,"Ohio Division of Cannabis Control, DCC Product Data - Medical (weekly XLSX)",https://dam.assets.ohio.gov/image/upload/com.ohio.gov/DCC/DCC_Product_Data_-_Medical.pdf,2026-09-25,"DERIVED by agent: sum of 4 weekly rows whose week-ending date (Saturday) falls in this month (2023-08-05;2023-08-12;2023-08-19;2023-08-26). XLSX supplied by the author 2026-09-25 (runs to week ending 2026-09-12); same DCC series as the PDF linked. Column ""Plant Material Sold (Pounds)""."
OH,2023-08,month,-12,flower_sales_usd_medical,19184521.11,usd,"Ohio Division of Cannabis Control, DCC Product Data - Medical (weekly XLSX)",https://dam.assets.ohio.gov/image/upload/com.ohio.gov/DCC/DCC_Product_Data_-_Medical.pdf,2026-09-25,"DERIVED by agent: sum of 4 weekly rows whose week-ending date (Saturday) falls in this month (2023-08-05;2023-08-12;2023-08-19;2023-08-26). XLSX supplied by the author 2026-09-25 (runs to week ending 2026-09-12); same DCC series as the PDF linked. Column ""Total Sales (Plant Material)""."
OH,2023-08,month,-12,total_sales_usd_medical,36697041.75,usd,"Ohio Division of Cannabis Control, DCC Product Data - Medical (weekly XLSX)",https://dam.assets.ohio.gov/image/upload/com.ohio.gov/DCC/DCC_Product_Data_-_Medical.pdf,2026-09-25,"DERIVED by agent: sum of 4 weekly rows whose week-ending date (Saturday) falls in this month (2023-08-05;2023-08-12;2023-08-19;2023-08-26). XLSX supplied by the author 2026-09-25 (runs to week ending 2026-09-12); same DCC series as the PDF linked. Sum of every ""... Sales"" column, plant material plus all manufactured product types. Cross-check: weekly totals match week-over-week differences of the DCC cumulative Historical Sales Data within 1% in 500 of 501 weeks."
OH,2023-09,month,-11,flower_sold_lbs_medical,9225.48,pounds,"Ohio Division of Cannabis Control, DCC Product Data - Medical (weekly XLSX)",https://dam.assets.ohio.gov/image/upload/com.ohio.gov/DCC/DCC_Product_Data_-_Medical.pdf,2026-09-25,"DERIVED by agent: sum of 5 weekly rows whose week-ending date (Saturday) falls in this month (2023-09-02;2023-09-09;2023-09-16;2023-09-23;2023-09-30). XLSX supplied by the author 2026-09-25 (runs to week ending 2026-09-12); same DCC series as the PDF linked. Column ""Plant Material Sold (Pounds)""."
OH,2023-09,month,-11,flower_sales_usd_medical,24377139.83,usd,"Ohio Division of Cannabis Control, DCC Product Data - Medical (weekly XLSX)",https://dam.assets.ohio.gov/image/upload/com.ohio.gov/DCC/DCC_Product_Data_-_Medical.pdf,2026-09-25,"DERIVED by agent: sum of 5 weekly rows whose week-ending date (Saturday) falls in this month (2023-09-02;2023-09-09;2023-09-16;2023-09-23;2023-09-30). XLSX supplied by the author 2026-09-25 (runs to week ending 2026-09-12); same DCC series as the PDF linked. Column ""Total Sales (Plant Material)""."
OH,2023-09,month,-11,total_sales_usd_medical,46416113.99,usd,"Ohio Division of Cannabis Control, DCC Product Data - Medical (weekly XLSX)",https://dam.assets.ohio.gov/image/upload/com.ohio.gov/DCC/DCC_Product_Data_-_Medical.pdf,2026-09-25,"DERIVED by agent: sum of 5 weekly rows whose week-ending date (Saturday) falls in this month (2023-09-02;2023-09-09;2023-09-16;2023-09-23;2023-09-30). XLSX supplied by the author 2026-09-25 (runs to week ending 2026-09-12); same DCC series as the PDF linked. Sum of every ""... Sales"" column, plant material plus all manufactured product types. Cross-check: weekly totals match week-over-week differences of the DCC cumulative Historical Sales Data within 1% in 500 of 501 weeks."
OH,2023-10,month,-10,flower_sold_lbs_medical,7070.31,pounds,"Ohio Division of Cannabis Control, DCC Product Data - Medical (weekly XLSX)",https://dam.assets.ohio.gov/image/upload/com.ohio.gov/DCC/DCC_Product_Data_-_Medical.pdf,2026-09-25,"DERIVED by agent: sum of 4 weekly rows whose week-ending date (Saturday) falls in this month (2023-10-07;2023-10-14;2023-10-21;2023-10-28). XLSX supplied by the author 2026-09-25 (runs to week ending 2026-09-12); same DCC series as the PDF linked. Column ""Plant Material Sold (Pounds)""."
OH,2023-10,month,-10,flower_sales_usd_medical,19269160.36,usd,"Ohio Division of Cannabis Control, DCC Product Data - Medical (weekly XLSX)",https://dam.assets.ohio.gov/image/upload/com.ohio.gov/DCC/DCC_Product_Data_-_Medical.pdf,2026-09-25,"DERIVED by agent: sum of 4 weekly rows whose week-ending date (Saturday) falls in this month (2023-10-07;2023-10-14;2023-10-21;2023-10-28). XLSX supplied by the author 2026-09-25 (runs to week ending 2026-09-12); same DCC series as the PDF linked. Column ""Total Sales (Plant Material)""."
OH,2023-10,month,-10,total_sales_usd_medical,36571703.77,usd,"Ohio Division of Cannabis Control, DCC Product Data - Medical (weekly XLSX)",https://dam.assets.ohio.gov/image/upload/com.ohio.gov/DCC/DCC_Product_Data_-_Medical.pdf,2026-09-25,"DERIVED by agent: sum of 4 weekly rows whose week-ending date (Saturday) falls in this month (2023-10-07;2023-10-14;2023-10-21;2023-10-28). XLSX supplied by the author 2026-09-25 (runs to week ending 2026-09-12); same DCC series as the PDF linked. Sum of every ""... Sales"" column, plant material plus all manufactured product types. Cross-check: weekly totals match week-over-week differences of the DCC cumulative Historical Sales Data within 1% in 500 of 501 weeks."
OH,2023-11,month,-9,flower_sold_lbs_medical,7593.13,pounds,"Ohio Division of Cannabis Control, DCC Product Data - Medical (weekly XLSX)",https://dam.assets.ohio.gov/image/upload/com.ohio.gov/DCC/DCC_Product_Data_-_Medical.pdf,2026-09-25,"DERIVED by agent: sum of 4 weekly rows whose week-ending date (Saturday) falls in this month (2023-11-04;2023-11-11;2023-11-18;2023-11-25). XLSX supplied by the author 2026-09-25 (runs to week ending 2026-09-12); same DCC series as the PDF linked. Column ""Plant Material Sold (Pounds)""."
OH,2023-11,month,-9,flower_sales_usd_medical,20588305.85,usd,"Ohio Division of Cannabis Control, DCC Product Data - Medical (weekly XLSX)",https://dam.assets.ohio.gov/image/upload/com.ohio.gov/DCC/DCC_Product_Data_-_Medical.pdf,2026-09-25,"DERIVED by agent: sum of 4 weekly rows whose week-ending date (Saturday) falls in this month (2023-11-04;2023-11-11;2023-11-18;2023-11-25). XLSX supplied by the author 2026-09-25 (runs to week ending 2026-09-12); same DCC series as the PDF linked. Column ""Total Sales (Plant Material)""."
OH,2023-11,month,-9,total_sales_usd_medical,38756179.43,usd,"Ohio Division of Cannabis Control, DCC Product Data - Medical (weekly XLSX)",https://dam.assets.ohio.gov/image/upload/com.ohio.gov/DCC/DCC_Product_Data_-_Medical.pdf,2026-09-25,"DERIVED by agent: sum of 4 weekly rows whose week-ending date (Saturday) falls in this month (2023-11-04;2023-11-11;2023-11-18;2023-11-25). XLSX supplied by the author 2026-09-25 (runs to week ending 2026-09-12); same DCC series as the PDF linked. Sum of every ""... Sales"" column, plant material plus all manufactured product types. Cross-check: weekly totals match week-over-week differences of the DCC cumulative Historical Sales Data within 1% in 500 of 501 weeks."
OH,2023-12,month,-8,flower_sold_lbs_medical,9702.69,pounds,"Ohio Division of Cannabis Control, DCC Product Data - Medical (weekly XLSX)",https://dam.assets.ohio.gov/image/upload/com.ohio.gov/DCC/DCC_Product_Data_-_Medical.pdf,2026-09-25,"DERIVED by agent: sum of 5 weekly rows whose week-ending date (Saturday) falls in this month (2023-12-02;2023-12-09;2023-12-16;2023-12-23;2023-12-30). XLSX supplied by the author 2026-09-25 (runs to week ending 2026-09-12); same DCC series as the PDF linked. Column ""Plant Material Sold (Pounds)""."
OH,2023-12,month,-8,flower_sales_usd_medical,26194517.86,usd,"Ohio Division of Cannabis Control, DCC Product Data - Medical (weekly XLSX)",https://dam.assets.ohio.gov/image/upload/com.ohio.gov/DCC/DCC_Product_Data_-_Medical.pdf,2026-09-25,"DERIVED by agent: sum of 5 weekly rows whose week-ending date (Saturday) falls in this month (2023-12-02;2023-12-09;2023-12-16;2023-12-23;2023-12-30). XLSX supplied by the author 2026-09-25 (runs to week ending 2026-09-12); same DCC series as the PDF linked. Column ""Total Sales (Plant Material)""."
OH,2023-12,month,-8,total_sales_usd_medical,49181919.62,usd,"Ohio Division of Cannabis Control, DCC Product Data - Medical (weekly XLSX)",https://dam.assets.ohio.gov/image/upload/com.ohio.gov/DCC/DCC_Product_Data_-_Medical.pdf,2026-09-25,"DERIVED by agent: sum of 5 weekly rows whose week-ending date (Saturday) falls in this month (2023-12-02;2023-12-09;2023-12-16;2023-12-23;2023-12-30). XLSX supplied by the author 2026-09-25 (runs to week ending 2026-09-12); same DCC series as the PDF linked. Sum of every ""... Sales"" column, plant material plus all manufactured product types. Cross-check: weekly totals match week-over-week differences of the DCC cumulative Historical Sales Data within 1% in 500 of 501 weeks."
OH,2024-01,month,-7,flower_sold_lbs_medical,7051.48,pounds,"Ohio Division of Cannabis Control, DCC Product Data - Medical (weekly XLSX)",https://dam.assets.ohio.gov/image/upload/com.ohio.gov/DCC/DCC_Product_Data_-_Medical.pdf,2026-09-25,"DERIVED by agent: sum of 4 weekly rows whose week-ending date (Saturday) falls in this month (2024-01-06;2024-01-13;2024-01-20;2024-01-27). XLSX supplied by the author 2026-09-25 (runs to week ending 2026-09-12); same DCC series as the PDF linked. Column ""Plant Material Sold (Pounds)""."
OH,2024-01,month,-7,flower_sales_usd_medical,19613267.68,usd,"Ohio Division of Cannabis Control, DCC Product Data - Medical (weekly XLSX)",https://dam.assets.ohio.gov/image/upload/com.ohio.gov/DCC/DCC_Product_Data_-_Medical.pdf,2026-09-25,"DERIVED by agent: sum of 4 weekly rows whose week-ending date (Saturday) falls in this month (2024-01-06;2024-01-13;2024-01-20;2024-01-27). XLSX supplied by the author 2026-09-25 (runs to week ending 2026-09-12); same DCC series as the PDF linked. Column ""Total Sales (Plant Material)""."
OH,2024-01,month,-7,total_sales_usd_medical,36453159.23,usd,"Ohio Division of Cannabis Control, DCC Product Data - Medical (weekly XLSX)",https://dam.assets.ohio.gov/image/upload/com.ohio.gov/DCC/DCC_Product_Data_-_Medical.pdf,2026-09-25,"DERIVED by agent: sum of 4 weekly rows whose week-ending date (Saturday) falls in this month (2024-01-06;2024-01-13;2024-01-20;2024-01-27). XLSX supplied by the author 2026-09-25 (runs to week ending 2026-09-12); same DCC series as the PDF linked. Sum of every ""... Sales"" column, plant material plus all manufactured product types. Cross-check: weekly totals match week-over-week differences of the DCC cumulative Historical Sales Data within 1% in 500 of 501 weeks."
OH,2024-02,month,-6,flower_sold_lbs_medical,7408.2,pounds,"Ohio Division of Cannabis Control, DCC Product Data - Medical (weekly XLSX)",https://dam.assets.ohio.gov/image/upload/com.ohio.gov/DCC/DCC_Product_Data_-_Medical.pdf,2026-09-25,"DERIVED by agent: sum of 4 weekly rows whose week-ending date (Saturday) falls in this month (2024-02-03;2024-02-10;2024-02-17;2024-02-24). XLSX supplied by the author 2026-09-25 (runs to week ending 2026-09-12); same DCC series as the PDF linked. Column ""Plant Material Sold (Pounds)""."
OH,2024-02,month,-6,flower_sales_usd_medical,20530626.69,usd,"Ohio Division of Cannabis Control, DCC Product Data - Medical (weekly XLSX)",https://dam.assets.ohio.gov/image/upload/com.ohio.gov/DCC/DCC_Product_Data_-_Medical.pdf,2026-09-25,"DERIVED by agent: sum of 4 weekly rows whose week-ending date (Saturday) falls in this month (2024-02-03;2024-02-10;2024-02-17;2024-02-24). XLSX supplied by the author 2026-09-25 (runs to week ending 2026-09-12); same DCC series as the PDF linked. Column ""Total Sales (Plant Material)""."
OH,2024-02,month,-6,total_sales_usd_medical,38403110.06,usd,"Ohio Division of Cannabis Control, DCC Product Data - Medical (weekly XLSX)",https://dam.assets.ohio.gov/image/upload/com.ohio.gov/DCC/DCC_Product_Data_-_Medical.pdf,2026-09-25,"DERIVED by agent: sum of 4 weekly rows whose week-ending date (Saturday) falls in this month (2024-02-03;2024-02-10;2024-02-17;2024-02-24). XLSX supplied by the author 2026-09-25 (runs to week ending 2026-09-12); same DCC series as the PDF linked. Sum of every ""... Sales"" column, plant material plus all manufactured product types. Cross-check: weekly totals match week-over-week differences of the DCC cumulative Historical Sales Data within 1% in 500 of 501 weeks."
OH,2024-03,month,-5,flower_sold_lbs_medical,9231.81,pounds,"Ohio Division of Cannabis Control, DCC Product Data - Medical (weekly XLSX)",https://dam.assets.ohio.gov/image/upload/com.ohio.gov/DCC/DCC_Product_Data_-_Medical.pdf,2026-09-25,"DERIVED by agent: sum of 5 weekly rows whose week-ending date (Saturday) falls in this month (2024-03-02;2024-03-09;2024-03-16;2024-03-23;2024-03-30). XLSX supplied by the author 2026-09-25 (runs to week ending 2026-09-12); same DCC series as the PDF linked. Column ""Plant Material Sold (Pounds)""."
OH,2024-03,month,-5,flower_sales_usd_medical,25234552.29,usd,"Ohio Division of Cannabis Control, DCC Product Data - Medical (weekly XLSX)",https://dam.assets.ohio.gov/image/upload/com.ohio.gov/DCC/DCC_Product_Data_-_Medical.pdf,2026-09-25,"DERIVED by agent: sum of 5 weekly rows whose week-ending date (Saturday) falls in this month (2024-03-02;2024-03-09;2024-03-16;2024-03-23;2024-03-30). XLSX supplied by the author 2026-09-25 (runs to week ending 2026-09-12); same DCC series as the PDF linked. Column ""Total Sales (Plant Material)""."
OH,2024-03,month,-5,total_sales_usd_medical,47448929.16,usd,"Ohio Division of Cannabis Control, DCC Product Data - Medical (weekly XLSX)",https://dam.assets.ohio.gov/image/upload/com.ohio.gov/DCC/DCC_Product_Data_-_Medical.pdf,2026-09-25,"DERIVED by agent: sum of 5 weekly rows whose week-ending date (Saturday) falls in this month (2024-03-02;2024-03-09;2024-03-16;2024-03-23;2024-03-30). XLSX supplied by the author 2026-09-25 (runs to week ending 2026-09-12); same DCC series as the PDF linked. Sum of every ""... Sales"" column, plant material plus all manufactured product types. Cross-check: weekly totals match week-over-week differences of the DCC cumulative Historical Sales Data within 1% in 500 of 501 weeks."
OH,2024-04,month,-4,flower_sold_lbs_medical,7365.13,pounds,"Ohio Division of Cannabis Control, DCC Product Data - Medical (weekly XLSX)",https://dam.assets.ohio.gov/image/upload/com.ohio.gov/DCC/DCC_Product_Data_-_Medical.pdf,2026-09-25,"DERIVED by agent: sum of 4 weekly rows whose week-ending date (Saturday) falls in this month (2024-04-06;2024-04-13;2024-04-20;2024-04-27). XLSX supplied by the author 2026-09-25 (runs to week ending 2026-09-12); same DCC series as the PDF linked. Column ""Plant Material Sold (Pounds)""."
OH,2024-04,month,-4,flower_sales_usd_medical,19880383.59,usd,"Ohio Division of Cannabis Control, DCC Product Data - Medical (weekly XLSX)",https://dam.assets.ohio.gov/image/upload/com.ohio.gov/DCC/DCC_Product_Data_-_Medical.pdf,2026-09-25,"DERIVED by agent: sum of 4 weekly rows whose week-ending date (Saturday) falls in this month (2024-04-06;2024-04-13;2024-04-20;2024-04-27). XLSX supplied by the author 2026-09-25 (runs to week ending 2026-09-12); same DCC series as the PDF linked. Column ""Total Sales (Plant Material)""."
OH,2024-04,month,-4,total_sales_usd_medical,37290050.49,usd,"Ohio Division of Cannabis Control, DCC Product Data - Medical (weekly XLSX)",https://dam.assets.ohio.gov/image/upload/com.ohio.gov/DCC/DCC_Product_Data_-_Medical.pdf,2026-09-25,"DERIVED by agent: sum of 4 weekly rows whose week-ending date (Saturday) falls in this month (2024-04-06;2024-04-13;2024-04-20;2024-04-27). XLSX supplied by the author 2026-09-25 (runs to week ending 2026-09-12); same DCC series as the PDF linked. Sum of every ""... Sales"" column, plant material plus all manufactured product types. Cross-check: weekly totals match week-over-week differences of the DCC cumulative Historical Sales Data within 1% in 500 of 501 weeks."
OH,2024-05,month,-3,flower_sold_lbs_medical,6889.48,pounds,"Ohio Division of Cannabis Control, DCC Product Data - Medical (weekly XLSX)",https://dam.assets.ohio.gov/image/upload/com.ohio.gov/DCC/DCC_Product_Data_-_Medical.pdf,2026-09-25,"DERIVED by agent: sum of 4 weekly rows whose week-ending date (Saturday) falls in this month (2024-05-04;2024-05-11;2024-05-18;2024-05-25). XLSX supplied by the author 2026-09-25 (runs to week ending 2026-09-12); same DCC series as the PDF linked. Column ""Plant Material Sold (Pounds)""."
OH,2024-05,month,-3,flower_sales_usd_medical,19559308.52,usd,"Ohio Division of Cannabis Control, DCC Product Data - Medical (weekly XLSX)",https://dam.assets.ohio.gov/image/upload/com.ohio.gov/DCC/DCC_Product_Data_-_Medical.pdf,2026-09-25,"DERIVED by agent: sum of 4 weekly rows whose week-ending date (Saturday) falls in this month (2024-05-04;2024-05-11;2024-05-18;2024-05-25). XLSX supplied by the author 2026-09-25 (runs to week ending 2026-09-12); same DCC series as the PDF linked. Column ""Total Sales (Plant Material)""."
OH,2024-05,month,-3,total_sales_usd_medical,36618308.75,usd,"Ohio Division of Cannabis Control, DCC Product Data - Medical (weekly XLSX)",https://dam.assets.ohio.gov/image/upload/com.ohio.gov/DCC/DCC_Product_Data_-_Medical.pdf,2026-09-25,"DERIVED by agent: sum of 4 weekly rows whose week-ending date (Saturday) falls in this month (2024-05-04;2024-05-11;2024-05-18;2024-05-25). XLSX supplied by the author 2026-09-25 (runs to week ending 2026-09-12); same DCC series as the PDF linked. Sum of every ""... Sales"" column, plant material plus all manufactured product types. Cross-check: weekly totals match week-over-week differences of the DCC cumulative Historical Sales Data within 1% in 500 of 501 weeks."
OH,2024-06,month,-2,flower_sold_lbs_medical,7637.84,pounds,"Ohio Division of Cannabis Control, DCC Product Data - Medical (weekly XLSX)",https://dam.assets.ohio.gov/image/upload/com.ohio.gov/DCC/DCC_Product_Data_-_Medical.pdf,2026-09-25,"DERIVED by agent: sum of 5 weekly rows whose week-ending date (Saturday) falls in this month (2024-06-01;2024-06-08;2024-06-15;2024-06-22;2024-06-29). XLSX supplied by the author 2026-09-25 (runs to week ending 2026-09-12); same DCC series as the PDF linked. Column ""Plant Material Sold (Pounds)""."
OH,2024-06,month,-2,flower_sales_usd_medical,24613345.84,usd,"Ohio Division of Cannabis Control, DCC Product Data - Medical (weekly XLSX)",https://dam.assets.ohio.gov/image/upload/com.ohio.gov/DCC/DCC_Product_Data_-_Medical.pdf,2026-09-25,"DERIVED by agent: sum of 5 weekly rows whose week-ending date (Saturday) falls in this month (2024-06-01;2024-06-08;2024-06-15;2024-06-22;2024-06-29). XLSX supplied by the author 2026-09-25 (runs to week ending 2026-09-12); same DCC series as the PDF linked. Column ""Total Sales (Plant Material)""."
OH,2024-06,month,-2,total_sales_usd_medical,45966898.8,usd,"Ohio Division of Cannabis Control, DCC Product Data - Medical (weekly XLSX)",https://dam.assets.ohio.gov/image/upload/com.ohio.gov/DCC/DCC_Product_Data_-_Medical.pdf,2026-09-25,"DERIVED by agent: sum of 5 weekly rows whose week-ending date (Saturday) falls in this month (2024-06-01;2024-06-08;2024-06-15;2024-06-22;2024-06-29). XLSX supplied by the author 2026-09-25 (runs to week ending 2026-09-12); same DCC series as the PDF linked. Sum of every ""... Sales"" column, plant material plus all manufactured product types. Cross-check: weekly totals match week-over-week differences of the DCC cumulative Historical Sales Data within 1% in 500 of 501 weeks."
OH,2024-07,month,-1,flower_sold_lbs_medical,5497.87,pounds,"Ohio Division of Cannabis Control, DCC Product Data - Medical (weekly XLSX)",https://dam.assets.ohio.gov/image/upload/com.ohio.gov/DCC/DCC_Product_Data_-_Medical.pdf,2026-09-25,"DERIVED by agent: sum of 4 weekly rows whose week-ending date (Saturday) falls in this month (2024-07-06;2024-07-13;2024-07-20;2024-07-27). XLSX supplied by the author 2026-09-25 (runs to week ending 2026-09-12); same DCC series as the PDF linked. Column ""Plant Material Sold (Pounds)""."
OH,2024-07,month,-1,flower_sales_usd_medical,19457771.7,usd,"Ohio Division of Cannabis Control, DCC Product Data - Medical (weekly XLSX)",https://dam.assets.ohio.gov/image/upload/com.ohio.gov/DCC/DCC_Product_Data_-_Medical.pdf,2026-09-25,"DERIVED by agent: sum of 4 weekly rows whose week-ending date (Saturday) falls in this month (2024-07-06;2024-07-13;2024-07-20;2024-07-27). XLSX supplied by the author 2026-09-25 (runs to week ending 2026-09-12); same DCC series as the PDF linked. Column ""Total Sales (Plant Material)""."
OH,2024-07,month,-1,total_sales_usd_medical,36587243.17,usd,"Ohio Division of Cannabis Control, DCC Product Data - Medical (weekly XLSX)",https://dam.assets.ohio.gov/image/upload/com.ohio.gov/DCC/DCC_Product_Data_-_Medical.pdf,2026-09-25,"DERIVED by agent: sum of 4 weekly rows whose week-ending date (Saturday) falls in this month (2024-07-06;2024-07-13;2024-07-20;2024-07-27). XLSX supplied by the author 2026-09-25 (runs to week ending 2026-09-12); same DCC series as the PDF linked. Sum of every ""... Sales"" column, plant material plus all manufactured product types. Cross-check: weekly totals match week-over-week differences of the DCC cumulative Historical Sales Data within 1% in 500 of 501 weeks."
OH,2024-08,month,0,flower_sold_lbs_medical,5962.08,pounds,"Ohio Division of Cannabis Control, DCC Product Data - Medical (weekly XLSX)",https://dam.assets.ohio.gov/image/upload/com.ohio.gov/DCC/DCC_Product_Data_-_Medical.pdf,2026-09-25,"DERIVED by agent: sum of 5 weekly rows whose week-ending date (Saturday) falls in this month (2024-08-03;2024-08-10;2024-08-17;2024-08-24;2024-08-31). XLSX supplied by the author 2026-09-25 (runs to week ending 2026-09-12); same DCC series as the PDF linked. Column ""Plant Material Sold (Pounds)""."
OH,2024-08,month,0,flower_sales_usd_medical,22038225.78,usd,"Ohio Division of Cannabis Control, DCC Product Data - Medical (weekly XLSX)",https://dam.assets.ohio.gov/image/upload/com.ohio.gov/DCC/DCC_Product_Data_-_Medical.pdf,2026-09-25,"DERIVED by agent: sum of 5 weekly rows whose week-ending date (Saturday) falls in this month (2024-08-03;2024-08-10;2024-08-17;2024-08-24;2024-08-31). XLSX supplied by the author 2026-09-25 (runs to week ending 2026-09-12); same DCC series as the PDF linked. Column ""Total Sales (Plant Material)""."
OH,2024-08,month,0,total_sales_usd_medical,41285096.03,usd,"Ohio Division of Cannabis Control, DCC Product Data - Medical (weekly XLSX)",https://dam.assets.ohio.gov/image/upload/com.ohio.gov/DCC/DCC_Product_Data_-_Medical.pdf,2026-09-25,"DERIVED by agent: sum of 5 weekly rows whose week-ending date (Saturday) falls in this month (2024-08-03;2024-08-10;2024-08-17;2024-08-24;2024-08-31). XLSX supplied by the author 2026-09-25 (runs to week ending 2026-09-12); same DCC series as the PDF linked. Sum of every ""... Sales"" column, plant material plus all manufactured product types. Cross-check: weekly totals match week-over-week differences of the DCC cumulative Historical Sales Data within 1% in 500 of 501 weeks."
OH,2024-09,month,1,flower_sold_lbs_medical,4375.08,pounds,"Ohio Division of Cannabis Control, DCC Product Data - Medical (weekly XLSX)",https://dam.assets.ohio.gov/image/upload/com.ohio.gov/DCC/DCC_Product_Data_-_Medical.pdf,2026-09-25,"DERIVED by agent: sum of 4 weekly rows whose week-ending date (Saturday) falls in this month (2024-09-07;2024-09-14;2024-09-21;2024-09-28). XLSX supplied by the author 2026-09-25 (runs to week ending 2026-09-12); same DCC series as the PDF linked. Column ""Plant Material Sold (Pounds)""."
OH,2024-09,month,1,flower_sales_usd_medical,15345070.99,usd,"Ohio Division of Cannabis Control, DCC Product Data - Medical (weekly XLSX)",https://dam.assets.ohio.gov/image/upload/com.ohio.gov/DCC/DCC_Product_Data_-_Medical.pdf,2026-09-25,"DERIVED by agent: sum of 4 weekly rows whose week-ending date (Saturday) falls in this month (2024-09-07;2024-09-14;2024-09-21;2024-09-28). XLSX supplied by the author 2026-09-25 (runs to week ending 2026-09-12); same DCC series as the PDF linked. Column ""Total Sales (Plant Material)""."
OH,2024-09,month,1,total_sales_usd_medical,28779560.68,usd,"Ohio Division of Cannabis Control, DCC Product Data - Medical (weekly XLSX)",https://dam.assets.ohio.gov/image/upload/com.ohio.gov/DCC/DCC_Product_Data_-_Medical.pdf,2026-09-25,"DERIVED by agent: sum of 4 weekly rows whose week-ending date (Saturday) falls in this month (2024-09-07;2024-09-14;2024-09-21;2024-09-28). XLSX supplied by the author 2026-09-25 (runs to week ending 2026-09-12); same DCC series as the PDF linked. Sum of every ""... Sales"" column, plant material plus all manufactured product types. Cross-check: weekly totals match week-over-week differences of the DCC cumulative Historical Sales Data within 1% in 500 of 501 weeks."
OH,2024-10,month,2,flower_sold_lbs_medical,4258.33,pounds,"Ohio Division of Cannabis Control, DCC Product Data - Medical (weekly XLSX)",https://dam.assets.ohio.gov/image/upload/com.ohio.gov/DCC/DCC_Product_Data_-_Medical.pdf,2026-09-25,"DERIVED by agent: sum of 4 weekly rows whose week-ending date (Saturday) falls in this month (2024-10-05;2024-10-12;2024-10-19;2024-10-26). XLSX supplied by the author 2026-09-25 (runs to week ending 2026-09-12); same DCC series as the PDF linked. Column ""Plant Material Sold (Pounds)""."
OH,2024-10,month,2,flower_sales_usd_medical,14143314.03,usd,"Ohio Division of Cannabis Control, DCC Product Data - Medical (weekly XLSX)",https://dam.assets.ohio.gov/image/upload/com.ohio.gov/DCC/DCC_Product_Data_-_Medical.pdf,2026-09-25,"DERIVED by agent: sum of 4 weekly rows whose week-ending date (Saturday) falls in this month (2024-10-05;2024-10-12;2024-10-19;2024-10-26). XLSX supplied by the author 2026-09-25 (runs to week ending 2026-09-12); same DCC series as the PDF linked. Column ""Total Sales (Plant Material)""."
OH,2024-10,month,2,total_sales_usd_medical,26970550.56,usd,"Ohio Division of Cannabis Control, DCC Product Data - Medical (weekly XLSX)",https://dam.assets.ohio.gov/image/upload/com.ohio.gov/DCC/DCC_Product_Data_-_Medical.pdf,2026-09-25,"DERIVED by agent: sum of 4 weekly rows whose week-ending date (Saturday) falls in this month (2024-10-05;2024-10-12;2024-10-19;2024-10-26). XLSX supplied by the author 2026-09-25 (runs to week ending 2026-09-12); same DCC series as the PDF linked. Sum of every ""... Sales"" column, plant material plus all manufactured product types. Cross-check: weekly totals match week-over-week differences of the DCC cumulative Historical Sales Data within 1% in 500 of 501 weeks."
OH,2024-11,month,3,flower_sold_lbs_medical,5327.75,pounds,"Ohio Division of Cannabis Control, DCC Product Data - Medical (weekly XLSX)",https://dam.assets.ohio.gov/image/upload/com.ohio.gov/DCC/DCC_Product_Data_-_Medical.pdf,2026-09-25,"DERIVED by agent: sum of 5 weekly rows whose week-ending date (Saturday) falls in this month (2024-11-02;2024-11-09;2024-11-16;2024-11-23;2024-11-30). XLSX supplied by the author 2026-09-25 (runs to week ending 2026-09-12); same DCC series as the PDF linked. Column ""Plant Material Sold (Pounds)""."
OH,2024-11,month,3,flower_sales_usd_medical,17075367.15,usd,"Ohio Division of Cannabis Control, DCC Product Data - Medical (weekly XLSX)",https://dam.assets.ohio.gov/image/upload/com.ohio.gov/DCC/DCC_Product_Data_-_Medical.pdf,2026-09-25,"DERIVED by agent: sum of 5 weekly rows whose week-ending date (Saturday) falls in this month (2024-11-02;2024-11-09;2024-11-16;2024-11-23;2024-11-30). XLSX supplied by the author 2026-09-25 (runs to week ending 2026-09-12); same DCC series as the PDF linked. Column ""Total Sales (Plant Material)""."
OH,2024-11,month,3,total_sales_usd_medical,32614106.93,usd,"Ohio Division of Cannabis Control, DCC Product Data - Medical (weekly XLSX)",https://dam.assets.ohio.gov/image/upload/com.ohio.gov/DCC/DCC_Product_Data_-_Medical.pdf,2026-09-25,"DERIVED by agent: sum of 5 weekly rows whose week-ending date (Saturday) falls in this month (2024-11-02;2024-11-09;2024-11-16;2024-11-23;2024-11-30). XLSX supplied by the author 2026-09-25 (runs to week ending 2026-09-12); same DCC series as the PDF linked. Sum of every ""... Sales"" column, plant material plus all manufactured product types. Cross-check: weekly totals match week-over-week differences of the DCC cumulative Historical Sales Data within 1% in 500 of 501 weeks."
OH,2024-12,month,4,flower_sold_lbs_medical,4236.42,pounds,"Ohio Division of Cannabis Control, DCC Product Data - Medical (weekly XLSX)",https://dam.assets.ohio.gov/image/upload/com.ohio.gov/DCC/DCC_Product_Data_-_Medical.pdf,2026-09-25,"DERIVED by agent: sum of 4 weekly rows whose week-ending date (Saturday) falls in this month (2024-12-07;2024-12-14;2024-12-21;2024-12-28). XLSX supplied by the author 2026-09-25 (runs to week ending 2026-09-12); same DCC series as the PDF linked. Column ""Plant Material Sold (Pounds)""."
OH,2024-12,month,4,flower_sales_usd_medical,12945161.92,usd,"Ohio Division of Cannabis Control, DCC Product Data - Medical (weekly XLSX)",https://dam.assets.ohio.gov/image/upload/com.ohio.gov/DCC/DCC_Product_Data_-_Medical.pdf,2026-09-25,"DERIVED by agent: sum of 4 weekly rows whose week-ending date (Saturday) falls in this month (2024-12-07;2024-12-14;2024-12-21;2024-12-28). XLSX supplied by the author 2026-09-25 (runs to week ending 2026-09-12); same DCC series as the PDF linked. Column ""Total Sales (Plant Material)""."
OH,2024-12,month,4,total_sales_usd_medical,24703755.04,usd,"Ohio Division of Cannabis Control, DCC Product Data - Medical (weekly XLSX)",https://dam.assets.ohio.gov/image/upload/com.ohio.gov/DCC/DCC_Product_Data_-_Medical.pdf,2026-09-25,"DERIVED by agent: sum of 4 weekly rows whose week-ending date (Saturday) falls in this month (2024-12-07;2024-12-14;2024-12-21;2024-12-28). XLSX supplied by the author 2026-09-25 (runs to week ending 2026-09-12); same DCC series as the PDF linked. Sum of every ""... Sales"" column, plant material plus all manufactured product types. Cross-check: weekly totals match week-over-week differences of the DCC cumulative Historical Sales Data within 1% in 500 of 501 weeks."
OH,2025-01,month,5,flower_sold_lbs_medical,4095.52,pounds,"Ohio Division of Cannabis Control, DCC Product Data - Medical (weekly XLSX)",https://dam.assets.ohio.gov/image/upload/com.ohio.gov/DCC/DCC_Product_Data_-_Medical.pdf,2026-09-25,"DERIVED by agent: sum of 4 weekly rows whose week-ending date (Saturday) falls in this month (2025-01-04;2025-01-11;2025-01-18;2025-01-25). XLSX supplied by the author 2026-09-25 (runs to week ending 2026-09-12); same DCC series as the PDF linked. Column ""Plant Material Sold (Pounds)""."
OH,2025-01,month,5,flower_sales_usd_medical,12078828.1,usd,"Ohio Division of Cannabis Control, DCC Product Data - Medical (weekly XLSX)",https://dam.assets.ohio.gov/image/upload/com.ohio.gov/DCC/DCC_Product_Data_-_Medical.pdf,2026-09-25,"DERIVED by agent: sum of 4 weekly rows whose week-ending date (Saturday) falls in this month (2025-01-04;2025-01-11;2025-01-18;2025-01-25). XLSX supplied by the author 2026-09-25 (runs to week ending 2026-09-12); same DCC series as the PDF linked. Column ""Total Sales (Plant Material)""."
OH,2025-01,month,5,total_sales_usd_medical,22968288.56,usd,"Ohio Division of Cannabis Control, DCC Product Data - Medical (weekly XLSX)",https://dam.assets.ohio.gov/image/upload/com.ohio.gov/DCC/DCC_Product_Data_-_Medical.pdf,2026-09-25,"DERIVED by agent: sum of 4 weekly rows whose week-ending date (Saturday) falls in this month (2025-01-04;2025-01-11;2025-01-18;2025-01-25). XLSX supplied by the author 2026-09-25 (runs to week ending 2026-09-12); same DCC series as the PDF linked. Sum of every ""... Sales"" column, plant material plus all manufactured product types. Cross-check: weekly totals match week-over-week differences of the DCC cumulative Historical Sales Data within 1% in 500 of 501 weeks."
OH,2025-02,month,6,flower_sold_lbs_medical,3979.73,pounds,"Ohio Division of Cannabis Control, DCC Product Data - Medical (weekly XLSX)",https://dam.assets.ohio.gov/image/upload/com.ohio.gov/DCC/DCC_Product_Data_-_Medical.pdf,2026-09-25,"DERIVED by agent: sum of 4 weekly rows whose week-ending date (Saturday) falls in this month (2025-02-01;2025-02-08;2025-02-15;2025-02-22). XLSX supplied by the author 2026-09-25 (runs to week ending 2026-09-12); same DCC series as the PDF linked. Column ""Plant Material Sold (Pounds)""."
OH,2025-02,month,6,flower_sales_usd_medical,11599505.6,usd,"Ohio Division of Cannabis Control, DCC Product Data - Medical (weekly XLSX)",https://dam.assets.ohio.gov/image/upload/com.ohio.gov/DCC/DCC_Product_Data_-_Medical.pdf,2026-09-25,"DERIVED by agent: sum of 4 weekly rows whose week-ending date (Saturday) falls in this month (2025-02-01;2025-02-08;2025-02-15;2025-02-22). XLSX supplied by the author 2026-09-25 (runs to week ending 2026-09-12); same DCC series as the PDF linked. Column ""Total Sales (Plant Material)""."
OH,2025-02,month,6,total_sales_usd_medical,22229111.34,usd,"Ohio Division of Cannabis Control, DCC Product Data - Medical (weekly XLSX)",https://dam.assets.ohio.gov/image/upload/com.ohio.gov/DCC/DCC_Product_Data_-_Medical.pdf,2026-09-25,"DERIVED by agent: sum of 4 weekly rows whose week-ending date (Saturday) falls in this month (2025-02-01;2025-02-08;2025-02-15;2025-02-22). XLSX supplied by the author 2026-09-25 (runs to week ending 2026-09-12); same DCC series as the PDF linked. Sum of every ""... Sales"" column, plant material plus all manufactured product types. Cross-check: weekly totals match week-over-week differences of the DCC cumulative Historical Sales Data within 1% in 500 of 501 weeks."
OH,2025-03,month,7,flower_sold_lbs_medical,4674.28,pounds,"Ohio Division of Cannabis Control, DCC Product Data - Medical (weekly XLSX)",https://dam.assets.ohio.gov/image/upload/com.ohio.gov/DCC/DCC_Product_Data_-_Medical.pdf,2026-09-25,"DERIVED by agent: sum of 5 weekly rows whose week-ending date (Saturday) falls in this month (2025-03-01;2025-03-08;2025-03-15;2025-03-22;2025-03-29). XLSX supplied by the author 2026-09-25 (runs to week ending 2026-09-12); same DCC series as the PDF linked. Column ""Plant Material Sold (Pounds)""."
OH,2025-03,month,7,flower_sales_usd_medical,14083645.93,usd,"Ohio Division of Cannabis Control, DCC Product Data - Medical (weekly XLSX)",https://dam.assets.ohio.gov/image/upload/com.ohio.gov/DCC/DCC_Product_Data_-_Medical.pdf,2026-09-25,"DERIVED by agent: sum of 5 weekly rows whose week-ending date (Saturday) falls in this month (2025-03-01;2025-03-08;2025-03-15;2025-03-22;2025-03-29). XLSX supplied by the author 2026-09-25 (runs to week ending 2026-09-12); same DCC series as the PDF linked. Column ""Total Sales (Plant Material)""."
OH,2025-03,month,7,total_sales_usd_medical,27039227.35,usd,"Ohio Division of Cannabis Control, DCC Product Data - Medical (weekly XLSX)",https://dam.assets.ohio.gov/image/upload/com.ohio.gov/DCC/DCC_Product_Data_-_Medical.pdf,2026-09-25,"DERIVED by agent: sum of 5 weekly rows whose week-ending date (Saturday) falls in this month (2025-03-01;2025-03-08;2025-03-15;2025-03-22;2025-03-29). XLSX supplied by the author 2026-09-25 (runs to week ending 2026-09-12); same DCC series as the PDF linked. Sum of every ""... Sales"" column, plant material plus all manufactured product types. Cross-check: weekly totals match week-over-week differences of the DCC cumulative Historical Sales Data within 1% in 500 of 501 weeks."
OH,2025-04,month,8,flower_sold_lbs_medical,3771.63,pounds,"Ohio Division of Cannabis Control, DCC Product Data - Medical (weekly XLSX)",https://dam.assets.ohio.gov/image/upload/com.ohio.gov/DCC/DCC_Product_Data_-_Medical.pdf,2026-09-25,"DERIVED by agent: sum of 4 weekly rows whose week-ending date (Saturday) falls in this month (2025-04-05;2025-04-12;2025-04-19;2025-04-26). XLSX supplied by the author 2026-09-25 (runs to week ending 2026-09-12); same DCC series as the PDF linked. Column ""Plant Material Sold (Pounds)""."
OH,2025-04,month,8,flower_sales_usd_medical,10825257.87,usd,"Ohio Division of Cannabis Control, DCC Product Data - Medical (weekly XLSX)",https://dam.assets.ohio.gov/image/upload/com.ohio.gov/DCC/DCC_Product_Data_-_Medical.pdf,2026-09-25,"DERIVED by agent: sum of 4 weekly rows whose week-ending date (Saturday) falls in this month (2025-04-05;2025-04-12;2025-04-19;2025-04-26). XLSX supplied by the author 2026-09-25 (runs to week ending 2026-09-12); same DCC series as the PDF linked. Column ""Total Sales (Plant Material)""."
OH,2025-04,month,8,total_sales_usd_medical,20710832.97,usd,"Ohio Division of Cannabis Control, DCC Product Data - Medical (weekly XLSX)",https://dam.assets.ohio.gov/image/upload/com.ohio.gov/DCC/DCC_Product_Data_-_Medical.pdf,2026-09-25,"DERIVED by agent: sum of 4 weekly rows whose week-ending date (Saturday) falls in this month (2025-04-05;2025-04-12;2025-04-19;2025-04-26). XLSX supplied by the author 2026-09-25 (runs to week ending 2026-09-12); same DCC series as the PDF linked. Sum of every ""... Sales"" column, plant material plus all manufactured product types. Cross-check: weekly totals match week-over-week differences of the DCC cumulative Historical Sales Data within 1% in 500 of 501 weeks."
OH,2025-05,month,9,flower_sold_lbs_medical,4317.67,pounds,"Ohio Division of Cannabis Control, DCC Product Data - Medical (weekly XLSX)",https://dam.assets.ohio.gov/image/upload/com.ohio.gov/DCC/DCC_Product_Data_-_Medical.pdf,2026-09-25,"DERIVED by agent: sum of 5 weekly rows whose week-ending date (Saturday) falls in this month (2025-05-03;2025-05-10;2025-05-17;2025-05-24;2025-05-31). XLSX supplied by the author 2026-09-25 (runs to week ending 2026-09-12); same DCC series as the PDF linked. Column ""Plant Material Sold (Pounds)""."
OH,2025-05,month,9,flower_sales_usd_medical,12385139.69,usd,"Ohio Division of Cannabis Control, DCC Product Data - Medical (weekly XLSX)",https://dam.assets.ohio.gov/image/upload/com.ohio.gov/DCC/DCC_Product_Data_-_Medical.pdf,2026-09-25,"DERIVED by agent: sum of 5 weekly rows whose week-ending date (Saturday) falls in this month (2025-05-03;2025-05-10;2025-05-17;2025-05-24;2025-05-31). XLSX supplied by the author 2026-09-25 (runs to week ending 2026-09-12); same DCC series as the PDF linked. Column ""Total Sales (Plant Material)""."
OH,2025-05,month,9,total_sales_usd_medical,23740323.83,usd,"Ohio Division of Cannabis Control, DCC Product Data - Medical (weekly XLSX)",https://dam.assets.ohio.gov/image/upload/com.ohio.gov/DCC/DCC_Product_Data_-_Medical.pdf,2026-09-25,"DERIVED by agent: sum of 5 weekly rows whose week-ending date (Saturday) falls in this month (2025-05-03;2025-05-10;2025-05-17;2025-05-24;2025-05-31). XLSX supplied by the author 2026-09-25 (runs to week ending 2026-09-12); same DCC series as the PDF linked. Sum of every ""... Sales"" column, plant material plus all manufactured product types. Cross-check: weekly totals match week-over-week differences of the DCC cumulative Historical Sales Data within 1% in 500 of 501 weeks."
OH,2025-06,month,10,flower_sold_lbs_medical,3250.51,pounds,"Ohio Division of Cannabis Control, DCC Product Data - Medical (weekly XLSX)",https://dam.assets.ohio.gov/image/upload/com.ohio.gov/DCC/DCC_Product_Data_-_Medical.pdf,2026-09-25,"DERIVED by agent: sum of 4 weekly rows whose week-ending date (Saturday) falls in this month (2025-06-07;2025-06-14;2025-06-21;2025-06-28). XLSX supplied by the author 2026-09-25 (runs to week ending 2026-09-12); same DCC series as the PDF linked. Column ""Plant Material Sold (Pounds)""."
OH,2025-06,month,10,flower_sales_usd_medical,9490014.76,usd,"Ohio Division of Cannabis Control, DCC Product Data - Medical (weekly XLSX)",https://dam.assets.ohio.gov/image/upload/com.ohio.gov/DCC/DCC_Product_Data_-_Medical.pdf,2026-09-25,"DERIVED by agent: sum of 4 weekly rows whose week-ending date (Saturday) falls in this month (2025-06-07;2025-06-14;2025-06-21;2025-06-28). XLSX supplied by the author 2026-09-25 (runs to week ending 2026-09-12); same DCC series as the PDF linked. Column ""Total Sales (Plant Material)""."
OH,2025-06,month,10,total_sales_usd_medical,18127783.38,usd,"Ohio Division of Cannabis Control, DCC Product Data - Medical (weekly XLSX)",https://dam.assets.ohio.gov/image/upload/com.ohio.gov/DCC/DCC_Product_Data_-_Medical.pdf,2026-09-25,"DERIVED by agent: sum of 4 weekly rows whose week-ending date (Saturday) falls in this month (2025-06-07;2025-06-14;2025-06-21;2025-06-28). XLSX supplied by the author 2026-09-25 (runs to week ending 2026-09-12); same DCC series as the PDF linked. Sum of every ""... Sales"" column, plant material plus all manufactured product types. Cross-check: weekly totals match week-over-week differences of the DCC cumulative Historical Sales Data within 1% in 500 of 501 weeks."
OH,2025-07,month,11,flower_sold_lbs_medical,3112.27,pounds,"Ohio Division of Cannabis Control, DCC Product Data - Medical (weekly XLSX)",https://dam.assets.ohio.gov/image/upload/com.ohio.gov/DCC/DCC_Product_Data_-_Medical.pdf,2026-09-25,"DERIVED by agent: sum of 4 weekly rows whose week-ending date (Saturday) falls in this month (2025-07-05;2025-07-12;2025-07-19;2025-07-26). XLSX supplied by the author 2026-09-25 (runs to week ending 2026-09-12); same DCC series as the PDF linked. Column ""Plant Material Sold (Pounds)""."
OH,2025-07,month,11,flower_sales_usd_medical,9053553.25,usd,"Ohio Division of Cannabis Control, DCC Product Data - Medical (weekly XLSX)",https://dam.assets.ohio.gov/image/upload/com.ohio.gov/DCC/DCC_Product_Data_-_Medical.pdf,2026-09-25,"DERIVED by agent: sum of 4 weekly rows whose week-ending date (Saturday) falls in this month (2025-07-05;2025-07-12;2025-07-19;2025-07-26). XLSX supplied by the author 2026-09-25 (runs to week ending 2026-09-12); same DCC series as the PDF linked. Column ""Total Sales (Plant Material)""."
OH,2025-07,month,11,total_sales_usd_medical,17226365.38,usd,"Ohio Division of Cannabis Control, DCC Product Data - Medical (weekly XLSX)",https://dam.assets.ohio.gov/image/upload/com.ohio.gov/DCC/DCC_Product_Data_-_Medical.pdf,2026-09-25,"DERIVED by agent: sum of 4 weekly rows whose week-ending date (Saturday) falls in this month (2025-07-05;2025-07-12;2025-07-19;2025-07-26). XLSX supplied by the author 2026-09-25 (runs to week ending 2026-09-12); same DCC series as the PDF linked. Sum of every ""... Sales"" column, plant material plus all manufactured product types. Cross-check: weekly totals match week-over-week differences of the DCC cumulative Historical Sales Data within 1% in 500 of 501 weeks."
OH,2025-08,month,12,flower_sold_lbs_medical,3744.92,pounds,"Ohio Division of Cannabis Control, DCC Product Data - Medical (weekly XLSX)",https://dam.assets.ohio.gov/image/upload/com.ohio.gov/DCC/DCC_Product_Data_-_Medical.pdf,2026-09-25,"DERIVED by agent: sum of 5 weekly rows whose week-ending date (Saturday) falls in this month (2025-08-02;2025-08-09;2025-08-16;2025-08-23;2025-08-30). XLSX supplied by the author 2026-09-25 (runs to week ending 2026-09-12); same DCC series as the PDF linked. Column ""Plant Material Sold (Pounds)""."
OH,2025-08,month,12,flower_sales_usd_medical,10843956.29,usd,"Ohio Division of Cannabis Control, DCC Product Data - Medical (weekly XLSX)",https://dam.assets.ohio.gov/image/upload/com.ohio.gov/DCC/DCC_Product_Data_-_Medical.pdf,2026-09-25,"DERIVED by agent: sum of 5 weekly rows whose week-ending date (Saturday) falls in this month (2025-08-02;2025-08-09;2025-08-16;2025-08-23;2025-08-30). XLSX supplied by the author 2026-09-25 (runs to week ending 2026-09-12); same DCC series as the PDF linked. Column ""Total Sales (Plant Material)""."
OH,2025-08,month,12,total_sales_usd_medical,20589293.07,usd,"Ohio Division of Cannabis Control, DCC Product Data - Medical (weekly XLSX)",https://dam.assets.ohio.gov/image/upload/com.ohio.gov/DCC/DCC_Product_Data_-_Medical.pdf,2026-09-25,"DERIVED by agent: sum of 5 weekly rows whose week-ending date (Saturday) falls in this month (2025-08-02;2025-08-09;2025-08-16;2025-08-23;2025-08-30). XLSX supplied by the author 2026-09-25 (runs to week ending 2026-09-12); same DCC series as the PDF linked. Sum of every ""... Sales"" column, plant material plus all manufactured product types. Cross-check: weekly totals match week-over-week differences of the DCC cumulative Historical Sales Data within 1% in 500 of 501 weeks."
OH,2025-09,month,13,flower_sold_lbs_medical,2774.18,pounds,"Ohio Division of Cannabis Control, DCC Product Data - Medical (weekly XLSX)",https://dam.assets.ohio.gov/image/upload/com.ohio.gov/DCC/DCC_Product_Data_-_Medical.pdf,2026-09-25,"DERIVED by agent: sum of 4 weekly rows whose week-ending date (Saturday) falls in this month (2025-09-06;2025-09-13;2025-09-20;2025-09-27). XLSX supplied by the author 2026-09-25 (runs to week ending 2026-09-12); same DCC series as the PDF linked. Column ""Plant Material Sold (Pounds)""."
OH,2025-09,month,13,flower_sales_usd_medical,7998148.1,usd,"Ohio Division of Cannabis Control, DCC Product Data - Medical (weekly XLSX)",https://dam.assets.ohio.gov/image/upload/com.ohio.gov/DCC/DCC_Product_Data_-_Medical.pdf,2026-09-25,"DERIVED by agent: sum of 4 weekly rows whose week-ending date (Saturday) falls in this month (2025-09-06;2025-09-13;2025-09-20;2025-09-27). XLSX supplied by the author 2026-09-25 (runs to week ending 2026-09-12); same DCC series as the PDF linked. Column ""Total Sales (Plant Material)""."
OH,2025-09,month,13,total_sales_usd_medical,15309994.34,usd,"Ohio Division of Cannabis Control, DCC Product Data - Medical (weekly XLSX)",https://dam.assets.ohio.gov/image/upload/com.ohio.gov/DCC/DCC_Product_Data_-_Medical.pdf,2026-09-25,"DERIVED by agent: sum of 4 weekly rows whose week-ending date (Saturday) falls in this month (2025-09-06;2025-09-13;2025-09-20;2025-09-27). XLSX supplied by the author 2026-09-25 (runs to week ending 2026-09-12); same DCC series as the PDF linked. Sum of every ""... Sales"" column, plant material plus all manufactured product types. Cross-check: weekly totals match week-over-week differences of the DCC cumulative Historical Sales Data within 1% in 500 of 501 weeks."
OH,2025-10,month,14,flower_sold_lbs_medical,2667.34,pounds,"Ohio Division of Cannabis Control, DCC Product Data - Medical (weekly XLSX)",https://dam.assets.ohio.gov/image/upload/com.ohio.gov/DCC/DCC_Product_Data_-_Medical.pdf,2026-09-25,"DERIVED by agent: sum of 4 weekly rows whose week-ending date (Saturday) falls in this month (2025-10-04;2025-10-11;2025-10-18;2025-10-25). XLSX supplied by the author 2026-09-25 (runs to week ending 2026-09-12); same DCC series as the PDF linked. Column ""Plant Material Sold (Pounds)""."
OH,2025-10,month,14,flower_sales_usd_medical,7608874.16,usd,"Ohio Division of Cannabis Control, DCC Product Data - Medical (weekly XLSX)",https://dam.assets.ohio.gov/image/upload/com.ohio.gov/DCC/DCC_Product_Data_-_Medical.pdf,2026-09-25,"DERIVED by agent: sum of 4 weekly rows whose week-ending date (Saturday) falls in this month (2025-10-04;2025-10-11;2025-10-18;2025-10-25). XLSX supplied by the author 2026-09-25 (runs to week ending 2026-09-12); same DCC series as the PDF linked. Column ""Total Sales (Plant Material)""."
OH,2025-10,month,14,total_sales_usd_medical,15094025.78,usd,"Ohio Division of Cannabis Control, DCC Product Data - Medical (weekly XLSX)",https://dam.assets.ohio.gov/image/upload/com.ohio.gov/DCC/DCC_Product_Data_-_Medical.pdf,2026-09-25,"DERIVED by agent: sum of 4 weekly rows whose week-ending date (Saturday) falls in this month (2025-10-04;2025-10-11;2025-10-18;2025-10-25). XLSX supplied by the author 2026-09-25 (runs to week ending 2026-09-12); same DCC series as the PDF linked. Sum of every ""... Sales"" column, plant material plus all manufactured product types. Cross-check: weekly totals match week-over-week differences of the DCC cumulative Historical Sales Data within 1% in 500 of 501 weeks."
OH,2025-11,month,15,flower_sold_lbs_medical,3317.71,pounds,"Ohio Division of Cannabis Control, DCC Product Data - Medical (weekly XLSX)",https://dam.assets.ohio.gov/image/upload/com.ohio.gov/DCC/DCC_Product_Data_-_Medical.pdf,2026-09-25,"DERIVED by agent: sum of 5 weekly rows whose week-ending date (Saturday) falls in this month (2025-11-01;2025-11-08;2025-11-15;2025-11-22;2025-11-29). XLSX supplied by the author 2026-09-25 (runs to week ending 2026-09-12); same DCC series as the PDF linked. Column ""Plant Material Sold (Pounds)""."
OH,2025-11,month,15,flower_sales_usd_medical,9247027.96,usd,"Ohio Division of Cannabis Control, DCC Product Data - Medical (weekly XLSX)",https://dam.assets.ohio.gov/image/upload/com.ohio.gov/DCC/DCC_Product_Data_-_Medical.pdf,2026-09-25,"DERIVED by agent: sum of 5 weekly rows whose week-ending date (Saturday) falls in this month (2025-11-01;2025-11-08;2025-11-15;2025-11-22;2025-11-29). XLSX supplied by the author 2026-09-25 (runs to week ending 2026-09-12); same DCC series as the PDF linked. Column ""Total Sales (Plant Material)""."
OH,2025-11,month,15,total_sales_usd_medical,18555968.85,usd,"Ohio Division of Cannabis Control, DCC Product Data - Medical (weekly XLSX)",https://dam.assets.ohio.gov/image/upload/com.ohio.gov/DCC/DCC_Product_Data_-_Medical.pdf,2026-09-25,"DERIVED by agent: sum of 5 weekly rows whose week-ending date (Saturday) falls in this month (2025-11-01;2025-11-08;2025-11-15;2025-11-22;2025-11-29). XLSX supplied by the author 2026-09-25 (runs to week ending 2026-09-12); same DCC series as the PDF linked. Sum of every ""... Sales"" column, plant material plus all manufactured product types. Cross-check: weekly totals match week-over-week differences of the DCC cumulative Historical Sales Data within 1% in 500 of 501 weeks."
OH,2025-12,month,16,flower_sold_lbs_medical,2549.17,pounds,"Ohio Division of Cannabis Control, DCC Product Data - Medical (weekly XLSX)",https://dam.assets.ohio.gov/image/upload/com.ohio.gov/DCC/DCC_Product_Data_-_Medical.pdf,2026-09-25,"DERIVED by agent: sum of 4 weekly rows whose week-ending date (Saturday) falls in this month (2025-12-06;2025-12-13;2025-12-20;2025-12-27). XLSX supplied by the author 2026-09-25 (runs to week ending 2026-09-12); same DCC series as the PDF linked. Column ""Plant Material Sold (Pounds)""."
OH,2025-12,month,16,flower_sales_usd_medical,7158336.41,usd,"Ohio Division of Cannabis Control, DCC Product Data - Medical (weekly XLSX)",https://dam.assets.ohio.gov/image/upload/com.ohio.gov/DCC/DCC_Product_Data_-_Medical.pdf,2026-09-25,"DERIVED by agent: sum of 4 weekly rows whose week-ending date (Saturday) falls in this month (2025-12-06;2025-12-13;2025-12-20;2025-12-27). XLSX supplied by the author 2026-09-25 (runs to week ending 2026-09-12); same DCC series as the PDF linked. Column ""Total Sales (Plant Material)""."
OH,2025-12,month,16,total_sales_usd_medical,14378958.22,usd,"Ohio Division of Cannabis Control, DCC Product Data - Medical (weekly XLSX)",https://dam.assets.ohio.gov/image/upload/com.ohio.gov/DCC/DCC_Product_Data_-_Medical.pdf,2026-09-25,"DERIVED by agent: sum of 4 weekly rows whose week-ending date (Saturday) falls in this month (2025-12-06;2025-12-13;2025-12-20;2025-12-27). XLSX supplied by the author 2026-09-25 (runs to week ending 2026-09-12); same DCC series as the PDF linked. Sum of every ""... Sales"" column, plant material plus all manufactured product types. Cross-check: weekly totals match week-over-week differences of the DCC cumulative Historical Sales Data within 1% in 500 of 501 weeks."
OH,2026-01,month,17,flower_sold_lbs_medical,3184.63,pounds,"Ohio Division of Cannabis Control, DCC Product Data - Medical (weekly XLSX)",https://dam.assets.ohio.gov/image/upload/com.ohio.gov/DCC/DCC_Product_Data_-_Medical.pdf,2026-09-25,"DERIVED by agent: sum of 5 weekly rows whose week-ending date (Saturday) falls in this month (2026-01-03;2026-01-10;2026-01-17;2026-01-24;2026-01-31). XLSX supplied by the author 2026-09-25 (runs to week ending 2026-09-12); same DCC series as the PDF linked. Column ""Plant Material Sold (Pounds)""."
OH,2026-01,month,17,flower_sales_usd_medical,9028751.63,usd,"Ohio Division of Cannabis Control, DCC Product Data - Medical (weekly XLSX)",https://dam.assets.ohio.gov/image/upload/com.ohio.gov/DCC/DCC_Product_Data_-_Medical.pdf,2026-09-25,"DERIVED by agent: sum of 5 weekly rows whose week-ending date (Saturday) falls in this month (2026-01-03;2026-01-10;2026-01-17;2026-01-24;2026-01-31). XLSX supplied by the author 2026-09-25 (runs to week ending 2026-09-12); same DCC series as the PDF linked. Column ""Total Sales (Plant Material)""."
OH,2026-01,month,17,total_sales_usd_medical,17677437.27,usd,"Ohio Division of Cannabis Control, DCC Product Data - Medical (weekly XLSX)",https://dam.assets.ohio.gov/image/upload/com.ohio.gov/DCC/DCC_Product_Data_-_Medical.pdf,2026-09-25,"DERIVED by agent: sum of 5 weekly rows whose week-ending date (Saturday) falls in this month (2026-01-03;2026-01-10;2026-01-17;2026-01-24;2026-01-31). XLSX supplied by the author 2026-09-25 (runs to week ending 2026-09-12); same DCC series as the PDF linked. Sum of every ""... Sales"" column, plant material plus all manufactured product types. Cross-check: weekly totals match week-over-week differences of the DCC cumulative Historical Sales Data within 1% in 500 of 501 weeks."
OH,2026-02,month,18,flower_sold_lbs_medical,2526.06,pounds,"Ohio Division of Cannabis Control, DCC Product Data - Medical (weekly XLSX)",https://dam.assets.ohio.gov/image/upload/com.ohio.gov/DCC/DCC_Product_Data_-_Medical.pdf,2026-09-25,"DERIVED by agent: sum of 4 weekly rows whose week-ending date (Saturday) falls in this month (2026-02-07;2026-02-14;2026-02-21;2026-02-28). XLSX supplied by the author 2026-09-25 (runs to week ending 2026-09-12); same DCC series as the PDF linked. Column ""Plant Material Sold (Pounds)""."
OH,2026-02,month,18,flower_sales_usd_medical,7113829.34,usd,"Ohio Division of Cannabis Control, DCC Product Data - Medical (weekly XLSX)",https://dam.assets.ohio.gov/image/upload/com.ohio.gov/DCC/DCC_Product_Data_-_Medical.pdf,2026-09-25,"DERIVED by agent: sum of 4 weekly rows whose week-ending date (Saturday) falls in this month (2026-02-07;2026-02-14;2026-02-21;2026-02-28). XLSX supplied by the author 2026-09-25 (runs to week ending 2026-09-12); same DCC series as the PDF linked. Column ""Total Sales (Plant Material)""."
OH,2026-02,month,18,total_sales_usd_medical,14098282.38,usd,"Ohio Division of Cannabis Control, DCC Product Data - Medical (weekly XLSX)",https://dam.assets.ohio.gov/image/upload/com.ohio.gov/DCC/DCC_Product_Data_-_Medical.pdf,2026-09-25,"DERIVED by agent: sum of 4 weekly rows whose week-ending date (Saturday) falls in this month (2026-02-07;2026-02-14;2026-02-21;2026-02-28). XLSX supplied by the author 2026-09-25 (runs to week ending 2026-09-12); same DCC series as the PDF linked. Sum of every ""... Sales"" column, plant material plus all manufactured product types. Cross-check: weekly totals match week-over-week differences of the DCC cumulative Historical Sales Data within 1% in 500 of 501 weeks."
OH,2026-03,month,19,flower_sold_lbs_medical,2441.83,pounds,"Ohio Division of Cannabis Control, DCC Product Data - Medical (weekly XLSX)",https://dam.assets.ohio.gov/image/upload/com.ohio.gov/DCC/DCC_Product_Data_-_Medical.pdf,2026-09-25,"DERIVED by agent: sum of 4 weekly rows whose week-ending date (Saturday) falls in this month (2026-03-07;2026-03-14;2026-03-21;2026-03-28). XLSX supplied by the author 2026-09-25 (runs to week ending 2026-09-12); same DCC series as the PDF linked. Column ""Plant Material Sold (Pounds)""."
OH,2026-03,month,19,flower_sales_usd_medical,6845292.15,usd,"Ohio Division of Cannabis Control, DCC Product Data - Medical (weekly XLSX)",https://dam.assets.ohio.gov/image/upload/com.ohio.gov/DCC/DCC_Product_Data_-_Medical.pdf,2026-09-25,"DERIVED by agent: sum of 4 weekly rows whose week-ending date (Saturday) falls in this month (2026-03-07;2026-03-14;2026-03-21;2026-03-28). XLSX supplied by the author 2026-09-25 (runs to week ending 2026-09-12); same DCC series as the PDF linked. Column ""Total Sales (Plant Material)""."
OH,2026-03,month,19,total_sales_usd_medical,13649038.94,usd,"Ohio Division of Cannabis Control, DCC Product Data - Medical (weekly XLSX)",https://dam.assets.ohio.gov/image/upload/com.ohio.gov/DCC/DCC_Product_Data_-_Medical.pdf,2026-09-25,"DERIVED by agent: sum of 4 weekly rows whose week-ending date (Saturday) falls in this month (2026-03-07;2026-03-14;2026-03-21;2026-03-28). XLSX supplied by the author 2026-09-25 (runs to week ending 2026-09-12); same DCC series as the PDF linked. Sum of every ""... Sales"" column, plant material plus all manufactured product types. Cross-check: weekly totals match week-over-week differences of the DCC cumulative Historical Sales Data within 1% in 500 of 501 weeks."
OH,2026-04,month,20,flower_sold_lbs_medical,2837.07,pounds,"Ohio Division of Cannabis Control, DCC Product Data - Medical (weekly XLSX)",https://dam.assets.ohio.gov/image/upload/com.ohio.gov/DCC/DCC_Product_Data_-_Medical.pdf,2026-09-25,"DERIVED by agent: sum of 4 weekly rows whose week-ending date (Saturday) falls in this month (2026-04-04;2026-04-11;2026-04-18;2026-04-25). XLSX supplied by the author 2026-09-25 (runs to week ending 2026-09-12); same DCC series as the PDF linked. Column ""Plant Material Sold (Pounds)""."
OH,2026-04,month,20,flower_sales_usd_medical,7802930.58,usd,"Ohio Division of Cannabis Control, DCC Product Data - Medical (weekly XLSX)",https://dam.assets.ohio.gov/image/upload/com.ohio.gov/DCC/DCC_Product_Data_-_Medical.pdf,2026-09-25,"DERIVED by agent: sum of 4 weekly rows whose week-ending date (Saturday) falls in this month (2026-04-04;2026-04-11;2026-04-18;2026-04-25). XLSX supplied by the author 2026-09-25 (runs to week ending 2026-09-12); same DCC series as the PDF linked. Column ""Total Sales (Plant Material)""."
OH,2026-04,month,20,total_sales_usd_medical,15402746.2,usd,"Ohio Division of Cannabis Control, DCC Product Data - Medical (weekly XLSX)",https://dam.assets.ohio.gov/image/upload/com.ohio.gov/DCC/DCC_Product_Data_-_Medical.pdf,2026-09-25,"DERIVED by agent: sum of 4 weekly rows whose week-ending date (Saturday) falls in this month (2026-04-04;2026-04-11;2026-04-18;2026-04-25). XLSX supplied by the author 2026-09-25 (runs to week ending 2026-09-12); same DCC series as the PDF linked. Sum of every ""... Sales"" column, plant material plus all manufactured product types. Cross-check: weekly totals match week-over-week differences of the DCC cumulative Historical Sales Data within 1% in 500 of 501 weeks."
OH,2026-05,month,21,flower_sold_lbs_medical,3406.5,pounds,"Ohio Division of Cannabis Control, DCC Product Data - Medical (weekly XLSX)",https://dam.assets.ohio.gov/image/upload/com.ohio.gov/DCC/DCC_Product_Data_-_Medical.pdf,2026-09-25,"DERIVED by agent: sum of 5 weekly rows whose week-ending date (Saturday) falls in this month (2026-05-02;2026-05-09;2026-05-16;2026-05-23;2026-05-30). XLSX supplied by the author 2026-09-25 (runs to week ending 2026-09-12); same DCC series as the PDF linked. Column ""Plant Material Sold (Pounds)""."
OH,2026-05,month,21,flower_sales_usd_medical,9520117.22,usd,"Ohio Division of Cannabis Control, DCC Product Data - Medical (weekly XLSX)",https://dam.assets.ohio.gov/image/upload/com.ohio.gov/DCC/DCC_Product_Data_-_Medical.pdf,2026-09-25,"DERIVED by agent: sum of 5 weekly rows whose week-ending date (Saturday) falls in this month (2026-05-02;2026-05-09;2026-05-16;2026-05-23;2026-05-30). XLSX supplied by the author 2026-09-25 (runs to week ending 2026-09-12); same DCC series as the PDF linked. Column ""Total Sales (Plant Material)""."
OH,2026-05,month,21,total_sales_usd_medical,18741417.19,usd,"Ohio Division of Cannabis Control, DCC Product Data - Medical (weekly XLSX)",https://dam.assets.ohio.gov/image/upload/com.ohio.gov/DCC/DCC_Product_Data_-_Medical.pdf,2026-09-25,"DERIVED by agent: sum of 5 weekly rows whose week-ending date (Saturday) falls in this month (2026-05-02;2026-05-09;2026-05-16;2026-05-23;2026-05-30). XLSX supplied by the author 2026-09-25 (runs to week ending 2026-09-12); same DCC series as the PDF linked. Sum of every ""... Sales"" column, plant material plus all manufactured product types. Cross-check: weekly totals match week-over-week differences of the DCC cumulative Historical Sales Data within 1% in 500 of 501 weeks."
OH,2026-06,month,22,flower_sold_lbs_medical,2674.09,pounds,"Ohio Division of Cannabis Control, DCC Product Data - Medical (weekly XLSX)",https://dam.assets.ohio.gov/image/upload/com.ohio.gov/DCC/DCC_Product_Data_-_Medical.pdf,2026-09-25,"DERIVED by agent: sum of 4 weekly rows whose week-ending date (Saturday) falls in this month (2026-06-06;2026-06-13;2026-06-20;2026-06-27). XLSX supplied by the author 2026-09-25 (runs to week ending 2026-09-12); same DCC series as the PDF linked. Column ""Plant Material Sold (Pounds)""."
OH,2026-06,month,22,flower_sales_usd_medical,7661259.35,usd,"Ohio Division of Cannabis Control, DCC Product Data - Medical (weekly XLSX)",https://dam.assets.ohio.gov/image/upload/com.ohio.gov/DCC/DCC_Product_Data_-_Medical.pdf,2026-09-25,"DERIVED by agent: sum of 4 weekly rows whose week-ending date (Saturday) falls in this month (2026-06-06;2026-06-13;2026-06-20;2026-06-27). XLSX supplied by the author 2026-09-25 (runs to week ending 2026-09-12); same DCC series as the PDF linked. Column ""Total Sales (Plant Material)""."
OH,2026-06,month,22,total_sales_usd_medical,14961520.9,usd,"Ohio Division of Cannabis Control, DCC Product Data - Medical (weekly XLSX)",https://dam.assets.ohio.gov/image/upload/com.ohio.gov/DCC/DCC_Product_Data_-_Medical.pdf,2026-09-25,"DERIVED by agent: sum of 4 weekly rows whose week-ending date (Saturday) falls in this month (2026-06-06;2026-06-13;2026-06-20;2026-06-27). XLSX supplied by the author 2026-09-25 (runs to week ending 2026-09-12); same DCC series as the PDF linked. Sum of every ""... Sales"" column, plant material plus all manufactured product types. Cross-check: weekly totals match week-over-week differences of the DCC cumulative Historical Sales Data within 1% in 500 of 501 weeks."
OH,2026-07,month,23,flower_sold_lbs_medical,2651.71,pounds,"Ohio Division of Cannabis Control, DCC Product Data - Medical (weekly XLSX)",https://dam.assets.ohio.gov/image/upload/com.ohio.gov/DCC/DCC_Product_Data_-_Medical.pdf,2026-09-25,"DERIVED by agent: sum of 4 weekly rows whose week-ending date (Saturday) falls in this month (2026-07-04;2026-07-11;2026-07-18;2026-07-25). XLSX supplied by the author 2026-09-25 (runs to week ending 2026-09-12); same DCC series as the PDF linked. Column ""Plant Material Sold (Pounds)""."
OH,2026-07,month,23,flower_sales_usd_medical,7615542.09,usd,"Ohio Division of Cannabis Control, DCC Product Data - Medical (weekly XLSX)",https://dam.assets.ohio.gov/image/upload/com.ohio.gov/DCC/DCC_Product_Data_-_Medical.pdf,2026-09-25,"DERIVED by agent: sum of 4 weekly rows whose week-ending date (Saturday) falls in this month (2026-07-04;2026-07-11;2026-07-18;2026-07-25). XLSX supplied by the author 2026-09-25 (runs to week ending 2026-09-12); same DCC series as the PDF linked. Column ""Total Sales (Plant Material)""."
OH,2026-07,month,23,total_sales_usd_medical,14815811.79,usd,"Ohio Division of Cannabis Control, DCC Product Data - Medical (weekly XLSX)",https://dam.assets.ohio.gov/image/upload/com.ohio.gov/DCC/DCC_Product_Data_-_Medical.pdf,2026-09-25,"DERIVED by agent: sum of 4 weekly rows whose week-ending date (Saturday) falls in this month (2026-07-04;2026-07-11;2026-07-18;2026-07-25). XLSX supplied by the author 2026-09-25 (runs to week ending 2026-09-12); same DCC series as the PDF linked. Sum of every ""... Sales"" column, plant material plus all manufactured product types. Cross-check: weekly totals match week-over-week differences of the DCC cumulative Historical Sales Data within 1% in 500 of 501 weeks."
OH,2026-08,month,24,flower_sold_lbs_medical,3255.7,pounds,"Ohio Division of Cannabis Control, DCC Product Data - Medical (weekly XLSX)",https://dam.assets.ohio.gov/image/upload/com.ohio.gov/DCC/DCC_Product_Data_-_Medical.pdf,2026-09-25,"DERIVED by agent: sum of 5 weekly rows whose week-ending date (Saturday) falls in this month (2026-08-01;2026-08-08;2026-08-15;2026-08-22;2026-08-29). XLSX supplied by the author 2026-09-25 (runs to week ending 2026-09-12); same DCC series as the PDF linked. Column ""Plant Material Sold (Pounds)""."
OH,2026-08,month,24,flower_sales_usd_medical,9301504.25,usd,"Ohio Division of Cannabis Control, DCC Product Data - Medical (weekly XLSX)",https://dam.assets.ohio.gov/image/upload/com.ohio.gov/DCC/DCC_Product_Data_-_Medical.pdf,2026-09-25,"DERIVED by agent: sum of 5 weekly rows whose week-ending date (Saturday) falls in this month (2026-08-01;2026-08-08;2026-08-15;2026-08-22;2026-08-29). XLSX supplied by the author 2026-09-25 (runs to week ending 2026-09-12); same DCC series as the PDF linked. Column ""Total Sales (Plant Material)""."
OH,2026-08,month,24,total_sales_usd_medical,17923010.11,usd,"Ohio Division of Cannabis Control, DCC Product Data - Medical (weekly XLSX)",https://dam.assets.ohio.gov/image/upload/com.ohio.gov/DCC/DCC_Product_Data_-_Medical.pdf,2026-09-25,"DERIVED by agent: sum of 5 weekly rows whose week-ending date (Saturday) falls in this month (2026-08-01;2026-08-08;2026-08-15;2026-08-22;2026-08-29). XLSX supplied by the author 2026-09-25 (runs to week ending 2026-09-12); same DCC series as the PDF linked. Sum of every ""... Sales"" column, plant material plus all manufactured product types. Cross-check: weekly totals match week-over-week differences of the DCC cumulative Historical Sales Data within 1% in 500 of 501 weeks."
OH,2024-08,month,0,transactions_adult_use,413271,count,"Ohio Division of Cannabis Control, DCC Historical Sales Data (weekly cumulative XLSX)",https://dam.assets.ohio.gov/image/upload/com.ohio.gov/DCC/DCC%20Stats/DCC_Historical_Sales_Data.pdf,2026-09-25,"DERIVED by agent: sum of week-over-week differences in cumulative ""Total Receipts"" for the 3 weeks ending in this month (2024-08-17;2024-08-24;2024-08-31). Receipts are transactions. First adult-use week (ending 2024-08-10) is excluded because no prior cumulative value exists; month is incomplete."
OH,2024-09,month,1,transactions_adult_use,566157,count,"Ohio Division of Cannabis Control, DCC Historical Sales Data (weekly cumulative XLSX)",https://dam.assets.ohio.gov/image/upload/com.ohio.gov/DCC/DCC%20Stats/DCC_Historical_Sales_Data.pdf,2026-09-25,"DERIVED by agent: sum of week-over-week differences in cumulative ""Total Receipts"" for the 4 weeks ending in this month (2024-09-07;2024-09-14;2024-09-21;2024-09-28). Receipts are transactions."
OH,2024-10,month,2,transactions_adult_use,602258,count,"Ohio Division of Cannabis Control, DCC Historical Sales Data (weekly cumulative XLSX)",https://dam.assets.ohio.gov/image/upload/com.ohio.gov/DCC/DCC%20Stats/DCC_Historical_Sales_Data.pdf,2026-09-25,"DERIVED by agent: sum of week-over-week differences in cumulative ""Total Receipts"" for the 4 weeks ending in this month (2024-10-05;2024-10-12;2024-10-19;2024-10-26). Receipts are transactions."
OH,2024-11,month,3,transactions_adult_use,817059,count,"Ohio Division of Cannabis Control, DCC Historical Sales Data (weekly cumulative XLSX)",https://dam.assets.ohio.gov/image/upload/com.ohio.gov/DCC/DCC%20Stats/DCC_Historical_Sales_Data.pdf,2026-09-25,"DERIVED by agent: sum of week-over-week differences in cumulative ""Total Receipts"" for the 5 weeks ending in this month (2024-11-02;2024-11-09;2024-11-16;2024-11-23;2024-11-30). Receipts are transactions."
OH,2024-12,month,4,transactions_adult_use,692170,count,"Ohio Division of Cannabis Control, DCC Historical Sales Data (weekly cumulative XLSX)",https://dam.assets.ohio.gov/image/upload/com.ohio.gov/DCC/DCC%20Stats/DCC_Historical_Sales_Data.pdf,2026-09-25,"DERIVED by agent: sum of week-over-week differences in cumulative ""Total Receipts"" for the 4 weeks ending in this month (2024-12-07;2024-12-14;2024-12-21;2024-12-28). Receipts are transactions."
OH,2025-01,month,5,transactions_adult_use,709071,count,"Ohio Division of Cannabis Control, DCC Historical Sales Data (weekly cumulative XLSX)",https://dam.assets.ohio.gov/image/upload/com.ohio.gov/DCC/DCC%20Stats/DCC_Historical_Sales_Data.pdf,2026-09-25,"DERIVED by agent: sum of week-over-week differences in cumulative ""Total Receipts"" for the 4 weeks ending in this month (2025-01-04;2025-01-11;2025-01-18;2025-01-25). Receipts are transactions."
OH,2025-02,month,6,transactions_adult_use,762793,count,"Ohio Division of Cannabis Control, DCC Historical Sales Data (weekly cumulative XLSX)",https://dam.assets.ohio.gov/image/upload/com.ohio.gov/DCC/DCC%20Stats/DCC_Historical_Sales_Data.pdf,2026-09-25,"DERIVED by agent: sum of week-over-week differences in cumulative ""Total Receipts"" for the 4 weeks ending in this month (2025-02-01;2025-02-08;2025-02-15;2025-02-22). Receipts are transactions."
OH,2025-03,month,7,transactions_adult_use,1015899,count,"Ohio Division of Cannabis Control, DCC Historical Sales Data (weekly cumulative XLSX)",https://dam.assets.ohio.gov/image/upload/com.ohio.gov/DCC/DCC%20Stats/DCC_Historical_Sales_Data.pdf,2026-09-25,"DERIVED by agent: sum of week-over-week differences in cumulative ""Total Receipts"" for the 5 weeks ending in this month (2025-03-01;2025-03-08;2025-03-15;2025-03-22;2025-03-29). Receipts are transactions."
OH,2025-04,month,8,transactions_adult_use,861872,count,"Ohio Division of Cannabis Control, DCC Historical Sales Data (weekly cumulative XLSX)",https://dam.assets.ohio.gov/image/upload/com.ohio.gov/DCC/DCC%20Stats/DCC_Historical_Sales_Data.pdf,2026-09-25,"DERIVED by agent: sum of week-over-week differences in cumulative ""Total Receipts"" for the 4 weeks ending in this month (2025-04-05;2025-04-12;2025-04-19;2025-04-26). Receipts are transactions."
OH,2025-05,month,9,transactions_adult_use,1112322,count,"Ohio Division of Cannabis Control, DCC Historical Sales Data (weekly cumulative XLSX)",https://dam.assets.ohio.gov/image/upload/com.ohio.gov/DCC/DCC%20Stats/DCC_Historical_Sales_Data.pdf,2026-09-25,"DERIVED by agent: sum of week-over-week differences in cumulative ""Total Receipts"" for the 5 weeks ending in this month (2025-05-03;2025-05-10;2025-05-17;2025-05-24;2025-05-31). Receipts are transactions."
OH,2025-06,month,10,transactions_adult_use,908154,count,"Ohio Division of Cannabis Control, DCC Historical Sales Data (weekly cumulative XLSX)",https://dam.assets.ohio.gov/image/upload/com.ohio.gov/DCC/DCC%20Stats/DCC_Historical_Sales_Data.pdf,2026-09-25,"DERIVED by agent: sum of week-over-week differences in cumulative ""Total Receipts"" for the 4 weeks ending in this month (2025-06-07;2025-06-14;2025-06-21;2025-06-28). Receipts are transactions."
OH,2025-07,month,11,transactions_adult_use,938463,count,"Ohio Division of Cannabis Control, DCC Historical Sales Data (weekly cumulative XLSX)",https://dam.assets.ohio.gov/image/upload/com.ohio.gov/DCC/DCC%20Stats/DCC_Historical_Sales_Data.pdf,2026-09-25,"DERIVED by agent: sum of week-over-week differences in cumulative ""Total Receipts"" for the 4 weeks ending in this month (2025-07-05;2025-07-12;2025-07-19;2025-07-26). Receipts are transactions."
OH,2025-08,month,12,transactions_adult_use,1205996,count,"Ohio Division of Cannabis Control, DCC Historical Sales Data (weekly cumulative XLSX)",https://dam.assets.ohio.gov/image/upload/com.ohio.gov/DCC/DCC%20Stats/DCC_Historical_Sales_Data.pdf,2026-09-25,"DERIVED by agent: sum of week-over-week differences in cumulative ""Total Receipts"" for the 5 weeks ending in this month (2025-08-02;2025-08-09;2025-08-16;2025-08-23;2025-08-30). Receipts are transactions."
OH,2025-09,month,13,transactions_adult_use,1002521,count,"Ohio Division of Cannabis Control, DCC Historical Sales Data (weekly cumulative XLSX)",https://dam.assets.ohio.gov/image/upload/com.ohio.gov/DCC/DCC%20Stats/DCC_Historical_Sales_Data.pdf,2026-09-25,"DERIVED by agent: sum of week-over-week differences in cumulative ""Total Receipts"" for the 4 weeks ending in this month (2025-09-06;2025-09-13;2025-09-20;2025-09-27). Receipts are transactions."
OH,2025-10,month,14,transactions_adult_use,1052595,count,"Ohio Division of Cannabis Control, DCC Historical Sales Data (weekly cumulative XLSX)",https://dam.assets.ohio.gov/image/upload/com.ohio.gov/DCC/DCC%20Stats/DCC_Historical_Sales_Data.pdf,2026-09-25,"DERIVED by agent: sum of week-over-week differences in cumulative ""Total Receipts"" for the 4 weeks ending in this month (2025-10-04;2025-10-11;2025-10-18;2025-10-25). Receipts are transactions."
OH,2025-11,month,15,transactions_adult_use,1368412,count,"Ohio Division of Cannabis Control, DCC Historical Sales Data (weekly cumulative XLSX)",https://dam.assets.ohio.gov/image/upload/com.ohio.gov/DCC/DCC%20Stats/DCC_Historical_Sales_Data.pdf,2026-09-25,"DERIVED by agent: sum of week-over-week differences in cumulative ""Total Receipts"" for the 5 weeks ending in this month (2025-11-01;2025-11-08;2025-11-15;2025-11-22;2025-11-29). Receipts are transactions."
OH,2025-12,month,16,transactions_adult_use,1123027,count,"Ohio Division of Cannabis Control, DCC Historical Sales Data (weekly cumulative XLSX)",https://dam.assets.ohio.gov/image/upload/com.ohio.gov/DCC/DCC%20Stats/DCC_Historical_Sales_Data.pdf,2026-09-25,"DERIVED by agent: sum of week-over-week differences in cumulative ""Total Receipts"" for the 4 weeks ending in this month (2025-12-06;2025-12-13;2025-12-20;2025-12-27). Receipts are transactions."
OH,2026-01,month,17,transactions_adult_use,1439693,count,"Ohio Division of Cannabis Control, DCC Historical Sales Data (weekly cumulative XLSX)",https://dam.assets.ohio.gov/image/upload/com.ohio.gov/DCC/DCC%20Stats/DCC_Historical_Sales_Data.pdf,2026-09-25,"DERIVED by agent: sum of week-over-week differences in cumulative ""Total Receipts"" for the 5 weeks ending in this month (2026-01-03;2026-01-10;2026-01-17;2026-01-24;2026-01-31). Receipts are transactions."
OH,2026-02,month,18,transactions_adult_use,1207587,count,"Ohio Division of Cannabis Control, DCC Historical Sales Data (weekly cumulative XLSX)",https://dam.assets.ohio.gov/image/upload/com.ohio.gov/DCC/DCC%20Stats/DCC_Historical_Sales_Data.pdf,2026-09-25,"DERIVED by agent: sum of week-over-week differences in cumulative ""Total Receipts"" for the 4 weeks ending in this month (2026-02-07;2026-02-14;2026-02-21;2026-02-28). Receipts are transactions."
OH,2026-03,month,19,transactions_adult_use,1258513,count,"Ohio Division of Cannabis Control, DCC Historical Sales Data (weekly cumulative XLSX)",https://dam.assets.ohio.gov/image/upload/com.ohio.gov/DCC/DCC%20Stats/DCC_Historical_Sales_Data.pdf,2026-09-25,"DERIVED by agent: sum of week-over-week differences in cumulative ""Total Receipts"" for the 4 weeks ending in this month (2026-03-07;2026-03-14;2026-03-21;2026-03-28). Receipts are transactions."
OH,2026-04,month,20,transactions_adult_use,1408222,count,"Ohio Division of Cannabis Control, DCC Historical Sales Data (weekly cumulative XLSX)",https://dam.assets.ohio.gov/image/upload/com.ohio.gov/DCC/DCC%20Stats/DCC_Historical_Sales_Data.pdf,2026-09-25,"DERIVED by agent: sum of week-over-week differences in cumulative ""Total Receipts"" for the 4 weeks ending in this month (2026-04-04;2026-04-11;2026-04-18;2026-04-25). Receipts are transactions."
OH,2026-05,month,21,transactions_adult_use,1830310,count,"Ohio Division of Cannabis Control, DCC Historical Sales Data (weekly cumulative XLSX)",https://dam.assets.ohio.gov/image/upload/com.ohio.gov/DCC/DCC%20Stats/DCC_Historical_Sales_Data.pdf,2026-09-25,"DERIVED by agent: sum of week-over-week differences in cumulative ""Total Receipts"" for the 5 weeks ending in this month (2026-05-02;2026-05-09;2026-05-16;2026-05-23;2026-05-30). Receipts are transactions."
OH,2026-06,month,22,transactions_adult_use,1498507,count,"Ohio Division of Cannabis Control, DCC Historical Sales Data (weekly cumulative XLSX)",https://dam.assets.ohio.gov/image/upload/com.ohio.gov/DCC/DCC%20Stats/DCC_Historical_Sales_Data.pdf,2026-09-25,"DERIVED by agent: sum of week-over-week differences in cumulative ""Total Receipts"" for the 4 weeks ending in this month (2026-06-06;2026-06-13;2026-06-20;2026-06-27). Receipts are transactions."
OH,2026-07,month,23,transactions_adult_use,1499313,count,"Ohio Division of Cannabis Control, DCC Historical Sales Data (weekly cumulative XLSX)",https://dam.assets.ohio.gov/image/upload/com.ohio.gov/DCC/DCC%20Stats/DCC_Historical_Sales_Data.pdf,2026-09-25,"DERIVED by agent: sum of week-over-week differences in cumulative ""Total Receipts"" for the 4 weeks ending in this month (2026-07-04;2026-07-11;2026-07-18;2026-07-25). Receipts are transactions."
OH,2026-08,month,24,transactions_adult_use,1880111,count,"Ohio Division of Cannabis Control, DCC Historical Sales Data (weekly cumulative XLSX)",https://dam.assets.ohio.gov/image/upload/com.ohio.gov/DCC/DCC%20Stats/DCC_Historical_Sales_Data.pdf,2026-09-25,"DERIVED by agent: sum of week-over-week differences in cumulative ""Total Receipts"" for the 5 weeks ending in this month (2026-08-01;2026-08-08;2026-08-15;2026-08-22;2026-08-29). Receipts are transactions."
OH,2019-01,month,-67,transactions_medical,953,count,"Ohio Division of Cannabis Control, DCC Historical Sales Data (weekly cumulative XLSX)",https://dam.assets.ohio.gov/image/upload/com.ohio.gov/DCC/DCC%20Stats/DCC_Historical_Sales_Data.pdf,2026-09-25,"DERIVED by agent: sum of week-over-week differences in cumulative ""Total Receipts"" for the 1 weeks ending in this month (2019-01-26). Receipts are transactions."
OH,2019-02,month,-66,transactions_medical,5814,count,"Ohio Division of Cannabis Control, DCC Historical Sales Data (weekly cumulative XLSX)",https://dam.assets.ohio.gov/image/upload/com.ohio.gov/DCC/DCC%20Stats/DCC_Historical_Sales_Data.pdf,2026-09-25,"DERIVED by agent: sum of week-over-week differences in cumulative ""Total Receipts"" for the 4 weeks ending in this month (2019-02-02;2019-02-09;2019-02-16;2019-02-23). Receipts are transactions."
OH,2019-03,month,-65,transactions_medical,12191,count,"Ohio Division of Cannabis Control, DCC Historical Sales Data (weekly cumulative XLSX)",https://dam.assets.ohio.gov/image/upload/com.ohio.gov/DCC/DCC%20Stats/DCC_Historical_Sales_Data.pdf,2026-09-25,"DERIVED by agent: sum of week-over-week differences in cumulative ""Total Receipts"" for the 5 weeks ending in this month (2019-03-02;2019-03-09;2019-03-16;2019-03-23;2019-03-30). Receipts are transactions."
OH,2019-04,month,-64,transactions_medical,16779,count,"Ohio Division of Cannabis Control, DCC Historical Sales Data (weekly cumulative XLSX)",https://dam.assets.ohio.gov/image/upload/com.ohio.gov/DCC/DCC%20Stats/DCC_Historical_Sales_Data.pdf,2026-09-25,"DERIVED by agent: sum of week-over-week differences in cumulative ""Total Receipts"" for the 4 weeks ending in this month (2019-04-06;2019-04-13;2019-04-20;2019-04-27). Receipts are transactions."
OH,2019-05,month,-63,transactions_medical,20416,count,"Ohio Division of Cannabis Control, DCC Historical Sales Data (weekly cumulative XLSX)",https://dam.assets.ohio.gov/image/upload/com.ohio.gov/DCC/DCC%20Stats/DCC_Historical_Sales_Data.pdf,2026-09-25,"DERIVED by agent: sum of week-over-week differences in cumulative ""Total Receipts"" for the 4 weeks ending in this month (2019-05-04;2019-05-11;2019-05-18;2019-05-25). Receipts are transactions."
OH,2019-06,month,-62,transactions_medical,33093,count,"Ohio Division of Cannabis Control, DCC Historical Sales Data (weekly cumulative XLSX)",https://dam.assets.ohio.gov/image/upload/com.ohio.gov/DCC/DCC%20Stats/DCC_Historical_Sales_Data.pdf,2026-09-25,"DERIVED by agent: sum of week-over-week differences in cumulative ""Total Receipts"" for the 5 weeks ending in this month (2019-06-01;2019-06-08;2019-06-15;2019-06-22;2019-06-29). Receipts are transactions."
OH,2019-07,month,-61,transactions_medical,32098,count,"Ohio Division of Cannabis Control, DCC Historical Sales Data (weekly cumulative XLSX)",https://dam.assets.ohio.gov/image/upload/com.ohio.gov/DCC/DCC%20Stats/DCC_Historical_Sales_Data.pdf,2026-09-25,"DERIVED by agent: sum of week-over-week differences in cumulative ""Total Receipts"" for the 4 weeks ending in this month (2019-07-06;2019-07-13;2019-07-20;2019-07-27). Receipts are transactions."
OH,2019-08,month,-60,transactions_medical,51810,count,"Ohio Division of Cannabis Control, DCC Historical Sales Data (weekly cumulative XLSX)",https://dam.assets.ohio.gov/image/upload/com.ohio.gov/DCC/DCC%20Stats/DCC_Historical_Sales_Data.pdf,2026-09-25,"DERIVED by agent: sum of week-over-week differences in cumulative ""Total Receipts"" for the 5 weeks ending in this month (2019-08-03;2019-08-10;2019-08-17;2019-08-24;2019-08-31). Receipts are transactions."
OH,2019-09,month,-59,transactions_medical,49218,count,"Ohio Division of Cannabis Control, DCC Historical Sales Data (weekly cumulative XLSX)",https://dam.assets.ohio.gov/image/upload/com.ohio.gov/DCC/DCC%20Stats/DCC_Historical_Sales_Data.pdf,2026-09-25,"DERIVED by agent: sum of week-over-week differences in cumulative ""Total Receipts"" for the 4 weeks ending in this month (2019-09-07;2019-09-14;2019-09-21;2019-09-28). Receipts are transactions."
OH,2019-10,month,-58,transactions_medical,56744,count,"Ohio Division of Cannabis Control, DCC Historical Sales Data (weekly cumulative XLSX)",https://dam.assets.ohio.gov/image/upload/com.ohio.gov/DCC/DCC%20Stats/DCC_Historical_Sales_Data.pdf,2026-09-25,"DERIVED by agent: sum of week-over-week differences in cumulative ""Total Receipts"" for the 4 weeks ending in this month (2019-10-05;2019-10-12;2019-10-19;2019-10-26). Receipts are transactions."
OH,2019-11,month,-57,transactions_medical,83032,count,"Ohio Division of Cannabis Control, DCC Historical Sales Data (weekly cumulative XLSX)",https://dam.assets.ohio.gov/image/upload/com.ohio.gov/DCC/DCC%20Stats/DCC_Historical_Sales_Data.pdf,2026-09-25,"DERIVED by agent: sum of week-over-week differences in cumulative ""Total Receipts"" for the 5 weeks ending in this month (2019-11-02;2019-11-09;2019-11-16;2019-11-23;2019-11-30). Receipts are transactions."
OH,2019-12,month,-56,transactions_medical,70495,count,"Ohio Division of Cannabis Control, DCC Historical Sales Data (weekly cumulative XLSX)",https://dam.assets.ohio.gov/image/upload/com.ohio.gov/DCC/DCC%20Stats/DCC_Historical_Sales_Data.pdf,2026-09-25,"DERIVED by agent: sum of week-over-week differences in cumulative ""Total Receipts"" for the 4 weeks ending in this month (2019-12-07;2019-12-14;2019-12-21;2019-12-28). Receipts are transactions."
OH,2020-01,month,-55,transactions_medical,79608,count,"Ohio Division of Cannabis Control, DCC Historical Sales Data (weekly cumulative XLSX)",https://dam.assets.ohio.gov/image/upload/com.ohio.gov/DCC/DCC%20Stats/DCC_Historical_Sales_Data.pdf,2026-09-25,"DERIVED by agent: sum of week-over-week differences in cumulative ""Total Receipts"" for the 4 weeks ending in this month (2020-01-04;2020-01-11;2020-01-18;2020-01-25). Receipts are transactions."
OH,2020-02,month,-54,transactions_medical,111871,count,"Ohio Division of Cannabis Control, DCC Historical Sales Data (weekly cumulative XLSX)",https://dam.assets.ohio.gov/image/upload/com.ohio.gov/DCC/DCC%20Stats/DCC_Historical_Sales_Data.pdf,2026-09-25,"DERIVED by agent: sum of week-over-week differences in cumulative ""Total Receipts"" for the 5 weeks ending in this month (2020-02-01;2020-02-08;2020-02-15;2020-02-22;2020-02-29). Receipts are transactions."
OH,2020-03,month,-53,transactions_medical,97013,count,"Ohio Division of Cannabis Control, DCC Historical Sales Data (weekly cumulative XLSX)",https://dam.assets.ohio.gov/image/upload/com.ohio.gov/DCC/DCC%20Stats/DCC_Historical_Sales_Data.pdf,2026-09-25,"DERIVED by agent: sum of week-over-week differences in cumulative ""Total Receipts"" for the 4 weeks ending in this month (2020-03-07;2020-03-14;2020-03-21;2020-03-28). Receipts are transactions."
OH,2020-04,month,-52,transactions_medical,98224,count,"Ohio Division of Cannabis Control, DCC Historical Sales Data (weekly cumulative XLSX)",https://dam.assets.ohio.gov/image/upload/com.ohio.gov/DCC/DCC%20Stats/DCC_Historical_Sales_Data.pdf,2026-09-25,"DERIVED by agent: sum of week-over-week differences in cumulative ""Total Receipts"" for the 4 weeks ending in this month (2020-04-04;2020-04-11;2020-04-18;2020-04-25). Receipts are transactions."
OH,2020-05,month,-51,transactions_medical,136154,count,"Ohio Division of Cannabis Control, DCC Historical Sales Data (weekly cumulative XLSX)",https://dam.assets.ohio.gov/image/upload/com.ohio.gov/DCC/DCC%20Stats/DCC_Historical_Sales_Data.pdf,2026-09-25,"DERIVED by agent: sum of week-over-week differences in cumulative ""Total Receipts"" for the 5 weeks ending in this month (2020-05-02;2020-05-09;2020-05-16;2020-05-23;2020-05-30). Receipts are transactions."
OH,2020-06,month,-50,transactions_medical,120061,count,"Ohio Division of Cannabis Control, DCC Historical Sales Data (weekly cumulative XLSX)",https://dam.assets.ohio.gov/image/upload/com.ohio.gov/DCC/DCC%20Stats/DCC_Historical_Sales_Data.pdf,2026-09-25,"DERIVED by agent: sum of week-over-week differences in cumulative ""Total Receipts"" for the 4 weeks ending in this month (2020-06-06;2020-06-13;2020-06-20;2020-06-27). Receipts are transactions."
OH,2020-07,month,-49,transactions_medical,133644,count,"Ohio Division of Cannabis Control, DCC Historical Sales Data (weekly cumulative XLSX)",https://dam.assets.ohio.gov/image/upload/com.ohio.gov/DCC/DCC%20Stats/DCC_Historical_Sales_Data.pdf,2026-09-25,"DERIVED by agent: sum of week-over-week differences in cumulative ""Total Receipts"" for the 4 weeks ending in this month (2020-07-04;2020-07-11;2020-07-18;2020-07-25). Receipts are transactions."
OH,2020-08,month,-48,transactions_medical,183381,count,"Ohio Division of Cannabis Control, DCC Historical Sales Data (weekly cumulative XLSX)",https://dam.assets.ohio.gov/image/upload/com.ohio.gov/DCC/DCC%20Stats/DCC_Historical_Sales_Data.pdf,2026-09-25,"DERIVED by agent: sum of week-over-week differences in cumulative ""Total Receipts"" for the 5 weeks ending in this month (2020-08-01;2020-08-08;2020-08-15;2020-08-22;2020-08-29). Receipts are transactions."
OH,2020-09,month,-47,transactions_medical,157392,count,"Ohio Division of Cannabis Control, DCC Historical Sales Data (weekly cumulative XLSX)",https://dam.assets.ohio.gov/image/upload/com.ohio.gov/DCC/DCC%20Stats/DCC_Historical_Sales_Data.pdf,2026-09-25,"DERIVED by agent: sum of week-over-week differences in cumulative ""Total Receipts"" for the 4 weeks ending in this month (2020-09-05;2020-09-12;2020-09-19;2020-09-26). Receipts are transactions."
OH,2020-10,month,-46,transactions_medical,205229,count,"Ohio Division of Cannabis Control, DCC Historical Sales Data (weekly cumulative XLSX)",https://dam.assets.ohio.gov/image/upload/com.ohio.gov/DCC/DCC%20Stats/DCC_Historical_Sales_Data.pdf,2026-09-25,"DERIVED by agent: sum of week-over-week differences in cumulative ""Total Receipts"" for the 5 weeks ending in this month (2020-10-03;2020-10-10;2020-10-17;2020-10-24;2020-10-31). Receipts are transactions."
OH,2020-11,month,-45,transactions_medical,121246,count,"Ohio Division of Cannabis Control, DCC Historical Sales Data (weekly cumulative XLSX)",https://dam.assets.ohio.gov/image/upload/com.ohio.gov/DCC/DCC%20Stats/DCC_Historical_Sales_Data.pdf,2026-09-25,"DERIVED by agent: sum of week-over-week differences in cumulative ""Total Receipts"" for the 4 weeks ending in this month (2020-11-07;2020-11-14;2020-11-21;2020-11-28). Receipts are transactions."
OH,2020-12,month,-44,transactions_medical,165486,count,"Ohio Division of Cannabis Control, DCC Historical Sales Data (weekly cumulative XLSX)",https://dam.assets.ohio.gov/image/upload/com.ohio.gov/DCC/DCC%20Stats/DCC_Historical_Sales_Data.pdf,2026-09-25,"DERIVED by agent: sum of week-over-week differences in cumulative ""Total Receipts"" for the 4 weeks ending in this month (2020-12-05;2020-12-12;2020-12-19;2020-12-26). Receipts are transactions."
OH,2021-01,month,-43,transactions_medical,223989,count,"Ohio Division of Cannabis Control, DCC Historical Sales Data (weekly cumulative XLSX)",https://dam.assets.ohio.gov/image/upload/com.ohio.gov/DCC/DCC%20Stats/DCC_Historical_Sales_Data.pdf,2026-09-25,"DERIVED by agent: sum of week-over-week differences in cumulative ""Total Receipts"" for the 5 weeks ending in this month (2021-01-02;2021-01-09;2021-01-16;2021-01-23;2021-01-30). Receipts are transactions."
OH,2021-02,month,-42,transactions_medical,176299,count,"Ohio Division of Cannabis Control, DCC Historical Sales Data (weekly cumulative XLSX)",https://dam.assets.ohio.gov/image/upload/com.ohio.gov/DCC/DCC%20Stats/DCC_Historical_Sales_Data.pdf,2026-09-25,"DERIVED by agent: sum of week-over-week differences in cumulative ""Total Receipts"" for the 4 weeks ending in this month (2021-02-06;2021-02-13;2021-02-20;2021-02-27). Receipts are transactions."
OH,2021-03,month,-41,transactions_medical,200905,count,"Ohio Division of Cannabis Control, DCC Historical Sales Data (weekly cumulative XLSX)",https://dam.assets.ohio.gov/image/upload/com.ohio.gov/DCC/DCC%20Stats/DCC_Historical_Sales_Data.pdf,2026-09-25,"DERIVED by agent: sum of week-over-week differences in cumulative ""Total Receipts"" for the 4 weeks ending in this month (2021-03-06;2021-03-13;2021-03-20;2021-03-27). Receipts are transactions."
OH,2021-04,month,-40,transactions_medical,204456,count,"Ohio Division of Cannabis Control, DCC Historical Sales Data (weekly cumulative XLSX)",https://dam.assets.ohio.gov/image/upload/com.ohio.gov/DCC/DCC%20Stats/DCC_Historical_Sales_Data.pdf,2026-09-25,"DERIVED by agent: sum of week-over-week differences in cumulative ""Total Receipts"" for the 4 weeks ending in this month (2021-04-03;2021-04-10;2021-04-17;2021-04-24). Receipts are transactions."
OH,2021-05,month,-39,transactions_medical,270446,count,"Ohio Division of Cannabis Control, DCC Historical Sales Data (weekly cumulative XLSX)",https://dam.assets.ohio.gov/image/upload/com.ohio.gov/DCC/DCC%20Stats/DCC_Historical_Sales_Data.pdf,2026-09-25,"DERIVED by agent: sum of week-over-week differences in cumulative ""Total Receipts"" for the 5 weeks ending in this month (2021-05-01;2021-05-08;2021-05-15;2021-05-22;2021-05-29). Receipts are transactions."
OH,2021-06,month,-38,transactions_medical,217447,count,"Ohio Division of Cannabis Control, DCC Historical Sales Data (weekly cumulative XLSX)",https://dam.assets.ohio.gov/image/upload/com.ohio.gov/DCC/DCC%20Stats/DCC_Historical_Sales_Data.pdf,2026-09-25,"DERIVED by agent: sum of week-over-week differences in cumulative ""Total Receipts"" for the 4 weeks ending in this month (2021-06-05;2021-06-12;2021-06-19;2021-06-26). Receipts are transactions."
OH,2021-07,month,-37,transactions_medical,278702,count,"Ohio Division of Cannabis Control, DCC Historical Sales Data (weekly cumulative XLSX)",https://dam.assets.ohio.gov/image/upload/com.ohio.gov/DCC/DCC%20Stats/DCC_Historical_Sales_Data.pdf,2026-09-25,"DERIVED by agent: sum of week-over-week differences in cumulative ""Total Receipts"" for the 5 weeks ending in this month (2021-07-03;2021-07-10;2021-07-17;2021-07-24;2021-07-31). Receipts are transactions."
OH,2021-08,month,-36,transactions_medical,232075,count,"Ohio Division of Cannabis Control, DCC Historical Sales Data (weekly cumulative XLSX)",https://dam.assets.ohio.gov/image/upload/com.ohio.gov/DCC/DCC%20Stats/DCC_Historical_Sales_Data.pdf,2026-09-25,"DERIVED by agent: sum of week-over-week differences in cumulative ""Total Receipts"" for the 4 weeks ending in this month (2021-08-07;2021-08-14;2021-08-21;2021-08-28). Receipts are transactions."
OH,2021-09,month,-35,transactions_medical,240693,count,"Ohio Division of Cannabis Control, DCC Historical Sales Data (weekly cumulative XLSX)",https://dam.assets.ohio.gov/image/upload/com.ohio.gov/DCC/DCC%20Stats/DCC_Historical_Sales_Data.pdf,2026-09-25,"DERIVED by agent: sum of week-over-week differences in cumulative ""Total Receipts"" for the 4 weeks ending in this month (2021-09-04;2021-09-11;2021-09-18;2021-09-25). Receipts are transactions."
OH,2021-10,month,-34,transactions_medical,307327,count,"Ohio Division of Cannabis Control, DCC Historical Sales Data (weekly cumulative XLSX)",https://dam.assets.ohio.gov/image/upload/com.ohio.gov/DCC/DCC%20Stats/DCC_Historical_Sales_Data.pdf,2026-09-25,"DERIVED by agent: sum of week-over-week differences in cumulative ""Total Receipts"" for the 5 weeks ending in this month (2021-10-02;2021-10-09;2021-10-16;2021-10-23;2021-10-30). Receipts are transactions."
OH,2021-11,month,-33,transactions_medical,248185,count,"Ohio Division of Cannabis Control, DCC Historical Sales Data (weekly cumulative XLSX)",https://dam.assets.ohio.gov/image/upload/com.ohio.gov/DCC/DCC%20Stats/DCC_Historical_Sales_Data.pdf,2026-09-25,"DERIVED by agent: sum of week-over-week differences in cumulative ""Total Receipts"" for the 4 weeks ending in this month (2021-11-06;2021-11-13;2021-11-20;2021-11-27). Receipts are transactions."
OH,2021-12,month,-32,transactions_medical,251511,count,"Ohio Division of Cannabis Control, DCC Historical Sales Data (weekly cumulative XLSX)",https://dam.assets.ohio.gov/image/upload/com.ohio.gov/DCC/DCC%20Stats/DCC_Historical_Sales_Data.pdf,2026-09-25,"DERIVED by agent: sum of week-over-week differences in cumulative ""Total Receipts"" for the 4 weeks ending in this month (2021-12-04;2021-12-11;2021-12-18;2021-12-25). Receipts are transactions."
OH,2022-01,month,-31,transactions_medical,314886,count,"Ohio Division of Cannabis Control, DCC Historical Sales Data (weekly cumulative XLSX)",https://dam.assets.ohio.gov/image/upload/com.ohio.gov/DCC/DCC%20Stats/DCC_Historical_Sales_Data.pdf,2026-09-25,"DERIVED by agent: sum of week-over-week differences in cumulative ""Total Receipts"" for the 5 weeks ending in this month (2022-01-01;2022-01-08;2022-01-15;2022-01-22;2022-01-29). Receipts are transactions."
OH,2022-02,month,-30,transactions_medical,272241,count,"Ohio Division of Cannabis Control, DCC Historical Sales Data (weekly cumulative XLSX)",https://dam.assets.ohio.gov/image/upload/com.ohio.gov/DCC/DCC%20Stats/DCC_Historical_Sales_Data.pdf,2026-09-25,"DERIVED by agent: sum of week-over-week differences in cumulative ""Total Receipts"" for the 4 weeks ending in this month (2022-02-05;2022-02-12;2022-02-19;2022-02-26). Receipts are transactions."
OH,2022-03,month,-29,transactions_medical,284326,count,"Ohio Division of Cannabis Control, DCC Historical Sales Data (weekly cumulative XLSX)",https://dam.assets.ohio.gov/image/upload/com.ohio.gov/DCC/DCC%20Stats/DCC_Historical_Sales_Data.pdf,2026-09-25,"DERIVED by agent: sum of week-over-week differences in cumulative ""Total Receipts"" for the 4 weeks ending in this month (2022-03-05;2022-03-12;2022-03-19;2022-03-26). Receipts are transactions."
OH,2022-04,month,-28,transactions_medical,362094,count,"Ohio Division of Cannabis Control, DCC Historical Sales Data (weekly cumulative XLSX)",https://dam.assets.ohio.gov/image/upload/com.ohio.gov/DCC/DCC%20Stats/DCC_Historical_Sales_Data.pdf,2026-09-25,"DERIVED by agent: sum of week-over-week differences in cumulative ""Total Receipts"" for the 5 weeks ending in this month (2022-04-02;2022-04-09;2022-04-16;2022-04-23;2022-04-30). Receipts are transactions."
OH,2022-05,month,-27,transactions_medical,286465,count,"Ohio Division of Cannabis Control, DCC Historical Sales Data (weekly cumulative XLSX)",https://dam.assets.ohio.gov/image/upload/com.ohio.gov/DCC/DCC%20Stats/DCC_Historical_Sales_Data.pdf,2026-09-25,"DERIVED by agent: sum of week-over-week differences in cumulative ""Total Receipts"" for the 4 weeks ending in this month (2022-05-07;2022-05-14;2022-05-21;2022-05-28). Receipts are transactions."
OH,2022-06,month,-26,transactions_medical,283758,count,"Ohio Division of Cannabis Control, DCC Historical Sales Data (weekly cumulative XLSX)",https://dam.assets.ohio.gov/image/upload/com.ohio.gov/DCC/DCC%20Stats/DCC_Historical_Sales_Data.pdf,2026-09-25,"DERIVED by agent: sum of week-over-week differences in cumulative ""Total Receipts"" for the 4 weeks ending in this month (2022-06-04;2022-06-11;2022-06-18;2022-06-25). Receipts are transactions."
OH,2022-07,month,-25,transactions_medical,364311,count,"Ohio Division of Cannabis Control, DCC Historical Sales Data (weekly cumulative XLSX)",https://dam.assets.ohio.gov/image/upload/com.ohio.gov/DCC/DCC%20Stats/DCC_Historical_Sales_Data.pdf,2026-09-25,"DERIVED by agent: sum of week-over-week differences in cumulative ""Total Receipts"" for the 5 weeks ending in this month (2022-07-02;2022-07-09;2022-07-16;2022-07-23;2022-07-30). Receipts are transactions."
OH,2022-08,month,-24,transactions_medical,297167,count,"Ohio Division of Cannabis Control, DCC Historical Sales Data (weekly cumulative XLSX)",https://dam.assets.ohio.gov/image/upload/com.ohio.gov/DCC/DCC%20Stats/DCC_Historical_Sales_Data.pdf,2026-09-25,"DERIVED by agent: sum of week-over-week differences in cumulative ""Total Receipts"" for the 4 weeks ending in this month (2022-08-06;2022-08-13;2022-08-20;2022-08-27). Receipts are transactions."
OH,2022-09,month,-23,transactions_medical,298809,count,"Ohio Division of Cannabis Control, DCC Historical Sales Data (weekly cumulative XLSX)",https://dam.assets.ohio.gov/image/upload/com.ohio.gov/DCC/DCC%20Stats/DCC_Historical_Sales_Data.pdf,2026-09-25,"DERIVED by agent: sum of week-over-week differences in cumulative ""Total Receipts"" for the 4 weeks ending in this month (2022-09-03;2022-09-10;2022-09-17;2022-09-24). Receipts are transactions."
OH,2022-10,month,-22,transactions_medical,376138,count,"Ohio Division of Cannabis Control, DCC Historical Sales Data (weekly cumulative XLSX)",https://dam.assets.ohio.gov/image/upload/com.ohio.gov/DCC/DCC%20Stats/DCC_Historical_Sales_Data.pdf,2026-09-25,"DERIVED by agent: sum of week-over-week differences in cumulative ""Total Receipts"" for the 5 weeks ending in this month (2022-10-01;2022-10-08;2022-10-15;2022-10-22;2022-10-29). Receipts are transactions."
OH,2022-11,month,-21,transactions_medical,304752,count,"Ohio Division of Cannabis Control, DCC Historical Sales Data (weekly cumulative XLSX)",https://dam.assets.ohio.gov/image/upload/com.ohio.gov/DCC/DCC%20Stats/DCC_Historical_Sales_Data.pdf,2026-09-25,"DERIVED by agent: sum of week-over-week differences in cumulative ""Total Receipts"" for the 4 weeks ending in this month (2022-11-05;2022-11-12;2022-11-19;2022-11-26). Receipts are transactions."
OH,2022-12,month,-20,transactions_medical,381840,count,"Ohio Division of Cannabis Control, DCC Historical Sales Data (weekly cumulative XLSX)",https://dam.assets.ohio.gov/image/upload/com.ohio.gov/DCC/DCC%20Stats/DCC_Historical_Sales_Data.pdf,2026-09-25,"DERIVED by agent: sum of week-over-week differences in cumulative ""Total Receipts"" for the 5 weeks ending in this month (2022-12-03;2022-12-10;2022-12-17;2022-12-24;2022-12-31). Receipts are transactions."
OH,2023-01,month,-19,transactions_medical,303231,count,"Ohio Division of Cannabis Control, DCC Historical Sales Data (weekly cumulative XLSX)",https://dam.assets.ohio.gov/image/upload/com.ohio.gov/DCC/DCC%20Stats/DCC_Historical_Sales_Data.pdf,2026-09-25,"DERIVED by agent: sum of week-over-week differences in cumulative ""Total Receipts"" for the 4 weeks ending in this month (2023-01-07;2023-01-14;2023-01-21;2023-01-28). Receipts are transactions."
OH,2023-02,month,-18,transactions_medical,322141,count,"Ohio Division of Cannabis Control, DCC Historical Sales Data (weekly cumulative XLSX)",https://dam.assets.ohio.gov/image/upload/com.ohio.gov/DCC/DCC%20Stats/DCC_Historical_Sales_Data.pdf,2026-09-25,"DERIVED by agent: sum of week-over-week differences in cumulative ""Total Receipts"" for the 4 weeks ending in this month (2023-02-04;2023-02-11;2023-02-18;2023-02-25). Receipts are transactions."
OH,2023-03,month,-17,transactions_medical,327045,count,"Ohio Division of Cannabis Control, DCC Historical Sales Data (weekly cumulative XLSX)",https://dam.assets.ohio.gov/image/upload/com.ohio.gov/DCC/DCC%20Stats/DCC_Historical_Sales_Data.pdf,2026-09-25,"DERIVED by agent: sum of week-over-week differences in cumulative ""Total Receipts"" for the 4 weeks ending in this month (2023-03-04;2023-03-11;2023-03-18;2023-03-25). Receipts are transactions."
OH,2023-04,month,-16,transactions_medical,413050,count,"Ohio Division of Cannabis Control, DCC Historical Sales Data (weekly cumulative XLSX)",https://dam.assets.ohio.gov/image/upload/com.ohio.gov/DCC/DCC%20Stats/DCC_Historical_Sales_Data.pdf,2026-09-25,"DERIVED by agent: sum of week-over-week differences in cumulative ""Total Receipts"" for the 5 weeks ending in this month (2023-04-01;2023-04-08;2023-04-15;2023-04-22;2023-04-29). Receipts are transactions."
OH,2023-05,month,-15,transactions_medical,337572,count,"Ohio Division of Cannabis Control, DCC Historical Sales Data (weekly cumulative XLSX)",https://dam.assets.ohio.gov/image/upload/com.ohio.gov/DCC/DCC%20Stats/DCC_Historical_Sales_Data.pdf,2026-09-25,"DERIVED by agent: sum of week-over-week differences in cumulative ""Total Receipts"" for the 4 weeks ending in this month (2023-05-06;2023-05-13;2023-05-20;2023-05-27). Receipts are transactions."
OH,2023-06,month,-14,transactions_medical,342717,count,"Ohio Division of Cannabis Control, DCC Historical Sales Data (weekly cumulative XLSX)",https://dam.assets.ohio.gov/image/upload/com.ohio.gov/DCC/DCC%20Stats/DCC_Historical_Sales_Data.pdf,2026-09-25,"DERIVED by agent: sum of week-over-week differences in cumulative ""Total Receipts"" for the 4 weeks ending in this month (2023-06-03;2023-06-10;2023-06-17;2023-06-24). Receipts are transactions."
OH,2023-07,month,-13,transactions_medical,446873,count,"Ohio Division of Cannabis Control, DCC Historical Sales Data (weekly cumulative XLSX)",https://dam.assets.ohio.gov/image/upload/com.ohio.gov/DCC/DCC%20Stats/DCC_Historical_Sales_Data.pdf,2026-09-25,"DERIVED by agent: sum of week-over-week differences in cumulative ""Total Receipts"" for the 5 weeks ending in this month (2023-07-01;2023-07-08;2023-07-15;2023-07-22;2023-07-29). Receipts are transactions."
OH,2023-08,month,-12,transactions_medical,363971,count,"Ohio Division of Cannabis Control, DCC Historical Sales Data (weekly cumulative XLSX)",https://dam.assets.ohio.gov/image/upload/com.ohio.gov/DCC/DCC%20Stats/DCC_Historical_Sales_Data.pdf,2026-09-25,"DERIVED by agent: sum of week-over-week differences in cumulative ""Total Receipts"" for the 4 weeks ending in this month (2023-08-05;2023-08-12;2023-08-19;2023-08-26). Receipts are transactions."
OH,2023-09,month,-11,transactions_medical,468634,count,"Ohio Division of Cannabis Control, DCC Historical Sales Data (weekly cumulative XLSX)",https://dam.assets.ohio.gov/image/upload/com.ohio.gov/DCC/DCC%20Stats/DCC_Historical_Sales_Data.pdf,2026-09-25,"DERIVED by agent: sum of week-over-week differences in cumulative ""Total Receipts"" for the 5 weeks ending in this month (2023-09-02;2023-09-09;2023-09-16;2023-09-23;2023-09-30). Receipts are transactions."
OH,2023-10,month,-10,transactions_medical,375879,count,"Ohio Division of Cannabis Control, DCC Historical Sales Data (weekly cumulative XLSX)",https://dam.assets.ohio.gov/image/upload/com.ohio.gov/DCC/DCC%20Stats/DCC_Historical_Sales_Data.pdf,2026-09-25,"DERIVED by agent: sum of week-over-week differences in cumulative ""Total Receipts"" for the 4 weeks ending in this month (2023-10-07;2023-10-14;2023-10-21;2023-10-28). Receipts are transactions."
OH,2023-11,month,-9,transactions_medical,390551,count,"Ohio Division of Cannabis Control, DCC Historical Sales Data (weekly cumulative XLSX)",https://dam.assets.ohio.gov/image/upload/com.ohio.gov/DCC/DCC%20Stats/DCC_Historical_Sales_Data.pdf,2026-09-25,"DERIVED by agent: sum of week-over-week differences in cumulative ""Total Receipts"" for the 4 weeks ending in this month (2023-11-04;2023-11-11;2023-11-18;2023-11-25). Receipts are transactions."
OH,2023-12,month,-8,transactions_medical,491041,count,"Ohio Division of Cannabis Control, DCC Historical Sales Data (weekly cumulative XLSX)",https://dam.assets.ohio.gov/image/upload/com.ohio.gov/DCC/DCC%20Stats/DCC_Historical_Sales_Data.pdf,2026-09-25,"DERIVED by agent: sum of week-over-week differences in cumulative ""Total Receipts"" for the 5 weeks ending in this month (2023-12-02;2023-12-09;2023-12-16;2023-12-23;2023-12-30). Receipts are transactions."
OH,2024-01,month,-7,transactions_medical,375323,count,"Ohio Division of Cannabis Control, DCC Historical Sales Data (weekly cumulative XLSX)",https://dam.assets.ohio.gov/image/upload/com.ohio.gov/DCC/DCC%20Stats/DCC_Historical_Sales_Data.pdf,2026-09-25,"DERIVED by agent: sum of week-over-week differences in cumulative ""Total Receipts"" for the 4 weeks ending in this month (2024-01-06;2024-01-13;2024-01-20;2024-01-27). Receipts are transactions."
OH,2024-02,month,-6,transactions_medical,390173,count,"Ohio Division of Cannabis Control, DCC Historical Sales Data (weekly cumulative XLSX)",https://dam.assets.ohio.gov/image/upload/com.ohio.gov/DCC/DCC%20Stats/DCC_Historical_Sales_Data.pdf,2026-09-25,"DERIVED by agent: sum of week-over-week differences in cumulative ""Total Receipts"" for the 4 weeks ending in this month (2024-02-03;2024-02-10;2024-02-17;2024-02-24). Receipts are transactions."
OH,2024-03,month,-5,transactions_medical,482172,count,"Ohio Division of Cannabis Control, DCC Historical Sales Data (weekly cumulative XLSX)",https://dam.assets.ohio.gov/image/upload/com.ohio.gov/DCC/DCC%20Stats/DCC_Historical_Sales_Data.pdf,2026-09-25,"DERIVED by agent: sum of week-over-week differences in cumulative ""Total Receipts"" for the 5 weeks ending in this month (2024-03-02;2024-03-09;2024-03-16;2024-03-23;2024-03-30). Receipts are transactions."
OH,2024-04,month,-4,transactions_medical,383092,count,"Ohio Division of Cannabis Control, DCC Historical Sales Data (weekly cumulative XLSX)",https://dam.assets.ohio.gov/image/upload/com.ohio.gov/DCC/DCC%20Stats/DCC_Historical_Sales_Data.pdf,2026-09-25,"DERIVED by agent: sum of week-over-week differences in cumulative ""Total Receipts"" for the 4 weeks ending in this month (2024-04-06;2024-04-13;2024-04-20;2024-04-27). Receipts are transactions."
OH,2024-05,month,-3,transactions_medical,380118,count,"Ohio Division of Cannabis Control, DCC Historical Sales Data (weekly cumulative XLSX)",https://dam.assets.ohio.gov/image/upload/com.ohio.gov/DCC/DCC%20Stats/DCC_Historical_Sales_Data.pdf,2026-09-25,"DERIVED by agent: sum of week-over-week differences in cumulative ""Total Receipts"" for the 4 weeks ending in this month (2024-05-04;2024-05-11;2024-05-18;2024-05-25). Receipts are transactions."
OH,2024-06,month,-2,transactions_medical,468881,count,"Ohio Division of Cannabis Control, DCC Historical Sales Data (weekly cumulative XLSX)",https://dam.assets.ohio.gov/image/upload/com.ohio.gov/DCC/DCC%20Stats/DCC_Historical_Sales_Data.pdf,2026-09-25,"DERIVED by agent: sum of week-over-week differences in cumulative ""Total Receipts"" for the 5 weeks ending in this month (2024-06-01;2024-06-08;2024-06-15;2024-06-22;2024-06-29). Receipts are transactions."
OH,2024-07,month,-1,transactions_medical,368006,count,"Ohio Division of Cannabis Control, DCC Historical Sales Data (weekly cumulative XLSX)",https://dam.assets.ohio.gov/image/upload/com.ohio.gov/DCC/DCC%20Stats/DCC_Historical_Sales_Data.pdf,2026-09-25,"DERIVED by agent: sum of week-over-week differences in cumulative ""Total Receipts"" for the 4 weeks ending in this month (2024-07-06;2024-07-13;2024-07-20;2024-07-27). Receipts are transactions."
OH,2024-08,month,0,transactions_medical,417752,count,"Ohio Division of Cannabis Control, DCC Historical Sales Data (weekly cumulative XLSX)",https://dam.assets.ohio.gov/image/upload/com.ohio.gov/DCC/DCC%20Stats/DCC_Historical_Sales_Data.pdf,2026-09-25,"DERIVED by agent: sum of week-over-week differences in cumulative ""Total Receipts"" for the 5 weeks ending in this month (2024-08-03;2024-08-10;2024-08-17;2024-08-24;2024-08-31). Receipts are transactions."
OH,2024-09,month,1,transactions_medical,304519,count,"Ohio Division of Cannabis Control, DCC Historical Sales Data (weekly cumulative XLSX)",https://dam.assets.ohio.gov/image/upload/com.ohio.gov/DCC/DCC%20Stats/DCC_Historical_Sales_Data.pdf,2026-09-25,"DERIVED by agent: sum of week-over-week differences in cumulative ""Total Receipts"" for the 4 weeks ending in this month (2024-09-07;2024-09-14;2024-09-21;2024-09-28). Receipts are transactions."
OH,2024-10,month,2,transactions_medical,288009,count,"Ohio Division of Cannabis Control, DCC Historical Sales Data (weekly cumulative XLSX)",https://dam.assets.ohio.gov/image/upload/com.ohio.gov/DCC/DCC%20Stats/DCC_Historical_Sales_Data.pdf,2026-09-25,"DERIVED by agent: sum of week-over-week differences in cumulative ""Total Receipts"" for the 4 weeks ending in this month (2024-10-05;2024-10-12;2024-10-19;2024-10-26). Receipts are transactions."
OH,2024-11,month,3,transactions_medical,346964,count,"Ohio Division of Cannabis Control, DCC Historical Sales Data (weekly cumulative XLSX)",https://dam.assets.ohio.gov/image/upload/com.ohio.gov/DCC/DCC%20Stats/DCC_Historical_Sales_Data.pdf,2026-09-25,"DERIVED by agent: sum of week-over-week differences in cumulative ""Total Receipts"" for the 5 weeks ending in this month (2024-11-02;2024-11-09;2024-11-16;2024-11-23;2024-11-30). Receipts are transactions."
OH,2024-12,month,4,transactions_medical,261588,count,"Ohio Division of Cannabis Control, DCC Historical Sales Data (weekly cumulative XLSX)",https://dam.assets.ohio.gov/image/upload/com.ohio.gov/DCC/DCC%20Stats/DCC_Historical_Sales_Data.pdf,2026-09-25,"DERIVED by agent: sum of week-over-week differences in cumulative ""Total Receipts"" for the 4 weeks ending in this month (2024-12-07;2024-12-14;2024-12-21;2024-12-28). Receipts are transactions."
OH,2025-01,month,5,transactions_medical,248271,count,"Ohio Division of Cannabis Control, DCC Historical Sales Data (weekly cumulative XLSX)",https://dam.assets.ohio.gov/image/upload/com.ohio.gov/DCC/DCC%20Stats/DCC_Historical_Sales_Data.pdf,2026-09-25,"DERIVED by agent: sum of week-over-week differences in cumulative ""Total Receipts"" for the 4 weeks ending in this month (2025-01-04;2025-01-11;2025-01-18;2025-01-25). Receipts are transactions."
OH,2025-02,month,6,transactions_medical,241559,count,"Ohio Division of Cannabis Control, DCC Historical Sales Data (weekly cumulative XLSX)",https://dam.assets.ohio.gov/image/upload/com.ohio.gov/DCC/DCC%20Stats/DCC_Historical_Sales_Data.pdf,2026-09-25,"DERIVED by agent: sum of week-over-week differences in cumulative ""Total Receipts"" for the 4 weeks ending in this month (2025-02-01;2025-02-08;2025-02-15;2025-02-22). Receipts are transactions."
OH,2025-03,month,7,transactions_medical,289602,count,"Ohio Division of Cannabis Control, DCC Historical Sales Data (weekly cumulative XLSX)",https://dam.assets.ohio.gov/image/upload/com.ohio.gov/DCC/DCC%20Stats/DCC_Historical_Sales_Data.pdf,2026-09-25,"DERIVED by agent: sum of week-over-week differences in cumulative ""Total Receipts"" for the 5 weeks ending in this month (2025-03-01;2025-03-08;2025-03-15;2025-03-22;2025-03-29). Receipts are transactions."
OH,2025-04,month,8,transactions_medical,223239,count,"Ohio Division of Cannabis Control, DCC Historical Sales Data (weekly cumulative XLSX)",https://dam.assets.ohio.gov/image/upload/com.ohio.gov/DCC/DCC%20Stats/DCC_Historical_Sales_Data.pdf,2026-09-25,"DERIVED by agent: sum of week-over-week differences in cumulative ""Total Receipts"" for the 4 weeks ending in this month (2025-04-05;2025-04-12;2025-04-19;2025-04-26). Receipts are transactions."
OH,2025-05,month,9,transactions_medical,260164,count,"Ohio Division of Cannabis Control, DCC Historical Sales Data (weekly cumulative XLSX)",https://dam.assets.ohio.gov/image/upload/com.ohio.gov/DCC/DCC%20Stats/DCC_Historical_Sales_Data.pdf,2026-09-25,"DERIVED by agent: sum of week-over-week differences in cumulative ""Total Receipts"" for the 5 weeks ending in this month (2025-05-03;2025-05-10;2025-05-17;2025-05-24;2025-05-31). Receipts are transactions."
OH,2025-06,month,10,transactions_medical,198412,count,"Ohio Division of Cannabis Control, DCC Historical Sales Data (weekly cumulative XLSX)",https://dam.assets.ohio.gov/image/upload/com.ohio.gov/DCC/DCC%20Stats/DCC_Historical_Sales_Data.pdf,2026-09-25,"DERIVED by agent: sum of week-over-week differences in cumulative ""Total Receipts"" for the 4 weeks ending in this month (2025-06-07;2025-06-14;2025-06-21;2025-06-28). Receipts are transactions."
OH,2025-07,month,11,transactions_medical,188954,count,"Ohio Division of Cannabis Control, DCC Historical Sales Data (weekly cumulative XLSX)",https://dam.assets.ohio.gov/image/upload/com.ohio.gov/DCC/DCC%20Stats/DCC_Historical_Sales_Data.pdf,2026-09-25,"DERIVED by agent: sum of week-over-week differences in cumulative ""Total Receipts"" for the 4 weeks ending in this month (2025-07-05;2025-07-12;2025-07-19;2025-07-26). Receipts are transactions."
OH,2025-08,month,12,transactions_medical,227855,count,"Ohio Division of Cannabis Control, DCC Historical Sales Data (weekly cumulative XLSX)",https://dam.assets.ohio.gov/image/upload/com.ohio.gov/DCC/DCC%20Stats/DCC_Historical_Sales_Data.pdf,2026-09-25,"DERIVED by agent: sum of week-over-week differences in cumulative ""Total Receipts"" for the 5 weeks ending in this month (2025-08-02;2025-08-09;2025-08-16;2025-08-23;2025-08-30). Receipts are transactions."
OH,2025-09,month,13,transactions_medical,175494,count,"Ohio Division of Cannabis Control, DCC Historical Sales Data (weekly cumulative XLSX)",https://dam.assets.ohio.gov/image/upload/com.ohio.gov/DCC/DCC%20Stats/DCC_Historical_Sales_Data.pdf,2026-09-25,"DERIVED by agent: sum of week-over-week differences in cumulative ""Total Receipts"" for the 4 weeks ending in this month (2025-09-06;2025-09-13;2025-09-20;2025-09-27). Receipts are transactions."
OH,2025-10,month,14,transactions_medical,173275,count,"Ohio Division of Cannabis Control, DCC Historical Sales Data (weekly cumulative XLSX)",https://dam.assets.ohio.gov/image/upload/com.ohio.gov/DCC/DCC%20Stats/DCC_Historical_Sales_Data.pdf,2026-09-25,"DERIVED by agent: sum of week-over-week differences in cumulative ""Total Receipts"" for the 4 weeks ending in this month (2025-10-04;2025-10-11;2025-10-18;2025-10-25). Receipts are transactions."
OH,2025-11,month,15,transactions_medical,213809,count,"Ohio Division of Cannabis Control, DCC Historical Sales Data (weekly cumulative XLSX)",https://dam.assets.ohio.gov/image/upload/com.ohio.gov/DCC/DCC%20Stats/DCC_Historical_Sales_Data.pdf,2026-09-25,"DERIVED by agent: sum of week-over-week differences in cumulative ""Total Receipts"" for the 5 weeks ending in this month (2025-11-01;2025-11-08;2025-11-15;2025-11-22;2025-11-29). Receipts are transactions."
OH,2025-12,month,16,transactions_medical,164397,count,"Ohio Division of Cannabis Control, DCC Historical Sales Data (weekly cumulative XLSX)",https://dam.assets.ohio.gov/image/upload/com.ohio.gov/DCC/DCC%20Stats/DCC_Historical_Sales_Data.pdf,2026-09-25,"DERIVED by agent: sum of week-over-week differences in cumulative ""Total Receipts"" for the 4 weeks ending in this month (2025-12-06;2025-12-13;2025-12-20;2025-12-27). Receipts are transactions."
OH,2026-01,month,17,transactions_medical,203544,count,"Ohio Division of Cannabis Control, DCC Historical Sales Data (weekly cumulative XLSX)",https://dam.assets.ohio.gov/image/upload/com.ohio.gov/DCC/DCC%20Stats/DCC_Historical_Sales_Data.pdf,2026-09-25,"DERIVED by agent: sum of week-over-week differences in cumulative ""Total Receipts"" for the 5 weeks ending in this month (2026-01-03;2026-01-10;2026-01-17;2026-01-24;2026-01-31). Receipts are transactions."
OH,2026-02,month,18,transactions_medical,160208,count,"Ohio Division of Cannabis Control, DCC Historical Sales Data (weekly cumulative XLSX)",https://dam.assets.ohio.gov/image/upload/com.ohio.gov/DCC/DCC%20Stats/DCC_Historical_Sales_Data.pdf,2026-09-25,"DERIVED by agent: sum of week-over-week differences in cumulative ""Total Receipts"" for the 4 weeks ending in this month (2026-02-07;2026-02-14;2026-02-21;2026-02-28). Receipts are transactions."
OH,2026-03,month,19,transactions_medical,155463,count,"Ohio Division of Cannabis Control, DCC Historical Sales Data (weekly cumulative XLSX)",https://dam.assets.ohio.gov/image/upload/com.ohio.gov/DCC/DCC%20Stats/DCC_Historical_Sales_Data.pdf,2026-09-25,"DERIVED by agent: sum of week-over-week differences in cumulative ""Total Receipts"" for the 4 weeks ending in this month (2026-03-07;2026-03-14;2026-03-21;2026-03-28). Receipts are transactions."
OH,2026-04,month,20,transactions_medical,172022,count,"Ohio Division of Cannabis Control, DCC Historical Sales Data (weekly cumulative XLSX)",https://dam.assets.ohio.gov/image/upload/com.ohio.gov/DCC/DCC%20Stats/DCC_Historical_Sales_Data.pdf,2026-09-25,"DERIVED by agent: sum of week-over-week differences in cumulative ""Total Receipts"" for the 4 weeks ending in this month (2026-04-04;2026-04-11;2026-04-18;2026-04-25). Receipts are transactions."
OH,2026-05,month,21,transactions_medical,211014,count,"Ohio Division of Cannabis Control, DCC Historical Sales Data (weekly cumulative XLSX)",https://dam.assets.ohio.gov/image/upload/com.ohio.gov/DCC/DCC%20Stats/DCC_Historical_Sales_Data.pdf,2026-09-25,"DERIVED by agent: sum of week-over-week differences in cumulative ""Total Receipts"" for the 5 weeks ending in this month (2026-05-02;2026-05-09;2026-05-16;2026-05-23;2026-05-30). Receipts are transactions."
OH,2026-06,month,22,transactions_medical,166652,count,"Ohio Division of Cannabis Control, DCC Historical Sales Data (weekly cumulative XLSX)",https://dam.assets.ohio.gov/image/upload/com.ohio.gov/DCC/DCC%20Stats/DCC_Historical_Sales_Data.pdf,2026-09-25,"DERIVED by agent: sum of week-over-week differences in cumulative ""Total Receipts"" for the 4 weeks ending in this month (2026-06-06;2026-06-13;2026-06-20;2026-06-27). Receipts are transactions."
OH,2026-07,month,23,transactions_medical,164059,count,"Ohio Division of Cannabis Control, DCC Historical Sales Data (weekly cumulative XLSX)",https://dam.assets.ohio.gov/image/upload/com.ohio.gov/DCC/DCC%20Stats/DCC_Historical_Sales_Data.pdf,2026-09-25,"DERIVED by agent: sum of week-over-week differences in cumulative ""Total Receipts"" for the 4 weeks ending in this month (2026-07-04;2026-07-11;2026-07-18;2026-07-25). Receipts are transactions."
OH,2026-08,month,24,transactions_medical,200996,count,"Ohio Division of Cannabis Control, DCC Historical Sales Data (weekly cumulative XLSX)",https://dam.assets.ohio.gov/image/upload/com.ohio.gov/DCC/DCC%20Stats/DCC_Historical_Sales_Data.pdf,2026-09-25,"DERIVED by agent: sum of week-over-week differences in cumulative ""Total Receipts"" for the 5 weeks ending in this month (2026-08-01;2026-08-08;2026-08-15;2026-08-22;2026-08-29). Receipts are transactions."
