state,period,period_type,months_since_launch,variable,value,unit,source_name,source_url,access_date,notes
MA,2025-12,month,85,licensed_canopy_sqft,4570000,sqft,"Massachusetts Cannabis Control Commission, press release 2026-01-08 (2025 sales)",https://masscannabiscontrol.com/2026/01/massachusetts-adult-use-cannabis-sales-generated-1-65-billion-in-2025/,2026-09-25,"Press release text: ""As of December 2025, active Marijuana Cultivators and Microbusinesses had the capacity to grow up to 4.57 million square feet of cannabis canopy"" (licensed maximum canopy, rounded by CCC; adult-use licensees)."
MA,2026-04,month,89,licensed_canopy_sqft,3200000,sqft,"State House News Service via Newburyport Daily News, 2026-04",https://www.newburyportnews.com/news/regional_news/ccc-imposes-cultivation-license-freeze-amid-market-glut/article_abf9fc97-b124-49fc-b136-28bc9e9b8667.html,2026-09-25,"Trade press: maximum canopy ""more than 3.2 million square feet"" across 146 cultivator and microbusiness licenses issued (lower bound). Conflicts with the CCC figure of 4.57 million sq ft capacity for active cultivators and microbusinesses as of December 2025; sources do not reconcile the definitions."
MA,2024-04-30,snapshot,65,licensed_cultivators,127,count,"Massachusetts Cannabis Control Commission, Review and Assessment of the Massachusetts Adult- and Medical-Use Cannabis Industries (February 2025)",https://masscannabiscontrol.com/wp-content/uploads/2025/02/Review-and-Assessment-of-the-Massachusetts-Adult-and-Medical-Use-Cannabis-Industries.pdf,2026-09-25,"Table IV.3, licensees by type that had commenced operations, Marijuana Cultivators 127 of 650 operating establishments, as of 2024-04-30. Sum of all types checks to 650."
MA,2026-02,month,87,licensed_cultivators,132,count,"MJBizDaily, 2026-02-13",https://mjbizdaily.com/news/massachusetts-considers-cannabis-cultivation-permit-freeze/614482/,2026-09-25,"Trade press: ""132 active marijuana cultivators"", with 158 expired licenses and 25 approved licenses not yet operational, as of the CCC meeting of 2026-02-12."
MA,2024-04-30,snapshot,65,licensed_microbusinesses,12,count,"Massachusetts Cannabis Control Commission, Review and Assessment of the Massachusetts Adult- and Medical-Use Cannabis Industries (February 2025)",https://masscannabiscontrol.com/wp-content/uploads/2025/02/Review-and-Assessment-of-the-Massachusetts-Adult-and-Medical-Use-Cannabis-Industries.pdf,2026-09-25,"Table IV.3, Marijuana Microbusinesses that had commenced operations: 12 of 650, as of 2024-04-30."
MA,2024-04-30,snapshot,65,licensed_processors,110,count,"Massachusetts Cannabis Control Commission, Review and Assessment of the Massachusetts Adult- and Medical-Use Cannabis Industries (February 2025)",https://masscannabiscontrol.com/wp-content/uploads/2025/02/Review-and-Assessment-of-the-Massachusetts-Adult-and-Medical-Use-Cannabis-Industries.pdf,2026-09-25,"Table IV.3, Marijuana Product Manufacturers that had commenced operations: 110, as of 2024-04-30."
MA,2024-04-30,snapshot,65,licensed_retail_sites,356,count,"Massachusetts Cannabis Control Commission, Review and Assessment of the Massachusetts Adult- and Medical-Use Cannabis Industries (February 2025)",https://masscannabiscontrol.com/wp-content/uploads/2025/02/Review-and-Assessment-of-the-Massachusetts-Adult-and-Medical-Use-Cannabis-Industries.pdf,2026-09-25,"Table IV.3, Marijuana Retailers that had commenced operations: 356 of 650 operating establishments, as of 2024-04-30."
MA,2024-11,month,72,licensed_retail_sites,406,count,"Massachusetts Cannabis Control Commission, press release 2026-01-08 (2025 sales)",https://masscannabiscontrol.com/2026/01/massachusetts-adult-use-cannabis-sales-generated-1-65-billion-in-2025/,2026-09-25,"Same release: 406 Marijuana Retailers, Delivery Operators, and Microbusinesses with delivery endorsements with notices to commence operations ""at the same point in 2024"" (November 2024)."
MA,2025-11,month,84,licensed_retail_sites,416,count,"Massachusetts Cannabis Control Commission, press release 2026-01-08 (2025 sales)",https://masscannabiscontrol.com/2026/01/massachusetts-adult-use-cannabis-sales-generated-1-65-billion-in-2025/,2026-09-25,"Press release text: ""As of November 2025, 416 Marijuana Retailers, Delivery Operators, and Microbusinesses with delivery endorsements...had been granted notices to commence operations"". Includes delivery operators and microbusinesses with delivery endorsements, so it exceeds storefront retailer count."
MA,2018-11,month,0,plants_flowering_adult_use,7134,plants,"Massachusetts Cannabis Control Commission Open Data, Marijuana Establishment Adult-use and MMEs Plant Activity and Volume (a_sales_au_activityvolume; CCCLastUpdated 2026-09-08)",https://masscannabiscontrol.com/resource/a_sales_au_activityvolume.csv,2026-09-24,"CCC field PLANTFLOWERINGCOUNT, facility type Marijuana Cultivator (no Microbusiness row this month). CCC publishes no definition of these fields. Values are not end-of-month plant inventories: PLANTHARVESTEDCOUNT runs about 25 times PLANTFLOWERINGCOUNT and all fields dip in February and in 2020-04, so they behave as monthly aggregates of daily Metrc activity records. Use as a relative index of cultivation activity, not as a plant stock. The CCC February 2025 industry report gives the same Jan-Apr 2024 shares (harvested 72 pct, destroyed 21 pct, flowering 4 pct, vegetative 2 pct) but a monthly average of 28,797 plants, a different scale from these fields. Header verified by agent 2026-09-25; data rows fetched 2026-09-24. INDUSTRY field is Adult-use for every row; Craft Marijuana Cooperative and non-cultivation facility types report 0 plants."
MA,2018-12,month,1,plants_flowering_adult_use,80850,plants,"Massachusetts Cannabis Control Commission Open Data, Marijuana Establishment Adult-use and MMEs Plant Activity and Volume (a_sales_au_activityvolume; CCCLastUpdated 2026-09-08)",https://masscannabiscontrol.com/resource/a_sales_au_activityvolume.csv,2026-09-24,"CCC field PLANTFLOWERINGCOUNT, facility type Marijuana Cultivator (no Microbusiness row this month). CCC publishes no definition of these fields. Values are not end-of-month plant inventories: PLANTHARVESTEDCOUNT runs about 25 times PLANTFLOWERINGCOUNT and all fields dip in February and in 2020-04, so they behave as monthly aggregates of daily Metrc activity records. Use as a relative index of cultivation activity, not as a plant stock. The CCC February 2025 industry report gives the same Jan-Apr 2024 shares (harvested 72 pct, destroyed 21 pct, flowering 4 pct, vegetative 2 pct) but a monthly average of 28,797 plants, a different scale from these fields. Header verified by agent 2026-09-25; data rows fetched 2026-09-24. INDUSTRY field is Adult-use for every row; Craft Marijuana Cooperative and non-cultivation facility types report 0 plants."
MA,2019-01,month,2,plants_flowering_adult_use,183677,plants,"Massachusetts Cannabis Control Commission Open Data, Marijuana Establishment Adult-use and MMEs Plant Activity and Volume (a_sales_au_activityvolume; CCCLastUpdated 2026-09-08)",https://masscannabiscontrol.com/resource/a_sales_au_activityvolume.csv,2026-09-24,"CCC field PLANTFLOWERINGCOUNT, facility type Marijuana Cultivator (no Microbusiness row this month). CCC publishes no definition of these fields. Values are not end-of-month plant inventories: PLANTHARVESTEDCOUNT runs about 25 times PLANTFLOWERINGCOUNT and all fields dip in February and in 2020-04, so they behave as monthly aggregates of daily Metrc activity records. Use as a relative index of cultivation activity, not as a plant stock. The CCC February 2025 industry report gives the same Jan-Apr 2024 shares (harvested 72 pct, destroyed 21 pct, flowering 4 pct, vegetative 2 pct) but a monthly average of 28,797 plants, a different scale from these fields. Header verified by agent 2026-09-25; data rows fetched 2026-09-24. INDUSTRY field is Adult-use for every row; Craft Marijuana Cooperative and non-cultivation facility types report 0 plants."
MA,2019-02,month,3,plants_flowering_adult_use,159771,plants,"Massachusetts Cannabis Control Commission Open Data, Marijuana Establishment Adult-use and MMEs Plant Activity and Volume (a_sales_au_activityvolume; CCCLastUpdated 2026-09-08)",https://masscannabiscontrol.com/resource/a_sales_au_activityvolume.csv,2026-09-24,"CCC field PLANTFLOWERINGCOUNT, facility type Marijuana Cultivator (no Microbusiness row this month). CCC publishes no definition of these fields. Values are not end-of-month plant inventories: PLANTHARVESTEDCOUNT runs about 25 times PLANTFLOWERINGCOUNT and all fields dip in February and in 2020-04, so they behave as monthly aggregates of daily Metrc activity records. Use as a relative index of cultivation activity, not as a plant stock. The CCC February 2025 industry report gives the same Jan-Apr 2024 shares (harvested 72 pct, destroyed 21 pct, flowering 4 pct, vegetative 2 pct) but a monthly average of 28,797 plants, a different scale from these fields. Header verified by agent 2026-09-25; data rows fetched 2026-09-24. INDUSTRY field is Adult-use for every row; Craft Marijuana Cooperative and non-cultivation facility types report 0 plants."
MA,2019-03,month,4,plants_flowering_adult_use,398885,plants,"Massachusetts Cannabis Control Commission Open Data, Marijuana Establishment Adult-use and MMEs Plant Activity and Volume (a_sales_au_activityvolume; CCCLastUpdated 2026-09-08)",https://masscannabiscontrol.com/resource/a_sales_au_activityvolume.csv,2026-09-24,"DERIVED by agent: sum of CCC field PLANTFLOWERINGCOUNT for facility types Marijuana Cultivator (398885) and Marijuana Microbusiness (0). CCC publishes no definition of these fields. Values are not end-of-month plant inventories: PLANTHARVESTEDCOUNT runs about 25 times PLANTFLOWERINGCOUNT and all fields dip in February and in 2020-04, so they behave as monthly aggregates of daily Metrc activity records. Use as a relative index of cultivation activity, not as a plant stock. The CCC February 2025 industry report gives the same Jan-Apr 2024 shares (harvested 72 pct, destroyed 21 pct, flowering 4 pct, vegetative 2 pct) but a monthly average of 28,797 plants, a different scale from these fields. Header verified by agent 2026-09-25; data rows fetched 2026-09-24. INDUSTRY field is Adult-use for every row; Craft Marijuana Cooperative and non-cultivation facility types report 0 plants."
MA,2019-04,month,5,plants_flowering_adult_use,562963,plants,"Massachusetts Cannabis Control Commission Open Data, Marijuana Establishment Adult-use and MMEs Plant Activity and Volume (a_sales_au_activityvolume; CCCLastUpdated 2026-09-08)",https://masscannabiscontrol.com/resource/a_sales_au_activityvolume.csv,2026-09-24,"DERIVED by agent: sum of CCC field PLANTFLOWERINGCOUNT for facility types Marijuana Cultivator (562963) and Marijuana Microbusiness (0). CCC publishes no definition of these fields. Values are not end-of-month plant inventories: PLANTHARVESTEDCOUNT runs about 25 times PLANTFLOWERINGCOUNT and all fields dip in February and in 2020-04, so they behave as monthly aggregates of daily Metrc activity records. Use as a relative index of cultivation activity, not as a plant stock. The CCC February 2025 industry report gives the same Jan-Apr 2024 shares (harvested 72 pct, destroyed 21 pct, flowering 4 pct, vegetative 2 pct) but a monthly average of 28,797 plants, a different scale from these fields. Header verified by agent 2026-09-25; data rows fetched 2026-09-24. INDUSTRY field is Adult-use for every row; Craft Marijuana Cooperative and non-cultivation facility types report 0 plants."
MA,2019-05,month,6,plants_flowering_adult_use,746535,plants,"Massachusetts Cannabis Control Commission Open Data, Marijuana Establishment Adult-use and MMEs Plant Activity and Volume (a_sales_au_activityvolume; CCCLastUpdated 2026-09-08)",https://masscannabiscontrol.com/resource/a_sales_au_activityvolume.csv,2026-09-24,"DERIVED by agent: sum of CCC field PLANTFLOWERINGCOUNT for facility types Marijuana Cultivator (746535) and Marijuana Microbusiness (0). CCC publishes no definition of these fields. Values are not end-of-month plant inventories: PLANTHARVESTEDCOUNT runs about 25 times PLANTFLOWERINGCOUNT and all fields dip in February and in 2020-04, so they behave as monthly aggregates of daily Metrc activity records. Use as a relative index of cultivation activity, not as a plant stock. The CCC February 2025 industry report gives the same Jan-Apr 2024 shares (harvested 72 pct, destroyed 21 pct, flowering 4 pct, vegetative 2 pct) but a monthly average of 28,797 plants, a different scale from these fields. Header verified by agent 2026-09-25; data rows fetched 2026-09-24. INDUSTRY field is Adult-use for every row; Craft Marijuana Cooperative and non-cultivation facility types report 0 plants."
MA,2019-06,month,7,plants_flowering_adult_use,670885,plants,"Massachusetts Cannabis Control Commission Open Data, Marijuana Establishment Adult-use and MMEs Plant Activity and Volume (a_sales_au_activityvolume; CCCLastUpdated 2026-09-08)",https://masscannabiscontrol.com/resource/a_sales_au_activityvolume.csv,2026-09-24,"DERIVED by agent: sum of CCC field PLANTFLOWERINGCOUNT for facility types Marijuana Cultivator (670885) and Marijuana Microbusiness (0). CCC publishes no definition of these fields. Values are not end-of-month plant inventories: PLANTHARVESTEDCOUNT runs about 25 times PLANTFLOWERINGCOUNT and all fields dip in February and in 2020-04, so they behave as monthly aggregates of daily Metrc activity records. Use as a relative index of cultivation activity, not as a plant stock. The CCC February 2025 industry report gives the same Jan-Apr 2024 shares (harvested 72 pct, destroyed 21 pct, flowering 4 pct, vegetative 2 pct) but a monthly average of 28,797 plants, a different scale from these fields. Header verified by agent 2026-09-25; data rows fetched 2026-09-24. INDUSTRY field is Adult-use for every row; Craft Marijuana Cooperative and non-cultivation facility types report 0 plants."
MA,2019-07,month,8,plants_flowering_adult_use,802635,plants,"Massachusetts Cannabis Control Commission Open Data, Marijuana Establishment Adult-use and MMEs Plant Activity and Volume (a_sales_au_activityvolume; CCCLastUpdated 2026-09-08)",https://masscannabiscontrol.com/resource/a_sales_au_activityvolume.csv,2026-09-24,"DERIVED by agent: sum of CCC field PLANTFLOWERINGCOUNT for facility types Marijuana Cultivator (802635) and Marijuana Microbusiness (0). CCC publishes no definition of these fields. Values are not end-of-month plant inventories: PLANTHARVESTEDCOUNT runs about 25 times PLANTFLOWERINGCOUNT and all fields dip in February and in 2020-04, so they behave as monthly aggregates of daily Metrc activity records. Use as a relative index of cultivation activity, not as a plant stock. The CCC February 2025 industry report gives the same Jan-Apr 2024 shares (harvested 72 pct, destroyed 21 pct, flowering 4 pct, vegetative 2 pct) but a monthly average of 28,797 plants, a different scale from these fields. Header verified by agent 2026-09-25; data rows fetched 2026-09-24. INDUSTRY field is Adult-use for every row; Craft Marijuana Cooperative and non-cultivation facility types report 0 plants."
MA,2019-08,month,9,plants_flowering_adult_use,882801,plants,"Massachusetts Cannabis Control Commission Open Data, Marijuana Establishment Adult-use and MMEs Plant Activity and Volume (a_sales_au_activityvolume; CCCLastUpdated 2026-09-08)",https://masscannabiscontrol.com/resource/a_sales_au_activityvolume.csv,2026-09-24,"DERIVED by agent: sum of CCC field PLANTFLOWERINGCOUNT for facility types Marijuana Cultivator (882801) and Marijuana Microbusiness (0). CCC publishes no definition of these fields. Values are not end-of-month plant inventories: PLANTHARVESTEDCOUNT runs about 25 times PLANTFLOWERINGCOUNT and all fields dip in February and in 2020-04, so they behave as monthly aggregates of daily Metrc activity records. Use as a relative index of cultivation activity, not as a plant stock. The CCC February 2025 industry report gives the same Jan-Apr 2024 shares (harvested 72 pct, destroyed 21 pct, flowering 4 pct, vegetative 2 pct) but a monthly average of 28,797 plants, a different scale from these fields. Header verified by agent 2026-09-25; data rows fetched 2026-09-24. INDUSTRY field is Adult-use for every row; Craft Marijuana Cooperative and non-cultivation facility types report 0 plants."
MA,2019-09,month,10,plants_flowering_adult_use,969834,plants,"Massachusetts Cannabis Control Commission Open Data, Marijuana Establishment Adult-use and MMEs Plant Activity and Volume (a_sales_au_activityvolume; CCCLastUpdated 2026-09-08)",https://masscannabiscontrol.com/resource/a_sales_au_activityvolume.csv,2026-09-24,"DERIVED by agent: sum of CCC field PLANTFLOWERINGCOUNT for facility types Marijuana Cultivator (968350) and Marijuana Microbusiness (1484). CCC publishes no definition of these fields. Values are not end-of-month plant inventories: PLANTHARVESTEDCOUNT runs about 25 times PLANTFLOWERINGCOUNT and all fields dip in February and in 2020-04, so they behave as monthly aggregates of daily Metrc activity records. Use as a relative index of cultivation activity, not as a plant stock. The CCC February 2025 industry report gives the same Jan-Apr 2024 shares (harvested 72 pct, destroyed 21 pct, flowering 4 pct, vegetative 2 pct) but a monthly average of 28,797 plants, a different scale from these fields. Header verified by agent 2026-09-25; data rows fetched 2026-09-24. INDUSTRY field is Adult-use for every row; Craft Marijuana Cooperative and non-cultivation facility types report 0 plants."
MA,2019-10,month,11,plants_flowering_adult_use,945179,plants,"Massachusetts Cannabis Control Commission Open Data, Marijuana Establishment Adult-use and MMEs Plant Activity and Volume (a_sales_au_activityvolume; CCCLastUpdated 2026-09-08)",https://masscannabiscontrol.com/resource/a_sales_au_activityvolume.csv,2026-09-24,"DERIVED by agent: sum of CCC field PLANTFLOWERINGCOUNT for facility types Marijuana Cultivator (941203) and Marijuana Microbusiness (3976). CCC publishes no definition of these fields. Values are not end-of-month plant inventories: PLANTHARVESTEDCOUNT runs about 25 times PLANTFLOWERINGCOUNT and all fields dip in February and in 2020-04, so they behave as monthly aggregates of daily Metrc activity records. Use as a relative index of cultivation activity, not as a plant stock. The CCC February 2025 industry report gives the same Jan-Apr 2024 shares (harvested 72 pct, destroyed 21 pct, flowering 4 pct, vegetative 2 pct) but a monthly average of 28,797 plants, a different scale from these fields. Header verified by agent 2026-09-25; data rows fetched 2026-09-24. INDUSTRY field is Adult-use for every row; Craft Marijuana Cooperative and non-cultivation facility types report 0 plants."
MA,2019-11,month,12,plants_flowering_adult_use,719434,plants,"Massachusetts Cannabis Control Commission Open Data, Marijuana Establishment Adult-use and MMEs Plant Activity and Volume (a_sales_au_activityvolume; CCCLastUpdated 2026-09-08)",https://masscannabiscontrol.com/resource/a_sales_au_activityvolume.csv,2026-09-24,"DERIVED by agent: sum of CCC field PLANTFLOWERINGCOUNT for facility types Marijuana Cultivator (716523) and Marijuana Microbusiness (2911). CCC publishes no definition of these fields. Values are not end-of-month plant inventories: PLANTHARVESTEDCOUNT runs about 25 times PLANTFLOWERINGCOUNT and all fields dip in February and in 2020-04, so they behave as monthly aggregates of daily Metrc activity records. Use as a relative index of cultivation activity, not as a plant stock. The CCC February 2025 industry report gives the same Jan-Apr 2024 shares (harvested 72 pct, destroyed 21 pct, flowering 4 pct, vegetative 2 pct) but a monthly average of 28,797 plants, a different scale from these fields. Header verified by agent 2026-09-25; data rows fetched 2026-09-24. INDUSTRY field is Adult-use for every row; Craft Marijuana Cooperative and non-cultivation facility types report 0 plants."
MA,2019-12,month,13,plants_flowering_adult_use,864076,plants,"Massachusetts Cannabis Control Commission Open Data, Marijuana Establishment Adult-use and MMEs Plant Activity and Volume (a_sales_au_activityvolume; CCCLastUpdated 2026-09-08)",https://masscannabiscontrol.com/resource/a_sales_au_activityvolume.csv,2026-09-24,"DERIVED by agent: sum of CCC field PLANTFLOWERINGCOUNT for facility types Marijuana Cultivator (861333) and Marijuana Microbusiness (2743). CCC publishes no definition of these fields. Values are not end-of-month plant inventories: PLANTHARVESTEDCOUNT runs about 25 times PLANTFLOWERINGCOUNT and all fields dip in February and in 2020-04, so they behave as monthly aggregates of daily Metrc activity records. Use as a relative index of cultivation activity, not as a plant stock. The CCC February 2025 industry report gives the same Jan-Apr 2024 shares (harvested 72 pct, destroyed 21 pct, flowering 4 pct, vegetative 2 pct) but a monthly average of 28,797 plants, a different scale from these fields. Header verified by agent 2026-09-25; data rows fetched 2026-09-24. INDUSTRY field is Adult-use for every row; Craft Marijuana Cooperative and non-cultivation facility types report 0 plants."
MA,2020-01,month,14,plants_flowering_adult_use,876880,plants,"Massachusetts Cannabis Control Commission Open Data, Marijuana Establishment Adult-use and MMEs Plant Activity and Volume (a_sales_au_activityvolume; CCCLastUpdated 2026-09-08)",https://masscannabiscontrol.com/resource/a_sales_au_activityvolume.csv,2026-09-24,"DERIVED by agent: sum of CCC field PLANTFLOWERINGCOUNT for facility types Marijuana Cultivator (873280) and Marijuana Microbusiness (3600). CCC publishes no definition of these fields. Values are not end-of-month plant inventories: PLANTHARVESTEDCOUNT runs about 25 times PLANTFLOWERINGCOUNT and all fields dip in February and in 2020-04, so they behave as monthly aggregates of daily Metrc activity records. Use as a relative index of cultivation activity, not as a plant stock. The CCC February 2025 industry report gives the same Jan-Apr 2024 shares (harvested 72 pct, destroyed 21 pct, flowering 4 pct, vegetative 2 pct) but a monthly average of 28,797 plants, a different scale from these fields. Header verified by agent 2026-09-25; data rows fetched 2026-09-24. INDUSTRY field is Adult-use for every row; Craft Marijuana Cooperative and non-cultivation facility types report 0 plants."
MA,2020-02,month,15,plants_flowering_adult_use,1062350,plants,"Massachusetts Cannabis Control Commission Open Data, Marijuana Establishment Adult-use and MMEs Plant Activity and Volume (a_sales_au_activityvolume; CCCLastUpdated 2026-09-08)",https://masscannabiscontrol.com/resource/a_sales_au_activityvolume.csv,2026-09-24,"DERIVED by agent: sum of CCC field PLANTFLOWERINGCOUNT for facility types Marijuana Cultivator (1057204) and Marijuana Microbusiness (5146). CCC publishes no definition of these fields. Values are not end-of-month plant inventories: PLANTHARVESTEDCOUNT runs about 25 times PLANTFLOWERINGCOUNT and all fields dip in February and in 2020-04, so they behave as monthly aggregates of daily Metrc activity records. Use as a relative index of cultivation activity, not as a plant stock. The CCC February 2025 industry report gives the same Jan-Apr 2024 shares (harvested 72 pct, destroyed 21 pct, flowering 4 pct, vegetative 2 pct) but a monthly average of 28,797 plants, a different scale from these fields. Header verified by agent 2026-09-25; data rows fetched 2026-09-24. INDUSTRY field is Adult-use for every row; Craft Marijuana Cooperative and non-cultivation facility types report 0 plants."
MA,2020-03,month,16,plants_flowering_adult_use,1147768,plants,"Massachusetts Cannabis Control Commission Open Data, Marijuana Establishment Adult-use and MMEs Plant Activity and Volume (a_sales_au_activityvolume; CCCLastUpdated 2026-09-08)",https://masscannabiscontrol.com/resource/a_sales_au_activityvolume.csv,2026-09-24,"DERIVED by agent: sum of CCC field PLANTFLOWERINGCOUNT for facility types Marijuana Cultivator (1142418) and Marijuana Microbusiness (5350). CCC publishes no definition of these fields. Values are not end-of-month plant inventories: PLANTHARVESTEDCOUNT runs about 25 times PLANTFLOWERINGCOUNT and all fields dip in February and in 2020-04, so they behave as monthly aggregates of daily Metrc activity records. Use as a relative index of cultivation activity, not as a plant stock. The CCC February 2025 industry report gives the same Jan-Apr 2024 shares (harvested 72 pct, destroyed 21 pct, flowering 4 pct, vegetative 2 pct) but a monthly average of 28,797 plants, a different scale from these fields. Header verified by agent 2026-09-25; data rows fetched 2026-09-24. INDUSTRY field is Adult-use for every row; Craft Marijuana Cooperative and non-cultivation facility types report 0 plants."
MA,2020-04,month,17,plants_flowering_adult_use,959075,plants,"Massachusetts Cannabis Control Commission Open Data, Marijuana Establishment Adult-use and MMEs Plant Activity and Volume (a_sales_au_activityvolume; CCCLastUpdated 2026-09-08)",https://masscannabiscontrol.com/resource/a_sales_au_activityvolume.csv,2026-09-24,"DERIVED by agent: sum of CCC field PLANTFLOWERINGCOUNT for facility types Marijuana Cultivator (952971) and Marijuana Microbusiness (6104). CCC publishes no definition of these fields. Values are not end-of-month plant inventories: PLANTHARVESTEDCOUNT runs about 25 times PLANTFLOWERINGCOUNT and all fields dip in February and in 2020-04, so they behave as monthly aggregates of daily Metrc activity records. Use as a relative index of cultivation activity, not as a plant stock. The CCC February 2025 industry report gives the same Jan-Apr 2024 shares (harvested 72 pct, destroyed 21 pct, flowering 4 pct, vegetative 2 pct) but a monthly average of 28,797 plants, a different scale from these fields. Header verified by agent 2026-09-25; data rows fetched 2026-09-24. INDUSTRY field is Adult-use for every row; Craft Marijuana Cooperative and non-cultivation facility types report 0 plants."
MA,2020-05,month,18,plants_flowering_adult_use,1177001,plants,"Massachusetts Cannabis Control Commission Open Data, Marijuana Establishment Adult-use and MMEs Plant Activity and Volume (a_sales_au_activityvolume; CCCLastUpdated 2026-09-08)",https://masscannabiscontrol.com/resource/a_sales_au_activityvolume.csv,2026-09-24,"DERIVED by agent: sum of CCC field PLANTFLOWERINGCOUNT for facility types Marijuana Cultivator (1167120) and Marijuana Microbusiness (9881). CCC publishes no definition of these fields. Values are not end-of-month plant inventories: PLANTHARVESTEDCOUNT runs about 25 times PLANTFLOWERINGCOUNT and all fields dip in February and in 2020-04, so they behave as monthly aggregates of daily Metrc activity records. Use as a relative index of cultivation activity, not as a plant stock. The CCC February 2025 industry report gives the same Jan-Apr 2024 shares (harvested 72 pct, destroyed 21 pct, flowering 4 pct, vegetative 2 pct) but a monthly average of 28,797 plants, a different scale from these fields. Header verified by agent 2026-09-25; data rows fetched 2026-09-24. INDUSTRY field is Adult-use for every row; Craft Marijuana Cooperative and non-cultivation facility types report 0 plants."
MA,2020-06,month,19,plants_flowering_adult_use,1073344,plants,"Massachusetts Cannabis Control Commission Open Data, Marijuana Establishment Adult-use and MMEs Plant Activity and Volume (a_sales_au_activityvolume; CCCLastUpdated 2026-09-08)",https://masscannabiscontrol.com/resource/a_sales_au_activityvolume.csv,2026-09-24,"DERIVED by agent: sum of CCC field PLANTFLOWERINGCOUNT for facility types Marijuana Cultivator (1066381) and Marijuana Microbusiness (6963). CCC publishes no definition of these fields. Values are not end-of-month plant inventories: PLANTHARVESTEDCOUNT runs about 25 times PLANTFLOWERINGCOUNT and all fields dip in February and in 2020-04, so they behave as monthly aggregates of daily Metrc activity records. Use as a relative index of cultivation activity, not as a plant stock. The CCC February 2025 industry report gives the same Jan-Apr 2024 shares (harvested 72 pct, destroyed 21 pct, flowering 4 pct, vegetative 2 pct) but a monthly average of 28,797 plants, a different scale from these fields. Header verified by agent 2026-09-25; data rows fetched 2026-09-24. INDUSTRY field is Adult-use for every row; Craft Marijuana Cooperative and non-cultivation facility types report 0 plants."
MA,2020-07,month,20,plants_flowering_adult_use,1100997,plants,"Massachusetts Cannabis Control Commission Open Data, Marijuana Establishment Adult-use and MMEs Plant Activity and Volume (a_sales_au_activityvolume; CCCLastUpdated 2026-09-08)",https://masscannabiscontrol.com/resource/a_sales_au_activityvolume.csv,2026-09-24,"DERIVED by agent: sum of CCC field PLANTFLOWERINGCOUNT for facility types Marijuana Cultivator (1095143) and Marijuana Microbusiness (5854). CCC publishes no definition of these fields. Values are not end-of-month plant inventories: PLANTHARVESTEDCOUNT runs about 25 times PLANTFLOWERINGCOUNT and all fields dip in February and in 2020-04, so they behave as monthly aggregates of daily Metrc activity records. Use as a relative index of cultivation activity, not as a plant stock. The CCC February 2025 industry report gives the same Jan-Apr 2024 shares (harvested 72 pct, destroyed 21 pct, flowering 4 pct, vegetative 2 pct) but a monthly average of 28,797 plants, a different scale from these fields. Header verified by agent 2026-09-25; data rows fetched 2026-09-24. INDUSTRY field is Adult-use for every row; Craft Marijuana Cooperative and non-cultivation facility types report 0 plants."
MA,2020-08,month,21,plants_flowering_adult_use,1185589,plants,"Massachusetts Cannabis Control Commission Open Data, Marijuana Establishment Adult-use and MMEs Plant Activity and Volume (a_sales_au_activityvolume; CCCLastUpdated 2026-09-08)",https://masscannabiscontrol.com/resource/a_sales_au_activityvolume.csv,2026-09-24,"DERIVED by agent: sum of CCC field PLANTFLOWERINGCOUNT for facility types Marijuana Cultivator (1178339) and Marijuana Microbusiness (7250). CCC publishes no definition of these fields. Values are not end-of-month plant inventories: PLANTHARVESTEDCOUNT runs about 25 times PLANTFLOWERINGCOUNT and all fields dip in February and in 2020-04, so they behave as monthly aggregates of daily Metrc activity records. Use as a relative index of cultivation activity, not as a plant stock. The CCC February 2025 industry report gives the same Jan-Apr 2024 shares (harvested 72 pct, destroyed 21 pct, flowering 4 pct, vegetative 2 pct) but a monthly average of 28,797 plants, a different scale from these fields. Header verified by agent 2026-09-25; data rows fetched 2026-09-24. INDUSTRY field is Adult-use for every row; Craft Marijuana Cooperative and non-cultivation facility types report 0 plants."
MA,2020-09,month,22,plants_flowering_adult_use,1214938,plants,"Massachusetts Cannabis Control Commission Open Data, Marijuana Establishment Adult-use and MMEs Plant Activity and Volume (a_sales_au_activityvolume; CCCLastUpdated 2026-09-08)",https://masscannabiscontrol.com/resource/a_sales_au_activityvolume.csv,2026-09-24,"DERIVED by agent: sum of CCC field PLANTFLOWERINGCOUNT for facility types Marijuana Cultivator (1209519) and Marijuana Microbusiness (5419). CCC publishes no definition of these fields. Values are not end-of-month plant inventories: PLANTHARVESTEDCOUNT runs about 25 times PLANTFLOWERINGCOUNT and all fields dip in February and in 2020-04, so they behave as monthly aggregates of daily Metrc activity records. Use as a relative index of cultivation activity, not as a plant stock. The CCC February 2025 industry report gives the same Jan-Apr 2024 shares (harvested 72 pct, destroyed 21 pct, flowering 4 pct, vegetative 2 pct) but a monthly average of 28,797 plants, a different scale from these fields. Header verified by agent 2026-09-25; data rows fetched 2026-09-24. INDUSTRY field is Adult-use for every row; Craft Marijuana Cooperative and non-cultivation facility types report 0 plants."
MA,2020-10,month,23,plants_flowering_adult_use,1221642,plants,"Massachusetts Cannabis Control Commission Open Data, Marijuana Establishment Adult-use and MMEs Plant Activity and Volume (a_sales_au_activityvolume; CCCLastUpdated 2026-09-08)",https://masscannabiscontrol.com/resource/a_sales_au_activityvolume.csv,2026-09-24,"DERIVED by agent: sum of CCC field PLANTFLOWERINGCOUNT for facility types Marijuana Cultivator (1215467) and Marijuana Microbusiness (6175). CCC publishes no definition of these fields. Values are not end-of-month plant inventories: PLANTHARVESTEDCOUNT runs about 25 times PLANTFLOWERINGCOUNT and all fields dip in February and in 2020-04, so they behave as monthly aggregates of daily Metrc activity records. Use as a relative index of cultivation activity, not as a plant stock. The CCC February 2025 industry report gives the same Jan-Apr 2024 shares (harvested 72 pct, destroyed 21 pct, flowering 4 pct, vegetative 2 pct) but a monthly average of 28,797 plants, a different scale from these fields. Header verified by agent 2026-09-25; data rows fetched 2026-09-24. INDUSTRY field is Adult-use for every row; Craft Marijuana Cooperative and non-cultivation facility types report 0 plants."
MA,2020-11,month,24,plants_flowering_adult_use,1273351,plants,"Massachusetts Cannabis Control Commission Open Data, Marijuana Establishment Adult-use and MMEs Plant Activity and Volume (a_sales_au_activityvolume; CCCLastUpdated 2026-09-08)",https://masscannabiscontrol.com/resource/a_sales_au_activityvolume.csv,2026-09-24,"DERIVED by agent: sum of CCC field PLANTFLOWERINGCOUNT for facility types Marijuana Cultivator (1265682) and Marijuana Microbusiness (7669). CCC publishes no definition of these fields. Values are not end-of-month plant inventories: PLANTHARVESTEDCOUNT runs about 25 times PLANTFLOWERINGCOUNT and all fields dip in February and in 2020-04, so they behave as monthly aggregates of daily Metrc activity records. Use as a relative index of cultivation activity, not as a plant stock. The CCC February 2025 industry report gives the same Jan-Apr 2024 shares (harvested 72 pct, destroyed 21 pct, flowering 4 pct, vegetative 2 pct) but a monthly average of 28,797 plants, a different scale from these fields. Header verified by agent 2026-09-25; data rows fetched 2026-09-24. INDUSTRY field is Adult-use for every row; Craft Marijuana Cooperative and non-cultivation facility types report 0 plants."
MA,2020-12,month,25,plants_flowering_adult_use,1441089,plants,"Massachusetts Cannabis Control Commission Open Data, Marijuana Establishment Adult-use and MMEs Plant Activity and Volume (a_sales_au_activityvolume; CCCLastUpdated 2026-09-08)",https://masscannabiscontrol.com/resource/a_sales_au_activityvolume.csv,2026-09-24,"DERIVED by agent: sum of CCC field PLANTFLOWERINGCOUNT for facility types Marijuana Cultivator (1434698) and Marijuana Microbusiness (6391). CCC publishes no definition of these fields. Values are not end-of-month plant inventories: PLANTHARVESTEDCOUNT runs about 25 times PLANTFLOWERINGCOUNT and all fields dip in February and in 2020-04, so they behave as monthly aggregates of daily Metrc activity records. Use as a relative index of cultivation activity, not as a plant stock. The CCC February 2025 industry report gives the same Jan-Apr 2024 shares (harvested 72 pct, destroyed 21 pct, flowering 4 pct, vegetative 2 pct) but a monthly average of 28,797 plants, a different scale from these fields. Header verified by agent 2026-09-25; data rows fetched 2026-09-24. INDUSTRY field is Adult-use for every row; Craft Marijuana Cooperative and non-cultivation facility types report 0 plants."
MA,2021-01,month,26,plants_flowering_adult_use,1456375,plants,"Massachusetts Cannabis Control Commission Open Data, Marijuana Establishment Adult-use and MMEs Plant Activity and Volume (a_sales_au_activityvolume; CCCLastUpdated 2026-09-08)",https://masscannabiscontrol.com/resource/a_sales_au_activityvolume.csv,2026-09-24,"DERIVED by agent: sum of CCC field PLANTFLOWERINGCOUNT for facility types Marijuana Cultivator (1448410) and Marijuana Microbusiness (7965). CCC publishes no definition of these fields. Values are not end-of-month plant inventories: PLANTHARVESTEDCOUNT runs about 25 times PLANTFLOWERINGCOUNT and all fields dip in February and in 2020-04, so they behave as monthly aggregates of daily Metrc activity records. Use as a relative index of cultivation activity, not as a plant stock. The CCC February 2025 industry report gives the same Jan-Apr 2024 shares (harvested 72 pct, destroyed 21 pct, flowering 4 pct, vegetative 2 pct) but a monthly average of 28,797 plants, a different scale from these fields. Header verified by agent 2026-09-25; data rows fetched 2026-09-24. INDUSTRY field is Adult-use for every row; Craft Marijuana Cooperative and non-cultivation facility types report 0 plants."
MA,2021-02,month,27,plants_flowering_adult_use,1394390,plants,"Massachusetts Cannabis Control Commission Open Data, Marijuana Establishment Adult-use and MMEs Plant Activity and Volume (a_sales_au_activityvolume; CCCLastUpdated 2026-09-08)",https://masscannabiscontrol.com/resource/a_sales_au_activityvolume.csv,2026-09-24,"DERIVED by agent: sum of CCC field PLANTFLOWERINGCOUNT for facility types Marijuana Cultivator (1371218) and Marijuana Microbusiness (23172). CCC publishes no definition of these fields. Values are not end-of-month plant inventories: PLANTHARVESTEDCOUNT runs about 25 times PLANTFLOWERINGCOUNT and all fields dip in February and in 2020-04, so they behave as monthly aggregates of daily Metrc activity records. Use as a relative index of cultivation activity, not as a plant stock. The CCC February 2025 industry report gives the same Jan-Apr 2024 shares (harvested 72 pct, destroyed 21 pct, flowering 4 pct, vegetative 2 pct) but a monthly average of 28,797 plants, a different scale from these fields. Header verified by agent 2026-09-25; data rows fetched 2026-09-24. INDUSTRY field is Adult-use for every row; Craft Marijuana Cooperative and non-cultivation facility types report 0 plants."
MA,2021-03,month,28,plants_flowering_adult_use,1466365,plants,"Massachusetts Cannabis Control Commission Open Data, Marijuana Establishment Adult-use and MMEs Plant Activity and Volume (a_sales_au_activityvolume; CCCLastUpdated 2026-09-08)",https://masscannabiscontrol.com/resource/a_sales_au_activityvolume.csv,2026-09-24,"DERIVED by agent: sum of CCC field PLANTFLOWERINGCOUNT for facility types Marijuana Cultivator (1425569) and Marijuana Microbusiness (40796). CCC publishes no definition of these fields. Values are not end-of-month plant inventories: PLANTHARVESTEDCOUNT runs about 25 times PLANTFLOWERINGCOUNT and all fields dip in February and in 2020-04, so they behave as monthly aggregates of daily Metrc activity records. Use as a relative index of cultivation activity, not as a plant stock. The CCC February 2025 industry report gives the same Jan-Apr 2024 shares (harvested 72 pct, destroyed 21 pct, flowering 4 pct, vegetative 2 pct) but a monthly average of 28,797 plants, a different scale from these fields. Header verified by agent 2026-09-25; data rows fetched 2026-09-24. INDUSTRY field is Adult-use for every row; Craft Marijuana Cooperative and non-cultivation facility types report 0 plants."
MA,2021-04,month,29,plants_flowering_adult_use,1502617,plants,"Massachusetts Cannabis Control Commission Open Data, Marijuana Establishment Adult-use and MMEs Plant Activity and Volume (a_sales_au_activityvolume; CCCLastUpdated 2026-09-08)",https://masscannabiscontrol.com/resource/a_sales_au_activityvolume.csv,2026-09-24,"DERIVED by agent: sum of CCC field PLANTFLOWERINGCOUNT for facility types Marijuana Cultivator (1469542) and Marijuana Microbusiness (33075). CCC publishes no definition of these fields. Values are not end-of-month plant inventories: PLANTHARVESTEDCOUNT runs about 25 times PLANTFLOWERINGCOUNT and all fields dip in February and in 2020-04, so they behave as monthly aggregates of daily Metrc activity records. Use as a relative index of cultivation activity, not as a plant stock. The CCC February 2025 industry report gives the same Jan-Apr 2024 shares (harvested 72 pct, destroyed 21 pct, flowering 4 pct, vegetative 2 pct) but a monthly average of 28,797 plants, a different scale from these fields. Header verified by agent 2026-09-25; data rows fetched 2026-09-24. INDUSTRY field is Adult-use for every row; Craft Marijuana Cooperative and non-cultivation facility types report 0 plants."
MA,2021-05,month,30,plants_flowering_adult_use,1720895,plants,"Massachusetts Cannabis Control Commission Open Data, Marijuana Establishment Adult-use and MMEs Plant Activity and Volume (a_sales_au_activityvolume; CCCLastUpdated 2026-09-08)",https://masscannabiscontrol.com/resource/a_sales_au_activityvolume.csv,2026-09-24,"DERIVED by agent: sum of CCC field PLANTFLOWERINGCOUNT for facility types Marijuana Cultivator (1697814) and Marijuana Microbusiness (23081). CCC publishes no definition of these fields. Values are not end-of-month plant inventories: PLANTHARVESTEDCOUNT runs about 25 times PLANTFLOWERINGCOUNT and all fields dip in February and in 2020-04, so they behave as monthly aggregates of daily Metrc activity records. Use as a relative index of cultivation activity, not as a plant stock. The CCC February 2025 industry report gives the same Jan-Apr 2024 shares (harvested 72 pct, destroyed 21 pct, flowering 4 pct, vegetative 2 pct) but a monthly average of 28,797 plants, a different scale from these fields. Header verified by agent 2026-09-25; data rows fetched 2026-09-24. INDUSTRY field is Adult-use for every row; Craft Marijuana Cooperative and non-cultivation facility types report 0 plants."
MA,2021-06,month,31,plants_flowering_adult_use,1849737,plants,"Massachusetts Cannabis Control Commission Open Data, Marijuana Establishment Adult-use and MMEs Plant Activity and Volume (a_sales_au_activityvolume; CCCLastUpdated 2026-09-08)",https://masscannabiscontrol.com/resource/a_sales_au_activityvolume.csv,2026-09-24,"DERIVED by agent: sum of CCC field PLANTFLOWERINGCOUNT for facility types Marijuana Cultivator (1812648) and Marijuana Microbusiness (37089). CCC publishes no definition of these fields. Values are not end-of-month plant inventories: PLANTHARVESTEDCOUNT runs about 25 times PLANTFLOWERINGCOUNT and all fields dip in February and in 2020-04, so they behave as monthly aggregates of daily Metrc activity records. Use as a relative index of cultivation activity, not as a plant stock. The CCC February 2025 industry report gives the same Jan-Apr 2024 shares (harvested 72 pct, destroyed 21 pct, flowering 4 pct, vegetative 2 pct) but a monthly average of 28,797 plants, a different scale from these fields. Header verified by agent 2026-09-25; data rows fetched 2026-09-24. INDUSTRY field is Adult-use for every row; Craft Marijuana Cooperative and non-cultivation facility types report 0 plants."
MA,2021-07,month,32,plants_flowering_adult_use,2138416,plants,"Massachusetts Cannabis Control Commission Open Data, Marijuana Establishment Adult-use and MMEs Plant Activity and Volume (a_sales_au_activityvolume; CCCLastUpdated 2026-09-08)",https://masscannabiscontrol.com/resource/a_sales_au_activityvolume.csv,2026-09-24,"DERIVED by agent: sum of CCC field PLANTFLOWERINGCOUNT for facility types Marijuana Cultivator (2098796) and Marijuana Microbusiness (39620). CCC publishes no definition of these fields. Values are not end-of-month plant inventories: PLANTHARVESTEDCOUNT runs about 25 times PLANTFLOWERINGCOUNT and all fields dip in February and in 2020-04, so they behave as monthly aggregates of daily Metrc activity records. Use as a relative index of cultivation activity, not as a plant stock. The CCC February 2025 industry report gives the same Jan-Apr 2024 shares (harvested 72 pct, destroyed 21 pct, flowering 4 pct, vegetative 2 pct) but a monthly average of 28,797 plants, a different scale from these fields. Header verified by agent 2026-09-25; data rows fetched 2026-09-24. INDUSTRY field is Adult-use for every row; Craft Marijuana Cooperative and non-cultivation facility types report 0 plants."
MA,2021-08,month,33,plants_flowering_adult_use,2136517,plants,"Massachusetts Cannabis Control Commission Open Data, Marijuana Establishment Adult-use and MMEs Plant Activity and Volume (a_sales_au_activityvolume; CCCLastUpdated 2026-09-08)",https://masscannabiscontrol.com/resource/a_sales_au_activityvolume.csv,2026-09-24,"DERIVED by agent: sum of CCC field PLANTFLOWERINGCOUNT for facility types Marijuana Cultivator (2111447) and Marijuana Microbusiness (25070). CCC publishes no definition of these fields. Values are not end-of-month plant inventories: PLANTHARVESTEDCOUNT runs about 25 times PLANTFLOWERINGCOUNT and all fields dip in February and in 2020-04, so they behave as monthly aggregates of daily Metrc activity records. Use as a relative index of cultivation activity, not as a plant stock. The CCC February 2025 industry report gives the same Jan-Apr 2024 shares (harvested 72 pct, destroyed 21 pct, flowering 4 pct, vegetative 2 pct) but a monthly average of 28,797 plants, a different scale from these fields. Header verified by agent 2026-09-25; data rows fetched 2026-09-24. INDUSTRY field is Adult-use for every row; Craft Marijuana Cooperative and non-cultivation facility types report 0 plants."
MA,2021-09,month,34,plants_flowering_adult_use,3346206,plants,"Massachusetts Cannabis Control Commission Open Data, Marijuana Establishment Adult-use and MMEs Plant Activity and Volume (a_sales_au_activityvolume; CCCLastUpdated 2026-09-08)",https://masscannabiscontrol.com/resource/a_sales_au_activityvolume.csv,2026-09-24,"DERIVED by agent: sum of CCC field PLANTFLOWERINGCOUNT for facility types Marijuana Cultivator (3319149) and Marijuana Microbusiness (27057). CCC publishes no definition of these fields. Values are not end-of-month plant inventories: PLANTHARVESTEDCOUNT runs about 25 times PLANTFLOWERINGCOUNT and all fields dip in February and in 2020-04, so they behave as monthly aggregates of daily Metrc activity records. Use as a relative index of cultivation activity, not as a plant stock. The CCC February 2025 industry report gives the same Jan-Apr 2024 shares (harvested 72 pct, destroyed 21 pct, flowering 4 pct, vegetative 2 pct) but a monthly average of 28,797 plants, a different scale from these fields. Header verified by agent 2026-09-25; data rows fetched 2026-09-24. INDUSTRY field is Adult-use for every row; Craft Marijuana Cooperative and non-cultivation facility types report 0 plants."
MA,2021-10,month,35,plants_flowering_adult_use,2249696,plants,"Massachusetts Cannabis Control Commission Open Data, Marijuana Establishment Adult-use and MMEs Plant Activity and Volume (a_sales_au_activityvolume; CCCLastUpdated 2026-09-08)",https://masscannabiscontrol.com/resource/a_sales_au_activityvolume.csv,2026-09-24,"DERIVED by agent: sum of CCC field PLANTFLOWERINGCOUNT for facility types Marijuana Cultivator (2209018) and Marijuana Microbusiness (40678). CCC publishes no definition of these fields. Values are not end-of-month plant inventories: PLANTHARVESTEDCOUNT runs about 25 times PLANTFLOWERINGCOUNT and all fields dip in February and in 2020-04, so they behave as monthly aggregates of daily Metrc activity records. Use as a relative index of cultivation activity, not as a plant stock. The CCC February 2025 industry report gives the same Jan-Apr 2024 shares (harvested 72 pct, destroyed 21 pct, flowering 4 pct, vegetative 2 pct) but a monthly average of 28,797 plants, a different scale from these fields. Header verified by agent 2026-09-25; data rows fetched 2026-09-24. INDUSTRY field is Adult-use for every row; Craft Marijuana Cooperative and non-cultivation facility types report 0 plants."
MA,2021-11,month,36,plants_flowering_adult_use,2045183,plants,"Massachusetts Cannabis Control Commission Open Data, Marijuana Establishment Adult-use and MMEs Plant Activity and Volume (a_sales_au_activityvolume; CCCLastUpdated 2026-09-08)",https://masscannabiscontrol.com/resource/a_sales_au_activityvolume.csv,2026-09-24,"DERIVED by agent: sum of CCC field PLANTFLOWERINGCOUNT for facility types Marijuana Cultivator (1992059) and Marijuana Microbusiness (53124). CCC publishes no definition of these fields. Values are not end-of-month plant inventories: PLANTHARVESTEDCOUNT runs about 25 times PLANTFLOWERINGCOUNT and all fields dip in February and in 2020-04, so they behave as monthly aggregates of daily Metrc activity records. Use as a relative index of cultivation activity, not as a plant stock. The CCC February 2025 industry report gives the same Jan-Apr 2024 shares (harvested 72 pct, destroyed 21 pct, flowering 4 pct, vegetative 2 pct) but a monthly average of 28,797 plants, a different scale from these fields. Header verified by agent 2026-09-25; data rows fetched 2026-09-24. INDUSTRY field is Adult-use for every row; Craft Marijuana Cooperative and non-cultivation facility types report 0 plants."
MA,2021-12,month,37,plants_flowering_adult_use,2199487,plants,"Massachusetts Cannabis Control Commission Open Data, Marijuana Establishment Adult-use and MMEs Plant Activity and Volume (a_sales_au_activityvolume; CCCLastUpdated 2026-09-08)",https://masscannabiscontrol.com/resource/a_sales_au_activityvolume.csv,2026-09-24,"DERIVED by agent: sum of CCC field PLANTFLOWERINGCOUNT for facility types Marijuana Cultivator (2120587) and Marijuana Microbusiness (78900). CCC publishes no definition of these fields. Values are not end-of-month plant inventories: PLANTHARVESTEDCOUNT runs about 25 times PLANTFLOWERINGCOUNT and all fields dip in February and in 2020-04, so they behave as monthly aggregates of daily Metrc activity records. Use as a relative index of cultivation activity, not as a plant stock. The CCC February 2025 industry report gives the same Jan-Apr 2024 shares (harvested 72 pct, destroyed 21 pct, flowering 4 pct, vegetative 2 pct) but a monthly average of 28,797 plants, a different scale from these fields. Header verified by agent 2026-09-25; data rows fetched 2026-09-24. INDUSTRY field is Adult-use for every row; Craft Marijuana Cooperative and non-cultivation facility types report 0 plants."
MA,2022-01,month,38,plants_flowering_adult_use,2081100,plants,"Massachusetts Cannabis Control Commission Open Data, Marijuana Establishment Adult-use and MMEs Plant Activity and Volume (a_sales_au_activityvolume; CCCLastUpdated 2026-09-08)",https://masscannabiscontrol.com/resource/a_sales_au_activityvolume.csv,2026-09-24,"DERIVED by agent: sum of CCC field PLANTFLOWERINGCOUNT for facility types Marijuana Cultivator (2020375) and Marijuana Microbusiness (60725). CCC publishes no definition of these fields. Values are not end-of-month plant inventories: PLANTHARVESTEDCOUNT runs about 25 times PLANTFLOWERINGCOUNT and all fields dip in February and in 2020-04, so they behave as monthly aggregates of daily Metrc activity records. Use as a relative index of cultivation activity, not as a plant stock. The CCC February 2025 industry report gives the same Jan-Apr 2024 shares (harvested 72 pct, destroyed 21 pct, flowering 4 pct, vegetative 2 pct) but a monthly average of 28,797 plants, a different scale from these fields. Header verified by agent 2026-09-25; data rows fetched 2026-09-24. INDUSTRY field is Adult-use for every row; Craft Marijuana Cooperative and non-cultivation facility types report 0 plants."
MA,2022-02,month,39,plants_flowering_adult_use,1890199,plants,"Massachusetts Cannabis Control Commission Open Data, Marijuana Establishment Adult-use and MMEs Plant Activity and Volume (a_sales_au_activityvolume; CCCLastUpdated 2026-09-08)",https://masscannabiscontrol.com/resource/a_sales_au_activityvolume.csv,2026-09-24,"DERIVED by agent: sum of CCC field PLANTFLOWERINGCOUNT for facility types Marijuana Cultivator (1852619) and Marijuana Microbusiness (37580). CCC publishes no definition of these fields. Values are not end-of-month plant inventories: PLANTHARVESTEDCOUNT runs about 25 times PLANTFLOWERINGCOUNT and all fields dip in February and in 2020-04, so they behave as monthly aggregates of daily Metrc activity records. Use as a relative index of cultivation activity, not as a plant stock. The CCC February 2025 industry report gives the same Jan-Apr 2024 shares (harvested 72 pct, destroyed 21 pct, flowering 4 pct, vegetative 2 pct) but a monthly average of 28,797 plants, a different scale from these fields. Header verified by agent 2026-09-25; data rows fetched 2026-09-24. INDUSTRY field is Adult-use for every row; Craft Marijuana Cooperative and non-cultivation facility types report 0 plants."
MA,2022-03,month,40,plants_flowering_adult_use,2281131,plants,"Massachusetts Cannabis Control Commission Open Data, Marijuana Establishment Adult-use and MMEs Plant Activity and Volume (a_sales_au_activityvolume; CCCLastUpdated 2026-09-08)",https://masscannabiscontrol.com/resource/a_sales_au_activityvolume.csv,2026-09-24,"DERIVED by agent: sum of CCC field PLANTFLOWERINGCOUNT for facility types Marijuana Cultivator (2226936) and Marijuana Microbusiness (54195). CCC publishes no definition of these fields. Values are not end-of-month plant inventories: PLANTHARVESTEDCOUNT runs about 25 times PLANTFLOWERINGCOUNT and all fields dip in February and in 2020-04, so they behave as monthly aggregates of daily Metrc activity records. Use as a relative index of cultivation activity, not as a plant stock. The CCC February 2025 industry report gives the same Jan-Apr 2024 shares (harvested 72 pct, destroyed 21 pct, flowering 4 pct, vegetative 2 pct) but a monthly average of 28,797 plants, a different scale from these fields. Header verified by agent 2026-09-25; data rows fetched 2026-09-24. INDUSTRY field is Adult-use for every row; Craft Marijuana Cooperative and non-cultivation facility types report 0 plants."
MA,2022-04,month,41,plants_flowering_adult_use,2171910,plants,"Massachusetts Cannabis Control Commission Open Data, Marijuana Establishment Adult-use and MMEs Plant Activity and Volume (a_sales_au_activityvolume; CCCLastUpdated 2026-09-08)",https://masscannabiscontrol.com/resource/a_sales_au_activityvolume.csv,2026-09-24,"DERIVED by agent: sum of CCC field PLANTFLOWERINGCOUNT for facility types Marijuana Cultivator (2101193) and Marijuana Microbusiness (70717). CCC publishes no definition of these fields. Values are not end-of-month plant inventories: PLANTHARVESTEDCOUNT runs about 25 times PLANTFLOWERINGCOUNT and all fields dip in February and in 2020-04, so they behave as monthly aggregates of daily Metrc activity records. Use as a relative index of cultivation activity, not as a plant stock. The CCC February 2025 industry report gives the same Jan-Apr 2024 shares (harvested 72 pct, destroyed 21 pct, flowering 4 pct, vegetative 2 pct) but a monthly average of 28,797 plants, a different scale from these fields. Header verified by agent 2026-09-25; data rows fetched 2026-09-24. INDUSTRY field is Adult-use for every row; Craft Marijuana Cooperative and non-cultivation facility types report 0 plants."
MA,2022-05,month,42,plants_flowering_adult_use,2479940,plants,"Massachusetts Cannabis Control Commission Open Data, Marijuana Establishment Adult-use and MMEs Plant Activity and Volume (a_sales_au_activityvolume; CCCLastUpdated 2026-09-08)",https://masscannabiscontrol.com/resource/a_sales_au_activityvolume.csv,2026-09-24,"DERIVED by agent: sum of CCC field PLANTFLOWERINGCOUNT for facility types Marijuana Cultivator (2419318) and Marijuana Microbusiness (60622). CCC publishes no definition of these fields. Values are not end-of-month plant inventories: PLANTHARVESTEDCOUNT runs about 25 times PLANTFLOWERINGCOUNT and all fields dip in February and in 2020-04, so they behave as monthly aggregates of daily Metrc activity records. Use as a relative index of cultivation activity, not as a plant stock. The CCC February 2025 industry report gives the same Jan-Apr 2024 shares (harvested 72 pct, destroyed 21 pct, flowering 4 pct, vegetative 2 pct) but a monthly average of 28,797 plants, a different scale from these fields. Header verified by agent 2026-09-25; data rows fetched 2026-09-24. INDUSTRY field is Adult-use for every row; Craft Marijuana Cooperative and non-cultivation facility types report 0 plants."
MA,2022-06,month,43,plants_flowering_adult_use,2721242,plants,"Massachusetts Cannabis Control Commission Open Data, Marijuana Establishment Adult-use and MMEs Plant Activity and Volume (a_sales_au_activityvolume; CCCLastUpdated 2026-09-08)",https://masscannabiscontrol.com/resource/a_sales_au_activityvolume.csv,2026-09-24,"DERIVED by agent: sum of CCC field PLANTFLOWERINGCOUNT for facility types Marijuana Cultivator (2661889) and Marijuana Microbusiness (59353). CCC publishes no definition of these fields. Values are not end-of-month plant inventories: PLANTHARVESTEDCOUNT runs about 25 times PLANTFLOWERINGCOUNT and all fields dip in February and in 2020-04, so they behave as monthly aggregates of daily Metrc activity records. Use as a relative index of cultivation activity, not as a plant stock. The CCC February 2025 industry report gives the same Jan-Apr 2024 shares (harvested 72 pct, destroyed 21 pct, flowering 4 pct, vegetative 2 pct) but a monthly average of 28,797 plants, a different scale from these fields. Header verified by agent 2026-09-25; data rows fetched 2026-09-24. INDUSTRY field is Adult-use for every row; Craft Marijuana Cooperative and non-cultivation facility types report 0 plants."
MA,2022-07,month,44,plants_flowering_adult_use,4094343,plants,"Massachusetts Cannabis Control Commission Open Data, Marijuana Establishment Adult-use and MMEs Plant Activity and Volume (a_sales_au_activityvolume; CCCLastUpdated 2026-09-08)",https://masscannabiscontrol.com/resource/a_sales_au_activityvolume.csv,2026-09-24,"DERIVED by agent: sum of CCC field PLANTFLOWERINGCOUNT for facility types Marijuana Cultivator (4030991) and Marijuana Microbusiness (63352). CCC publishes no definition of these fields. Values are not end-of-month plant inventories: PLANTHARVESTEDCOUNT runs about 25 times PLANTFLOWERINGCOUNT and all fields dip in February and in 2020-04, so they behave as monthly aggregates of daily Metrc activity records. Use as a relative index of cultivation activity, not as a plant stock. The CCC February 2025 industry report gives the same Jan-Apr 2024 shares (harvested 72 pct, destroyed 21 pct, flowering 4 pct, vegetative 2 pct) but a monthly average of 28,797 plants, a different scale from these fields. Header verified by agent 2026-09-25; data rows fetched 2026-09-24. INDUSTRY field is Adult-use for every row; Craft Marijuana Cooperative and non-cultivation facility types report 0 plants."
MA,2022-08,month,45,plants_flowering_adult_use,3935570,plants,"Massachusetts Cannabis Control Commission Open Data, Marijuana Establishment Adult-use and MMEs Plant Activity and Volume (a_sales_au_activityvolume; CCCLastUpdated 2026-09-08)",https://masscannabiscontrol.com/resource/a_sales_au_activityvolume.csv,2026-09-24,"DERIVED by agent: sum of CCC field PLANTFLOWERINGCOUNT for facility types Marijuana Cultivator (3856326) and Marijuana Microbusiness (79244). CCC publishes no definition of these fields. Values are not end-of-month plant inventories: PLANTHARVESTEDCOUNT runs about 25 times PLANTFLOWERINGCOUNT and all fields dip in February and in 2020-04, so they behave as monthly aggregates of daily Metrc activity records. Use as a relative index of cultivation activity, not as a plant stock. The CCC February 2025 industry report gives the same Jan-Apr 2024 shares (harvested 72 pct, destroyed 21 pct, flowering 4 pct, vegetative 2 pct) but a monthly average of 28,797 plants, a different scale from these fields. Header verified by agent 2026-09-25; data rows fetched 2026-09-24. INDUSTRY field is Adult-use for every row; Craft Marijuana Cooperative and non-cultivation facility types report 0 plants."
MA,2022-09,month,46,plants_flowering_adult_use,3565374,plants,"Massachusetts Cannabis Control Commission Open Data, Marijuana Establishment Adult-use and MMEs Plant Activity and Volume (a_sales_au_activityvolume; CCCLastUpdated 2026-09-08)",https://masscannabiscontrol.com/resource/a_sales_au_activityvolume.csv,2026-09-24,"DERIVED by agent: sum of CCC field PLANTFLOWERINGCOUNT for facility types Marijuana Cultivator (3475484) and Marijuana Microbusiness (89890). CCC publishes no definition of these fields. Values are not end-of-month plant inventories: PLANTHARVESTEDCOUNT runs about 25 times PLANTFLOWERINGCOUNT and all fields dip in February and in 2020-04, so they behave as monthly aggregates of daily Metrc activity records. Use as a relative index of cultivation activity, not as a plant stock. The CCC February 2025 industry report gives the same Jan-Apr 2024 shares (harvested 72 pct, destroyed 21 pct, flowering 4 pct, vegetative 2 pct) but a monthly average of 28,797 plants, a different scale from these fields. Header verified by agent 2026-09-25; data rows fetched 2026-09-24. INDUSTRY field is Adult-use for every row; Craft Marijuana Cooperative and non-cultivation facility types report 0 plants."
MA,2022-10,month,47,plants_flowering_adult_use,3558330,plants,"Massachusetts Cannabis Control Commission Open Data, Marijuana Establishment Adult-use and MMEs Plant Activity and Volume (a_sales_au_activityvolume; CCCLastUpdated 2026-09-08)",https://masscannabiscontrol.com/resource/a_sales_au_activityvolume.csv,2026-09-24,"DERIVED by agent: sum of CCC field PLANTFLOWERINGCOUNT for facility types Marijuana Cultivator (3474537) and Marijuana Microbusiness (83793). CCC publishes no definition of these fields. Values are not end-of-month plant inventories: PLANTHARVESTEDCOUNT runs about 25 times PLANTFLOWERINGCOUNT and all fields dip in February and in 2020-04, so they behave as monthly aggregates of daily Metrc activity records. Use as a relative index of cultivation activity, not as a plant stock. The CCC February 2025 industry report gives the same Jan-Apr 2024 shares (harvested 72 pct, destroyed 21 pct, flowering 4 pct, vegetative 2 pct) but a monthly average of 28,797 plants, a different scale from these fields. Header verified by agent 2026-09-25; data rows fetched 2026-09-24. INDUSTRY field is Adult-use for every row; Craft Marijuana Cooperative and non-cultivation facility types report 0 plants."
MA,2022-11,month,48,plants_flowering_adult_use,2802986,plants,"Massachusetts Cannabis Control Commission Open Data, Marijuana Establishment Adult-use and MMEs Plant Activity and Volume (a_sales_au_activityvolume; CCCLastUpdated 2026-09-08)",https://masscannabiscontrol.com/resource/a_sales_au_activityvolume.csv,2026-09-24,"DERIVED by agent: sum of CCC field PLANTFLOWERINGCOUNT for facility types Marijuana Cultivator (2715274) and Marijuana Microbusiness (87712). CCC publishes no definition of these fields. Values are not end-of-month plant inventories: PLANTHARVESTEDCOUNT runs about 25 times PLANTFLOWERINGCOUNT and all fields dip in February and in 2020-04, so they behave as monthly aggregates of daily Metrc activity records. Use as a relative index of cultivation activity, not as a plant stock. The CCC February 2025 industry report gives the same Jan-Apr 2024 shares (harvested 72 pct, destroyed 21 pct, flowering 4 pct, vegetative 2 pct) but a monthly average of 28,797 plants, a different scale from these fields. Header verified by agent 2026-09-25; data rows fetched 2026-09-24. INDUSTRY field is Adult-use for every row; Craft Marijuana Cooperative and non-cultivation facility types report 0 plants."
MA,2022-12,month,49,plants_flowering_adult_use,2599556,plants,"Massachusetts Cannabis Control Commission Open Data, Marijuana Establishment Adult-use and MMEs Plant Activity and Volume (a_sales_au_activityvolume; CCCLastUpdated 2026-09-08)",https://masscannabiscontrol.com/resource/a_sales_au_activityvolume.csv,2026-09-24,"DERIVED by agent: sum of CCC field PLANTFLOWERINGCOUNT for facility types Marijuana Cultivator (2509899) and Marijuana Microbusiness (89657). CCC publishes no definition of these fields. Values are not end-of-month plant inventories: PLANTHARVESTEDCOUNT runs about 25 times PLANTFLOWERINGCOUNT and all fields dip in February and in 2020-04, so they behave as monthly aggregates of daily Metrc activity records. Use as a relative index of cultivation activity, not as a plant stock. The CCC February 2025 industry report gives the same Jan-Apr 2024 shares (harvested 72 pct, destroyed 21 pct, flowering 4 pct, vegetative 2 pct) but a monthly average of 28,797 plants, a different scale from these fields. Header verified by agent 2026-09-25; data rows fetched 2026-09-24. INDUSTRY field is Adult-use for every row; Craft Marijuana Cooperative and non-cultivation facility types report 0 plants."
MA,2023-01,month,50,plants_flowering_adult_use,2674392,plants,"Massachusetts Cannabis Control Commission Open Data, Marijuana Establishment Adult-use and MMEs Plant Activity and Volume (a_sales_au_activityvolume; CCCLastUpdated 2026-09-08)",https://masscannabiscontrol.com/resource/a_sales_au_activityvolume.csv,2026-09-24,"DERIVED by agent: sum of CCC field PLANTFLOWERINGCOUNT for facility types Marijuana Cultivator (2578536) and Marijuana Microbusiness (95856). CCC publishes no definition of these fields. Values are not end-of-month plant inventories: PLANTHARVESTEDCOUNT runs about 25 times PLANTFLOWERINGCOUNT and all fields dip in February and in 2020-04, so they behave as monthly aggregates of daily Metrc activity records. Use as a relative index of cultivation activity, not as a plant stock. The CCC February 2025 industry report gives the same Jan-Apr 2024 shares (harvested 72 pct, destroyed 21 pct, flowering 4 pct, vegetative 2 pct) but a monthly average of 28,797 plants, a different scale from these fields. Header verified by agent 2026-09-25; data rows fetched 2026-09-24. INDUSTRY field is Adult-use for every row; Craft Marijuana Cooperative and non-cultivation facility types report 0 plants."
MA,2023-02,month,51,plants_flowering_adult_use,2286259,plants,"Massachusetts Cannabis Control Commission Open Data, Marijuana Establishment Adult-use and MMEs Plant Activity and Volume (a_sales_au_activityvolume; CCCLastUpdated 2026-09-08)",https://masscannabiscontrol.com/resource/a_sales_au_activityvolume.csv,2026-09-24,"DERIVED by agent: sum of CCC field PLANTFLOWERINGCOUNT for facility types Marijuana Cultivator (2204636) and Marijuana Microbusiness (81623). CCC publishes no definition of these fields. Values are not end-of-month plant inventories: PLANTHARVESTEDCOUNT runs about 25 times PLANTFLOWERINGCOUNT and all fields dip in February and in 2020-04, so they behave as monthly aggregates of daily Metrc activity records. Use as a relative index of cultivation activity, not as a plant stock. The CCC February 2025 industry report gives the same Jan-Apr 2024 shares (harvested 72 pct, destroyed 21 pct, flowering 4 pct, vegetative 2 pct) but a monthly average of 28,797 plants, a different scale from these fields. Header verified by agent 2026-09-25; data rows fetched 2026-09-24. INDUSTRY field is Adult-use for every row; Craft Marijuana Cooperative and non-cultivation facility types report 0 plants."
MA,2023-03,month,52,plants_flowering_adult_use,2432747,plants,"Massachusetts Cannabis Control Commission Open Data, Marijuana Establishment Adult-use and MMEs Plant Activity and Volume (a_sales_au_activityvolume; CCCLastUpdated 2026-09-08)",https://masscannabiscontrol.com/resource/a_sales_au_activityvolume.csv,2026-09-24,"DERIVED by agent: sum of CCC field PLANTFLOWERINGCOUNT for facility types Marijuana Cultivator (2343720) and Marijuana Microbusiness (89027). CCC publishes no definition of these fields. Values are not end-of-month plant inventories: PLANTHARVESTEDCOUNT runs about 25 times PLANTFLOWERINGCOUNT and all fields dip in February and in 2020-04, so they behave as monthly aggregates of daily Metrc activity records. Use as a relative index of cultivation activity, not as a plant stock. The CCC February 2025 industry report gives the same Jan-Apr 2024 shares (harvested 72 pct, destroyed 21 pct, flowering 4 pct, vegetative 2 pct) but a monthly average of 28,797 plants, a different scale from these fields. Header verified by agent 2026-09-25; data rows fetched 2026-09-24. INDUSTRY field is Adult-use for every row; Craft Marijuana Cooperative and non-cultivation facility types report 0 plants."
MA,2023-04,month,53,plants_flowering_adult_use,2432391,plants,"Massachusetts Cannabis Control Commission Open Data, Marijuana Establishment Adult-use and MMEs Plant Activity and Volume (a_sales_au_activityvolume; CCCLastUpdated 2026-09-08)",https://masscannabiscontrol.com/resource/a_sales_au_activityvolume.csv,2026-09-24,"DERIVED by agent: sum of CCC field PLANTFLOWERINGCOUNT for facility types Marijuana Cultivator (2365745) and Marijuana Microbusiness (66646). CCC publishes no definition of these fields. Values are not end-of-month plant inventories: PLANTHARVESTEDCOUNT runs about 25 times PLANTFLOWERINGCOUNT and all fields dip in February and in 2020-04, so they behave as monthly aggregates of daily Metrc activity records. Use as a relative index of cultivation activity, not as a plant stock. The CCC February 2025 industry report gives the same Jan-Apr 2024 shares (harvested 72 pct, destroyed 21 pct, flowering 4 pct, vegetative 2 pct) but a monthly average of 28,797 plants, a different scale from these fields. Header verified by agent 2026-09-25; data rows fetched 2026-09-24. INDUSTRY field is Adult-use for every row; Craft Marijuana Cooperative and non-cultivation facility types report 0 plants."
MA,2023-05,month,54,plants_flowering_adult_use,2689549,plants,"Massachusetts Cannabis Control Commission Open Data, Marijuana Establishment Adult-use and MMEs Plant Activity and Volume (a_sales_au_activityvolume; CCCLastUpdated 2026-09-08)",https://masscannabiscontrol.com/resource/a_sales_au_activityvolume.csv,2026-09-24,"DERIVED by agent: sum of CCC field PLANTFLOWERINGCOUNT for facility types Marijuana Cultivator (2616698) and Marijuana Microbusiness (72851). CCC publishes no definition of these fields. Values are not end-of-month plant inventories: PLANTHARVESTEDCOUNT runs about 25 times PLANTFLOWERINGCOUNT and all fields dip in February and in 2020-04, so they behave as monthly aggregates of daily Metrc activity records. Use as a relative index of cultivation activity, not as a plant stock. The CCC February 2025 industry report gives the same Jan-Apr 2024 shares (harvested 72 pct, destroyed 21 pct, flowering 4 pct, vegetative 2 pct) but a monthly average of 28,797 plants, a different scale from these fields. Header verified by agent 2026-09-25; data rows fetched 2026-09-24. INDUSTRY field is Adult-use for every row; Craft Marijuana Cooperative and non-cultivation facility types report 0 plants."
MA,2023-06,month,55,plants_flowering_adult_use,2698984,plants,"Massachusetts Cannabis Control Commission Open Data, Marijuana Establishment Adult-use and MMEs Plant Activity and Volume (a_sales_au_activityvolume; CCCLastUpdated 2026-09-08)",https://masscannabiscontrol.com/resource/a_sales_au_activityvolume.csv,2026-09-24,"DERIVED by agent: sum of CCC field PLANTFLOWERINGCOUNT for facility types Marijuana Cultivator (2640712) and Marijuana Microbusiness (58272). CCC publishes no definition of these fields. Values are not end-of-month plant inventories: PLANTHARVESTEDCOUNT runs about 25 times PLANTFLOWERINGCOUNT and all fields dip in February and in 2020-04, so they behave as monthly aggregates of daily Metrc activity records. Use as a relative index of cultivation activity, not as a plant stock. The CCC February 2025 industry report gives the same Jan-Apr 2024 shares (harvested 72 pct, destroyed 21 pct, flowering 4 pct, vegetative 2 pct) but a monthly average of 28,797 plants, a different scale from these fields. Header verified by agent 2026-09-25; data rows fetched 2026-09-24. INDUSTRY field is Adult-use for every row; Craft Marijuana Cooperative and non-cultivation facility types report 0 plants."
MA,2023-07,month,56,plants_flowering_adult_use,3177138,plants,"Massachusetts Cannabis Control Commission Open Data, Marijuana Establishment Adult-use and MMEs Plant Activity and Volume (a_sales_au_activityvolume; CCCLastUpdated 2026-09-08)",https://masscannabiscontrol.com/resource/a_sales_au_activityvolume.csv,2026-09-24,"DERIVED by agent: sum of CCC field PLANTFLOWERINGCOUNT for facility types Marijuana Cultivator (3089593) and Marijuana Microbusiness (87545). CCC publishes no definition of these fields. Values are not end-of-month plant inventories: PLANTHARVESTEDCOUNT runs about 25 times PLANTFLOWERINGCOUNT and all fields dip in February and in 2020-04, so they behave as monthly aggregates of daily Metrc activity records. Use as a relative index of cultivation activity, not as a plant stock. The CCC February 2025 industry report gives the same Jan-Apr 2024 shares (harvested 72 pct, destroyed 21 pct, flowering 4 pct, vegetative 2 pct) but a monthly average of 28,797 plants, a different scale from these fields. Header verified by agent 2026-09-25; data rows fetched 2026-09-24. INDUSTRY field is Adult-use for every row; Craft Marijuana Cooperative and non-cultivation facility types report 0 plants."
MA,2023-08,month,57,plants_flowering_adult_use,3606016,plants,"Massachusetts Cannabis Control Commission Open Data, Marijuana Establishment Adult-use and MMEs Plant Activity and Volume (a_sales_au_activityvolume; CCCLastUpdated 2026-09-08)",https://masscannabiscontrol.com/resource/a_sales_au_activityvolume.csv,2026-09-24,"DERIVED by agent: sum of CCC field PLANTFLOWERINGCOUNT for facility types Marijuana Cultivator (3527468) and Marijuana Microbusiness (78548). CCC publishes no definition of these fields. Values are not end-of-month plant inventories: PLANTHARVESTEDCOUNT runs about 25 times PLANTFLOWERINGCOUNT and all fields dip in February and in 2020-04, so they behave as monthly aggregates of daily Metrc activity records. Use as a relative index of cultivation activity, not as a plant stock. The CCC February 2025 industry report gives the same Jan-Apr 2024 shares (harvested 72 pct, destroyed 21 pct, flowering 4 pct, vegetative 2 pct) but a monthly average of 28,797 plants, a different scale from these fields. Header verified by agent 2026-09-25; data rows fetched 2026-09-24. INDUSTRY field is Adult-use for every row; Craft Marijuana Cooperative and non-cultivation facility types report 0 plants."
MA,2023-09,month,58,plants_flowering_adult_use,3453094,plants,"Massachusetts Cannabis Control Commission Open Data, Marijuana Establishment Adult-use and MMEs Plant Activity and Volume (a_sales_au_activityvolume; CCCLastUpdated 2026-09-08)",https://masscannabiscontrol.com/resource/a_sales_au_activityvolume.csv,2026-09-24,"DERIVED by agent: sum of CCC field PLANTFLOWERINGCOUNT for facility types Marijuana Cultivator (3377336) and Marijuana Microbusiness (75758). CCC publishes no definition of these fields. Values are not end-of-month plant inventories: PLANTHARVESTEDCOUNT runs about 25 times PLANTFLOWERINGCOUNT and all fields dip in February and in 2020-04, so they behave as monthly aggregates of daily Metrc activity records. Use as a relative index of cultivation activity, not as a plant stock. The CCC February 2025 industry report gives the same Jan-Apr 2024 shares (harvested 72 pct, destroyed 21 pct, flowering 4 pct, vegetative 2 pct) but a monthly average of 28,797 plants, a different scale from these fields. Header verified by agent 2026-09-25; data rows fetched 2026-09-24. INDUSTRY field is Adult-use for every row; Craft Marijuana Cooperative and non-cultivation facility types report 0 plants."
MA,2023-10,month,59,plants_flowering_adult_use,3520896,plants,"Massachusetts Cannabis Control Commission Open Data, Marijuana Establishment Adult-use and MMEs Plant Activity and Volume (a_sales_au_activityvolume; CCCLastUpdated 2026-09-08)",https://masscannabiscontrol.com/resource/a_sales_au_activityvolume.csv,2026-09-24,"DERIVED by agent: sum of CCC field PLANTFLOWERINGCOUNT for facility types Marijuana Cultivator (3439990) and Marijuana Microbusiness (80906). CCC publishes no definition of these fields. Values are not end-of-month plant inventories: PLANTHARVESTEDCOUNT runs about 25 times PLANTFLOWERINGCOUNT and all fields dip in February and in 2020-04, so they behave as monthly aggregates of daily Metrc activity records. Use as a relative index of cultivation activity, not as a plant stock. The CCC February 2025 industry report gives the same Jan-Apr 2024 shares (harvested 72 pct, destroyed 21 pct, flowering 4 pct, vegetative 2 pct) but a monthly average of 28,797 plants, a different scale from these fields. Header verified by agent 2026-09-25; data rows fetched 2026-09-24. INDUSTRY field is Adult-use for every row; Craft Marijuana Cooperative and non-cultivation facility types report 0 plants."
MA,2023-11,month,60,plants_flowering_adult_use,3008541,plants,"Massachusetts Cannabis Control Commission Open Data, Marijuana Establishment Adult-use and MMEs Plant Activity and Volume (a_sales_au_activityvolume; CCCLastUpdated 2026-09-08)",https://masscannabiscontrol.com/resource/a_sales_au_activityvolume.csv,2026-09-24,"DERIVED by agent: sum of CCC field PLANTFLOWERINGCOUNT for facility types Marijuana Cultivator (2941610) and Marijuana Microbusiness (66931). CCC publishes no definition of these fields. Values are not end-of-month plant inventories: PLANTHARVESTEDCOUNT runs about 25 times PLANTFLOWERINGCOUNT and all fields dip in February and in 2020-04, so they behave as monthly aggregates of daily Metrc activity records. Use as a relative index of cultivation activity, not as a plant stock. The CCC February 2025 industry report gives the same Jan-Apr 2024 shares (harvested 72 pct, destroyed 21 pct, flowering 4 pct, vegetative 2 pct) but a monthly average of 28,797 plants, a different scale from these fields. Header verified by agent 2026-09-25; data rows fetched 2026-09-24. INDUSTRY field is Adult-use for every row; Craft Marijuana Cooperative and non-cultivation facility types report 0 plants."
MA,2023-12,month,61,plants_flowering_adult_use,3487970,plants,"Massachusetts Cannabis Control Commission Open Data, Marijuana Establishment Adult-use and MMEs Plant Activity and Volume (a_sales_au_activityvolume; CCCLastUpdated 2026-09-08)",https://masscannabiscontrol.com/resource/a_sales_au_activityvolume.csv,2026-09-24,"DERIVED by agent: sum of CCC field PLANTFLOWERINGCOUNT for facility types Marijuana Cultivator (3413789) and Marijuana Microbusiness (74181). CCC publishes no definition of these fields. Values are not end-of-month plant inventories: PLANTHARVESTEDCOUNT runs about 25 times PLANTFLOWERINGCOUNT and all fields dip in February and in 2020-04, so they behave as monthly aggregates of daily Metrc activity records. Use as a relative index of cultivation activity, not as a plant stock. The CCC February 2025 industry report gives the same Jan-Apr 2024 shares (harvested 72 pct, destroyed 21 pct, flowering 4 pct, vegetative 2 pct) but a monthly average of 28,797 plants, a different scale from these fields. Header verified by agent 2026-09-25; data rows fetched 2026-09-24. INDUSTRY field is Adult-use for every row; Craft Marijuana Cooperative and non-cultivation facility types report 0 plants."
MA,2024-01,month,62,plants_flowering_adult_use,3302465,plants,"Massachusetts Cannabis Control Commission Open Data, Marijuana Establishment Adult-use and MMEs Plant Activity and Volume (a_sales_au_activityvolume; CCCLastUpdated 2026-09-08)",https://masscannabiscontrol.com/resource/a_sales_au_activityvolume.csv,2026-09-24,"DERIVED by agent: sum of CCC field PLANTFLOWERINGCOUNT for facility types Marijuana Cultivator (3244905) and Marijuana Microbusiness (57560). CCC publishes no definition of these fields. Values are not end-of-month plant inventories: PLANTHARVESTEDCOUNT runs about 25 times PLANTFLOWERINGCOUNT and all fields dip in February and in 2020-04, so they behave as monthly aggregates of daily Metrc activity records. Use as a relative index of cultivation activity, not as a plant stock. The CCC February 2025 industry report gives the same Jan-Apr 2024 shares (harvested 72 pct, destroyed 21 pct, flowering 4 pct, vegetative 2 pct) but a monthly average of 28,797 plants, a different scale from these fields. Header verified by agent 2026-09-25; data rows fetched 2026-09-24. INDUSTRY field is Adult-use for every row; Craft Marijuana Cooperative and non-cultivation facility types report 0 plants."
MA,2024-02,month,63,plants_flowering_adult_use,3432412,plants,"Massachusetts Cannabis Control Commission Open Data, Marijuana Establishment Adult-use and MMEs Plant Activity and Volume (a_sales_au_activityvolume; CCCLastUpdated 2026-09-08)",https://masscannabiscontrol.com/resource/a_sales_au_activityvolume.csv,2026-09-24,"DERIVED by agent: sum of CCC field PLANTFLOWERINGCOUNT for facility types Marijuana Cultivator (3362277) and Marijuana Microbusiness (70135). CCC publishes no definition of these fields. Values are not end-of-month plant inventories: PLANTHARVESTEDCOUNT runs about 25 times PLANTFLOWERINGCOUNT and all fields dip in February and in 2020-04, so they behave as monthly aggregates of daily Metrc activity records. Use as a relative index of cultivation activity, not as a plant stock. The CCC February 2025 industry report gives the same Jan-Apr 2024 shares (harvested 72 pct, destroyed 21 pct, flowering 4 pct, vegetative 2 pct) but a monthly average of 28,797 plants, a different scale from these fields. Header verified by agent 2026-09-25; data rows fetched 2026-09-24. INDUSTRY field is Adult-use for every row; Craft Marijuana Cooperative and non-cultivation facility types report 0 plants."
MA,2024-03,month,64,plants_flowering_adult_use,3673878,plants,"Massachusetts Cannabis Control Commission Open Data, Marijuana Establishment Adult-use and MMEs Plant Activity and Volume (a_sales_au_activityvolume; CCCLastUpdated 2026-09-08)",https://masscannabiscontrol.com/resource/a_sales_au_activityvolume.csv,2026-09-24,"DERIVED by agent: sum of CCC field PLANTFLOWERINGCOUNT for facility types Marijuana Cultivator (3596618) and Marijuana Microbusiness (77260). CCC publishes no definition of these fields. Values are not end-of-month plant inventories: PLANTHARVESTEDCOUNT runs about 25 times PLANTFLOWERINGCOUNT and all fields dip in February and in 2020-04, so they behave as monthly aggregates of daily Metrc activity records. Use as a relative index of cultivation activity, not as a plant stock. The CCC February 2025 industry report gives the same Jan-Apr 2024 shares (harvested 72 pct, destroyed 21 pct, flowering 4 pct, vegetative 2 pct) but a monthly average of 28,797 plants, a different scale from these fields. Header verified by agent 2026-09-25; data rows fetched 2026-09-24. INDUSTRY field is Adult-use for every row; Craft Marijuana Cooperative and non-cultivation facility types report 0 plants."
MA,2024-04,month,65,plants_flowering_adult_use,3801599,plants,"Massachusetts Cannabis Control Commission Open Data, Marijuana Establishment Adult-use and MMEs Plant Activity and Volume (a_sales_au_activityvolume; CCCLastUpdated 2026-09-08)",https://masscannabiscontrol.com/resource/a_sales_au_activityvolume.csv,2026-09-24,"DERIVED by agent: sum of CCC field PLANTFLOWERINGCOUNT for facility types Marijuana Cultivator (3741136) and Marijuana Microbusiness (60463). CCC publishes no definition of these fields. Values are not end-of-month plant inventories: PLANTHARVESTEDCOUNT runs about 25 times PLANTFLOWERINGCOUNT and all fields dip in February and in 2020-04, so they behave as monthly aggregates of daily Metrc activity records. Use as a relative index of cultivation activity, not as a plant stock. The CCC February 2025 industry report gives the same Jan-Apr 2024 shares (harvested 72 pct, destroyed 21 pct, flowering 4 pct, vegetative 2 pct) but a monthly average of 28,797 plants, a different scale from these fields. Header verified by agent 2026-09-25; data rows fetched 2026-09-24. INDUSTRY field is Adult-use for every row; Craft Marijuana Cooperative and non-cultivation facility types report 0 plants."
MA,2024-05,month,66,plants_flowering_adult_use,4263569,plants,"Massachusetts Cannabis Control Commission Open Data, Marijuana Establishment Adult-use and MMEs Plant Activity and Volume (a_sales_au_activityvolume; CCCLastUpdated 2026-09-08)",https://masscannabiscontrol.com/resource/a_sales_au_activityvolume.csv,2026-09-24,"DERIVED by agent: sum of CCC field PLANTFLOWERINGCOUNT for facility types Marijuana Cultivator (4190390) and Marijuana Microbusiness (73179). CCC publishes no definition of these fields. Values are not end-of-month plant inventories: PLANTHARVESTEDCOUNT runs about 25 times PLANTFLOWERINGCOUNT and all fields dip in February and in 2020-04, so they behave as monthly aggregates of daily Metrc activity records. Use as a relative index of cultivation activity, not as a plant stock. The CCC February 2025 industry report gives the same Jan-Apr 2024 shares (harvested 72 pct, destroyed 21 pct, flowering 4 pct, vegetative 2 pct) but a monthly average of 28,797 plants, a different scale from these fields. Header verified by agent 2026-09-25; data rows fetched 2026-09-24. INDUSTRY field is Adult-use for every row; Craft Marijuana Cooperative and non-cultivation facility types report 0 plants."
MA,2024-06,month,67,plants_flowering_adult_use,3931906,plants,"Massachusetts Cannabis Control Commission Open Data, Marijuana Establishment Adult-use and MMEs Plant Activity and Volume (a_sales_au_activityvolume; CCCLastUpdated 2026-09-08)",https://masscannabiscontrol.com/resource/a_sales_au_activityvolume.csv,2026-09-24,"DERIVED by agent: sum of CCC field PLANTFLOWERINGCOUNT for facility types Marijuana Cultivator (3864132) and Marijuana Microbusiness (67774). CCC publishes no definition of these fields. Values are not end-of-month plant inventories: PLANTHARVESTEDCOUNT runs about 25 times PLANTFLOWERINGCOUNT and all fields dip in February and in 2020-04, so they behave as monthly aggregates of daily Metrc activity records. Use as a relative index of cultivation activity, not as a plant stock. The CCC February 2025 industry report gives the same Jan-Apr 2024 shares (harvested 72 pct, destroyed 21 pct, flowering 4 pct, vegetative 2 pct) but a monthly average of 28,797 plants, a different scale from these fields. Header verified by agent 2026-09-25; data rows fetched 2026-09-24. INDUSTRY field is Adult-use for every row; Craft Marijuana Cooperative and non-cultivation facility types report 0 plants."
MA,2024-07,month,68,plants_flowering_adult_use,4209412,plants,"Massachusetts Cannabis Control Commission Open Data, Marijuana Establishment Adult-use and MMEs Plant Activity and Volume (a_sales_au_activityvolume; CCCLastUpdated 2026-09-08)",https://masscannabiscontrol.com/resource/a_sales_au_activityvolume.csv,2026-09-24,"DERIVED by agent: sum of CCC field PLANTFLOWERINGCOUNT for facility types Marijuana Cultivator (4141275) and Marijuana Microbusiness (68137). CCC publishes no definition of these fields. Values are not end-of-month plant inventories: PLANTHARVESTEDCOUNT runs about 25 times PLANTFLOWERINGCOUNT and all fields dip in February and in 2020-04, so they behave as monthly aggregates of daily Metrc activity records. Use as a relative index of cultivation activity, not as a plant stock. The CCC February 2025 industry report gives the same Jan-Apr 2024 shares (harvested 72 pct, destroyed 21 pct, flowering 4 pct, vegetative 2 pct) but a monthly average of 28,797 plants, a different scale from these fields. Header verified by agent 2026-09-25; data rows fetched 2026-09-24. INDUSTRY field is Adult-use for every row; Craft Marijuana Cooperative and non-cultivation facility types report 0 plants."
MA,2024-08,month,69,plants_flowering_adult_use,4456956,plants,"Massachusetts Cannabis Control Commission Open Data, Marijuana Establishment Adult-use and MMEs Plant Activity and Volume (a_sales_au_activityvolume; CCCLastUpdated 2026-09-08)",https://masscannabiscontrol.com/resource/a_sales_au_activityvolume.csv,2026-09-24,"DERIVED by agent: sum of CCC field PLANTFLOWERINGCOUNT for facility types Marijuana Cultivator (4378378) and Marijuana Microbusiness (78578). CCC publishes no definition of these fields. Values are not end-of-month plant inventories: PLANTHARVESTEDCOUNT runs about 25 times PLANTFLOWERINGCOUNT and all fields dip in February and in 2020-04, so they behave as monthly aggregates of daily Metrc activity records. Use as a relative index of cultivation activity, not as a plant stock. The CCC February 2025 industry report gives the same Jan-Apr 2024 shares (harvested 72 pct, destroyed 21 pct, flowering 4 pct, vegetative 2 pct) but a monthly average of 28,797 plants, a different scale from these fields. Header verified by agent 2026-09-25; data rows fetched 2026-09-24. INDUSTRY field is Adult-use for every row; Craft Marijuana Cooperative and non-cultivation facility types report 0 plants."
MA,2024-09,month,70,plants_flowering_adult_use,4479563,plants,"Massachusetts Cannabis Control Commission Open Data, Marijuana Establishment Adult-use and MMEs Plant Activity and Volume (a_sales_au_activityvolume; CCCLastUpdated 2026-09-08)",https://masscannabiscontrol.com/resource/a_sales_au_activityvolume.csv,2026-09-24,"DERIVED by agent: sum of CCC field PLANTFLOWERINGCOUNT for facility types Marijuana Cultivator (4413836) and Marijuana Microbusiness (65727). CCC publishes no definition of these fields. Values are not end-of-month plant inventories: PLANTHARVESTEDCOUNT runs about 25 times PLANTFLOWERINGCOUNT and all fields dip in February and in 2020-04, so they behave as monthly aggregates of daily Metrc activity records. Use as a relative index of cultivation activity, not as a plant stock. The CCC February 2025 industry report gives the same Jan-Apr 2024 shares (harvested 72 pct, destroyed 21 pct, flowering 4 pct, vegetative 2 pct) but a monthly average of 28,797 plants, a different scale from these fields. Header verified by agent 2026-09-25; data rows fetched 2026-09-24. INDUSTRY field is Adult-use for every row; Craft Marijuana Cooperative and non-cultivation facility types report 0 plants."
MA,2024-10,month,71,plants_flowering_adult_use,4558045,plants,"Massachusetts Cannabis Control Commission Open Data, Marijuana Establishment Adult-use and MMEs Plant Activity and Volume (a_sales_au_activityvolume; CCCLastUpdated 2026-09-08)",https://masscannabiscontrol.com/resource/a_sales_au_activityvolume.csv,2026-09-24,"DERIVED by agent: sum of CCC field PLANTFLOWERINGCOUNT for facility types Marijuana Cultivator (4501177) and Marijuana Microbusiness (56868). CCC publishes no definition of these fields. Values are not end-of-month plant inventories: PLANTHARVESTEDCOUNT runs about 25 times PLANTFLOWERINGCOUNT and all fields dip in February and in 2020-04, so they behave as monthly aggregates of daily Metrc activity records. Use as a relative index of cultivation activity, not as a plant stock. The CCC February 2025 industry report gives the same Jan-Apr 2024 shares (harvested 72 pct, destroyed 21 pct, flowering 4 pct, vegetative 2 pct) but a monthly average of 28,797 plants, a different scale from these fields. Header verified by agent 2026-09-25; data rows fetched 2026-09-24. INDUSTRY field is Adult-use for every row; Craft Marijuana Cooperative and non-cultivation facility types report 0 plants."
MA,2024-11,month,72,plants_flowering_adult_use,3954585,plants,"Massachusetts Cannabis Control Commission Open Data, Marijuana Establishment Adult-use and MMEs Plant Activity and Volume (a_sales_au_activityvolume; CCCLastUpdated 2026-09-08)",https://masscannabiscontrol.com/resource/a_sales_au_activityvolume.csv,2026-09-24,"DERIVED by agent: sum of CCC field PLANTFLOWERINGCOUNT for facility types Marijuana Cultivator (3892873) and Marijuana Microbusiness (61712). CCC publishes no definition of these fields. Values are not end-of-month plant inventories: PLANTHARVESTEDCOUNT runs about 25 times PLANTFLOWERINGCOUNT and all fields dip in February and in 2020-04, so they behave as monthly aggregates of daily Metrc activity records. Use as a relative index of cultivation activity, not as a plant stock. The CCC February 2025 industry report gives the same Jan-Apr 2024 shares (harvested 72 pct, destroyed 21 pct, flowering 4 pct, vegetative 2 pct) but a monthly average of 28,797 plants, a different scale from these fields. Header verified by agent 2026-09-25; data rows fetched 2026-09-24. INDUSTRY field is Adult-use for every row; Craft Marijuana Cooperative and non-cultivation facility types report 0 plants."
MA,2024-12,month,73,plants_flowering_adult_use,4041912,plants,"Massachusetts Cannabis Control Commission Open Data, Marijuana Establishment Adult-use and MMEs Plant Activity and Volume (a_sales_au_activityvolume; CCCLastUpdated 2026-09-08)",https://masscannabiscontrol.com/resource/a_sales_au_activityvolume.csv,2026-09-24,"DERIVED by agent: sum of CCC field PLANTFLOWERINGCOUNT for facility types Marijuana Cultivator (3992598) and Marijuana Microbusiness (49314). CCC publishes no definition of these fields. Values are not end-of-month plant inventories: PLANTHARVESTEDCOUNT runs about 25 times PLANTFLOWERINGCOUNT and all fields dip in February and in 2020-04, so they behave as monthly aggregates of daily Metrc activity records. Use as a relative index of cultivation activity, not as a plant stock. The CCC February 2025 industry report gives the same Jan-Apr 2024 shares (harvested 72 pct, destroyed 21 pct, flowering 4 pct, vegetative 2 pct) but a monthly average of 28,797 plants, a different scale from these fields. Header verified by agent 2026-09-25; data rows fetched 2026-09-24. INDUSTRY field is Adult-use for every row; Craft Marijuana Cooperative and non-cultivation facility types report 0 plants."
MA,2025-01,month,74,plants_flowering_adult_use,4118595,plants,"Massachusetts Cannabis Control Commission Open Data, Marijuana Establishment Adult-use and MMEs Plant Activity and Volume (a_sales_au_activityvolume; CCCLastUpdated 2026-09-08)",https://masscannabiscontrol.com/resource/a_sales_au_activityvolume.csv,2026-09-24,"DERIVED by agent: sum of CCC field PLANTFLOWERINGCOUNT for facility types Marijuana Cultivator (4080510) and Marijuana Microbusiness (38085). CCC publishes no definition of these fields. Values are not end-of-month plant inventories: PLANTHARVESTEDCOUNT runs about 25 times PLANTFLOWERINGCOUNT and all fields dip in February and in 2020-04, so they behave as monthly aggregates of daily Metrc activity records. Use as a relative index of cultivation activity, not as a plant stock. The CCC February 2025 industry report gives the same Jan-Apr 2024 shares (harvested 72 pct, destroyed 21 pct, flowering 4 pct, vegetative 2 pct) but a monthly average of 28,797 plants, a different scale from these fields. Header verified by agent 2026-09-25; data rows fetched 2026-09-24. INDUSTRY field is Adult-use for every row; Craft Marijuana Cooperative and non-cultivation facility types report 0 plants."
MA,2025-02,month,75,plants_flowering_adult_use,3742228,plants,"Massachusetts Cannabis Control Commission Open Data, Marijuana Establishment Adult-use and MMEs Plant Activity and Volume (a_sales_au_activityvolume; CCCLastUpdated 2026-09-08)",https://masscannabiscontrol.com/resource/a_sales_au_activityvolume.csv,2026-09-24,"DERIVED by agent: sum of CCC field PLANTFLOWERINGCOUNT for facility types Marijuana Cultivator (3709755) and Marijuana Microbusiness (32473). CCC publishes no definition of these fields. Values are not end-of-month plant inventories: PLANTHARVESTEDCOUNT runs about 25 times PLANTFLOWERINGCOUNT and all fields dip in February and in 2020-04, so they behave as monthly aggregates of daily Metrc activity records. Use as a relative index of cultivation activity, not as a plant stock. The CCC February 2025 industry report gives the same Jan-Apr 2024 shares (harvested 72 pct, destroyed 21 pct, flowering 4 pct, vegetative 2 pct) but a monthly average of 28,797 plants, a different scale from these fields. Header verified by agent 2026-09-25; data rows fetched 2026-09-24. INDUSTRY field is Adult-use for every row; Craft Marijuana Cooperative and non-cultivation facility types report 0 plants."
MA,2025-03,month,76,plants_flowering_adult_use,4046016,plants,"Massachusetts Cannabis Control Commission Open Data, Marijuana Establishment Adult-use and MMEs Plant Activity and Volume (a_sales_au_activityvolume; CCCLastUpdated 2026-09-08)",https://masscannabiscontrol.com/resource/a_sales_au_activityvolume.csv,2026-09-24,"DERIVED by agent: sum of CCC field PLANTFLOWERINGCOUNT for facility types Marijuana Cultivator (3991269) and Marijuana Microbusiness (54747). CCC publishes no definition of these fields. Values are not end-of-month plant inventories: PLANTHARVESTEDCOUNT runs about 25 times PLANTFLOWERINGCOUNT and all fields dip in February and in 2020-04, so they behave as monthly aggregates of daily Metrc activity records. Use as a relative index of cultivation activity, not as a plant stock. The CCC February 2025 industry report gives the same Jan-Apr 2024 shares (harvested 72 pct, destroyed 21 pct, flowering 4 pct, vegetative 2 pct) but a monthly average of 28,797 plants, a different scale from these fields. Header verified by agent 2026-09-25; data rows fetched 2026-09-24. INDUSTRY field is Adult-use for every row; Craft Marijuana Cooperative and non-cultivation facility types report 0 plants."
MA,2025-04,month,77,plants_flowering_adult_use,4041591,plants,"Massachusetts Cannabis Control Commission Open Data, Marijuana Establishment Adult-use and MMEs Plant Activity and Volume (a_sales_au_activityvolume; CCCLastUpdated 2026-09-08)",https://masscannabiscontrol.com/resource/a_sales_au_activityvolume.csv,2026-09-24,"DERIVED by agent: sum of CCC field PLANTFLOWERINGCOUNT for facility types Marijuana Cultivator (3994915) and Marijuana Microbusiness (46676). CCC publishes no definition of these fields. Values are not end-of-month plant inventories: PLANTHARVESTEDCOUNT runs about 25 times PLANTFLOWERINGCOUNT and all fields dip in February and in 2020-04, so they behave as monthly aggregates of daily Metrc activity records. Use as a relative index of cultivation activity, not as a plant stock. The CCC February 2025 industry report gives the same Jan-Apr 2024 shares (harvested 72 pct, destroyed 21 pct, flowering 4 pct, vegetative 2 pct) but a monthly average of 28,797 plants, a different scale from these fields. Header verified by agent 2026-09-25; data rows fetched 2026-09-24. INDUSTRY field is Adult-use for every row; Craft Marijuana Cooperative and non-cultivation facility types report 0 plants."
MA,2025-05,month,78,plants_flowering_adult_use,4373537,plants,"Massachusetts Cannabis Control Commission Open Data, Marijuana Establishment Adult-use and MMEs Plant Activity and Volume (a_sales_au_activityvolume; CCCLastUpdated 2026-09-08)",https://masscannabiscontrol.com/resource/a_sales_au_activityvolume.csv,2026-09-24,"DERIVED by agent: sum of CCC field PLANTFLOWERINGCOUNT for facility types Marijuana Cultivator (4334275) and Marijuana Microbusiness (39262). CCC publishes no definition of these fields. Values are not end-of-month plant inventories: PLANTHARVESTEDCOUNT runs about 25 times PLANTFLOWERINGCOUNT and all fields dip in February and in 2020-04, so they behave as monthly aggregates of daily Metrc activity records. Use as a relative index of cultivation activity, not as a plant stock. The CCC February 2025 industry report gives the same Jan-Apr 2024 shares (harvested 72 pct, destroyed 21 pct, flowering 4 pct, vegetative 2 pct) but a monthly average of 28,797 plants, a different scale from these fields. Header verified by agent 2026-09-25; data rows fetched 2026-09-24. INDUSTRY field is Adult-use for every row; Craft Marijuana Cooperative and non-cultivation facility types report 0 plants."
MA,2025-06,month,79,plants_flowering_adult_use,3871597,plants,"Massachusetts Cannabis Control Commission Open Data, Marijuana Establishment Adult-use and MMEs Plant Activity and Volume (a_sales_au_activityvolume; CCCLastUpdated 2026-09-08)",https://masscannabiscontrol.com/resource/a_sales_au_activityvolume.csv,2026-09-24,"DERIVED by agent: sum of CCC field PLANTFLOWERINGCOUNT for facility types Marijuana Cultivator (3839369) and Marijuana Microbusiness (32228). CCC publishes no definition of these fields. Values are not end-of-month plant inventories: PLANTHARVESTEDCOUNT runs about 25 times PLANTFLOWERINGCOUNT and all fields dip in February and in 2020-04, so they behave as monthly aggregates of daily Metrc activity records. Use as a relative index of cultivation activity, not as a plant stock. The CCC February 2025 industry report gives the same Jan-Apr 2024 shares (harvested 72 pct, destroyed 21 pct, flowering 4 pct, vegetative 2 pct) but a monthly average of 28,797 plants, a different scale from these fields. Header verified by agent 2026-09-25; data rows fetched 2026-09-24. INDUSTRY field is Adult-use for every row; Craft Marijuana Cooperative and non-cultivation facility types report 0 plants."
MA,2025-07,month,80,plants_flowering_adult_use,4228805,plants,"Massachusetts Cannabis Control Commission Open Data, Marijuana Establishment Adult-use and MMEs Plant Activity and Volume (a_sales_au_activityvolume; CCCLastUpdated 2026-09-08)",https://masscannabiscontrol.com/resource/a_sales_au_activityvolume.csv,2026-09-24,"DERIVED by agent: sum of CCC field PLANTFLOWERINGCOUNT for facility types Marijuana Cultivator (4185371) and Marijuana Microbusiness (43434). CCC publishes no definition of these fields. Values are not end-of-month plant inventories: PLANTHARVESTEDCOUNT runs about 25 times PLANTFLOWERINGCOUNT and all fields dip in February and in 2020-04, so they behave as monthly aggregates of daily Metrc activity records. Use as a relative index of cultivation activity, not as a plant stock. The CCC February 2025 industry report gives the same Jan-Apr 2024 shares (harvested 72 pct, destroyed 21 pct, flowering 4 pct, vegetative 2 pct) but a monthly average of 28,797 plants, a different scale from these fields. Header verified by agent 2026-09-25; data rows fetched 2026-09-24. INDUSTRY field is Adult-use for every row; Craft Marijuana Cooperative and non-cultivation facility types report 0 plants."
MA,2025-08,month,81,plants_flowering_adult_use,4391451,plants,"Massachusetts Cannabis Control Commission Open Data, Marijuana Establishment Adult-use and MMEs Plant Activity and Volume (a_sales_au_activityvolume; CCCLastUpdated 2026-09-08)",https://masscannabiscontrol.com/resource/a_sales_au_activityvolume.csv,2026-09-24,"DERIVED by agent: sum of CCC field PLANTFLOWERINGCOUNT for facility types Marijuana Cultivator (4339097) and Marijuana Microbusiness (52354). CCC publishes no definition of these fields. Values are not end-of-month plant inventories: PLANTHARVESTEDCOUNT runs about 25 times PLANTFLOWERINGCOUNT and all fields dip in February and in 2020-04, so they behave as monthly aggregates of daily Metrc activity records. Use as a relative index of cultivation activity, not as a plant stock. The CCC February 2025 industry report gives the same Jan-Apr 2024 shares (harvested 72 pct, destroyed 21 pct, flowering 4 pct, vegetative 2 pct) but a monthly average of 28,797 plants, a different scale from these fields. Header verified by agent 2026-09-25; data rows fetched 2026-09-24. INDUSTRY field is Adult-use for every row; Craft Marijuana Cooperative and non-cultivation facility types report 0 plants."
MA,2025-09,month,82,plants_flowering_adult_use,4738191,plants,"Massachusetts Cannabis Control Commission Open Data, Marijuana Establishment Adult-use and MMEs Plant Activity and Volume (a_sales_au_activityvolume; CCCLastUpdated 2026-09-08)",https://masscannabiscontrol.com/resource/a_sales_au_activityvolume.csv,2026-09-24,"DERIVED by agent: sum of CCC field PLANTFLOWERINGCOUNT for facility types Marijuana Cultivator (4692795) and Marijuana Microbusiness (45396). CCC publishes no definition of these fields. Values are not end-of-month plant inventories: PLANTHARVESTEDCOUNT runs about 25 times PLANTFLOWERINGCOUNT and all fields dip in February and in 2020-04, so they behave as monthly aggregates of daily Metrc activity records. Use as a relative index of cultivation activity, not as a plant stock. The CCC February 2025 industry report gives the same Jan-Apr 2024 shares (harvested 72 pct, destroyed 21 pct, flowering 4 pct, vegetative 2 pct) but a monthly average of 28,797 plants, a different scale from these fields. Header verified by agent 2026-09-25; data rows fetched 2026-09-24. INDUSTRY field is Adult-use for every row; Craft Marijuana Cooperative and non-cultivation facility types report 0 plants."
MA,2025-10,month,83,plants_flowering_adult_use,4749326,plants,"Massachusetts Cannabis Control Commission Open Data, Marijuana Establishment Adult-use and MMEs Plant Activity and Volume (a_sales_au_activityvolume; CCCLastUpdated 2026-09-08)",https://masscannabiscontrol.com/resource/a_sales_au_activityvolume.csv,2026-09-24,"DERIVED by agent: sum of CCC field PLANTFLOWERINGCOUNT for facility types Marijuana Cultivator (4688193) and Marijuana Microbusiness (61133). CCC publishes no definition of these fields. Values are not end-of-month plant inventories: PLANTHARVESTEDCOUNT runs about 25 times PLANTFLOWERINGCOUNT and all fields dip in February and in 2020-04, so they behave as monthly aggregates of daily Metrc activity records. Use as a relative index of cultivation activity, not as a plant stock. The CCC February 2025 industry report gives the same Jan-Apr 2024 shares (harvested 72 pct, destroyed 21 pct, flowering 4 pct, vegetative 2 pct) but a monthly average of 28,797 plants, a different scale from these fields. Header verified by agent 2026-09-25; data rows fetched 2026-09-24. INDUSTRY field is Adult-use for every row; Craft Marijuana Cooperative and non-cultivation facility types report 0 plants."
MA,2025-11,month,84,plants_flowering_adult_use,4344976,plants,"Massachusetts Cannabis Control Commission Open Data, Marijuana Establishment Adult-use and MMEs Plant Activity and Volume (a_sales_au_activityvolume; CCCLastUpdated 2026-09-08)",https://masscannabiscontrol.com/resource/a_sales_au_activityvolume.csv,2026-09-24,"DERIVED by agent: sum of CCC field PLANTFLOWERINGCOUNT for facility types Marijuana Cultivator (4286878) and Marijuana Microbusiness (58098). CCC publishes no definition of these fields. Values are not end-of-month plant inventories: PLANTHARVESTEDCOUNT runs about 25 times PLANTFLOWERINGCOUNT and all fields dip in February and in 2020-04, so they behave as monthly aggregates of daily Metrc activity records. Use as a relative index of cultivation activity, not as a plant stock. The CCC February 2025 industry report gives the same Jan-Apr 2024 shares (harvested 72 pct, destroyed 21 pct, flowering 4 pct, vegetative 2 pct) but a monthly average of 28,797 plants, a different scale from these fields. Header verified by agent 2026-09-25; data rows fetched 2026-09-24. INDUSTRY field is Adult-use for every row; Craft Marijuana Cooperative and non-cultivation facility types report 0 plants."
MA,2025-12,month,85,plants_flowering_adult_use,4182482,plants,"Massachusetts Cannabis Control Commission Open Data, Marijuana Establishment Adult-use and MMEs Plant Activity and Volume (a_sales_au_activityvolume; CCCLastUpdated 2026-09-08)",https://masscannabiscontrol.com/resource/a_sales_au_activityvolume.csv,2026-09-24,"DERIVED by agent: sum of CCC field PLANTFLOWERINGCOUNT for facility types Marijuana Cultivator (4117571) and Marijuana Microbusiness (64911). CCC publishes no definition of these fields. Values are not end-of-month plant inventories: PLANTHARVESTEDCOUNT runs about 25 times PLANTFLOWERINGCOUNT and all fields dip in February and in 2020-04, so they behave as monthly aggregates of daily Metrc activity records. Use as a relative index of cultivation activity, not as a plant stock. The CCC February 2025 industry report gives the same Jan-Apr 2024 shares (harvested 72 pct, destroyed 21 pct, flowering 4 pct, vegetative 2 pct) but a monthly average of 28,797 plants, a different scale from these fields. Header verified by agent 2026-09-25; data rows fetched 2026-09-24. INDUSTRY field is Adult-use for every row; Craft Marijuana Cooperative and non-cultivation facility types report 0 plants."
MA,2026-01,month,86,plants_flowering_adult_use,4414667,plants,"Massachusetts Cannabis Control Commission Open Data, Marijuana Establishment Adult-use and MMEs Plant Activity and Volume (a_sales_au_activityvolume; CCCLastUpdated 2026-09-08)",https://masscannabiscontrol.com/resource/a_sales_au_activityvolume.csv,2026-09-24,"DERIVED by agent: sum of CCC field PLANTFLOWERINGCOUNT for facility types Marijuana Cultivator (4357991) and Marijuana Microbusiness (56676). CCC publishes no definition of these fields. Values are not end-of-month plant inventories: PLANTHARVESTEDCOUNT runs about 25 times PLANTFLOWERINGCOUNT and all fields dip in February and in 2020-04, so they behave as monthly aggregates of daily Metrc activity records. Use as a relative index of cultivation activity, not as a plant stock. The CCC February 2025 industry report gives the same Jan-Apr 2024 shares (harvested 72 pct, destroyed 21 pct, flowering 4 pct, vegetative 2 pct) but a monthly average of 28,797 plants, a different scale from these fields. Header verified by agent 2026-09-25; data rows fetched 2026-09-24. INDUSTRY field is Adult-use for every row; Craft Marijuana Cooperative and non-cultivation facility types report 0 plants."
MA,2026-02,month,87,plants_flowering_adult_use,3859123,plants,"Massachusetts Cannabis Control Commission Open Data, Marijuana Establishment Adult-use and MMEs Plant Activity and Volume (a_sales_au_activityvolume; CCCLastUpdated 2026-09-08)",https://masscannabiscontrol.com/resource/a_sales_au_activityvolume.csv,2026-09-24,"DERIVED by agent: sum of CCC field PLANTFLOWERINGCOUNT for facility types Marijuana Cultivator (3798965) and Marijuana Microbusiness (60158). CCC publishes no definition of these fields. Values are not end-of-month plant inventories: PLANTHARVESTEDCOUNT runs about 25 times PLANTFLOWERINGCOUNT and all fields dip in February and in 2020-04, so they behave as monthly aggregates of daily Metrc activity records. Use as a relative index of cultivation activity, not as a plant stock. The CCC February 2025 industry report gives the same Jan-Apr 2024 shares (harvested 72 pct, destroyed 21 pct, flowering 4 pct, vegetative 2 pct) but a monthly average of 28,797 plants, a different scale from these fields. Header verified by agent 2026-09-25; data rows fetched 2026-09-24. INDUSTRY field is Adult-use for every row; Craft Marijuana Cooperative and non-cultivation facility types report 0 plants."
MA,2026-03,month,88,plants_flowering_adult_use,4222796,plants,"Massachusetts Cannabis Control Commission Open Data, Marijuana Establishment Adult-use and MMEs Plant Activity and Volume (a_sales_au_activityvolume; CCCLastUpdated 2026-09-08)",https://masscannabiscontrol.com/resource/a_sales_au_activityvolume.csv,2026-09-24,"DERIVED by agent: sum of CCC field PLANTFLOWERINGCOUNT for facility types Marijuana Cultivator (4156328) and Marijuana Microbusiness (66468). CCC publishes no definition of these fields. Values are not end-of-month plant inventories: PLANTHARVESTEDCOUNT runs about 25 times PLANTFLOWERINGCOUNT and all fields dip in February and in 2020-04, so they behave as monthly aggregates of daily Metrc activity records. Use as a relative index of cultivation activity, not as a plant stock. The CCC February 2025 industry report gives the same Jan-Apr 2024 shares (harvested 72 pct, destroyed 21 pct, flowering 4 pct, vegetative 2 pct) but a monthly average of 28,797 plants, a different scale from these fields. Header verified by agent 2026-09-25; data rows fetched 2026-09-24. INDUSTRY field is Adult-use for every row; Craft Marijuana Cooperative and non-cultivation facility types report 0 plants."
MA,2026-04,month,89,plants_flowering_adult_use,4425578,plants,"Massachusetts Cannabis Control Commission Open Data, Marijuana Establishment Adult-use and MMEs Plant Activity and Volume (a_sales_au_activityvolume; CCCLastUpdated 2026-09-08)",https://masscannabiscontrol.com/resource/a_sales_au_activityvolume.csv,2026-09-24,"DERIVED by agent: sum of CCC field PLANTFLOWERINGCOUNT for facility types Marijuana Cultivator (4351391) and Marijuana Microbusiness (74187). CCC publishes no definition of these fields. Values are not end-of-month plant inventories: PLANTHARVESTEDCOUNT runs about 25 times PLANTFLOWERINGCOUNT and all fields dip in February and in 2020-04, so they behave as monthly aggregates of daily Metrc activity records. Use as a relative index of cultivation activity, not as a plant stock. The CCC February 2025 industry report gives the same Jan-Apr 2024 shares (harvested 72 pct, destroyed 21 pct, flowering 4 pct, vegetative 2 pct) but a monthly average of 28,797 plants, a different scale from these fields. Header verified by agent 2026-09-25; data rows fetched 2026-09-24. INDUSTRY field is Adult-use for every row; Craft Marijuana Cooperative and non-cultivation facility types report 0 plants."
MA,2018-11,month,0,plants_harvested_adult_use,1376,plants,"Massachusetts Cannabis Control Commission Open Data, Marijuana Establishment Adult-use and MMEs Plant Activity and Volume (a_sales_au_activityvolume; CCCLastUpdated 2026-09-08)",https://masscannabiscontrol.com/resource/a_sales_au_activityvolume.csv,2026-09-24,"CCC field PLANTHARVESTEDCOUNT, facility type Marijuana Cultivator (no Microbusiness row this month). CCC publishes no definition of these fields. Values are not end-of-month plant inventories: PLANTHARVESTEDCOUNT runs about 25 times PLANTFLOWERINGCOUNT and all fields dip in February and in 2020-04, so they behave as monthly aggregates of daily Metrc activity records. Use as a relative index of cultivation activity, not as a plant stock. The CCC February 2025 industry report gives the same Jan-Apr 2024 shares (harvested 72 pct, destroyed 21 pct, flowering 4 pct, vegetative 2 pct) but a monthly average of 28,797 plants, a different scale from these fields. Header verified by agent 2026-09-25; data rows fetched 2026-09-24. INDUSTRY field is Adult-use for every row; Craft Marijuana Cooperative and non-cultivation facility types report 0 plants."
MA,2018-12,month,1,plants_harvested_adult_use,12773,plants,"Massachusetts Cannabis Control Commission Open Data, Marijuana Establishment Adult-use and MMEs Plant Activity and Volume (a_sales_au_activityvolume; CCCLastUpdated 2026-09-08)",https://masscannabiscontrol.com/resource/a_sales_au_activityvolume.csv,2026-09-24,"CCC field PLANTHARVESTEDCOUNT, facility type Marijuana Cultivator (no Microbusiness row this month). CCC publishes no definition of these fields. Values are not end-of-month plant inventories: PLANTHARVESTEDCOUNT runs about 25 times PLANTFLOWERINGCOUNT and all fields dip in February and in 2020-04, so they behave as monthly aggregates of daily Metrc activity records. Use as a relative index of cultivation activity, not as a plant stock. The CCC February 2025 industry report gives the same Jan-Apr 2024 shares (harvested 72 pct, destroyed 21 pct, flowering 4 pct, vegetative 2 pct) but a monthly average of 28,797 plants, a different scale from these fields. Header verified by agent 2026-09-25; data rows fetched 2026-09-24. INDUSTRY field is Adult-use for every row; Craft Marijuana Cooperative and non-cultivation facility types report 0 plants."
MA,2019-01,month,2,plants_harvested_adult_use,90522,plants,"Massachusetts Cannabis Control Commission Open Data, Marijuana Establishment Adult-use and MMEs Plant Activity and Volume (a_sales_au_activityvolume; CCCLastUpdated 2026-09-08)",https://masscannabiscontrol.com/resource/a_sales_au_activityvolume.csv,2026-09-24,"CCC field PLANTHARVESTEDCOUNT, facility type Marijuana Cultivator (no Microbusiness row this month). CCC publishes no definition of these fields. Values are not end-of-month plant inventories: PLANTHARVESTEDCOUNT runs about 25 times PLANTFLOWERINGCOUNT and all fields dip in February and in 2020-04, so they behave as monthly aggregates of daily Metrc activity records. Use as a relative index of cultivation activity, not as a plant stock. The CCC February 2025 industry report gives the same Jan-Apr 2024 shares (harvested 72 pct, destroyed 21 pct, flowering 4 pct, vegetative 2 pct) but a monthly average of 28,797 plants, a different scale from these fields. Header verified by agent 2026-09-25; data rows fetched 2026-09-24. INDUSTRY field is Adult-use for every row; Craft Marijuana Cooperative and non-cultivation facility types report 0 plants."
MA,2019-02,month,3,plants_harvested_adult_use,139723,plants,"Massachusetts Cannabis Control Commission Open Data, Marijuana Establishment Adult-use and MMEs Plant Activity and Volume (a_sales_au_activityvolume; CCCLastUpdated 2026-09-08)",https://masscannabiscontrol.com/resource/a_sales_au_activityvolume.csv,2026-09-24,"CCC field PLANTHARVESTEDCOUNT, facility type Marijuana Cultivator (no Microbusiness row this month). CCC publishes no definition of these fields. Values are not end-of-month plant inventories: PLANTHARVESTEDCOUNT runs about 25 times PLANTFLOWERINGCOUNT and all fields dip in February and in 2020-04, so they behave as monthly aggregates of daily Metrc activity records. Use as a relative index of cultivation activity, not as a plant stock. The CCC February 2025 industry report gives the same Jan-Apr 2024 shares (harvested 72 pct, destroyed 21 pct, flowering 4 pct, vegetative 2 pct) but a monthly average of 28,797 plants, a different scale from these fields. Header verified by agent 2026-09-25; data rows fetched 2026-09-24. INDUSTRY field is Adult-use for every row; Craft Marijuana Cooperative and non-cultivation facility types report 0 plants."
MA,2019-03,month,4,plants_harvested_adult_use,300558,plants,"Massachusetts Cannabis Control Commission Open Data, Marijuana Establishment Adult-use and MMEs Plant Activity and Volume (a_sales_au_activityvolume; CCCLastUpdated 2026-09-08)",https://masscannabiscontrol.com/resource/a_sales_au_activityvolume.csv,2026-09-24,"DERIVED by agent: sum of CCC field PLANTHARVESTEDCOUNT for facility types Marijuana Cultivator (300558) and Marijuana Microbusiness (0). CCC publishes no definition of these fields. Values are not end-of-month plant inventories: PLANTHARVESTEDCOUNT runs about 25 times PLANTFLOWERINGCOUNT and all fields dip in February and in 2020-04, so they behave as monthly aggregates of daily Metrc activity records. Use as a relative index of cultivation activity, not as a plant stock. The CCC February 2025 industry report gives the same Jan-Apr 2024 shares (harvested 72 pct, destroyed 21 pct, flowering 4 pct, vegetative 2 pct) but a monthly average of 28,797 plants, a different scale from these fields. Header verified by agent 2026-09-25; data rows fetched 2026-09-24. INDUSTRY field is Adult-use for every row; Craft Marijuana Cooperative and non-cultivation facility types report 0 plants."
MA,2019-04,month,5,plants_harvested_adult_use,406810,plants,"Massachusetts Cannabis Control Commission Open Data, Marijuana Establishment Adult-use and MMEs Plant Activity and Volume (a_sales_au_activityvolume; CCCLastUpdated 2026-09-08)",https://masscannabiscontrol.com/resource/a_sales_au_activityvolume.csv,2026-09-24,"DERIVED by agent: sum of CCC field PLANTHARVESTEDCOUNT for facility types Marijuana Cultivator (406810) and Marijuana Microbusiness (0). CCC publishes no definition of these fields. Values are not end-of-month plant inventories: PLANTHARVESTEDCOUNT runs about 25 times PLANTFLOWERINGCOUNT and all fields dip in February and in 2020-04, so they behave as monthly aggregates of daily Metrc activity records. Use as a relative index of cultivation activity, not as a plant stock. The CCC February 2025 industry report gives the same Jan-Apr 2024 shares (harvested 72 pct, destroyed 21 pct, flowering 4 pct, vegetative 2 pct) but a monthly average of 28,797 plants, a different scale from these fields. Header verified by agent 2026-09-25; data rows fetched 2026-09-24. INDUSTRY field is Adult-use for every row; Craft Marijuana Cooperative and non-cultivation facility types report 0 plants."
MA,2019-05,month,6,plants_harvested_adult_use,923092,plants,"Massachusetts Cannabis Control Commission Open Data, Marijuana Establishment Adult-use and MMEs Plant Activity and Volume (a_sales_au_activityvolume; CCCLastUpdated 2026-09-08)",https://masscannabiscontrol.com/resource/a_sales_au_activityvolume.csv,2026-09-24,"DERIVED by agent: sum of CCC field PLANTHARVESTEDCOUNT for facility types Marijuana Cultivator (923092) and Marijuana Microbusiness (0). CCC publishes no definition of these fields. Values are not end-of-month plant inventories: PLANTHARVESTEDCOUNT runs about 25 times PLANTFLOWERINGCOUNT and all fields dip in February and in 2020-04, so they behave as monthly aggregates of daily Metrc activity records. Use as a relative index of cultivation activity, not as a plant stock. The CCC February 2025 industry report gives the same Jan-Apr 2024 shares (harvested 72 pct, destroyed 21 pct, flowering 4 pct, vegetative 2 pct) but a monthly average of 28,797 plants, a different scale from these fields. Header verified by agent 2026-09-25; data rows fetched 2026-09-24. INDUSTRY field is Adult-use for every row; Craft Marijuana Cooperative and non-cultivation facility types report 0 plants."
MA,2019-06,month,7,plants_harvested_adult_use,1201267,plants,"Massachusetts Cannabis Control Commission Open Data, Marijuana Establishment Adult-use and MMEs Plant Activity and Volume (a_sales_au_activityvolume; CCCLastUpdated 2026-09-08)",https://masscannabiscontrol.com/resource/a_sales_au_activityvolume.csv,2026-09-24,"DERIVED by agent: sum of CCC field PLANTHARVESTEDCOUNT for facility types Marijuana Cultivator (1201267) and Marijuana Microbusiness (0). CCC publishes no definition of these fields. Values are not end-of-month plant inventories: PLANTHARVESTEDCOUNT runs about 25 times PLANTFLOWERINGCOUNT and all fields dip in February and in 2020-04, so they behave as monthly aggregates of daily Metrc activity records. Use as a relative index of cultivation activity, not as a plant stock. The CCC February 2025 industry report gives the same Jan-Apr 2024 shares (harvested 72 pct, destroyed 21 pct, flowering 4 pct, vegetative 2 pct) but a monthly average of 28,797 plants, a different scale from these fields. Header verified by agent 2026-09-25; data rows fetched 2026-09-24. INDUSTRY field is Adult-use for every row; Craft Marijuana Cooperative and non-cultivation facility types report 0 plants."
MA,2019-07,month,8,plants_harvested_adult_use,1568271,plants,"Massachusetts Cannabis Control Commission Open Data, Marijuana Establishment Adult-use and MMEs Plant Activity and Volume (a_sales_au_activityvolume; CCCLastUpdated 2026-09-08)",https://masscannabiscontrol.com/resource/a_sales_au_activityvolume.csv,2026-09-24,"DERIVED by agent: sum of CCC field PLANTHARVESTEDCOUNT for facility types Marijuana Cultivator (1568271) and Marijuana Microbusiness (0). CCC publishes no definition of these fields. Values are not end-of-month plant inventories: PLANTHARVESTEDCOUNT runs about 25 times PLANTFLOWERINGCOUNT and all fields dip in February and in 2020-04, so they behave as monthly aggregates of daily Metrc activity records. Use as a relative index of cultivation activity, not as a plant stock. The CCC February 2025 industry report gives the same Jan-Apr 2024 shares (harvested 72 pct, destroyed 21 pct, flowering 4 pct, vegetative 2 pct) but a monthly average of 28,797 plants, a different scale from these fields. Header verified by agent 2026-09-25; data rows fetched 2026-09-24. INDUSTRY field is Adult-use for every row; Craft Marijuana Cooperative and non-cultivation facility types report 0 plants."
MA,2019-08,month,9,plants_harvested_adult_use,2000420,plants,"Massachusetts Cannabis Control Commission Open Data, Marijuana Establishment Adult-use and MMEs Plant Activity and Volume (a_sales_au_activityvolume; CCCLastUpdated 2026-09-08)",https://masscannabiscontrol.com/resource/a_sales_au_activityvolume.csv,2026-09-24,"DERIVED by agent: sum of CCC field PLANTHARVESTEDCOUNT for facility types Marijuana Cultivator (2000420) and Marijuana Microbusiness (0). CCC publishes no definition of these fields. Values are not end-of-month plant inventories: PLANTHARVESTEDCOUNT runs about 25 times PLANTFLOWERINGCOUNT and all fields dip in February and in 2020-04, so they behave as monthly aggregates of daily Metrc activity records. Use as a relative index of cultivation activity, not as a plant stock. The CCC February 2025 industry report gives the same Jan-Apr 2024 shares (harvested 72 pct, destroyed 21 pct, flowering 4 pct, vegetative 2 pct) but a monthly average of 28,797 plants, a different scale from these fields. Header verified by agent 2026-09-25; data rows fetched 2026-09-24. INDUSTRY field is Adult-use for every row; Craft Marijuana Cooperative and non-cultivation facility types report 0 plants."
MA,2019-09,month,10,plants_harvested_adult_use,2553482,plants,"Massachusetts Cannabis Control Commission Open Data, Marijuana Establishment Adult-use and MMEs Plant Activity and Volume (a_sales_au_activityvolume; CCCLastUpdated 2026-09-08)",https://masscannabiscontrol.com/resource/a_sales_au_activityvolume.csv,2026-09-24,"DERIVED by agent: sum of CCC field PLANTHARVESTEDCOUNT for facility types Marijuana Cultivator (2553482) and Marijuana Microbusiness (0). CCC publishes no definition of these fields. Values are not end-of-month plant inventories: PLANTHARVESTEDCOUNT runs about 25 times PLANTFLOWERINGCOUNT and all fields dip in February and in 2020-04, so they behave as monthly aggregates of daily Metrc activity records. Use as a relative index of cultivation activity, not as a plant stock. The CCC February 2025 industry report gives the same Jan-Apr 2024 shares (harvested 72 pct, destroyed 21 pct, flowering 4 pct, vegetative 2 pct) but a monthly average of 28,797 plants, a different scale from these fields. Header verified by agent 2026-09-25; data rows fetched 2026-09-24. INDUSTRY field is Adult-use for every row; Craft Marijuana Cooperative and non-cultivation facility types report 0 plants."
MA,2019-10,month,11,plants_harvested_adult_use,2948294,plants,"Massachusetts Cannabis Control Commission Open Data, Marijuana Establishment Adult-use and MMEs Plant Activity and Volume (a_sales_au_activityvolume; CCCLastUpdated 2026-09-08)",https://masscannabiscontrol.com/resource/a_sales_au_activityvolume.csv,2026-09-24,"DERIVED by agent: sum of CCC field PLANTHARVESTEDCOUNT for facility types Marijuana Cultivator (2948294) and Marijuana Microbusiness (0). CCC publishes no definition of these fields. Values are not end-of-month plant inventories: PLANTHARVESTEDCOUNT runs about 25 times PLANTFLOWERINGCOUNT and all fields dip in February and in 2020-04, so they behave as monthly aggregates of daily Metrc activity records. Use as a relative index of cultivation activity, not as a plant stock. The CCC February 2025 industry report gives the same Jan-Apr 2024 shares (harvested 72 pct, destroyed 21 pct, flowering 4 pct, vegetative 2 pct) but a monthly average of 28,797 plants, a different scale from these fields. Header verified by agent 2026-09-25; data rows fetched 2026-09-24. INDUSTRY field is Adult-use for every row; Craft Marijuana Cooperative and non-cultivation facility types report 0 plants."
MA,2019-11,month,12,plants_harvested_adult_use,3119526,plants,"Massachusetts Cannabis Control Commission Open Data, Marijuana Establishment Adult-use and MMEs Plant Activity and Volume (a_sales_au_activityvolume; CCCLastUpdated 2026-09-08)",https://masscannabiscontrol.com/resource/a_sales_au_activityvolume.csv,2026-09-24,"DERIVED by agent: sum of CCC field PLANTHARVESTEDCOUNT for facility types Marijuana Cultivator (3118126) and Marijuana Microbusiness (1400). CCC publishes no definition of these fields. Values are not end-of-month plant inventories: PLANTHARVESTEDCOUNT runs about 25 times PLANTFLOWERINGCOUNT and all fields dip in February and in 2020-04, so they behave as monthly aggregates of daily Metrc activity records. Use as a relative index of cultivation activity, not as a plant stock. The CCC February 2025 industry report gives the same Jan-Apr 2024 shares (harvested 72 pct, destroyed 21 pct, flowering 4 pct, vegetative 2 pct) but a monthly average of 28,797 plants, a different scale from these fields. Header verified by agent 2026-09-25; data rows fetched 2026-09-24. INDUSTRY field is Adult-use for every row; Craft Marijuana Cooperative and non-cultivation facility types report 0 plants."
MA,2019-12,month,13,plants_harvested_adult_use,4169932,plants,"Massachusetts Cannabis Control Commission Open Data, Marijuana Establishment Adult-use and MMEs Plant Activity and Volume (a_sales_au_activityvolume; CCCLastUpdated 2026-09-08)",https://masscannabiscontrol.com/resource/a_sales_au_activityvolume.csv,2026-09-24,"DERIVED by agent: sum of CCC field PLANTHARVESTEDCOUNT for facility types Marijuana Cultivator (4166551) and Marijuana Microbusiness (3381). CCC publishes no definition of these fields. Values are not end-of-month plant inventories: PLANTHARVESTEDCOUNT runs about 25 times PLANTFLOWERINGCOUNT and all fields dip in February and in 2020-04, so they behave as monthly aggregates of daily Metrc activity records. Use as a relative index of cultivation activity, not as a plant stock. The CCC February 2025 industry report gives the same Jan-Apr 2024 shares (harvested 72 pct, destroyed 21 pct, flowering 4 pct, vegetative 2 pct) but a monthly average of 28,797 plants, a different scale from these fields. Header verified by agent 2026-09-25; data rows fetched 2026-09-24. INDUSTRY field is Adult-use for every row; Craft Marijuana Cooperative and non-cultivation facility types report 0 plants."
MA,2020-01,month,14,plants_harvested_adult_use,4310808,plants,"Massachusetts Cannabis Control Commission Open Data, Marijuana Establishment Adult-use and MMEs Plant Activity and Volume (a_sales_au_activityvolume; CCCLastUpdated 2026-09-08)",https://masscannabiscontrol.com/resource/a_sales_au_activityvolume.csv,2026-09-24,"DERIVED by agent: sum of CCC field PLANTHARVESTEDCOUNT for facility types Marijuana Cultivator (4305800) and Marijuana Microbusiness (5008). CCC publishes no definition of these fields. Values are not end-of-month plant inventories: PLANTHARVESTEDCOUNT runs about 25 times PLANTFLOWERINGCOUNT and all fields dip in February and in 2020-04, so they behave as monthly aggregates of daily Metrc activity records. Use as a relative index of cultivation activity, not as a plant stock. The CCC February 2025 industry report gives the same Jan-Apr 2024 shares (harvested 72 pct, destroyed 21 pct, flowering 4 pct, vegetative 2 pct) but a monthly average of 28,797 plants, a different scale from these fields. Header verified by agent 2026-09-25; data rows fetched 2026-09-24. INDUSTRY field is Adult-use for every row; Craft Marijuana Cooperative and non-cultivation facility types report 0 plants."
MA,2020-02,month,15,plants_harvested_adult_use,4804421,plants,"Massachusetts Cannabis Control Commission Open Data, Marijuana Establishment Adult-use and MMEs Plant Activity and Volume (a_sales_au_activityvolume; CCCLastUpdated 2026-09-08)",https://masscannabiscontrol.com/resource/a_sales_au_activityvolume.csv,2026-09-24,"DERIVED by agent: sum of CCC field PLANTHARVESTEDCOUNT for facility types Marijuana Cultivator (4796921) and Marijuana Microbusiness (7500). CCC publishes no definition of these fields. Values are not end-of-month plant inventories: PLANTHARVESTEDCOUNT runs about 25 times PLANTFLOWERINGCOUNT and all fields dip in February and in 2020-04, so they behave as monthly aggregates of daily Metrc activity records. Use as a relative index of cultivation activity, not as a plant stock. The CCC February 2025 industry report gives the same Jan-Apr 2024 shares (harvested 72 pct, destroyed 21 pct, flowering 4 pct, vegetative 2 pct) but a monthly average of 28,797 plants, a different scale from these fields. Header verified by agent 2026-09-25; data rows fetched 2026-09-24. INDUSTRY field is Adult-use for every row; Craft Marijuana Cooperative and non-cultivation facility types report 0 plants."
MA,2020-03,month,16,plants_harvested_adult_use,5584845,plants,"Massachusetts Cannabis Control Commission Open Data, Marijuana Establishment Adult-use and MMEs Plant Activity and Volume (a_sales_au_activityvolume; CCCLastUpdated 2026-09-08)",https://masscannabiscontrol.com/resource/a_sales_au_activityvolume.csv,2026-09-24,"DERIVED by agent: sum of CCC field PLANTHARVESTEDCOUNT for facility types Marijuana Cultivator (5575115) and Marijuana Microbusiness (9730). CCC publishes no definition of these fields. Values are not end-of-month plant inventories: PLANTHARVESTEDCOUNT runs about 25 times PLANTFLOWERINGCOUNT and all fields dip in February and in 2020-04, so they behave as monthly aggregates of daily Metrc activity records. Use as a relative index of cultivation activity, not as a plant stock. The CCC February 2025 industry report gives the same Jan-Apr 2024 shares (harvested 72 pct, destroyed 21 pct, flowering 4 pct, vegetative 2 pct) but a monthly average of 28,797 plants, a different scale from these fields. Header verified by agent 2026-09-25; data rows fetched 2026-09-24. INDUSTRY field is Adult-use for every row; Craft Marijuana Cooperative and non-cultivation facility types report 0 plants."
MA,2020-04,month,17,plants_harvested_adult_use,5241773,plants,"Massachusetts Cannabis Control Commission Open Data, Marijuana Establishment Adult-use and MMEs Plant Activity and Volume (a_sales_au_activityvolume; CCCLastUpdated 2026-09-08)",https://masscannabiscontrol.com/resource/a_sales_au_activityvolume.csv,2026-09-24,"DERIVED by agent: sum of CCC field PLANTHARVESTEDCOUNT for facility types Marijuana Cultivator (5230412) and Marijuana Microbusiness (11361). CCC publishes no definition of these fields. Values are not end-of-month plant inventories: PLANTHARVESTEDCOUNT runs about 25 times PLANTFLOWERINGCOUNT and all fields dip in February and in 2020-04, so they behave as monthly aggregates of daily Metrc activity records. Use as a relative index of cultivation activity, not as a plant stock. The CCC February 2025 industry report gives the same Jan-Apr 2024 shares (harvested 72 pct, destroyed 21 pct, flowering 4 pct, vegetative 2 pct) but a monthly average of 28,797 plants, a different scale from these fields. Header verified by agent 2026-09-25; data rows fetched 2026-09-24. INDUSTRY field is Adult-use for every row; Craft Marijuana Cooperative and non-cultivation facility types report 0 plants."
MA,2020-05,month,18,plants_harvested_adult_use,7273547,plants,"Massachusetts Cannabis Control Commission Open Data, Marijuana Establishment Adult-use and MMEs Plant Activity and Volume (a_sales_au_activityvolume; CCCLastUpdated 2026-09-08)",https://masscannabiscontrol.com/resource/a_sales_au_activityvolume.csv,2026-09-24,"DERIVED by agent: sum of CCC field PLANTHARVESTEDCOUNT for facility types Marijuana Cultivator (7252660) and Marijuana Microbusiness (20887). CCC publishes no definition of these fields. Values are not end-of-month plant inventories: PLANTHARVESTEDCOUNT runs about 25 times PLANTFLOWERINGCOUNT and all fields dip in February and in 2020-04, so they behave as monthly aggregates of daily Metrc activity records. Use as a relative index of cultivation activity, not as a plant stock. The CCC February 2025 industry report gives the same Jan-Apr 2024 shares (harvested 72 pct, destroyed 21 pct, flowering 4 pct, vegetative 2 pct) but a monthly average of 28,797 plants, a different scale from these fields. Header verified by agent 2026-09-25; data rows fetched 2026-09-24. INDUSTRY field is Adult-use for every row; Craft Marijuana Cooperative and non-cultivation facility types report 0 plants."
MA,2020-06,month,19,plants_harvested_adult_use,6640771,plants,"Massachusetts Cannabis Control Commission Open Data, Marijuana Establishment Adult-use and MMEs Plant Activity and Volume (a_sales_au_activityvolume; CCCLastUpdated 2026-09-08)",https://masscannabiscontrol.com/resource/a_sales_au_activityvolume.csv,2026-09-24,"DERIVED by agent: sum of CCC field PLANTHARVESTEDCOUNT for facility types Marijuana Cultivator (6617233) and Marijuana Microbusiness (23538). CCC publishes no definition of these fields. Values are not end-of-month plant inventories: PLANTHARVESTEDCOUNT runs about 25 times PLANTFLOWERINGCOUNT and all fields dip in February and in 2020-04, so they behave as monthly aggregates of daily Metrc activity records. Use as a relative index of cultivation activity, not as a plant stock. The CCC February 2025 industry report gives the same Jan-Apr 2024 shares (harvested 72 pct, destroyed 21 pct, flowering 4 pct, vegetative 2 pct) but a monthly average of 28,797 plants, a different scale from these fields. Header verified by agent 2026-09-25; data rows fetched 2026-09-24. INDUSTRY field is Adult-use for every row; Craft Marijuana Cooperative and non-cultivation facility types report 0 plants."
MA,2020-07,month,20,plants_harvested_adult_use,7847356,plants,"Massachusetts Cannabis Control Commission Open Data, Marijuana Establishment Adult-use and MMEs Plant Activity and Volume (a_sales_au_activityvolume; CCCLastUpdated 2026-09-08)",https://masscannabiscontrol.com/resource/a_sales_au_activityvolume.csv,2026-09-24,"DERIVED by agent: sum of CCC field PLANTHARVESTEDCOUNT for facility types Marijuana Cultivator (7818818) and Marijuana Microbusiness (28538). CCC publishes no definition of these fields. Values are not end-of-month plant inventories: PLANTHARVESTEDCOUNT runs about 25 times PLANTFLOWERINGCOUNT and all fields dip in February and in 2020-04, so they behave as monthly aggregates of daily Metrc activity records. Use as a relative index of cultivation activity, not as a plant stock. The CCC February 2025 industry report gives the same Jan-Apr 2024 shares (harvested 72 pct, destroyed 21 pct, flowering 4 pct, vegetative 2 pct) but a monthly average of 28,797 plants, a different scale from these fields. Header verified by agent 2026-09-25; data rows fetched 2026-09-24. INDUSTRY field is Adult-use for every row; Craft Marijuana Cooperative and non-cultivation facility types report 0 plants."
MA,2020-08,month,21,plants_harvested_adult_use,8803718,plants,"Massachusetts Cannabis Control Commission Open Data, Marijuana Establishment Adult-use and MMEs Plant Activity and Volume (a_sales_au_activityvolume; CCCLastUpdated 2026-09-08)",https://masscannabiscontrol.com/resource/a_sales_au_activityvolume.csv,2026-09-24,"DERIVED by agent: sum of CCC field PLANTHARVESTEDCOUNT for facility types Marijuana Cultivator (8772488) and Marijuana Microbusiness (31230). CCC publishes no definition of these fields. Values are not end-of-month plant inventories: PLANTHARVESTEDCOUNT runs about 25 times PLANTFLOWERINGCOUNT and all fields dip in February and in 2020-04, so they behave as monthly aggregates of daily Metrc activity records. Use as a relative index of cultivation activity, not as a plant stock. The CCC February 2025 industry report gives the same Jan-Apr 2024 shares (harvested 72 pct, destroyed 21 pct, flowering 4 pct, vegetative 2 pct) but a monthly average of 28,797 plants, a different scale from these fields. Header verified by agent 2026-09-25; data rows fetched 2026-09-24. INDUSTRY field is Adult-use for every row; Craft Marijuana Cooperative and non-cultivation facility types report 0 plants."
MA,2020-09,month,22,plants_harvested_adult_use,8818855,plants,"Massachusetts Cannabis Control Commission Open Data, Marijuana Establishment Adult-use and MMEs Plant Activity and Volume (a_sales_au_activityvolume; CCCLastUpdated 2026-09-08)",https://masscannabiscontrol.com/resource/a_sales_au_activityvolume.csv,2026-09-24,"DERIVED by agent: sum of CCC field PLANTHARVESTEDCOUNT for facility types Marijuana Cultivator (8787968) and Marijuana Microbusiness (30887). CCC publishes no definition of these fields. Values are not end-of-month plant inventories: PLANTHARVESTEDCOUNT runs about 25 times PLANTFLOWERINGCOUNT and all fields dip in February and in 2020-04, so they behave as monthly aggregates of daily Metrc activity records. Use as a relative index of cultivation activity, not as a plant stock. The CCC February 2025 industry report gives the same Jan-Apr 2024 shares (harvested 72 pct, destroyed 21 pct, flowering 4 pct, vegetative 2 pct) but a monthly average of 28,797 plants, a different scale from these fields. Header verified by agent 2026-09-25; data rows fetched 2026-09-24. INDUSTRY field is Adult-use for every row; Craft Marijuana Cooperative and non-cultivation facility types report 0 plants."
MA,2020-10,month,23,plants_harvested_adult_use,9339930,plants,"Massachusetts Cannabis Control Commission Open Data, Marijuana Establishment Adult-use and MMEs Plant Activity and Volume (a_sales_au_activityvolume; CCCLastUpdated 2026-09-08)",https://masscannabiscontrol.com/resource/a_sales_au_activityvolume.csv,2026-09-24,"DERIVED by agent: sum of CCC field PLANTHARVESTEDCOUNT for facility types Marijuana Cultivator (9303875) and Marijuana Microbusiness (36055). CCC publishes no definition of these fields. Values are not end-of-month plant inventories: PLANTHARVESTEDCOUNT runs about 25 times PLANTFLOWERINGCOUNT and all fields dip in February and in 2020-04, so they behave as monthly aggregates of daily Metrc activity records. Use as a relative index of cultivation activity, not as a plant stock. The CCC February 2025 industry report gives the same Jan-Apr 2024 shares (harvested 72 pct, destroyed 21 pct, flowering 4 pct, vegetative 2 pct) but a monthly average of 28,797 plants, a different scale from these fields. Header verified by agent 2026-09-25; data rows fetched 2026-09-24. INDUSTRY field is Adult-use for every row; Craft Marijuana Cooperative and non-cultivation facility types report 0 plants."
MA,2020-11,month,24,plants_harvested_adult_use,9481498,plants,"Massachusetts Cannabis Control Commission Open Data, Marijuana Establishment Adult-use and MMEs Plant Activity and Volume (a_sales_au_activityvolume; CCCLastUpdated 2026-09-08)",https://masscannabiscontrol.com/resource/a_sales_au_activityvolume.csv,2026-09-24,"DERIVED by agent: sum of CCC field PLANTHARVESTEDCOUNT for facility types Marijuana Cultivator (9439527) and Marijuana Microbusiness (41971). CCC publishes no definition of these fields. Values are not end-of-month plant inventories: PLANTHARVESTEDCOUNT runs about 25 times PLANTFLOWERINGCOUNT and all fields dip in February and in 2020-04, so they behave as monthly aggregates of daily Metrc activity records. Use as a relative index of cultivation activity, not as a plant stock. The CCC February 2025 industry report gives the same Jan-Apr 2024 shares (harvested 72 pct, destroyed 21 pct, flowering 4 pct, vegetative 2 pct) but a monthly average of 28,797 plants, a different scale from these fields. Header verified by agent 2026-09-25; data rows fetched 2026-09-24. INDUSTRY field is Adult-use for every row; Craft Marijuana Cooperative and non-cultivation facility types report 0 plants."
MA,2020-12,month,25,plants_harvested_adult_use,11370355,plants,"Massachusetts Cannabis Control Commission Open Data, Marijuana Establishment Adult-use and MMEs Plant Activity and Volume (a_sales_au_activityvolume; CCCLastUpdated 2026-09-08)",https://masscannabiscontrol.com/resource/a_sales_au_activityvolume.csv,2026-09-24,"DERIVED by agent: sum of CCC field PLANTHARVESTEDCOUNT for facility types Marijuana Cultivator (11332574) and Marijuana Microbusiness (37781). CCC publishes no definition of these fields. Values are not end-of-month plant inventories: PLANTHARVESTEDCOUNT runs about 25 times PLANTFLOWERINGCOUNT and all fields dip in February and in 2020-04, so they behave as monthly aggregates of daily Metrc activity records. Use as a relative index of cultivation activity, not as a plant stock. The CCC February 2025 industry report gives the same Jan-Apr 2024 shares (harvested 72 pct, destroyed 21 pct, flowering 4 pct, vegetative 2 pct) but a monthly average of 28,797 plants, a different scale from these fields. Header verified by agent 2026-09-25; data rows fetched 2026-09-24. INDUSTRY field is Adult-use for every row; Craft Marijuana Cooperative and non-cultivation facility types report 0 plants."
MA,2021-01,month,26,plants_harvested_adult_use,11198055,plants,"Massachusetts Cannabis Control Commission Open Data, Marijuana Establishment Adult-use and MMEs Plant Activity and Volume (a_sales_au_activityvolume; CCCLastUpdated 2026-09-08)",https://masscannabiscontrol.com/resource/a_sales_au_activityvolume.csv,2026-09-24,"DERIVED by agent: sum of CCC field PLANTHARVESTEDCOUNT for facility types Marijuana Cultivator (11146849) and Marijuana Microbusiness (51206). CCC publishes no definition of these fields. Values are not end-of-month plant inventories: PLANTHARVESTEDCOUNT runs about 25 times PLANTFLOWERINGCOUNT and all fields dip in February and in 2020-04, so they behave as monthly aggregates of daily Metrc activity records. Use as a relative index of cultivation activity, not as a plant stock. The CCC February 2025 industry report gives the same Jan-Apr 2024 shares (harvested 72 pct, destroyed 21 pct, flowering 4 pct, vegetative 2 pct) but a monthly average of 28,797 plants, a different scale from these fields. Header verified by agent 2026-09-25; data rows fetched 2026-09-24. INDUSTRY field is Adult-use for every row; Craft Marijuana Cooperative and non-cultivation facility types report 0 plants."
MA,2021-02,month,27,plants_harvested_adult_use,11116536,plants,"Massachusetts Cannabis Control Commission Open Data, Marijuana Establishment Adult-use and MMEs Plant Activity and Volume (a_sales_au_activityvolume; CCCLastUpdated 2026-09-08)",https://masscannabiscontrol.com/resource/a_sales_au_activityvolume.csv,2026-09-24,"DERIVED by agent: sum of CCC field PLANTHARVESTEDCOUNT for facility types Marijuana Cultivator (11069535) and Marijuana Microbusiness (47001). CCC publishes no definition of these fields. Values are not end-of-month plant inventories: PLANTHARVESTEDCOUNT runs about 25 times PLANTFLOWERINGCOUNT and all fields dip in February and in 2020-04, so they behave as monthly aggregates of daily Metrc activity records. Use as a relative index of cultivation activity, not as a plant stock. The CCC February 2025 industry report gives the same Jan-Apr 2024 shares (harvested 72 pct, destroyed 21 pct, flowering 4 pct, vegetative 2 pct) but a monthly average of 28,797 plants, a different scale from these fields. Header verified by agent 2026-09-25; data rows fetched 2026-09-24. INDUSTRY field is Adult-use for every row; Craft Marijuana Cooperative and non-cultivation facility types report 0 plants."
MA,2021-03,month,28,plants_harvested_adult_use,12177949,plants,"Massachusetts Cannabis Control Commission Open Data, Marijuana Establishment Adult-use and MMEs Plant Activity and Volume (a_sales_au_activityvolume; CCCLastUpdated 2026-09-08)",https://masscannabiscontrol.com/resource/a_sales_au_activityvolume.csv,2026-09-24,"DERIVED by agent: sum of CCC field PLANTHARVESTEDCOUNT for facility types Marijuana Cultivator (12113567) and Marijuana Microbusiness (64382). CCC publishes no definition of these fields. Values are not end-of-month plant inventories: PLANTHARVESTEDCOUNT runs about 25 times PLANTFLOWERINGCOUNT and all fields dip in February and in 2020-04, so they behave as monthly aggregates of daily Metrc activity records. Use as a relative index of cultivation activity, not as a plant stock. The CCC February 2025 industry report gives the same Jan-Apr 2024 shares (harvested 72 pct, destroyed 21 pct, flowering 4 pct, vegetative 2 pct) but a monthly average of 28,797 plants, a different scale from these fields. Header verified by agent 2026-09-25; data rows fetched 2026-09-24. INDUSTRY field is Adult-use for every row; Craft Marijuana Cooperative and non-cultivation facility types report 0 plants."
MA,2021-04,month,29,plants_harvested_adult_use,12248780,plants,"Massachusetts Cannabis Control Commission Open Data, Marijuana Establishment Adult-use and MMEs Plant Activity and Volume (a_sales_au_activityvolume; CCCLastUpdated 2026-09-08)",https://masscannabiscontrol.com/resource/a_sales_au_activityvolume.csv,2026-09-24,"DERIVED by agent: sum of CCC field PLANTHARVESTEDCOUNT for facility types Marijuana Cultivator (12180394) and Marijuana Microbusiness (68386). CCC publishes no definition of these fields. Values are not end-of-month plant inventories: PLANTHARVESTEDCOUNT runs about 25 times PLANTFLOWERINGCOUNT and all fields dip in February and in 2020-04, so they behave as monthly aggregates of daily Metrc activity records. Use as a relative index of cultivation activity, not as a plant stock. The CCC February 2025 industry report gives the same Jan-Apr 2024 shares (harvested 72 pct, destroyed 21 pct, flowering 4 pct, vegetative 2 pct) but a monthly average of 28,797 plants, a different scale from these fields. Header verified by agent 2026-09-25; data rows fetched 2026-09-24. INDUSTRY field is Adult-use for every row; Craft Marijuana Cooperative and non-cultivation facility types report 0 plants."
MA,2021-05,month,30,plants_harvested_adult_use,14584454,plants,"Massachusetts Cannabis Control Commission Open Data, Marijuana Establishment Adult-use and MMEs Plant Activity and Volume (a_sales_au_activityvolume; CCCLastUpdated 2026-09-08)",https://masscannabiscontrol.com/resource/a_sales_au_activityvolume.csv,2026-09-24,"DERIVED by agent: sum of CCC field PLANTHARVESTEDCOUNT for facility types Marijuana Cultivator (14474292) and Marijuana Microbusiness (110162). CCC publishes no definition of these fields. Values are not end-of-month plant inventories: PLANTHARVESTEDCOUNT runs about 25 times PLANTFLOWERINGCOUNT and all fields dip in February and in 2020-04, so they behave as monthly aggregates of daily Metrc activity records. Use as a relative index of cultivation activity, not as a plant stock. The CCC February 2025 industry report gives the same Jan-Apr 2024 shares (harvested 72 pct, destroyed 21 pct, flowering 4 pct, vegetative 2 pct) but a monthly average of 28,797 plants, a different scale from these fields. Header verified by agent 2026-09-25; data rows fetched 2026-09-24. INDUSTRY field is Adult-use for every row; Craft Marijuana Cooperative and non-cultivation facility types report 0 plants."
MA,2021-06,month,31,plants_harvested_adult_use,14219586,plants,"Massachusetts Cannabis Control Commission Open Data, Marijuana Establishment Adult-use and MMEs Plant Activity and Volume (a_sales_au_activityvolume; CCCLastUpdated 2026-09-08)",https://masscannabiscontrol.com/resource/a_sales_au_activityvolume.csv,2026-09-24,"DERIVED by agent: sum of CCC field PLANTHARVESTEDCOUNT for facility types Marijuana Cultivator (14088139) and Marijuana Microbusiness (131447). CCC publishes no definition of these fields. Values are not end-of-month plant inventories: PLANTHARVESTEDCOUNT runs about 25 times PLANTFLOWERINGCOUNT and all fields dip in February and in 2020-04, so they behave as monthly aggregates of daily Metrc activity records. Use as a relative index of cultivation activity, not as a plant stock. The CCC February 2025 industry report gives the same Jan-Apr 2024 shares (harvested 72 pct, destroyed 21 pct, flowering 4 pct, vegetative 2 pct) but a monthly average of 28,797 plants, a different scale from these fields. Header verified by agent 2026-09-25; data rows fetched 2026-09-24. INDUSTRY field is Adult-use for every row; Craft Marijuana Cooperative and non-cultivation facility types report 0 plants."
MA,2021-07,month,32,plants_harvested_adult_use,16412266,plants,"Massachusetts Cannabis Control Commission Open Data, Marijuana Establishment Adult-use and MMEs Plant Activity and Volume (a_sales_au_activityvolume; CCCLastUpdated 2026-09-08)",https://masscannabiscontrol.com/resource/a_sales_au_activityvolume.csv,2026-09-24,"DERIVED by agent: sum of CCC field PLANTHARVESTEDCOUNT for facility types Marijuana Cultivator (16289009) and Marijuana Microbusiness (123257). CCC publishes no definition of these fields. Values are not end-of-month plant inventories: PLANTHARVESTEDCOUNT runs about 25 times PLANTFLOWERINGCOUNT and all fields dip in February and in 2020-04, so they behave as monthly aggregates of daily Metrc activity records. Use as a relative index of cultivation activity, not as a plant stock. The CCC February 2025 industry report gives the same Jan-Apr 2024 shares (harvested 72 pct, destroyed 21 pct, flowering 4 pct, vegetative 2 pct) but a monthly average of 28,797 plants, a different scale from these fields. Header verified by agent 2026-09-25; data rows fetched 2026-09-24. INDUSTRY field is Adult-use for every row; Craft Marijuana Cooperative and non-cultivation facility types report 0 plants."
MA,2021-08,month,33,plants_harvested_adult_use,16410685,plants,"Massachusetts Cannabis Control Commission Open Data, Marijuana Establishment Adult-use and MMEs Plant Activity and Volume (a_sales_au_activityvolume; CCCLastUpdated 2026-09-08)",https://masscannabiscontrol.com/resource/a_sales_au_activityvolume.csv,2026-09-24,"DERIVED by agent: sum of CCC field PLANTHARVESTEDCOUNT for facility types Marijuana Cultivator (16266377) and Marijuana Microbusiness (144308). CCC publishes no definition of these fields. Values are not end-of-month plant inventories: PLANTHARVESTEDCOUNT runs about 25 times PLANTFLOWERINGCOUNT and all fields dip in February and in 2020-04, so they behave as monthly aggregates of daily Metrc activity records. Use as a relative index of cultivation activity, not as a plant stock. The CCC February 2025 industry report gives the same Jan-Apr 2024 shares (harvested 72 pct, destroyed 21 pct, flowering 4 pct, vegetative 2 pct) but a monthly average of 28,797 plants, a different scale from these fields. Header verified by agent 2026-09-25; data rows fetched 2026-09-24. INDUSTRY field is Adult-use for every row; Craft Marijuana Cooperative and non-cultivation facility types report 0 plants."
MA,2021-09,month,34,plants_harvested_adult_use,18474534,plants,"Massachusetts Cannabis Control Commission Open Data, Marijuana Establishment Adult-use and MMEs Plant Activity and Volume (a_sales_au_activityvolume; CCCLastUpdated 2026-09-08)",https://masscannabiscontrol.com/resource/a_sales_au_activityvolume.csv,2026-09-24,"DERIVED by agent: sum of CCC field PLANTHARVESTEDCOUNT for facility types Marijuana Cultivator (18308065) and Marijuana Microbusiness (166469). CCC publishes no definition of these fields. Values are not end-of-month plant inventories: PLANTHARVESTEDCOUNT runs about 25 times PLANTFLOWERINGCOUNT and all fields dip in February and in 2020-04, so they behave as monthly aggregates of daily Metrc activity records. Use as a relative index of cultivation activity, not as a plant stock. The CCC February 2025 industry report gives the same Jan-Apr 2024 shares (harvested 72 pct, destroyed 21 pct, flowering 4 pct, vegetative 2 pct) but a monthly average of 28,797 plants, a different scale from these fields. Header verified by agent 2026-09-25; data rows fetched 2026-09-24. INDUSTRY field is Adult-use for every row; Craft Marijuana Cooperative and non-cultivation facility types report 0 plants."
MA,2021-10,month,35,plants_harvested_adult_use,20003802,plants,"Massachusetts Cannabis Control Commission Open Data, Marijuana Establishment Adult-use and MMEs Plant Activity and Volume (a_sales_au_activityvolume; CCCLastUpdated 2026-09-08)",https://masscannabiscontrol.com/resource/a_sales_au_activityvolume.csv,2026-09-24,"DERIVED by agent: sum of CCC field PLANTHARVESTEDCOUNT for facility types Marijuana Cultivator (19774055) and Marijuana Microbusiness (229747). CCC publishes no definition of these fields. Values are not end-of-month plant inventories: PLANTHARVESTEDCOUNT runs about 25 times PLANTFLOWERINGCOUNT and all fields dip in February and in 2020-04, so they behave as monthly aggregates of daily Metrc activity records. Use as a relative index of cultivation activity, not as a plant stock. The CCC February 2025 industry report gives the same Jan-Apr 2024 shares (harvested 72 pct, destroyed 21 pct, flowering 4 pct, vegetative 2 pct) but a monthly average of 28,797 plants, a different scale from these fields. Header verified by agent 2026-09-25; data rows fetched 2026-09-24. INDUSTRY field is Adult-use for every row; Craft Marijuana Cooperative and non-cultivation facility types report 0 plants."
MA,2021-11,month,36,plants_harvested_adult_use,20151555,plants,"Massachusetts Cannabis Control Commission Open Data, Marijuana Establishment Adult-use and MMEs Plant Activity and Volume (a_sales_au_activityvolume; CCCLastUpdated 2026-09-08)",https://masscannabiscontrol.com/resource/a_sales_au_activityvolume.csv,2026-09-24,"DERIVED by agent: sum of CCC field PLANTHARVESTEDCOUNT for facility types Marijuana Cultivator (19967949) and Marijuana Microbusiness (183606). CCC publishes no definition of these fields. Values are not end-of-month plant inventories: PLANTHARVESTEDCOUNT runs about 25 times PLANTFLOWERINGCOUNT and all fields dip in February and in 2020-04, so they behave as monthly aggregates of daily Metrc activity records. Use as a relative index of cultivation activity, not as a plant stock. The CCC February 2025 industry report gives the same Jan-Apr 2024 shares (harvested 72 pct, destroyed 21 pct, flowering 4 pct, vegetative 2 pct) but a monthly average of 28,797 plants, a different scale from these fields. Header verified by agent 2026-09-25; data rows fetched 2026-09-24. INDUSTRY field is Adult-use for every row; Craft Marijuana Cooperative and non-cultivation facility types report 0 plants."
MA,2021-12,month,37,plants_harvested_adult_use,23634843,plants,"Massachusetts Cannabis Control Commission Open Data, Marijuana Establishment Adult-use and MMEs Plant Activity and Volume (a_sales_au_activityvolume; CCCLastUpdated 2026-09-08)",https://masscannabiscontrol.com/resource/a_sales_au_activityvolume.csv,2026-09-24,"DERIVED by agent: sum of CCC field PLANTHARVESTEDCOUNT for facility types Marijuana Cultivator (23395282) and Marijuana Microbusiness (239561). CCC publishes no definition of these fields. Values are not end-of-month plant inventories: PLANTHARVESTEDCOUNT runs about 25 times PLANTFLOWERINGCOUNT and all fields dip in February and in 2020-04, so they behave as monthly aggregates of daily Metrc activity records. Use as a relative index of cultivation activity, not as a plant stock. The CCC February 2025 industry report gives the same Jan-Apr 2024 shares (harvested 72 pct, destroyed 21 pct, flowering 4 pct, vegetative 2 pct) but a monthly average of 28,797 plants, a different scale from these fields. Header verified by agent 2026-09-25; data rows fetched 2026-09-24. INDUSTRY field is Adult-use for every row; Craft Marijuana Cooperative and non-cultivation facility types report 0 plants."
MA,2022-01,month,38,plants_harvested_adult_use,23833559,plants,"Massachusetts Cannabis Control Commission Open Data, Marijuana Establishment Adult-use and MMEs Plant Activity and Volume (a_sales_au_activityvolume; CCCLastUpdated 2026-09-08)",https://masscannabiscontrol.com/resource/a_sales_au_activityvolume.csv,2026-09-24,"DERIVED by agent: sum of CCC field PLANTHARVESTEDCOUNT for facility types Marijuana Cultivator (23540245) and Marijuana Microbusiness (293314). CCC publishes no definition of these fields. Values are not end-of-month plant inventories: PLANTHARVESTEDCOUNT runs about 25 times PLANTFLOWERINGCOUNT and all fields dip in February and in 2020-04, so they behave as monthly aggregates of daily Metrc activity records. Use as a relative index of cultivation activity, not as a plant stock. The CCC February 2025 industry report gives the same Jan-Apr 2024 shares (harvested 72 pct, destroyed 21 pct, flowering 4 pct, vegetative 2 pct) but a monthly average of 28,797 plants, a different scale from these fields. Header verified by agent 2026-09-25; data rows fetched 2026-09-24. INDUSTRY field is Adult-use for every row; Craft Marijuana Cooperative and non-cultivation facility types report 0 plants."
MA,2022-02,month,39,plants_harvested_adult_use,22518759,plants,"Massachusetts Cannabis Control Commission Open Data, Marijuana Establishment Adult-use and MMEs Plant Activity and Volume (a_sales_au_activityvolume; CCCLastUpdated 2026-09-08)",https://masscannabiscontrol.com/resource/a_sales_au_activityvolume.csv,2026-09-24,"DERIVED by agent: sum of CCC field PLANTHARVESTEDCOUNT for facility types Marijuana Cultivator (22265678) and Marijuana Microbusiness (253081). CCC publishes no definition of these fields. Values are not end-of-month plant inventories: PLANTHARVESTEDCOUNT runs about 25 times PLANTFLOWERINGCOUNT and all fields dip in February and in 2020-04, so they behave as monthly aggregates of daily Metrc activity records. Use as a relative index of cultivation activity, not as a plant stock. The CCC February 2025 industry report gives the same Jan-Apr 2024 shares (harvested 72 pct, destroyed 21 pct, flowering 4 pct, vegetative 2 pct) but a monthly average of 28,797 plants, a different scale from these fields. Header verified by agent 2026-09-25; data rows fetched 2026-09-24. INDUSTRY field is Adult-use for every row; Craft Marijuana Cooperative and non-cultivation facility types report 0 plants."
MA,2022-03,month,40,plants_harvested_adult_use,27803642,plants,"Massachusetts Cannabis Control Commission Open Data, Marijuana Establishment Adult-use and MMEs Plant Activity and Volume (a_sales_au_activityvolume; CCCLastUpdated 2026-09-08)",https://masscannabiscontrol.com/resource/a_sales_au_activityvolume.csv,2026-09-24,"DERIVED by agent: sum of CCC field PLANTHARVESTEDCOUNT for facility types Marijuana Cultivator (27471789) and Marijuana Microbusiness (331853). CCC publishes no definition of these fields. Values are not end-of-month plant inventories: PLANTHARVESTEDCOUNT runs about 25 times PLANTFLOWERINGCOUNT and all fields dip in February and in 2020-04, so they behave as monthly aggregates of daily Metrc activity records. Use as a relative index of cultivation activity, not as a plant stock. The CCC February 2025 industry report gives the same Jan-Apr 2024 shares (harvested 72 pct, destroyed 21 pct, flowering 4 pct, vegetative 2 pct) but a monthly average of 28,797 plants, a different scale from these fields. Header verified by agent 2026-09-25; data rows fetched 2026-09-24. INDUSTRY field is Adult-use for every row; Craft Marijuana Cooperative and non-cultivation facility types report 0 plants."
MA,2022-04,month,41,plants_harvested_adult_use,27100580,plants,"Massachusetts Cannabis Control Commission Open Data, Marijuana Establishment Adult-use and MMEs Plant Activity and Volume (a_sales_au_activityvolume; CCCLastUpdated 2026-09-08)",https://masscannabiscontrol.com/resource/a_sales_au_activityvolume.csv,2026-09-24,"DERIVED by agent: sum of CCC field PLANTHARVESTEDCOUNT for facility types Marijuana Cultivator (26667423) and Marijuana Microbusiness (433157). CCC publishes no definition of these fields. Values are not end-of-month plant inventories: PLANTHARVESTEDCOUNT runs about 25 times PLANTFLOWERINGCOUNT and all fields dip in February and in 2020-04, so they behave as monthly aggregates of daily Metrc activity records. Use as a relative index of cultivation activity, not as a plant stock. The CCC February 2025 industry report gives the same Jan-Apr 2024 shares (harvested 72 pct, destroyed 21 pct, flowering 4 pct, vegetative 2 pct) but a monthly average of 28,797 plants, a different scale from these fields. Header verified by agent 2026-09-25; data rows fetched 2026-09-24. INDUSTRY field is Adult-use for every row; Craft Marijuana Cooperative and non-cultivation facility types report 0 plants."
MA,2022-05,month,42,plants_harvested_adult_use,29328920,plants,"Massachusetts Cannabis Control Commission Open Data, Marijuana Establishment Adult-use and MMEs Plant Activity and Volume (a_sales_au_activityvolume; CCCLastUpdated 2026-09-08)",https://masscannabiscontrol.com/resource/a_sales_au_activityvolume.csv,2026-09-24,"DERIVED by agent: sum of CCC field PLANTHARVESTEDCOUNT for facility types Marijuana Cultivator (28959982) and Marijuana Microbusiness (368938). CCC publishes no definition of these fields. Values are not end-of-month plant inventories: PLANTHARVESTEDCOUNT runs about 25 times PLANTFLOWERINGCOUNT and all fields dip in February and in 2020-04, so they behave as monthly aggregates of daily Metrc activity records. Use as a relative index of cultivation activity, not as a plant stock. The CCC February 2025 industry report gives the same Jan-Apr 2024 shares (harvested 72 pct, destroyed 21 pct, flowering 4 pct, vegetative 2 pct) but a monthly average of 28,797 plants, a different scale from these fields. Header verified by agent 2026-09-25; data rows fetched 2026-09-24. INDUSTRY field is Adult-use for every row; Craft Marijuana Cooperative and non-cultivation facility types report 0 plants."
MA,2022-06,month,43,plants_harvested_adult_use,28913600,plants,"Massachusetts Cannabis Control Commission Open Data, Marijuana Establishment Adult-use and MMEs Plant Activity and Volume (a_sales_au_activityvolume; CCCLastUpdated 2026-09-08)",https://masscannabiscontrol.com/resource/a_sales_au_activityvolume.csv,2026-09-24,"DERIVED by agent: sum of CCC field PLANTHARVESTEDCOUNT for facility types Marijuana Cultivator (28508338) and Marijuana Microbusiness (405262). CCC publishes no definition of these fields. Values are not end-of-month plant inventories: PLANTHARVESTEDCOUNT runs about 25 times PLANTFLOWERINGCOUNT and all fields dip in February and in 2020-04, so they behave as monthly aggregates of daily Metrc activity records. Use as a relative index of cultivation activity, not as a plant stock. The CCC February 2025 industry report gives the same Jan-Apr 2024 shares (harvested 72 pct, destroyed 21 pct, flowering 4 pct, vegetative 2 pct) but a monthly average of 28,797 plants, a different scale from these fields. Header verified by agent 2026-09-25; data rows fetched 2026-09-24. INDUSTRY field is Adult-use for every row; Craft Marijuana Cooperative and non-cultivation facility types report 0 plants."
MA,2022-07,month,44,plants_harvested_adult_use,31653653,plants,"Massachusetts Cannabis Control Commission Open Data, Marijuana Establishment Adult-use and MMEs Plant Activity and Volume (a_sales_au_activityvolume; CCCLastUpdated 2026-09-08)",https://masscannabiscontrol.com/resource/a_sales_au_activityvolume.csv,2026-09-24,"DERIVED by agent: sum of CCC field PLANTHARVESTEDCOUNT for facility types Marijuana Cultivator (31159985) and Marijuana Microbusiness (493668). CCC publishes no definition of these fields. Values are not end-of-month plant inventories: PLANTHARVESTEDCOUNT runs about 25 times PLANTFLOWERINGCOUNT and all fields dip in February and in 2020-04, so they behave as monthly aggregates of daily Metrc activity records. Use as a relative index of cultivation activity, not as a plant stock. The CCC February 2025 industry report gives the same Jan-Apr 2024 shares (harvested 72 pct, destroyed 21 pct, flowering 4 pct, vegetative 2 pct) but a monthly average of 28,797 plants, a different scale from these fields. Header verified by agent 2026-09-25; data rows fetched 2026-09-24. INDUSTRY field is Adult-use for every row; Craft Marijuana Cooperative and non-cultivation facility types report 0 plants."
MA,2022-08,month,45,plants_harvested_adult_use,33596599,plants,"Massachusetts Cannabis Control Commission Open Data, Marijuana Establishment Adult-use and MMEs Plant Activity and Volume (a_sales_au_activityvolume; CCCLastUpdated 2026-09-08)",https://masscannabiscontrol.com/resource/a_sales_au_activityvolume.csv,2026-09-24,"DERIVED by agent: sum of CCC field PLANTHARVESTEDCOUNT for facility types Marijuana Cultivator (33087664) and Marijuana Microbusiness (508935). CCC publishes no definition of these fields. Values are not end-of-month plant inventories: PLANTHARVESTEDCOUNT runs about 25 times PLANTFLOWERINGCOUNT and all fields dip in February and in 2020-04, so they behave as monthly aggregates of daily Metrc activity records. Use as a relative index of cultivation activity, not as a plant stock. The CCC February 2025 industry report gives the same Jan-Apr 2024 shares (harvested 72 pct, destroyed 21 pct, flowering 4 pct, vegetative 2 pct) but a monthly average of 28,797 plants, a different scale from these fields. Header verified by agent 2026-09-25; data rows fetched 2026-09-24. INDUSTRY field is Adult-use for every row; Craft Marijuana Cooperative and non-cultivation facility types report 0 plants."
MA,2022-09,month,46,plants_harvested_adult_use,33586501,plants,"Massachusetts Cannabis Control Commission Open Data, Marijuana Establishment Adult-use and MMEs Plant Activity and Volume (a_sales_au_activityvolume; CCCLastUpdated 2026-09-08)",https://masscannabiscontrol.com/resource/a_sales_au_activityvolume.csv,2026-09-24,"DERIVED by agent: sum of CCC field PLANTHARVESTEDCOUNT for facility types Marijuana Cultivator (33125682) and Marijuana Microbusiness (460819). CCC publishes no definition of these fields. Values are not end-of-month plant inventories: PLANTHARVESTEDCOUNT runs about 25 times PLANTFLOWERINGCOUNT and all fields dip in February and in 2020-04, so they behave as monthly aggregates of daily Metrc activity records. Use as a relative index of cultivation activity, not as a plant stock. The CCC February 2025 industry report gives the same Jan-Apr 2024 shares (harvested 72 pct, destroyed 21 pct, flowering 4 pct, vegetative 2 pct) but a monthly average of 28,797 plants, a different scale from these fields. Header verified by agent 2026-09-25; data rows fetched 2026-09-24. INDUSTRY field is Adult-use for every row; Craft Marijuana Cooperative and non-cultivation facility types report 0 plants."
MA,2022-10,month,47,plants_harvested_adult_use,38880155,plants,"Massachusetts Cannabis Control Commission Open Data, Marijuana Establishment Adult-use and MMEs Plant Activity and Volume (a_sales_au_activityvolume; CCCLastUpdated 2026-09-08)",https://masscannabiscontrol.com/resource/a_sales_au_activityvolume.csv,2026-09-24,"DERIVED by agent: sum of CCC field PLANTHARVESTEDCOUNT for facility types Marijuana Cultivator (38347017) and Marijuana Microbusiness (533138). CCC publishes no definition of these fields. Values are not end-of-month plant inventories: PLANTHARVESTEDCOUNT runs about 25 times PLANTFLOWERINGCOUNT and all fields dip in February and in 2020-04, so they behave as monthly aggregates of daily Metrc activity records. Use as a relative index of cultivation activity, not as a plant stock. The CCC February 2025 industry report gives the same Jan-Apr 2024 shares (harvested 72 pct, destroyed 21 pct, flowering 4 pct, vegetative 2 pct) but a monthly average of 28,797 plants, a different scale from these fields. Header verified by agent 2026-09-25; data rows fetched 2026-09-24. INDUSTRY field is Adult-use for every row; Craft Marijuana Cooperative and non-cultivation facility types report 0 plants."
MA,2022-11,month,48,plants_harvested_adult_use,36541739,plants,"Massachusetts Cannabis Control Commission Open Data, Marijuana Establishment Adult-use and MMEs Plant Activity and Volume (a_sales_au_activityvolume; CCCLastUpdated 2026-09-08)",https://masscannabiscontrol.com/resource/a_sales_au_activityvolume.csv,2026-09-24,"DERIVED by agent: sum of CCC field PLANTHARVESTEDCOUNT for facility types Marijuana Cultivator (35984273) and Marijuana Microbusiness (557466). CCC publishes no definition of these fields. Values are not end-of-month plant inventories: PLANTHARVESTEDCOUNT runs about 25 times PLANTFLOWERINGCOUNT and all fields dip in February and in 2020-04, so they behave as monthly aggregates of daily Metrc activity records. Use as a relative index of cultivation activity, not as a plant stock. The CCC February 2025 industry report gives the same Jan-Apr 2024 shares (harvested 72 pct, destroyed 21 pct, flowering 4 pct, vegetative 2 pct) but a monthly average of 28,797 plants, a different scale from these fields. Header verified by agent 2026-09-25; data rows fetched 2026-09-24. INDUSTRY field is Adult-use for every row; Craft Marijuana Cooperative and non-cultivation facility types report 0 plants."
MA,2022-12,month,49,plants_harvested_adult_use,39522679,plants,"Massachusetts Cannabis Control Commission Open Data, Marijuana Establishment Adult-use and MMEs Plant Activity and Volume (a_sales_au_activityvolume; CCCLastUpdated 2026-09-08)",https://masscannabiscontrol.com/resource/a_sales_au_activityvolume.csv,2026-09-24,"DERIVED by agent: sum of CCC field PLANTHARVESTEDCOUNT for facility types Marijuana Cultivator (38845355) and Marijuana Microbusiness (677324). CCC publishes no definition of these fields. Values are not end-of-month plant inventories: PLANTHARVESTEDCOUNT runs about 25 times PLANTFLOWERINGCOUNT and all fields dip in February and in 2020-04, so they behave as monthly aggregates of daily Metrc activity records. Use as a relative index of cultivation activity, not as a plant stock. The CCC February 2025 industry report gives the same Jan-Apr 2024 shares (harvested 72 pct, destroyed 21 pct, flowering 4 pct, vegetative 2 pct) but a monthly average of 28,797 plants, a different scale from these fields. Header verified by agent 2026-09-25; data rows fetched 2026-09-24. INDUSTRY field is Adult-use for every row; Craft Marijuana Cooperative and non-cultivation facility types report 0 plants."
MA,2023-01,month,50,plants_harvested_adult_use,43435041,plants,"Massachusetts Cannabis Control Commission Open Data, Marijuana Establishment Adult-use and MMEs Plant Activity and Volume (a_sales_au_activityvolume; CCCLastUpdated 2026-09-08)",https://masscannabiscontrol.com/resource/a_sales_au_activityvolume.csv,2026-09-24,"DERIVED by agent: sum of CCC field PLANTHARVESTEDCOUNT for facility types Marijuana Cultivator (42767551) and Marijuana Microbusiness (667490). CCC publishes no definition of these fields. Values are not end-of-month plant inventories: PLANTHARVESTEDCOUNT runs about 25 times PLANTFLOWERINGCOUNT and all fields dip in February and in 2020-04, so they behave as monthly aggregates of daily Metrc activity records. Use as a relative index of cultivation activity, not as a plant stock. The CCC February 2025 industry report gives the same Jan-Apr 2024 shares (harvested 72 pct, destroyed 21 pct, flowering 4 pct, vegetative 2 pct) but a monthly average of 28,797 plants, a different scale from these fields. Header verified by agent 2026-09-25; data rows fetched 2026-09-24. INDUSTRY field is Adult-use for every row; Craft Marijuana Cooperative and non-cultivation facility types report 0 plants."
MA,2023-02,month,51,plants_harvested_adult_use,38137448,plants,"Massachusetts Cannabis Control Commission Open Data, Marijuana Establishment Adult-use and MMEs Plant Activity and Volume (a_sales_au_activityvolume; CCCLastUpdated 2026-09-08)",https://masscannabiscontrol.com/resource/a_sales_au_activityvolume.csv,2026-09-24,"DERIVED by agent: sum of CCC field PLANTHARVESTEDCOUNT for facility types Marijuana Cultivator (37506536) and Marijuana Microbusiness (630912). CCC publishes no definition of these fields. Values are not end-of-month plant inventories: PLANTHARVESTEDCOUNT runs about 25 times PLANTFLOWERINGCOUNT and all fields dip in February and in 2020-04, so they behave as monthly aggregates of daily Metrc activity records. Use as a relative index of cultivation activity, not as a plant stock. The CCC February 2025 industry report gives the same Jan-Apr 2024 shares (harvested 72 pct, destroyed 21 pct, flowering 4 pct, vegetative 2 pct) but a monthly average of 28,797 plants, a different scale from these fields. Header verified by agent 2026-09-25; data rows fetched 2026-09-24. INDUSTRY field is Adult-use for every row; Craft Marijuana Cooperative and non-cultivation facility types report 0 plants."
MA,2023-03,month,52,plants_harvested_adult_use,43434056,plants,"Massachusetts Cannabis Control Commission Open Data, Marijuana Establishment Adult-use and MMEs Plant Activity and Volume (a_sales_au_activityvolume; CCCLastUpdated 2026-09-08)",https://masscannabiscontrol.com/resource/a_sales_au_activityvolume.csv,2026-09-24,"DERIVED by agent: sum of CCC field PLANTHARVESTEDCOUNT for facility types Marijuana Cultivator (42680116) and Marijuana Microbusiness (753940). CCC publishes no definition of these fields. Values are not end-of-month plant inventories: PLANTHARVESTEDCOUNT runs about 25 times PLANTFLOWERINGCOUNT and all fields dip in February and in 2020-04, so they behave as monthly aggregates of daily Metrc activity records. Use as a relative index of cultivation activity, not as a plant stock. The CCC February 2025 industry report gives the same Jan-Apr 2024 shares (harvested 72 pct, destroyed 21 pct, flowering 4 pct, vegetative 2 pct) but a monthly average of 28,797 plants, a different scale from these fields. Header verified by agent 2026-09-25; data rows fetched 2026-09-24. INDUSTRY field is Adult-use for every row; Craft Marijuana Cooperative and non-cultivation facility types report 0 plants."
MA,2023-04,month,53,plants_harvested_adult_use,43661386,plants,"Massachusetts Cannabis Control Commission Open Data, Marijuana Establishment Adult-use and MMEs Plant Activity and Volume (a_sales_au_activityvolume; CCCLastUpdated 2026-09-08)",https://masscannabiscontrol.com/resource/a_sales_au_activityvolume.csv,2026-09-24,"DERIVED by agent: sum of CCC field PLANTHARVESTEDCOUNT for facility types Marijuana Cultivator (43064076) and Marijuana Microbusiness (597310). CCC publishes no definition of these fields. Values are not end-of-month plant inventories: PLANTHARVESTEDCOUNT runs about 25 times PLANTFLOWERINGCOUNT and all fields dip in February and in 2020-04, so they behave as monthly aggregates of daily Metrc activity records. Use as a relative index of cultivation activity, not as a plant stock. The CCC February 2025 industry report gives the same Jan-Apr 2024 shares (harvested 72 pct, destroyed 21 pct, flowering 4 pct, vegetative 2 pct) but a monthly average of 28,797 plants, a different scale from these fields. Header verified by agent 2026-09-25; data rows fetched 2026-09-24. INDUSTRY field is Adult-use for every row; Craft Marijuana Cooperative and non-cultivation facility types report 0 plants."
MA,2023-05,month,54,plants_harvested_adult_use,45061013,plants,"Massachusetts Cannabis Control Commission Open Data, Marijuana Establishment Adult-use and MMEs Plant Activity and Volume (a_sales_au_activityvolume; CCCLastUpdated 2026-09-08)",https://masscannabiscontrol.com/resource/a_sales_au_activityvolume.csv,2026-09-24,"DERIVED by agent: sum of CCC field PLANTHARVESTEDCOUNT for facility types Marijuana Cultivator (44101281) and Marijuana Microbusiness (959732). CCC publishes no definition of these fields. Values are not end-of-month plant inventories: PLANTHARVESTEDCOUNT runs about 25 times PLANTFLOWERINGCOUNT and all fields dip in February and in 2020-04, so they behave as monthly aggregates of daily Metrc activity records. Use as a relative index of cultivation activity, not as a plant stock. The CCC February 2025 industry report gives the same Jan-Apr 2024 shares (harvested 72 pct, destroyed 21 pct, flowering 4 pct, vegetative 2 pct) but a monthly average of 28,797 plants, a different scale from these fields. Header verified by agent 2026-09-25; data rows fetched 2026-09-24. INDUSTRY field is Adult-use for every row; Craft Marijuana Cooperative and non-cultivation facility types report 0 plants."
MA,2023-06,month,55,plants_harvested_adult_use,45030920,plants,"Massachusetts Cannabis Control Commission Open Data, Marijuana Establishment Adult-use and MMEs Plant Activity and Volume (a_sales_au_activityvolume; CCCLastUpdated 2026-09-08)",https://masscannabiscontrol.com/resource/a_sales_au_activityvolume.csv,2026-09-24,"DERIVED by agent: sum of CCC field PLANTHARVESTEDCOUNT for facility types Marijuana Cultivator (44205315) and Marijuana Microbusiness (825605). CCC publishes no definition of these fields. Values are not end-of-month plant inventories: PLANTHARVESTEDCOUNT runs about 25 times PLANTFLOWERINGCOUNT and all fields dip in February and in 2020-04, so they behave as monthly aggregates of daily Metrc activity records. Use as a relative index of cultivation activity, not as a plant stock. The CCC February 2025 industry report gives the same Jan-Apr 2024 shares (harvested 72 pct, destroyed 21 pct, flowering 4 pct, vegetative 2 pct) but a monthly average of 28,797 plants, a different scale from these fields. Header verified by agent 2026-09-25; data rows fetched 2026-09-24. INDUSTRY field is Adult-use for every row; Craft Marijuana Cooperative and non-cultivation facility types report 0 plants."
MA,2023-07,month,56,plants_harvested_adult_use,49056823,plants,"Massachusetts Cannabis Control Commission Open Data, Marijuana Establishment Adult-use and MMEs Plant Activity and Volume (a_sales_au_activityvolume; CCCLastUpdated 2026-09-08)",https://masscannabiscontrol.com/resource/a_sales_au_activityvolume.csv,2026-09-24,"DERIVED by agent: sum of CCC field PLANTHARVESTEDCOUNT for facility types Marijuana Cultivator (48100173) and Marijuana Microbusiness (956650). CCC publishes no definition of these fields. Values are not end-of-month plant inventories: PLANTHARVESTEDCOUNT runs about 25 times PLANTFLOWERINGCOUNT and all fields dip in February and in 2020-04, so they behave as monthly aggregates of daily Metrc activity records. Use as a relative index of cultivation activity, not as a plant stock. The CCC February 2025 industry report gives the same Jan-Apr 2024 shares (harvested 72 pct, destroyed 21 pct, flowering 4 pct, vegetative 2 pct) but a monthly average of 28,797 plants, a different scale from these fields. Header verified by agent 2026-09-25; data rows fetched 2026-09-24. INDUSTRY field is Adult-use for every row; Craft Marijuana Cooperative and non-cultivation facility types report 0 plants."
MA,2023-08,month,57,plants_harvested_adult_use,51526016,plants,"Massachusetts Cannabis Control Commission Open Data, Marijuana Establishment Adult-use and MMEs Plant Activity and Volume (a_sales_au_activityvolume; CCCLastUpdated 2026-09-08)",https://masscannabiscontrol.com/resource/a_sales_au_activityvolume.csv,2026-09-24,"DERIVED by agent: sum of CCC field PLANTHARVESTEDCOUNT for facility types Marijuana Cultivator (50391709) and Marijuana Microbusiness (1134307). CCC publishes no definition of these fields. Values are not end-of-month plant inventories: PLANTHARVESTEDCOUNT runs about 25 times PLANTFLOWERINGCOUNT and all fields dip in February and in 2020-04, so they behave as monthly aggregates of daily Metrc activity records. Use as a relative index of cultivation activity, not as a plant stock. The CCC February 2025 industry report gives the same Jan-Apr 2024 shares (harvested 72 pct, destroyed 21 pct, flowering 4 pct, vegetative 2 pct) but a monthly average of 28,797 plants, a different scale from these fields. Header verified by agent 2026-09-25; data rows fetched 2026-09-24. INDUSTRY field is Adult-use for every row; Craft Marijuana Cooperative and non-cultivation facility types report 0 plants."
MA,2023-09,month,58,plants_harvested_adult_use,49409956,plants,"Massachusetts Cannabis Control Commission Open Data, Marijuana Establishment Adult-use and MMEs Plant Activity and Volume (a_sales_au_activityvolume; CCCLastUpdated 2026-09-08)",https://masscannabiscontrol.com/resource/a_sales_au_activityvolume.csv,2026-09-24,"DERIVED by agent: sum of CCC field PLANTHARVESTEDCOUNT for facility types Marijuana Cultivator (48366616) and Marijuana Microbusiness (1043340). CCC publishes no definition of these fields. Values are not end-of-month plant inventories: PLANTHARVESTEDCOUNT runs about 25 times PLANTFLOWERINGCOUNT and all fields dip in February and in 2020-04, so they behave as monthly aggregates of daily Metrc activity records. Use as a relative index of cultivation activity, not as a plant stock. The CCC February 2025 industry report gives the same Jan-Apr 2024 shares (harvested 72 pct, destroyed 21 pct, flowering 4 pct, vegetative 2 pct) but a monthly average of 28,797 plants, a different scale from these fields. Header verified by agent 2026-09-25; data rows fetched 2026-09-24. INDUSTRY field is Adult-use for every row; Craft Marijuana Cooperative and non-cultivation facility types report 0 plants."
MA,2023-10,month,59,plants_harvested_adult_use,55087556,plants,"Massachusetts Cannabis Control Commission Open Data, Marijuana Establishment Adult-use and MMEs Plant Activity and Volume (a_sales_au_activityvolume; CCCLastUpdated 2026-09-08)",https://masscannabiscontrol.com/resource/a_sales_au_activityvolume.csv,2026-09-24,"DERIVED by agent: sum of CCC field PLANTHARVESTEDCOUNT for facility types Marijuana Cultivator (53974921) and Marijuana Microbusiness (1112635). CCC publishes no definition of these fields. Values are not end-of-month plant inventories: PLANTHARVESTEDCOUNT runs about 25 times PLANTFLOWERINGCOUNT and all fields dip in February and in 2020-04, so they behave as monthly aggregates of daily Metrc activity records. Use as a relative index of cultivation activity, not as a plant stock. The CCC February 2025 industry report gives the same Jan-Apr 2024 shares (harvested 72 pct, destroyed 21 pct, flowering 4 pct, vegetative 2 pct) but a monthly average of 28,797 plants, a different scale from these fields. Header verified by agent 2026-09-25; data rows fetched 2026-09-24. INDUSTRY field is Adult-use for every row; Craft Marijuana Cooperative and non-cultivation facility types report 0 plants."
MA,2023-11,month,60,plants_harvested_adult_use,52143122,plants,"Massachusetts Cannabis Control Commission Open Data, Marijuana Establishment Adult-use and MMEs Plant Activity and Volume (a_sales_au_activityvolume; CCCLastUpdated 2026-09-08)",https://masscannabiscontrol.com/resource/a_sales_au_activityvolume.csv,2026-09-24,"DERIVED by agent: sum of CCC field PLANTHARVESTEDCOUNT for facility types Marijuana Cultivator (51100257) and Marijuana Microbusiness (1042865). CCC publishes no definition of these fields. Values are not end-of-month plant inventories: PLANTHARVESTEDCOUNT runs about 25 times PLANTFLOWERINGCOUNT and all fields dip in February and in 2020-04, so they behave as monthly aggregates of daily Metrc activity records. Use as a relative index of cultivation activity, not as a plant stock. The CCC February 2025 industry report gives the same Jan-Apr 2024 shares (harvested 72 pct, destroyed 21 pct, flowering 4 pct, vegetative 2 pct) but a monthly average of 28,797 plants, a different scale from these fields. Header verified by agent 2026-09-25; data rows fetched 2026-09-24. INDUSTRY field is Adult-use for every row; Craft Marijuana Cooperative and non-cultivation facility types report 0 plants."
MA,2023-12,month,61,plants_harvested_adult_use,58367443,plants,"Massachusetts Cannabis Control Commission Open Data, Marijuana Establishment Adult-use and MMEs Plant Activity and Volume (a_sales_au_activityvolume; CCCLastUpdated 2026-09-08)",https://masscannabiscontrol.com/resource/a_sales_au_activityvolume.csv,2026-09-24,"DERIVED by agent: sum of CCC field PLANTHARVESTEDCOUNT for facility types Marijuana Cultivator (57147447) and Marijuana Microbusiness (1219996). CCC publishes no definition of these fields. Values are not end-of-month plant inventories: PLANTHARVESTEDCOUNT runs about 25 times PLANTFLOWERINGCOUNT and all fields dip in February and in 2020-04, so they behave as monthly aggregates of daily Metrc activity records. Use as a relative index of cultivation activity, not as a plant stock. The CCC February 2025 industry report gives the same Jan-Apr 2024 shares (harvested 72 pct, destroyed 21 pct, flowering 4 pct, vegetative 2 pct) but a monthly average of 28,797 plants, a different scale from these fields. Header verified by agent 2026-09-25; data rows fetched 2026-09-24. INDUSTRY field is Adult-use for every row; Craft Marijuana Cooperative and non-cultivation facility types report 0 plants."
MA,2024-01,month,62,plants_harvested_adult_use,56421565,plants,"Massachusetts Cannabis Control Commission Open Data, Marijuana Establishment Adult-use and MMEs Plant Activity and Volume (a_sales_au_activityvolume; CCCLastUpdated 2026-09-08)",https://masscannabiscontrol.com/resource/a_sales_au_activityvolume.csv,2026-09-24,"DERIVED by agent: sum of CCC field PLANTHARVESTEDCOUNT for facility types Marijuana Cultivator (55257132) and Marijuana Microbusiness (1164433). CCC publishes no definition of these fields. Values are not end-of-month plant inventories: PLANTHARVESTEDCOUNT runs about 25 times PLANTFLOWERINGCOUNT and all fields dip in February and in 2020-04, so they behave as monthly aggregates of daily Metrc activity records. Use as a relative index of cultivation activity, not as a plant stock. The CCC February 2025 industry report gives the same Jan-Apr 2024 shares (harvested 72 pct, destroyed 21 pct, flowering 4 pct, vegetative 2 pct) but a monthly average of 28,797 plants, a different scale from these fields. Header verified by agent 2026-09-25; data rows fetched 2026-09-24. INDUSTRY field is Adult-use for every row; Craft Marijuana Cooperative and non-cultivation facility types report 0 plants."
MA,2024-02,month,63,plants_harvested_adult_use,56872943,plants,"Massachusetts Cannabis Control Commission Open Data, Marijuana Establishment Adult-use and MMEs Plant Activity and Volume (a_sales_au_activityvolume; CCCLastUpdated 2026-09-08)",https://masscannabiscontrol.com/resource/a_sales_au_activityvolume.csv,2026-09-24,"DERIVED by agent: sum of CCC field PLANTHARVESTEDCOUNT for facility types Marijuana Cultivator (55573496) and Marijuana Microbusiness (1299447). CCC publishes no definition of these fields. Values are not end-of-month plant inventories: PLANTHARVESTEDCOUNT runs about 25 times PLANTFLOWERINGCOUNT and all fields dip in February and in 2020-04, so they behave as monthly aggregates of daily Metrc activity records. Use as a relative index of cultivation activity, not as a plant stock. The CCC February 2025 industry report gives the same Jan-Apr 2024 shares (harvested 72 pct, destroyed 21 pct, flowering 4 pct, vegetative 2 pct) but a monthly average of 28,797 plants, a different scale from these fields. Header verified by agent 2026-09-25; data rows fetched 2026-09-24. INDUSTRY field is Adult-use for every row; Craft Marijuana Cooperative and non-cultivation facility types report 0 plants."
MA,2024-03,month,64,plants_harvested_adult_use,63085118,plants,"Massachusetts Cannabis Control Commission Open Data, Marijuana Establishment Adult-use and MMEs Plant Activity and Volume (a_sales_au_activityvolume; CCCLastUpdated 2026-09-08)",https://masscannabiscontrol.com/resource/a_sales_au_activityvolume.csv,2026-09-24,"DERIVED by agent: sum of CCC field PLANTHARVESTEDCOUNT for facility types Marijuana Cultivator (61791044) and Marijuana Microbusiness (1294074). CCC publishes no definition of these fields. Values are not end-of-month plant inventories: PLANTHARVESTEDCOUNT runs about 25 times PLANTFLOWERINGCOUNT and all fields dip in February and in 2020-04, so they behave as monthly aggregates of daily Metrc activity records. Use as a relative index of cultivation activity, not as a plant stock. The CCC February 2025 industry report gives the same Jan-Apr 2024 shares (harvested 72 pct, destroyed 21 pct, flowering 4 pct, vegetative 2 pct) but a monthly average of 28,797 plants, a different scale from these fields. Header verified by agent 2026-09-25; data rows fetched 2026-09-24. INDUSTRY field is Adult-use for every row; Craft Marijuana Cooperative and non-cultivation facility types report 0 plants."
MA,2024-04,month,65,plants_harvested_adult_use,63056301,plants,"Massachusetts Cannabis Control Commission Open Data, Marijuana Establishment Adult-use and MMEs Plant Activity and Volume (a_sales_au_activityvolume; CCCLastUpdated 2026-09-08)",https://masscannabiscontrol.com/resource/a_sales_au_activityvolume.csv,2026-09-24,"DERIVED by agent: sum of CCC field PLANTHARVESTEDCOUNT for facility types Marijuana Cultivator (61842579) and Marijuana Microbusiness (1213722). CCC publishes no definition of these fields. Values are not end-of-month plant inventories: PLANTHARVESTEDCOUNT runs about 25 times PLANTFLOWERINGCOUNT and all fields dip in February and in 2020-04, so they behave as monthly aggregates of daily Metrc activity records. Use as a relative index of cultivation activity, not as a plant stock. The CCC February 2025 industry report gives the same Jan-Apr 2024 shares (harvested 72 pct, destroyed 21 pct, flowering 4 pct, vegetative 2 pct) but a monthly average of 28,797 plants, a different scale from these fields. Header verified by agent 2026-09-25; data rows fetched 2026-09-24. INDUSTRY field is Adult-use for every row; Craft Marijuana Cooperative and non-cultivation facility types report 0 plants."
MA,2024-05,month,66,plants_harvested_adult_use,70719600,plants,"Massachusetts Cannabis Control Commission Open Data, Marijuana Establishment Adult-use and MMEs Plant Activity and Volume (a_sales_au_activityvolume; CCCLastUpdated 2026-09-08)",https://masscannabiscontrol.com/resource/a_sales_au_activityvolume.csv,2026-09-24,"DERIVED by agent: sum of CCC field PLANTHARVESTEDCOUNT for facility types Marijuana Cultivator (69407891) and Marijuana Microbusiness (1311709). CCC publishes no definition of these fields. Values are not end-of-month plant inventories: PLANTHARVESTEDCOUNT runs about 25 times PLANTFLOWERINGCOUNT and all fields dip in February and in 2020-04, so they behave as monthly aggregates of daily Metrc activity records. Use as a relative index of cultivation activity, not as a plant stock. The CCC February 2025 industry report gives the same Jan-Apr 2024 shares (harvested 72 pct, destroyed 21 pct, flowering 4 pct, vegetative 2 pct) but a monthly average of 28,797 plants, a different scale from these fields. Header verified by agent 2026-09-25; data rows fetched 2026-09-24. INDUSTRY field is Adult-use for every row; Craft Marijuana Cooperative and non-cultivation facility types report 0 plants."
MA,2024-06,month,67,plants_harvested_adult_use,66632783,plants,"Massachusetts Cannabis Control Commission Open Data, Marijuana Establishment Adult-use and MMEs Plant Activity and Volume (a_sales_au_activityvolume; CCCLastUpdated 2026-09-08)",https://masscannabiscontrol.com/resource/a_sales_au_activityvolume.csv,2026-09-24,"DERIVED by agent: sum of CCC field PLANTHARVESTEDCOUNT for facility types Marijuana Cultivator (65348012) and Marijuana Microbusiness (1284771). CCC publishes no definition of these fields. Values are not end-of-month plant inventories: PLANTHARVESTEDCOUNT runs about 25 times PLANTFLOWERINGCOUNT and all fields dip in February and in 2020-04, so they behave as monthly aggregates of daily Metrc activity records. Use as a relative index of cultivation activity, not as a plant stock. The CCC February 2025 industry report gives the same Jan-Apr 2024 shares (harvested 72 pct, destroyed 21 pct, flowering 4 pct, vegetative 2 pct) but a monthly average of 28,797 plants, a different scale from these fields. Header verified by agent 2026-09-25; data rows fetched 2026-09-24. INDUSTRY field is Adult-use for every row; Craft Marijuana Cooperative and non-cultivation facility types report 0 plants."
MA,2024-07,month,68,plants_harvested_adult_use,72208783,plants,"Massachusetts Cannabis Control Commission Open Data, Marijuana Establishment Adult-use and MMEs Plant Activity and Volume (a_sales_au_activityvolume; CCCLastUpdated 2026-09-08)",https://masscannabiscontrol.com/resource/a_sales_au_activityvolume.csv,2026-09-24,"DERIVED by agent: sum of CCC field PLANTHARVESTEDCOUNT for facility types Marijuana Cultivator (70659590) and Marijuana Microbusiness (1549193). CCC publishes no definition of these fields. Values are not end-of-month plant inventories: PLANTHARVESTEDCOUNT runs about 25 times PLANTFLOWERINGCOUNT and all fields dip in February and in 2020-04, so they behave as monthly aggregates of daily Metrc activity records. Use as a relative index of cultivation activity, not as a plant stock. The CCC February 2025 industry report gives the same Jan-Apr 2024 shares (harvested 72 pct, destroyed 21 pct, flowering 4 pct, vegetative 2 pct) but a monthly average of 28,797 plants, a different scale from these fields. Header verified by agent 2026-09-25; data rows fetched 2026-09-24. INDUSTRY field is Adult-use for every row; Craft Marijuana Cooperative and non-cultivation facility types report 0 plants."
MA,2024-08,month,69,plants_harvested_adult_use,74486888,plants,"Massachusetts Cannabis Control Commission Open Data, Marijuana Establishment Adult-use and MMEs Plant Activity and Volume (a_sales_au_activityvolume; CCCLastUpdated 2026-09-08)",https://masscannabiscontrol.com/resource/a_sales_au_activityvolume.csv,2026-09-24,"DERIVED by agent: sum of CCC field PLANTHARVESTEDCOUNT for facility types Marijuana Cultivator (72954548) and Marijuana Microbusiness (1532340). CCC publishes no definition of these fields. Values are not end-of-month plant inventories: PLANTHARVESTEDCOUNT runs about 25 times PLANTFLOWERINGCOUNT and all fields dip in February and in 2020-04, so they behave as monthly aggregates of daily Metrc activity records. Use as a relative index of cultivation activity, not as a plant stock. The CCC February 2025 industry report gives the same Jan-Apr 2024 shares (harvested 72 pct, destroyed 21 pct, flowering 4 pct, vegetative 2 pct) but a monthly average of 28,797 plants, a different scale from these fields. Header verified by agent 2026-09-25; data rows fetched 2026-09-24. INDUSTRY field is Adult-use for every row; Craft Marijuana Cooperative and non-cultivation facility types report 0 plants."
MA,2024-09,month,70,plants_harvested_adult_use,72751897,plants,"Massachusetts Cannabis Control Commission Open Data, Marijuana Establishment Adult-use and MMEs Plant Activity and Volume (a_sales_au_activityvolume; CCCLastUpdated 2026-09-08)",https://masscannabiscontrol.com/resource/a_sales_au_activityvolume.csv,2026-09-24,"DERIVED by agent: sum of CCC field PLANTHARVESTEDCOUNT for facility types Marijuana Cultivator (71223573) and Marijuana Microbusiness (1528324). CCC publishes no definition of these fields. Values are not end-of-month plant inventories: PLANTHARVESTEDCOUNT runs about 25 times PLANTFLOWERINGCOUNT and all fields dip in February and in 2020-04, so they behave as monthly aggregates of daily Metrc activity records. Use as a relative index of cultivation activity, not as a plant stock. The CCC February 2025 industry report gives the same Jan-Apr 2024 shares (harvested 72 pct, destroyed 21 pct, flowering 4 pct, vegetative 2 pct) but a monthly average of 28,797 plants, a different scale from these fields. Header verified by agent 2026-09-25; data rows fetched 2026-09-24. INDUSTRY field is Adult-use for every row; Craft Marijuana Cooperative and non-cultivation facility types report 0 plants."
MA,2024-10,month,71,plants_harvested_adult_use,79930505,plants,"Massachusetts Cannabis Control Commission Open Data, Marijuana Establishment Adult-use and MMEs Plant Activity and Volume (a_sales_au_activityvolume; CCCLastUpdated 2026-09-08)",https://masscannabiscontrol.com/resource/a_sales_au_activityvolume.csv,2026-09-24,"DERIVED by agent: sum of CCC field PLANTHARVESTEDCOUNT for facility types Marijuana Cultivator (78572576) and Marijuana Microbusiness (1357929). CCC publishes no definition of these fields. Values are not end-of-month plant inventories: PLANTHARVESTEDCOUNT runs about 25 times PLANTFLOWERINGCOUNT and all fields dip in February and in 2020-04, so they behave as monthly aggregates of daily Metrc activity records. Use as a relative index of cultivation activity, not as a plant stock. The CCC February 2025 industry report gives the same Jan-Apr 2024 shares (harvested 72 pct, destroyed 21 pct, flowering 4 pct, vegetative 2 pct) but a monthly average of 28,797 plants, a different scale from these fields. Header verified by agent 2026-09-25; data rows fetched 2026-09-24. INDUSTRY field is Adult-use for every row; Craft Marijuana Cooperative and non-cultivation facility types report 0 plants."
MA,2024-11,month,72,plants_harvested_adult_use,75722658,plants,"Massachusetts Cannabis Control Commission Open Data, Marijuana Establishment Adult-use and MMEs Plant Activity and Volume (a_sales_au_activityvolume; CCCLastUpdated 2026-09-08)",https://masscannabiscontrol.com/resource/a_sales_au_activityvolume.csv,2026-09-24,"DERIVED by agent: sum of CCC field PLANTHARVESTEDCOUNT for facility types Marijuana Cultivator (74121171) and Marijuana Microbusiness (1601487). CCC publishes no definition of these fields. Values are not end-of-month plant inventories: PLANTHARVESTEDCOUNT runs about 25 times PLANTFLOWERINGCOUNT and all fields dip in February and in 2020-04, so they behave as monthly aggregates of daily Metrc activity records. Use as a relative index of cultivation activity, not as a plant stock. The CCC February 2025 industry report gives the same Jan-Apr 2024 shares (harvested 72 pct, destroyed 21 pct, flowering 4 pct, vegetative 2 pct) but a monthly average of 28,797 plants, a different scale from these fields. Header verified by agent 2026-09-25; data rows fetched 2026-09-24. INDUSTRY field is Adult-use for every row; Craft Marijuana Cooperative and non-cultivation facility types report 0 plants."
MA,2024-12,month,73,plants_harvested_adult_use,80309199,plants,"Massachusetts Cannabis Control Commission Open Data, Marijuana Establishment Adult-use and MMEs Plant Activity and Volume (a_sales_au_activityvolume; CCCLastUpdated 2026-09-08)",https://masscannabiscontrol.com/resource/a_sales_au_activityvolume.csv,2026-09-24,"DERIVED by agent: sum of CCC field PLANTHARVESTEDCOUNT for facility types Marijuana Cultivator (78854308) and Marijuana Microbusiness (1454891). CCC publishes no definition of these fields. Values are not end-of-month plant inventories: PLANTHARVESTEDCOUNT runs about 25 times PLANTFLOWERINGCOUNT and all fields dip in February and in 2020-04, so they behave as monthly aggregates of daily Metrc activity records. Use as a relative index of cultivation activity, not as a plant stock. The CCC February 2025 industry report gives the same Jan-Apr 2024 shares (harvested 72 pct, destroyed 21 pct, flowering 4 pct, vegetative 2 pct) but a monthly average of 28,797 plants, a different scale from these fields. Header verified by agent 2026-09-25; data rows fetched 2026-09-24. INDUSTRY field is Adult-use for every row; Craft Marijuana Cooperative and non-cultivation facility types report 0 plants."
MA,2025-01,month,74,plants_harvested_adult_use,82099124,plants,"Massachusetts Cannabis Control Commission Open Data, Marijuana Establishment Adult-use and MMEs Plant Activity and Volume (a_sales_au_activityvolume; CCCLastUpdated 2026-09-08)",https://masscannabiscontrol.com/resource/a_sales_au_activityvolume.csv,2026-09-24,"DERIVED by agent: sum of CCC field PLANTHARVESTEDCOUNT for facility types Marijuana Cultivator (80508731) and Marijuana Microbusiness (1590393). CCC publishes no definition of these fields. Values are not end-of-month plant inventories: PLANTHARVESTEDCOUNT runs about 25 times PLANTFLOWERINGCOUNT and all fields dip in February and in 2020-04, so they behave as monthly aggregates of daily Metrc activity records. Use as a relative index of cultivation activity, not as a plant stock. The CCC February 2025 industry report gives the same Jan-Apr 2024 shares (harvested 72 pct, destroyed 21 pct, flowering 4 pct, vegetative 2 pct) but a monthly average of 28,797 plants, a different scale from these fields. Header verified by agent 2026-09-25; data rows fetched 2026-09-24. INDUSTRY field is Adult-use for every row; Craft Marijuana Cooperative and non-cultivation facility types report 0 plants."
MA,2025-02,month,75,plants_harvested_adult_use,77835803,plants,"Massachusetts Cannabis Control Commission Open Data, Marijuana Establishment Adult-use and MMEs Plant Activity and Volume (a_sales_au_activityvolume; CCCLastUpdated 2026-09-08)",https://masscannabiscontrol.com/resource/a_sales_au_activityvolume.csv,2026-09-24,"DERIVED by agent: sum of CCC field PLANTHARVESTEDCOUNT for facility types Marijuana Cultivator (76582293) and Marijuana Microbusiness (1253510). CCC publishes no definition of these fields. Values are not end-of-month plant inventories: PLANTHARVESTEDCOUNT runs about 25 times PLANTFLOWERINGCOUNT and all fields dip in February and in 2020-04, so they behave as monthly aggregates of daily Metrc activity records. Use as a relative index of cultivation activity, not as a plant stock. The CCC February 2025 industry report gives the same Jan-Apr 2024 shares (harvested 72 pct, destroyed 21 pct, flowering 4 pct, vegetative 2 pct) but a monthly average of 28,797 plants, a different scale from these fields. Header verified by agent 2026-09-25; data rows fetched 2026-09-24. INDUSTRY field is Adult-use for every row; Craft Marijuana Cooperative and non-cultivation facility types report 0 plants."
MA,2025-03,month,76,plants_harvested_adult_use,87905094,plants,"Massachusetts Cannabis Control Commission Open Data, Marijuana Establishment Adult-use and MMEs Plant Activity and Volume (a_sales_au_activityvolume; CCCLastUpdated 2026-09-08)",https://masscannabiscontrol.com/resource/a_sales_au_activityvolume.csv,2026-09-24,"DERIVED by agent: sum of CCC field PLANTHARVESTEDCOUNT for facility types Marijuana Cultivator (86199898) and Marijuana Microbusiness (1705196). CCC publishes no definition of these fields. Values are not end-of-month plant inventories: PLANTHARVESTEDCOUNT runs about 25 times PLANTFLOWERINGCOUNT and all fields dip in February and in 2020-04, so they behave as monthly aggregates of daily Metrc activity records. Use as a relative index of cultivation activity, not as a plant stock. The CCC February 2025 industry report gives the same Jan-Apr 2024 shares (harvested 72 pct, destroyed 21 pct, flowering 4 pct, vegetative 2 pct) but a monthly average of 28,797 plants, a different scale from these fields. Header verified by agent 2026-09-25; data rows fetched 2026-09-24. INDUSTRY field is Adult-use for every row; Craft Marijuana Cooperative and non-cultivation facility types report 0 plants."
MA,2025-04,month,77,plants_harvested_adult_use,90388078,plants,"Massachusetts Cannabis Control Commission Open Data, Marijuana Establishment Adult-use and MMEs Plant Activity and Volume (a_sales_au_activityvolume; CCCLastUpdated 2026-09-08)",https://masscannabiscontrol.com/resource/a_sales_au_activityvolume.csv,2026-09-24,"DERIVED by agent: sum of CCC field PLANTHARVESTEDCOUNT for facility types Marijuana Cultivator (88809740) and Marijuana Microbusiness (1578338). CCC publishes no definition of these fields. Values are not end-of-month plant inventories: PLANTHARVESTEDCOUNT runs about 25 times PLANTFLOWERINGCOUNT and all fields dip in February and in 2020-04, so they behave as monthly aggregates of daily Metrc activity records. Use as a relative index of cultivation activity, not as a plant stock. The CCC February 2025 industry report gives the same Jan-Apr 2024 shares (harvested 72 pct, destroyed 21 pct, flowering 4 pct, vegetative 2 pct) but a monthly average of 28,797 plants, a different scale from these fields. Header verified by agent 2026-09-25; data rows fetched 2026-09-24. INDUSTRY field is Adult-use for every row; Craft Marijuana Cooperative and non-cultivation facility types report 0 plants."
MA,2025-05,month,78,plants_harvested_adult_use,96603616,plants,"Massachusetts Cannabis Control Commission Open Data, Marijuana Establishment Adult-use and MMEs Plant Activity and Volume (a_sales_au_activityvolume; CCCLastUpdated 2026-09-08)",https://masscannabiscontrol.com/resource/a_sales_au_activityvolume.csv,2026-09-24,"DERIVED by agent: sum of CCC field PLANTHARVESTEDCOUNT for facility types Marijuana Cultivator (95097601) and Marijuana Microbusiness (1506015). CCC publishes no definition of these fields. Values are not end-of-month plant inventories: PLANTHARVESTEDCOUNT runs about 25 times PLANTFLOWERINGCOUNT and all fields dip in February and in 2020-04, so they behave as monthly aggregates of daily Metrc activity records. Use as a relative index of cultivation activity, not as a plant stock. The CCC February 2025 industry report gives the same Jan-Apr 2024 shares (harvested 72 pct, destroyed 21 pct, flowering 4 pct, vegetative 2 pct) but a monthly average of 28,797 plants, a different scale from these fields. Header verified by agent 2026-09-25; data rows fetched 2026-09-24. INDUSTRY field is Adult-use for every row; Craft Marijuana Cooperative and non-cultivation facility types report 0 plants."
MA,2025-06,month,79,plants_harvested_adult_use,89478856,plants,"Massachusetts Cannabis Control Commission Open Data, Marijuana Establishment Adult-use and MMEs Plant Activity and Volume (a_sales_au_activityvolume; CCCLastUpdated 2026-09-08)",https://masscannabiscontrol.com/resource/a_sales_au_activityvolume.csv,2026-09-24,"DERIVED by agent: sum of CCC field PLANTHARVESTEDCOUNT for facility types Marijuana Cultivator (87922649) and Marijuana Microbusiness (1556207). CCC publishes no definition of these fields. Values are not end-of-month plant inventories: PLANTHARVESTEDCOUNT runs about 25 times PLANTFLOWERINGCOUNT and all fields dip in February and in 2020-04, so they behave as monthly aggregates of daily Metrc activity records. Use as a relative index of cultivation activity, not as a plant stock. The CCC February 2025 industry report gives the same Jan-Apr 2024 shares (harvested 72 pct, destroyed 21 pct, flowering 4 pct, vegetative 2 pct) but a monthly average of 28,797 plants, a different scale from these fields. Header verified by agent 2026-09-25; data rows fetched 2026-09-24. INDUSTRY field is Adult-use for every row; Craft Marijuana Cooperative and non-cultivation facility types report 0 plants."
MA,2025-07,month,80,plants_harvested_adult_use,97060724,plants,"Massachusetts Cannabis Control Commission Open Data, Marijuana Establishment Adult-use and MMEs Plant Activity and Volume (a_sales_au_activityvolume; CCCLastUpdated 2026-09-08)",https://masscannabiscontrol.com/resource/a_sales_au_activityvolume.csv,2026-09-24,"DERIVED by agent: sum of CCC field PLANTHARVESTEDCOUNT for facility types Marijuana Cultivator (95289559) and Marijuana Microbusiness (1771165). CCC publishes no definition of these fields. Values are not end-of-month plant inventories: PLANTHARVESTEDCOUNT runs about 25 times PLANTFLOWERINGCOUNT and all fields dip in February and in 2020-04, so they behave as monthly aggregates of daily Metrc activity records. Use as a relative index of cultivation activity, not as a plant stock. The CCC February 2025 industry report gives the same Jan-Apr 2024 shares (harvested 72 pct, destroyed 21 pct, flowering 4 pct, vegetative 2 pct) but a monthly average of 28,797 plants, a different scale from these fields. Header verified by agent 2026-09-25; data rows fetched 2026-09-24. INDUSTRY field is Adult-use for every row; Craft Marijuana Cooperative and non-cultivation facility types report 0 plants."
MA,2025-08,month,81,plants_harvested_adult_use,100362684,plants,"Massachusetts Cannabis Control Commission Open Data, Marijuana Establishment Adult-use and MMEs Plant Activity and Volume (a_sales_au_activityvolume; CCCLastUpdated 2026-09-08)",https://masscannabiscontrol.com/resource/a_sales_au_activityvolume.csv,2026-09-24,"DERIVED by agent: sum of CCC field PLANTHARVESTEDCOUNT for facility types Marijuana Cultivator (98775065) and Marijuana Microbusiness (1587619). CCC publishes no definition of these fields. Values are not end-of-month plant inventories: PLANTHARVESTEDCOUNT runs about 25 times PLANTFLOWERINGCOUNT and all fields dip in February and in 2020-04, so they behave as monthly aggregates of daily Metrc activity records. Use as a relative index of cultivation activity, not as a plant stock. The CCC February 2025 industry report gives the same Jan-Apr 2024 shares (harvested 72 pct, destroyed 21 pct, flowering 4 pct, vegetative 2 pct) but a monthly average of 28,797 plants, a different scale from these fields. Header verified by agent 2026-09-25; data rows fetched 2026-09-24. INDUSTRY field is Adult-use for every row; Craft Marijuana Cooperative and non-cultivation facility types report 0 plants."
MA,2025-09,month,82,plants_harvested_adult_use,101970514,plants,"Massachusetts Cannabis Control Commission Open Data, Marijuana Establishment Adult-use and MMEs Plant Activity and Volume (a_sales_au_activityvolume; CCCLastUpdated 2026-09-08)",https://masscannabiscontrol.com/resource/a_sales_au_activityvolume.csv,2026-09-24,"DERIVED by agent: sum of CCC field PLANTHARVESTEDCOUNT for facility types Marijuana Cultivator (100358774) and Marijuana Microbusiness (1611740). CCC publishes no definition of these fields. Values are not end-of-month plant inventories: PLANTHARVESTEDCOUNT runs about 25 times PLANTFLOWERINGCOUNT and all fields dip in February and in 2020-04, so they behave as monthly aggregates of daily Metrc activity records. Use as a relative index of cultivation activity, not as a plant stock. The CCC February 2025 industry report gives the same Jan-Apr 2024 shares (harvested 72 pct, destroyed 21 pct, flowering 4 pct, vegetative 2 pct) but a monthly average of 28,797 plants, a different scale from these fields. Header verified by agent 2026-09-25; data rows fetched 2026-09-24. INDUSTRY field is Adult-use for every row; Craft Marijuana Cooperative and non-cultivation facility types report 0 plants."
MA,2025-10,month,83,plants_harvested_adult_use,105505060,plants,"Massachusetts Cannabis Control Commission Open Data, Marijuana Establishment Adult-use and MMEs Plant Activity and Volume (a_sales_au_activityvolume; CCCLastUpdated 2026-09-08)",https://masscannabiscontrol.com/resource/a_sales_au_activityvolume.csv,2026-09-24,"DERIVED by agent: sum of CCC field PLANTHARVESTEDCOUNT for facility types Marijuana Cultivator (103763539) and Marijuana Microbusiness (1741521). CCC publishes no definition of these fields. Values are not end-of-month plant inventories: PLANTHARVESTEDCOUNT runs about 25 times PLANTFLOWERINGCOUNT and all fields dip in February and in 2020-04, so they behave as monthly aggregates of daily Metrc activity records. Use as a relative index of cultivation activity, not as a plant stock. The CCC February 2025 industry report gives the same Jan-Apr 2024 shares (harvested 72 pct, destroyed 21 pct, flowering 4 pct, vegetative 2 pct) but a monthly average of 28,797 plants, a different scale from these fields. Header verified by agent 2026-09-25; data rows fetched 2026-09-24. INDUSTRY field is Adult-use for every row; Craft Marijuana Cooperative and non-cultivation facility types report 0 plants."
MA,2025-11,month,84,plants_harvested_adult_use,106580247,plants,"Massachusetts Cannabis Control Commission Open Data, Marijuana Establishment Adult-use and MMEs Plant Activity and Volume (a_sales_au_activityvolume; CCCLastUpdated 2026-09-08)",https://masscannabiscontrol.com/resource/a_sales_au_activityvolume.csv,2026-09-24,"DERIVED by agent: sum of CCC field PLANTHARVESTEDCOUNT for facility types Marijuana Cultivator (104691822) and Marijuana Microbusiness (1888425). CCC publishes no definition of these fields. Values are not end-of-month plant inventories: PLANTHARVESTEDCOUNT runs about 25 times PLANTFLOWERINGCOUNT and all fields dip in February and in 2020-04, so they behave as monthly aggregates of daily Metrc activity records. Use as a relative index of cultivation activity, not as a plant stock. The CCC February 2025 industry report gives the same Jan-Apr 2024 shares (harvested 72 pct, destroyed 21 pct, flowering 4 pct, vegetative 2 pct) but a monthly average of 28,797 plants, a different scale from these fields. Header verified by agent 2026-09-25; data rows fetched 2026-09-24. INDUSTRY field is Adult-use for every row; Craft Marijuana Cooperative and non-cultivation facility types report 0 plants."
MA,2025-12,month,85,plants_harvested_adult_use,109262618,plants,"Massachusetts Cannabis Control Commission Open Data, Marijuana Establishment Adult-use and MMEs Plant Activity and Volume (a_sales_au_activityvolume; CCCLastUpdated 2026-09-08)",https://masscannabiscontrol.com/resource/a_sales_au_activityvolume.csv,2026-09-24,"DERIVED by agent: sum of CCC field PLANTHARVESTEDCOUNT for facility types Marijuana Cultivator (107383874) and Marijuana Microbusiness (1878744). CCC publishes no definition of these fields. Values are not end-of-month plant inventories: PLANTHARVESTEDCOUNT runs about 25 times PLANTFLOWERINGCOUNT and all fields dip in February and in 2020-04, so they behave as monthly aggregates of daily Metrc activity records. Use as a relative index of cultivation activity, not as a plant stock. The CCC February 2025 industry report gives the same Jan-Apr 2024 shares (harvested 72 pct, destroyed 21 pct, flowering 4 pct, vegetative 2 pct) but a monthly average of 28,797 plants, a different scale from these fields. Header verified by agent 2026-09-25; data rows fetched 2026-09-24. INDUSTRY field is Adult-use for every row; Craft Marijuana Cooperative and non-cultivation facility types report 0 plants."
MA,2026-01,month,86,plants_harvested_adult_use,113339388,plants,"Massachusetts Cannabis Control Commission Open Data, Marijuana Establishment Adult-use and MMEs Plant Activity and Volume (a_sales_au_activityvolume; CCCLastUpdated 2026-09-08)",https://masscannabiscontrol.com/resource/a_sales_au_activityvolume.csv,2026-09-24,"DERIVED by agent: sum of CCC field PLANTHARVESTEDCOUNT for facility types Marijuana Cultivator (111541982) and Marijuana Microbusiness (1797406). CCC publishes no definition of these fields. Values are not end-of-month plant inventories: PLANTHARVESTEDCOUNT runs about 25 times PLANTFLOWERINGCOUNT and all fields dip in February and in 2020-04, so they behave as monthly aggregates of daily Metrc activity records. Use as a relative index of cultivation activity, not as a plant stock. The CCC February 2025 industry report gives the same Jan-Apr 2024 shares (harvested 72 pct, destroyed 21 pct, flowering 4 pct, vegetative 2 pct) but a monthly average of 28,797 plants, a different scale from these fields. Header verified by agent 2026-09-25; data rows fetched 2026-09-24. INDUSTRY field is Adult-use for every row; Craft Marijuana Cooperative and non-cultivation facility types report 0 plants."
MA,2026-02,month,87,plants_harvested_adult_use,103418803,plants,"Massachusetts Cannabis Control Commission Open Data, Marijuana Establishment Adult-use and MMEs Plant Activity and Volume (a_sales_au_activityvolume; CCCLastUpdated 2026-09-08)",https://masscannabiscontrol.com/resource/a_sales_au_activityvolume.csv,2026-09-24,"DERIVED by agent: sum of CCC field PLANTHARVESTEDCOUNT for facility types Marijuana Cultivator (101578898) and Marijuana Microbusiness (1839905). CCC publishes no definition of these fields. Values are not end-of-month plant inventories: PLANTHARVESTEDCOUNT runs about 25 times PLANTFLOWERINGCOUNT and all fields dip in February and in 2020-04, so they behave as monthly aggregates of daily Metrc activity records. Use as a relative index of cultivation activity, not as a plant stock. The CCC February 2025 industry report gives the same Jan-Apr 2024 shares (harvested 72 pct, destroyed 21 pct, flowering 4 pct, vegetative 2 pct) but a monthly average of 28,797 plants, a different scale from these fields. Header verified by agent 2026-09-25; data rows fetched 2026-09-24. INDUSTRY field is Adult-use for every row; Craft Marijuana Cooperative and non-cultivation facility types report 0 plants."
MA,2026-03,month,88,plants_harvested_adult_use,115468547,plants,"Massachusetts Cannabis Control Commission Open Data, Marijuana Establishment Adult-use and MMEs Plant Activity and Volume (a_sales_au_activityvolume; CCCLastUpdated 2026-09-08)",https://masscannabiscontrol.com/resource/a_sales_au_activityvolume.csv,2026-09-24,"DERIVED by agent: sum of CCC field PLANTHARVESTEDCOUNT for facility types Marijuana Cultivator (113328562) and Marijuana Microbusiness (2139985). CCC publishes no definition of these fields. Values are not end-of-month plant inventories: PLANTHARVESTEDCOUNT runs about 25 times PLANTFLOWERINGCOUNT and all fields dip in February and in 2020-04, so they behave as monthly aggregates of daily Metrc activity records. Use as a relative index of cultivation activity, not as a plant stock. The CCC February 2025 industry report gives the same Jan-Apr 2024 shares (harvested 72 pct, destroyed 21 pct, flowering 4 pct, vegetative 2 pct) but a monthly average of 28,797 plants, a different scale from these fields. Header verified by agent 2026-09-25; data rows fetched 2026-09-24. INDUSTRY field is Adult-use for every row; Craft Marijuana Cooperative and non-cultivation facility types report 0 plants."
MA,2026-04,month,89,plants_harvested_adult_use,118992025,plants,"Massachusetts Cannabis Control Commission Open Data, Marijuana Establishment Adult-use and MMEs Plant Activity and Volume (a_sales_au_activityvolume; CCCLastUpdated 2026-09-08)",https://masscannabiscontrol.com/resource/a_sales_au_activityvolume.csv,2026-09-24,"DERIVED by agent: sum of CCC field PLANTHARVESTEDCOUNT for facility types Marijuana Cultivator (116950950) and Marijuana Microbusiness (2041075). CCC publishes no definition of these fields. Values are not end-of-month plant inventories: PLANTHARVESTEDCOUNT runs about 25 times PLANTFLOWERINGCOUNT and all fields dip in February and in 2020-04, so they behave as monthly aggregates of daily Metrc activity records. Use as a relative index of cultivation activity, not as a plant stock. The CCC February 2025 industry report gives the same Jan-Apr 2024 shares (harvested 72 pct, destroyed 21 pct, flowering 4 pct, vegetative 2 pct) but a monthly average of 28,797 plants, a different scale from these fields. Header verified by agent 2026-09-25; data rows fetched 2026-09-24. INDUSTRY field is Adult-use for every row; Craft Marijuana Cooperative and non-cultivation facility types report 0 plants."
MA,2018-11,month,0,plants_vegetative_adult_use,96,plants,"Massachusetts Cannabis Control Commission Open Data, Marijuana Establishment Adult-use and MMEs Plant Activity and Volume (a_sales_au_activityvolume; CCCLastUpdated 2026-09-08)",https://masscannabiscontrol.com/resource/a_sales_au_activityvolume.csv,2026-09-24,"CCC field PLANTVEGETATIVECOUNT, facility type Marijuana Cultivator (no Microbusiness row this month). CCC publishes no definition of these fields. Values are not end-of-month plant inventories: PLANTHARVESTEDCOUNT runs about 25 times PLANTFLOWERINGCOUNT and all fields dip in February and in 2020-04, so they behave as monthly aggregates of daily Metrc activity records. Use as a relative index of cultivation activity, not as a plant stock. The CCC February 2025 industry report gives the same Jan-Apr 2024 shares (harvested 72 pct, destroyed 21 pct, flowering 4 pct, vegetative 2 pct) but a monthly average of 28,797 plants, a different scale from these fields. Header verified by agent 2026-09-25; data rows fetched 2026-09-24. INDUSTRY field is Adult-use for every row; Craft Marijuana Cooperative and non-cultivation facility types report 0 plants."
MA,2018-12,month,1,plants_vegetative_adult_use,67530,plants,"Massachusetts Cannabis Control Commission Open Data, Marijuana Establishment Adult-use and MMEs Plant Activity and Volume (a_sales_au_activityvolume; CCCLastUpdated 2026-09-08)",https://masscannabiscontrol.com/resource/a_sales_au_activityvolume.csv,2026-09-24,"CCC field PLANTVEGETATIVECOUNT, facility type Marijuana Cultivator (no Microbusiness row this month). CCC publishes no definition of these fields. Values are not end-of-month plant inventories: PLANTHARVESTEDCOUNT runs about 25 times PLANTFLOWERINGCOUNT and all fields dip in February and in 2020-04, so they behave as monthly aggregates of daily Metrc activity records. Use as a relative index of cultivation activity, not as a plant stock. The CCC February 2025 industry report gives the same Jan-Apr 2024 shares (harvested 72 pct, destroyed 21 pct, flowering 4 pct, vegetative 2 pct) but a monthly average of 28,797 plants, a different scale from these fields. Header verified by agent 2026-09-25; data rows fetched 2026-09-24. INDUSTRY field is Adult-use for every row; Craft Marijuana Cooperative and non-cultivation facility types report 0 plants."
MA,2019-01,month,2,plants_vegetative_adult_use,167767,plants,"Massachusetts Cannabis Control Commission Open Data, Marijuana Establishment Adult-use and MMEs Plant Activity and Volume (a_sales_au_activityvolume; CCCLastUpdated 2026-09-08)",https://masscannabiscontrol.com/resource/a_sales_au_activityvolume.csv,2026-09-24,"CCC field PLANTVEGETATIVECOUNT, facility type Marijuana Cultivator (no Microbusiness row this month). CCC publishes no definition of these fields. Values are not end-of-month plant inventories: PLANTHARVESTEDCOUNT runs about 25 times PLANTFLOWERINGCOUNT and all fields dip in February and in 2020-04, so they behave as monthly aggregates of daily Metrc activity records. Use as a relative index of cultivation activity, not as a plant stock. The CCC February 2025 industry report gives the same Jan-Apr 2024 shares (harvested 72 pct, destroyed 21 pct, flowering 4 pct, vegetative 2 pct) but a monthly average of 28,797 plants, a different scale from these fields. Header verified by agent 2026-09-25; data rows fetched 2026-09-24. INDUSTRY field is Adult-use for every row; Craft Marijuana Cooperative and non-cultivation facility types report 0 plants."
MA,2019-02,month,3,plants_vegetative_adult_use,201660,plants,"Massachusetts Cannabis Control Commission Open Data, Marijuana Establishment Adult-use and MMEs Plant Activity and Volume (a_sales_au_activityvolume; CCCLastUpdated 2026-09-08)",https://masscannabiscontrol.com/resource/a_sales_au_activityvolume.csv,2026-09-24,"CCC field PLANTVEGETATIVECOUNT, facility type Marijuana Cultivator (no Microbusiness row this month). CCC publishes no definition of these fields. Values are not end-of-month plant inventories: PLANTHARVESTEDCOUNT runs about 25 times PLANTFLOWERINGCOUNT and all fields dip in February and in 2020-04, so they behave as monthly aggregates of daily Metrc activity records. Use as a relative index of cultivation activity, not as a plant stock. The CCC February 2025 industry report gives the same Jan-Apr 2024 shares (harvested 72 pct, destroyed 21 pct, flowering 4 pct, vegetative 2 pct) but a monthly average of 28,797 plants, a different scale from these fields. Header verified by agent 2026-09-25; data rows fetched 2026-09-24. INDUSTRY field is Adult-use for every row; Craft Marijuana Cooperative and non-cultivation facility types report 0 plants."
MA,2019-03,month,4,plants_vegetative_adult_use,220980,plants,"Massachusetts Cannabis Control Commission Open Data, Marijuana Establishment Adult-use and MMEs Plant Activity and Volume (a_sales_au_activityvolume; CCCLastUpdated 2026-09-08)",https://masscannabiscontrol.com/resource/a_sales_au_activityvolume.csv,2026-09-24,"DERIVED by agent: sum of CCC field PLANTVEGETATIVECOUNT for facility types Marijuana Cultivator (220980) and Marijuana Microbusiness (0). CCC publishes no definition of these fields. Values are not end-of-month plant inventories: PLANTHARVESTEDCOUNT runs about 25 times PLANTFLOWERINGCOUNT and all fields dip in February and in 2020-04, so they behave as monthly aggregates of daily Metrc activity records. Use as a relative index of cultivation activity, not as a plant stock. The CCC February 2025 industry report gives the same Jan-Apr 2024 shares (harvested 72 pct, destroyed 21 pct, flowering 4 pct, vegetative 2 pct) but a monthly average of 28,797 plants, a different scale from these fields. Header verified by agent 2026-09-25; data rows fetched 2026-09-24. INDUSTRY field is Adult-use for every row; Craft Marijuana Cooperative and non-cultivation facility types report 0 plants."
MA,2019-04,month,5,plants_vegetative_adult_use,311412,plants,"Massachusetts Cannabis Control Commission Open Data, Marijuana Establishment Adult-use and MMEs Plant Activity and Volume (a_sales_au_activityvolume; CCCLastUpdated 2026-09-08)",https://masscannabiscontrol.com/resource/a_sales_au_activityvolume.csv,2026-09-24,"DERIVED by agent: sum of CCC field PLANTVEGETATIVECOUNT for facility types Marijuana Cultivator (311412) and Marijuana Microbusiness (0). CCC publishes no definition of these fields. Values are not end-of-month plant inventories: PLANTHARVESTEDCOUNT runs about 25 times PLANTFLOWERINGCOUNT and all fields dip in February and in 2020-04, so they behave as monthly aggregates of daily Metrc activity records. Use as a relative index of cultivation activity, not as a plant stock. The CCC February 2025 industry report gives the same Jan-Apr 2024 shares (harvested 72 pct, destroyed 21 pct, flowering 4 pct, vegetative 2 pct) but a monthly average of 28,797 plants, a different scale from these fields. Header verified by agent 2026-09-25; data rows fetched 2026-09-24. INDUSTRY field is Adult-use for every row; Craft Marijuana Cooperative and non-cultivation facility types report 0 plants."
MA,2019-05,month,6,plants_vegetative_adult_use,528939,plants,"Massachusetts Cannabis Control Commission Open Data, Marijuana Establishment Adult-use and MMEs Plant Activity and Volume (a_sales_au_activityvolume; CCCLastUpdated 2026-09-08)",https://masscannabiscontrol.com/resource/a_sales_au_activityvolume.csv,2026-09-24,"DERIVED by agent: sum of CCC field PLANTVEGETATIVECOUNT for facility types Marijuana Cultivator (528939) and Marijuana Microbusiness (0). CCC publishes no definition of these fields. Values are not end-of-month plant inventories: PLANTHARVESTEDCOUNT runs about 25 times PLANTFLOWERINGCOUNT and all fields dip in February and in 2020-04, so they behave as monthly aggregates of daily Metrc activity records. Use as a relative index of cultivation activity, not as a plant stock. The CCC February 2025 industry report gives the same Jan-Apr 2024 shares (harvested 72 pct, destroyed 21 pct, flowering 4 pct, vegetative 2 pct) but a monthly average of 28,797 plants, a different scale from these fields. Header verified by agent 2026-09-25; data rows fetched 2026-09-24. INDUSTRY field is Adult-use for every row; Craft Marijuana Cooperative and non-cultivation facility types report 0 plants."
MA,2019-06,month,7,plants_vegetative_adult_use,492424,plants,"Massachusetts Cannabis Control Commission Open Data, Marijuana Establishment Adult-use and MMEs Plant Activity and Volume (a_sales_au_activityvolume; CCCLastUpdated 2026-09-08)",https://masscannabiscontrol.com/resource/a_sales_au_activityvolume.csv,2026-09-24,"DERIVED by agent: sum of CCC field PLANTVEGETATIVECOUNT for facility types Marijuana Cultivator (492062) and Marijuana Microbusiness (362). CCC publishes no definition of these fields. Values are not end-of-month plant inventories: PLANTHARVESTEDCOUNT runs about 25 times PLANTFLOWERINGCOUNT and all fields dip in February and in 2020-04, so they behave as monthly aggregates of daily Metrc activity records. Use as a relative index of cultivation activity, not as a plant stock. The CCC February 2025 industry report gives the same Jan-Apr 2024 shares (harvested 72 pct, destroyed 21 pct, flowering 4 pct, vegetative 2 pct) but a monthly average of 28,797 plants, a different scale from these fields. Header verified by agent 2026-09-25; data rows fetched 2026-09-24. INDUSTRY field is Adult-use for every row; Craft Marijuana Cooperative and non-cultivation facility types report 0 plants."
MA,2019-07,month,8,plants_vegetative_adult_use,543915,plants,"Massachusetts Cannabis Control Commission Open Data, Marijuana Establishment Adult-use and MMEs Plant Activity and Volume (a_sales_au_activityvolume; CCCLastUpdated 2026-09-08)",https://masscannabiscontrol.com/resource/a_sales_au_activityvolume.csv,2026-09-24,"DERIVED by agent: sum of CCC field PLANTVEGETATIVECOUNT for facility types Marijuana Cultivator (541856) and Marijuana Microbusiness (2059). CCC publishes no definition of these fields. Values are not end-of-month plant inventories: PLANTHARVESTEDCOUNT runs about 25 times PLANTFLOWERINGCOUNT and all fields dip in February and in 2020-04, so they behave as monthly aggregates of daily Metrc activity records. Use as a relative index of cultivation activity, not as a plant stock. The CCC February 2025 industry report gives the same Jan-Apr 2024 shares (harvested 72 pct, destroyed 21 pct, flowering 4 pct, vegetative 2 pct) but a monthly average of 28,797 plants, a different scale from these fields. Header verified by agent 2026-09-25; data rows fetched 2026-09-24. INDUSTRY field is Adult-use for every row; Craft Marijuana Cooperative and non-cultivation facility types report 0 plants."
MA,2019-08,month,9,plants_vegetative_adult_use,535641,plants,"Massachusetts Cannabis Control Commission Open Data, Marijuana Establishment Adult-use and MMEs Plant Activity and Volume (a_sales_au_activityvolume; CCCLastUpdated 2026-09-08)",https://masscannabiscontrol.com/resource/a_sales_au_activityvolume.csv,2026-09-24,"DERIVED by agent: sum of CCC field PLANTVEGETATIVECOUNT for facility types Marijuana Cultivator (532837) and Marijuana Microbusiness (2804). CCC publishes no definition of these fields. Values are not end-of-month plant inventories: PLANTHARVESTEDCOUNT runs about 25 times PLANTFLOWERINGCOUNT and all fields dip in February and in 2020-04, so they behave as monthly aggregates of daily Metrc activity records. Use as a relative index of cultivation activity, not as a plant stock. The CCC February 2025 industry report gives the same Jan-Apr 2024 shares (harvested 72 pct, destroyed 21 pct, flowering 4 pct, vegetative 2 pct) but a monthly average of 28,797 plants, a different scale from these fields. Header verified by agent 2026-09-25; data rows fetched 2026-09-24. INDUSTRY field is Adult-use for every row; Craft Marijuana Cooperative and non-cultivation facility types report 0 plants."
MA,2019-09,month,10,plants_vegetative_adult_use,472482,plants,"Massachusetts Cannabis Control Commission Open Data, Marijuana Establishment Adult-use and MMEs Plant Activity and Volume (a_sales_au_activityvolume; CCCLastUpdated 2026-09-08)",https://masscannabiscontrol.com/resource/a_sales_au_activityvolume.csv,2026-09-24,"DERIVED by agent: sum of CCC field PLANTVEGETATIVECOUNT for facility types Marijuana Cultivator (468863) and Marijuana Microbusiness (3619). CCC publishes no definition of these fields. Values are not end-of-month plant inventories: PLANTHARVESTEDCOUNT runs about 25 times PLANTFLOWERINGCOUNT and all fields dip in February and in 2020-04, so they behave as monthly aggregates of daily Metrc activity records. Use as a relative index of cultivation activity, not as a plant stock. The CCC February 2025 industry report gives the same Jan-Apr 2024 shares (harvested 72 pct, destroyed 21 pct, flowering 4 pct, vegetative 2 pct) but a monthly average of 28,797 plants, a different scale from these fields. Header verified by agent 2026-09-25; data rows fetched 2026-09-24. INDUSTRY field is Adult-use for every row; Craft Marijuana Cooperative and non-cultivation facility types report 0 plants."
MA,2019-10,month,11,plants_vegetative_adult_use,495272,plants,"Massachusetts Cannabis Control Commission Open Data, Marijuana Establishment Adult-use and MMEs Plant Activity and Volume (a_sales_au_activityvolume; CCCLastUpdated 2026-09-08)",https://masscannabiscontrol.com/resource/a_sales_au_activityvolume.csv,2026-09-24,"DERIVED by agent: sum of CCC field PLANTVEGETATIVECOUNT for facility types Marijuana Cultivator (492798) and Marijuana Microbusiness (2474). CCC publishes no definition of these fields. Values are not end-of-month plant inventories: PLANTHARVESTEDCOUNT runs about 25 times PLANTFLOWERINGCOUNT and all fields dip in February and in 2020-04, so they behave as monthly aggregates of daily Metrc activity records. Use as a relative index of cultivation activity, not as a plant stock. The CCC February 2025 industry report gives the same Jan-Apr 2024 shares (harvested 72 pct, destroyed 21 pct, flowering 4 pct, vegetative 2 pct) but a monthly average of 28,797 plants, a different scale from these fields. Header verified by agent 2026-09-25; data rows fetched 2026-09-24. INDUSTRY field is Adult-use for every row; Craft Marijuana Cooperative and non-cultivation facility types report 0 plants."
MA,2019-11,month,12,plants_vegetative_adult_use,478483,plants,"Massachusetts Cannabis Control Commission Open Data, Marijuana Establishment Adult-use and MMEs Plant Activity and Volume (a_sales_au_activityvolume; CCCLastUpdated 2026-09-08)",https://masscannabiscontrol.com/resource/a_sales_au_activityvolume.csv,2026-09-24,"DERIVED by agent: sum of CCC field PLANTVEGETATIVECOUNT for facility types Marijuana Cultivator (476746) and Marijuana Microbusiness (1737). CCC publishes no definition of these fields. Values are not end-of-month plant inventories: PLANTHARVESTEDCOUNT runs about 25 times PLANTFLOWERINGCOUNT and all fields dip in February and in 2020-04, so they behave as monthly aggregates of daily Metrc activity records. Use as a relative index of cultivation activity, not as a plant stock. The CCC February 2025 industry report gives the same Jan-Apr 2024 shares (harvested 72 pct, destroyed 21 pct, flowering 4 pct, vegetative 2 pct) but a monthly average of 28,797 plants, a different scale from these fields. Header verified by agent 2026-09-25; data rows fetched 2026-09-24. INDUSTRY field is Adult-use for every row; Craft Marijuana Cooperative and non-cultivation facility types report 0 plants."
MA,2019-12,month,13,plants_vegetative_adult_use,621560,plants,"Massachusetts Cannabis Control Commission Open Data, Marijuana Establishment Adult-use and MMEs Plant Activity and Volume (a_sales_au_activityvolume; CCCLastUpdated 2026-09-08)",https://masscannabiscontrol.com/resource/a_sales_au_activityvolume.csv,2026-09-24,"DERIVED by agent: sum of CCC field PLANTVEGETATIVECOUNT for facility types Marijuana Cultivator (618348) and Marijuana Microbusiness (3212). CCC publishes no definition of these fields. Values are not end-of-month plant inventories: PLANTHARVESTEDCOUNT runs about 25 times PLANTFLOWERINGCOUNT and all fields dip in February and in 2020-04, so they behave as monthly aggregates of daily Metrc activity records. Use as a relative index of cultivation activity, not as a plant stock. The CCC February 2025 industry report gives the same Jan-Apr 2024 shares (harvested 72 pct, destroyed 21 pct, flowering 4 pct, vegetative 2 pct) but a monthly average of 28,797 plants, a different scale from these fields. Header verified by agent 2026-09-25; data rows fetched 2026-09-24. INDUSTRY field is Adult-use for every row; Craft Marijuana Cooperative and non-cultivation facility types report 0 plants."
MA,2020-01,month,14,plants_vegetative_adult_use,634627,plants,"Massachusetts Cannabis Control Commission Open Data, Marijuana Establishment Adult-use and MMEs Plant Activity and Volume (a_sales_au_activityvolume; CCCLastUpdated 2026-09-08)",https://masscannabiscontrol.com/resource/a_sales_au_activityvolume.csv,2026-09-24,"DERIVED by agent: sum of CCC field PLANTVEGETATIVECOUNT for facility types Marijuana Cultivator (630953) and Marijuana Microbusiness (3674). CCC publishes no definition of these fields. Values are not end-of-month plant inventories: PLANTHARVESTEDCOUNT runs about 25 times PLANTFLOWERINGCOUNT and all fields dip in February and in 2020-04, so they behave as monthly aggregates of daily Metrc activity records. Use as a relative index of cultivation activity, not as a plant stock. The CCC February 2025 industry report gives the same Jan-Apr 2024 shares (harvested 72 pct, destroyed 21 pct, flowering 4 pct, vegetative 2 pct) but a monthly average of 28,797 plants, a different scale from these fields. Header verified by agent 2026-09-25; data rows fetched 2026-09-24. INDUSTRY field is Adult-use for every row; Craft Marijuana Cooperative and non-cultivation facility types report 0 plants."
MA,2020-02,month,15,plants_vegetative_adult_use,609467,plants,"Massachusetts Cannabis Control Commission Open Data, Marijuana Establishment Adult-use and MMEs Plant Activity and Volume (a_sales_au_activityvolume; CCCLastUpdated 2026-09-08)",https://masscannabiscontrol.com/resource/a_sales_au_activityvolume.csv,2026-09-24,"DERIVED by agent: sum of CCC field PLANTVEGETATIVECOUNT for facility types Marijuana Cultivator (604167) and Marijuana Microbusiness (5300). CCC publishes no definition of these fields. Values are not end-of-month plant inventories: PLANTHARVESTEDCOUNT runs about 25 times PLANTFLOWERINGCOUNT and all fields dip in February and in 2020-04, so they behave as monthly aggregates of daily Metrc activity records. Use as a relative index of cultivation activity, not as a plant stock. The CCC February 2025 industry report gives the same Jan-Apr 2024 shares (harvested 72 pct, destroyed 21 pct, flowering 4 pct, vegetative 2 pct) but a monthly average of 28,797 plants, a different scale from these fields. Header verified by agent 2026-09-25; data rows fetched 2026-09-24. INDUSTRY field is Adult-use for every row; Craft Marijuana Cooperative and non-cultivation facility types report 0 plants."
MA,2020-03,month,16,plants_vegetative_adult_use,816756,plants,"Massachusetts Cannabis Control Commission Open Data, Marijuana Establishment Adult-use and MMEs Plant Activity and Volume (a_sales_au_activityvolume; CCCLastUpdated 2026-09-08)",https://masscannabiscontrol.com/resource/a_sales_au_activityvolume.csv,2026-09-24,"DERIVED by agent: sum of CCC field PLANTVEGETATIVECOUNT for facility types Marijuana Cultivator (809703) and Marijuana Microbusiness (7053). CCC publishes no definition of these fields. Values are not end-of-month plant inventories: PLANTHARVESTEDCOUNT runs about 25 times PLANTFLOWERINGCOUNT and all fields dip in February and in 2020-04, so they behave as monthly aggregates of daily Metrc activity records. Use as a relative index of cultivation activity, not as a plant stock. The CCC February 2025 industry report gives the same Jan-Apr 2024 shares (harvested 72 pct, destroyed 21 pct, flowering 4 pct, vegetative 2 pct) but a monthly average of 28,797 plants, a different scale from these fields. Header verified by agent 2026-09-25; data rows fetched 2026-09-24. INDUSTRY field is Adult-use for every row; Craft Marijuana Cooperative and non-cultivation facility types report 0 plants."
MA,2020-04,month,17,plants_vegetative_adult_use,710002,plants,"Massachusetts Cannabis Control Commission Open Data, Marijuana Establishment Adult-use and MMEs Plant Activity and Volume (a_sales_au_activityvolume; CCCLastUpdated 2026-09-08)",https://masscannabiscontrol.com/resource/a_sales_au_activityvolume.csv,2026-09-24,"DERIVED by agent: sum of CCC field PLANTVEGETATIVECOUNT for facility types Marijuana Cultivator (701352) and Marijuana Microbusiness (8650). CCC publishes no definition of these fields. Values are not end-of-month plant inventories: PLANTHARVESTEDCOUNT runs about 25 times PLANTFLOWERINGCOUNT and all fields dip in February and in 2020-04, so they behave as monthly aggregates of daily Metrc activity records. Use as a relative index of cultivation activity, not as a plant stock. The CCC February 2025 industry report gives the same Jan-Apr 2024 shares (harvested 72 pct, destroyed 21 pct, flowering 4 pct, vegetative 2 pct) but a monthly average of 28,797 plants, a different scale from these fields. Header verified by agent 2026-09-25; data rows fetched 2026-09-24. INDUSTRY field is Adult-use for every row; Craft Marijuana Cooperative and non-cultivation facility types report 0 plants."
MA,2020-05,month,18,plants_vegetative_adult_use,875734,plants,"Massachusetts Cannabis Control Commission Open Data, Marijuana Establishment Adult-use and MMEs Plant Activity and Volume (a_sales_au_activityvolume; CCCLastUpdated 2026-09-08)",https://masscannabiscontrol.com/resource/a_sales_au_activityvolume.csv,2026-09-24,"DERIVED by agent: sum of CCC field PLANTVEGETATIVECOUNT for facility types Marijuana Cultivator (870314) and Marijuana Microbusiness (5420). CCC publishes no definition of these fields. Values are not end-of-month plant inventories: PLANTHARVESTEDCOUNT runs about 25 times PLANTFLOWERINGCOUNT and all fields dip in February and in 2020-04, so they behave as monthly aggregates of daily Metrc activity records. Use as a relative index of cultivation activity, not as a plant stock. The CCC February 2025 industry report gives the same Jan-Apr 2024 shares (harvested 72 pct, destroyed 21 pct, flowering 4 pct, vegetative 2 pct) but a monthly average of 28,797 plants, a different scale from these fields. Header verified by agent 2026-09-25; data rows fetched 2026-09-24. INDUSTRY field is Adult-use for every row; Craft Marijuana Cooperative and non-cultivation facility types report 0 plants."
MA,2020-06,month,19,plants_vegetative_adult_use,834595,plants,"Massachusetts Cannabis Control Commission Open Data, Marijuana Establishment Adult-use and MMEs Plant Activity and Volume (a_sales_au_activityvolume; CCCLastUpdated 2026-09-08)",https://masscannabiscontrol.com/resource/a_sales_au_activityvolume.csv,2026-09-24,"DERIVED by agent: sum of CCC field PLANTVEGETATIVECOUNT for facility types Marijuana Cultivator (828052) and Marijuana Microbusiness (6543). CCC publishes no definition of these fields. Values are not end-of-month plant inventories: PLANTHARVESTEDCOUNT runs about 25 times PLANTFLOWERINGCOUNT and all fields dip in February and in 2020-04, so they behave as monthly aggregates of daily Metrc activity records. Use as a relative index of cultivation activity, not as a plant stock. The CCC February 2025 industry report gives the same Jan-Apr 2024 shares (harvested 72 pct, destroyed 21 pct, flowering 4 pct, vegetative 2 pct) but a monthly average of 28,797 plants, a different scale from these fields. Header verified by agent 2026-09-25; data rows fetched 2026-09-24. INDUSTRY field is Adult-use for every row; Craft Marijuana Cooperative and non-cultivation facility types report 0 plants."
MA,2020-07,month,20,plants_vegetative_adult_use,957321,plants,"Massachusetts Cannabis Control Commission Open Data, Marijuana Establishment Adult-use and MMEs Plant Activity and Volume (a_sales_au_activityvolume; CCCLastUpdated 2026-09-08)",https://masscannabiscontrol.com/resource/a_sales_au_activityvolume.csv,2026-09-24,"DERIVED by agent: sum of CCC field PLANTVEGETATIVECOUNT for facility types Marijuana Cultivator (950301) and Marijuana Microbusiness (7020). CCC publishes no definition of these fields. Values are not end-of-month plant inventories: PLANTHARVESTEDCOUNT runs about 25 times PLANTFLOWERINGCOUNT and all fields dip in February and in 2020-04, so they behave as monthly aggregates of daily Metrc activity records. Use as a relative index of cultivation activity, not as a plant stock. The CCC February 2025 industry report gives the same Jan-Apr 2024 shares (harvested 72 pct, destroyed 21 pct, flowering 4 pct, vegetative 2 pct) but a monthly average of 28,797 plants, a different scale from these fields. Header verified by agent 2026-09-25; data rows fetched 2026-09-24. INDUSTRY field is Adult-use for every row; Craft Marijuana Cooperative and non-cultivation facility types report 0 plants."
MA,2020-08,month,21,plants_vegetative_adult_use,998725,plants,"Massachusetts Cannabis Control Commission Open Data, Marijuana Establishment Adult-use and MMEs Plant Activity and Volume (a_sales_au_activityvolume; CCCLastUpdated 2026-09-08)",https://masscannabiscontrol.com/resource/a_sales_au_activityvolume.csv,2026-09-24,"DERIVED by agent: sum of CCC field PLANTVEGETATIVECOUNT for facility types Marijuana Cultivator (990923) and Marijuana Microbusiness (7802). CCC publishes no definition of these fields. Values are not end-of-month plant inventories: PLANTHARVESTEDCOUNT runs about 25 times PLANTFLOWERINGCOUNT and all fields dip in February and in 2020-04, so they behave as monthly aggregates of daily Metrc activity records. Use as a relative index of cultivation activity, not as a plant stock. The CCC February 2025 industry report gives the same Jan-Apr 2024 shares (harvested 72 pct, destroyed 21 pct, flowering 4 pct, vegetative 2 pct) but a monthly average of 28,797 plants, a different scale from these fields. Header verified by agent 2026-09-25; data rows fetched 2026-09-24. INDUSTRY field is Adult-use for every row; Craft Marijuana Cooperative and non-cultivation facility types report 0 plants."
MA,2020-09,month,22,plants_vegetative_adult_use,827088,plants,"Massachusetts Cannabis Control Commission Open Data, Marijuana Establishment Adult-use and MMEs Plant Activity and Volume (a_sales_au_activityvolume; CCCLastUpdated 2026-09-08)",https://masscannabiscontrol.com/resource/a_sales_au_activityvolume.csv,2026-09-24,"DERIVED by agent: sum of CCC field PLANTVEGETATIVECOUNT for facility types Marijuana Cultivator (820072) and Marijuana Microbusiness (7016). CCC publishes no definition of these fields. Values are not end-of-month plant inventories: PLANTHARVESTEDCOUNT runs about 25 times PLANTFLOWERINGCOUNT and all fields dip in February and in 2020-04, so they behave as monthly aggregates of daily Metrc activity records. Use as a relative index of cultivation activity, not as a plant stock. The CCC February 2025 industry report gives the same Jan-Apr 2024 shares (harvested 72 pct, destroyed 21 pct, flowering 4 pct, vegetative 2 pct) but a monthly average of 28,797 plants, a different scale from these fields. Header verified by agent 2026-09-25; data rows fetched 2026-09-24. INDUSTRY field is Adult-use for every row; Craft Marijuana Cooperative and non-cultivation facility types report 0 plants."
MA,2020-10,month,23,plants_vegetative_adult_use,743951,plants,"Massachusetts Cannabis Control Commission Open Data, Marijuana Establishment Adult-use and MMEs Plant Activity and Volume (a_sales_au_activityvolume; CCCLastUpdated 2026-09-08)",https://masscannabiscontrol.com/resource/a_sales_au_activityvolume.csv,2026-09-24,"DERIVED by agent: sum of CCC field PLANTVEGETATIVECOUNT for facility types Marijuana Cultivator (737275) and Marijuana Microbusiness (6676). CCC publishes no definition of these fields. Values are not end-of-month plant inventories: PLANTHARVESTEDCOUNT runs about 25 times PLANTFLOWERINGCOUNT and all fields dip in February and in 2020-04, so they behave as monthly aggregates of daily Metrc activity records. Use as a relative index of cultivation activity, not as a plant stock. The CCC February 2025 industry report gives the same Jan-Apr 2024 shares (harvested 72 pct, destroyed 21 pct, flowering 4 pct, vegetative 2 pct) but a monthly average of 28,797 plants, a different scale from these fields. Header verified by agent 2026-09-25; data rows fetched 2026-09-24. INDUSTRY field is Adult-use for every row; Craft Marijuana Cooperative and non-cultivation facility types report 0 plants."
MA,2020-11,month,24,plants_vegetative_adult_use,859167,plants,"Massachusetts Cannabis Control Commission Open Data, Marijuana Establishment Adult-use and MMEs Plant Activity and Volume (a_sales_au_activityvolume; CCCLastUpdated 2026-09-08)",https://masscannabiscontrol.com/resource/a_sales_au_activityvolume.csv,2026-09-24,"DERIVED by agent: sum of CCC field PLANTVEGETATIVECOUNT for facility types Marijuana Cultivator (838613) and Marijuana Microbusiness (20554). CCC publishes no definition of these fields. Values are not end-of-month plant inventories: PLANTHARVESTEDCOUNT runs about 25 times PLANTFLOWERINGCOUNT and all fields dip in February and in 2020-04, so they behave as monthly aggregates of daily Metrc activity records. Use as a relative index of cultivation activity, not as a plant stock. The CCC February 2025 industry report gives the same Jan-Apr 2024 shares (harvested 72 pct, destroyed 21 pct, flowering 4 pct, vegetative 2 pct) but a monthly average of 28,797 plants, a different scale from these fields. Header verified by agent 2026-09-25; data rows fetched 2026-09-24. INDUSTRY field is Adult-use for every row; Craft Marijuana Cooperative and non-cultivation facility types report 0 plants."
MA,2020-12,month,25,plants_vegetative_adult_use,918174,plants,"Massachusetts Cannabis Control Commission Open Data, Marijuana Establishment Adult-use and MMEs Plant Activity and Volume (a_sales_au_activityvolume; CCCLastUpdated 2026-09-08)",https://masscannabiscontrol.com/resource/a_sales_au_activityvolume.csv,2026-09-24,"DERIVED by agent: sum of CCC field PLANTVEGETATIVECOUNT for facility types Marijuana Cultivator (894036) and Marijuana Microbusiness (24138). CCC publishes no definition of these fields. Values are not end-of-month plant inventories: PLANTHARVESTEDCOUNT runs about 25 times PLANTFLOWERINGCOUNT and all fields dip in February and in 2020-04, so they behave as monthly aggregates of daily Metrc activity records. Use as a relative index of cultivation activity, not as a plant stock. The CCC February 2025 industry report gives the same Jan-Apr 2024 shares (harvested 72 pct, destroyed 21 pct, flowering 4 pct, vegetative 2 pct) but a monthly average of 28,797 plants, a different scale from these fields. Header verified by agent 2026-09-25; data rows fetched 2026-09-24. INDUSTRY field is Adult-use for every row; Craft Marijuana Cooperative and non-cultivation facility types report 0 plants."
MA,2021-01,month,26,plants_vegetative_adult_use,993708,plants,"Massachusetts Cannabis Control Commission Open Data, Marijuana Establishment Adult-use and MMEs Plant Activity and Volume (a_sales_au_activityvolume; CCCLastUpdated 2026-09-08)",https://masscannabiscontrol.com/resource/a_sales_au_activityvolume.csv,2026-09-24,"DERIVED by agent: sum of CCC field PLANTVEGETATIVECOUNT for facility types Marijuana Cultivator (969107) and Marijuana Microbusiness (24601). CCC publishes no definition of these fields. Values are not end-of-month plant inventories: PLANTHARVESTEDCOUNT runs about 25 times PLANTFLOWERINGCOUNT and all fields dip in February and in 2020-04, so they behave as monthly aggregates of daily Metrc activity records. Use as a relative index of cultivation activity, not as a plant stock. The CCC February 2025 industry report gives the same Jan-Apr 2024 shares (harvested 72 pct, destroyed 21 pct, flowering 4 pct, vegetative 2 pct) but a monthly average of 28,797 plants, a different scale from these fields. Header verified by agent 2026-09-25; data rows fetched 2026-09-24. INDUSTRY field is Adult-use for every row; Craft Marijuana Cooperative and non-cultivation facility types report 0 plants."
MA,2021-02,month,27,plants_vegetative_adult_use,872794,plants,"Massachusetts Cannabis Control Commission Open Data, Marijuana Establishment Adult-use and MMEs Plant Activity and Volume (a_sales_au_activityvolume; CCCLastUpdated 2026-09-08)",https://masscannabiscontrol.com/resource/a_sales_au_activityvolume.csv,2026-09-24,"DERIVED by agent: sum of CCC field PLANTVEGETATIVECOUNT for facility types Marijuana Cultivator (860116) and Marijuana Microbusiness (12678). CCC publishes no definition of these fields. Values are not end-of-month plant inventories: PLANTHARVESTEDCOUNT runs about 25 times PLANTFLOWERINGCOUNT and all fields dip in February and in 2020-04, so they behave as monthly aggregates of daily Metrc activity records. Use as a relative index of cultivation activity, not as a plant stock. The CCC February 2025 industry report gives the same Jan-Apr 2024 shares (harvested 72 pct, destroyed 21 pct, flowering 4 pct, vegetative 2 pct) but a monthly average of 28,797 plants, a different scale from these fields. Header verified by agent 2026-09-25; data rows fetched 2026-09-24. INDUSTRY field is Adult-use for every row; Craft Marijuana Cooperative and non-cultivation facility types report 0 plants."
MA,2021-03,month,28,plants_vegetative_adult_use,979987,plants,"Massachusetts Cannabis Control Commission Open Data, Marijuana Establishment Adult-use and MMEs Plant Activity and Volume (a_sales_au_activityvolume; CCCLastUpdated 2026-09-08)",https://masscannabiscontrol.com/resource/a_sales_au_activityvolume.csv,2026-09-24,"DERIVED by agent: sum of CCC field PLANTVEGETATIVECOUNT for facility types Marijuana Cultivator (962087) and Marijuana Microbusiness (17900). CCC publishes no definition of these fields. Values are not end-of-month plant inventories: PLANTHARVESTEDCOUNT runs about 25 times PLANTFLOWERINGCOUNT and all fields dip in February and in 2020-04, so they behave as monthly aggregates of daily Metrc activity records. Use as a relative index of cultivation activity, not as a plant stock. The CCC February 2025 industry report gives the same Jan-Apr 2024 shares (harvested 72 pct, destroyed 21 pct, flowering 4 pct, vegetative 2 pct) but a monthly average of 28,797 plants, a different scale from these fields. Header verified by agent 2026-09-25; data rows fetched 2026-09-24. INDUSTRY field is Adult-use for every row; Craft Marijuana Cooperative and non-cultivation facility types report 0 plants."
MA,2021-04,month,29,plants_vegetative_adult_use,907784,plants,"Massachusetts Cannabis Control Commission Open Data, Marijuana Establishment Adult-use and MMEs Plant Activity and Volume (a_sales_au_activityvolume; CCCLastUpdated 2026-09-08)",https://masscannabiscontrol.com/resource/a_sales_au_activityvolume.csv,2026-09-24,"DERIVED by agent: sum of CCC field PLANTVEGETATIVECOUNT for facility types Marijuana Cultivator (892445) and Marijuana Microbusiness (15339). CCC publishes no definition of these fields. Values are not end-of-month plant inventories: PLANTHARVESTEDCOUNT runs about 25 times PLANTFLOWERINGCOUNT and all fields dip in February and in 2020-04, so they behave as monthly aggregates of daily Metrc activity records. Use as a relative index of cultivation activity, not as a plant stock. The CCC February 2025 industry report gives the same Jan-Apr 2024 shares (harvested 72 pct, destroyed 21 pct, flowering 4 pct, vegetative 2 pct) but a monthly average of 28,797 plants, a different scale from these fields. Header verified by agent 2026-09-25; data rows fetched 2026-09-24. INDUSTRY field is Adult-use for every row; Craft Marijuana Cooperative and non-cultivation facility types report 0 plants."
MA,2021-05,month,30,plants_vegetative_adult_use,1325426,plants,"Massachusetts Cannabis Control Commission Open Data, Marijuana Establishment Adult-use and MMEs Plant Activity and Volume (a_sales_au_activityvolume; CCCLastUpdated 2026-09-08)",https://masscannabiscontrol.com/resource/a_sales_au_activityvolume.csv,2026-09-24,"DERIVED by agent: sum of CCC field PLANTVEGETATIVECOUNT for facility types Marijuana Cultivator (1293129) and Marijuana Microbusiness (32297). CCC publishes no definition of these fields. Values are not end-of-month plant inventories: PLANTHARVESTEDCOUNT runs about 25 times PLANTFLOWERINGCOUNT and all fields dip in February and in 2020-04, so they behave as monthly aggregates of daily Metrc activity records. Use as a relative index of cultivation activity, not as a plant stock. The CCC February 2025 industry report gives the same Jan-Apr 2024 shares (harvested 72 pct, destroyed 21 pct, flowering 4 pct, vegetative 2 pct) but a monthly average of 28,797 plants, a different scale from these fields. Header verified by agent 2026-09-25; data rows fetched 2026-09-24. INDUSTRY field is Adult-use for every row; Craft Marijuana Cooperative and non-cultivation facility types report 0 plants."
MA,2021-06,month,31,plants_vegetative_adult_use,1619071,plants,"Massachusetts Cannabis Control Commission Open Data, Marijuana Establishment Adult-use and MMEs Plant Activity and Volume (a_sales_au_activityvolume; CCCLastUpdated 2026-09-08)",https://masscannabiscontrol.com/resource/a_sales_au_activityvolume.csv,2026-09-24,"DERIVED by agent: sum of CCC field PLANTVEGETATIVECOUNT for facility types Marijuana Cultivator (1603571) and Marijuana Microbusiness (15500). CCC publishes no definition of these fields. Values are not end-of-month plant inventories: PLANTHARVESTEDCOUNT runs about 25 times PLANTFLOWERINGCOUNT and all fields dip in February and in 2020-04, so they behave as monthly aggregates of daily Metrc activity records. Use as a relative index of cultivation activity, not as a plant stock. The CCC February 2025 industry report gives the same Jan-Apr 2024 shares (harvested 72 pct, destroyed 21 pct, flowering 4 pct, vegetative 2 pct) but a monthly average of 28,797 plants, a different scale from these fields. Header verified by agent 2026-09-25; data rows fetched 2026-09-24. INDUSTRY field is Adult-use for every row; Craft Marijuana Cooperative and non-cultivation facility types report 0 plants."
MA,2021-07,month,32,plants_vegetative_adult_use,1783116,plants,"Massachusetts Cannabis Control Commission Open Data, Marijuana Establishment Adult-use and MMEs Plant Activity and Volume (a_sales_au_activityvolume; CCCLastUpdated 2026-09-08)",https://masscannabiscontrol.com/resource/a_sales_au_activityvolume.csv,2026-09-24,"DERIVED by agent: sum of CCC field PLANTVEGETATIVECOUNT for facility types Marijuana Cultivator (1772716) and Marijuana Microbusiness (10400). CCC publishes no definition of these fields. Values are not end-of-month plant inventories: PLANTHARVESTEDCOUNT runs about 25 times PLANTFLOWERINGCOUNT and all fields dip in February and in 2020-04, so they behave as monthly aggregates of daily Metrc activity records. Use as a relative index of cultivation activity, not as a plant stock. The CCC February 2025 industry report gives the same Jan-Apr 2024 shares (harvested 72 pct, destroyed 21 pct, flowering 4 pct, vegetative 2 pct) but a monthly average of 28,797 plants, a different scale from these fields. Header verified by agent 2026-09-25; data rows fetched 2026-09-24. INDUSTRY field is Adult-use for every row; Craft Marijuana Cooperative and non-cultivation facility types report 0 plants."
MA,2021-08,month,33,plants_vegetative_adult_use,2164895,plants,"Massachusetts Cannabis Control Commission Open Data, Marijuana Establishment Adult-use and MMEs Plant Activity and Volume (a_sales_au_activityvolume; CCCLastUpdated 2026-09-08)",https://masscannabiscontrol.com/resource/a_sales_au_activityvolume.csv,2026-09-24,"DERIVED by agent: sum of CCC field PLANTVEGETATIVECOUNT for facility types Marijuana Cultivator (2145955) and Marijuana Microbusiness (18940). CCC publishes no definition of these fields. Values are not end-of-month plant inventories: PLANTHARVESTEDCOUNT runs about 25 times PLANTFLOWERINGCOUNT and all fields dip in February and in 2020-04, so they behave as monthly aggregates of daily Metrc activity records. Use as a relative index of cultivation activity, not as a plant stock. The CCC February 2025 industry report gives the same Jan-Apr 2024 shares (harvested 72 pct, destroyed 21 pct, flowering 4 pct, vegetative 2 pct) but a monthly average of 28,797 plants, a different scale from these fields. Header verified by agent 2026-09-25; data rows fetched 2026-09-24. INDUSTRY field is Adult-use for every row; Craft Marijuana Cooperative and non-cultivation facility types report 0 plants."
MA,2021-09,month,34,plants_vegetative_adult_use,1460873,plants,"Massachusetts Cannabis Control Commission Open Data, Marijuana Establishment Adult-use and MMEs Plant Activity and Volume (a_sales_au_activityvolume; CCCLastUpdated 2026-09-08)",https://masscannabiscontrol.com/resource/a_sales_au_activityvolume.csv,2026-09-24,"DERIVED by agent: sum of CCC field PLANTVEGETATIVECOUNT for facility types Marijuana Cultivator (1444710) and Marijuana Microbusiness (16163). CCC publishes no definition of these fields. Values are not end-of-month plant inventories: PLANTHARVESTEDCOUNT runs about 25 times PLANTFLOWERINGCOUNT and all fields dip in February and in 2020-04, so they behave as monthly aggregates of daily Metrc activity records. Use as a relative index of cultivation activity, not as a plant stock. The CCC February 2025 industry report gives the same Jan-Apr 2024 shares (harvested 72 pct, destroyed 21 pct, flowering 4 pct, vegetative 2 pct) but a monthly average of 28,797 plants, a different scale from these fields. Header verified by agent 2026-09-25; data rows fetched 2026-09-24. INDUSTRY field is Adult-use for every row; Craft Marijuana Cooperative and non-cultivation facility types report 0 plants."
MA,2021-10,month,35,plants_vegetative_adult_use,1299440,plants,"Massachusetts Cannabis Control Commission Open Data, Marijuana Establishment Adult-use and MMEs Plant Activity and Volume (a_sales_au_activityvolume; CCCLastUpdated 2026-09-08)",https://masscannabiscontrol.com/resource/a_sales_au_activityvolume.csv,2026-09-24,"DERIVED by agent: sum of CCC field PLANTVEGETATIVECOUNT for facility types Marijuana Cultivator (1258383) and Marijuana Microbusiness (41057). CCC publishes no definition of these fields. Values are not end-of-month plant inventories: PLANTHARVESTEDCOUNT runs about 25 times PLANTFLOWERINGCOUNT and all fields dip in February and in 2020-04, so they behave as monthly aggregates of daily Metrc activity records. Use as a relative index of cultivation activity, not as a plant stock. The CCC February 2025 industry report gives the same Jan-Apr 2024 shares (harvested 72 pct, destroyed 21 pct, flowering 4 pct, vegetative 2 pct) but a monthly average of 28,797 plants, a different scale from these fields. Header verified by agent 2026-09-25; data rows fetched 2026-09-24. INDUSTRY field is Adult-use for every row; Craft Marijuana Cooperative and non-cultivation facility types report 0 plants."
MA,2021-11,month,36,plants_vegetative_adult_use,1106842,plants,"Massachusetts Cannabis Control Commission Open Data, Marijuana Establishment Adult-use and MMEs Plant Activity and Volume (a_sales_au_activityvolume; CCCLastUpdated 2026-09-08)",https://masscannabiscontrol.com/resource/a_sales_au_activityvolume.csv,2026-09-24,"DERIVED by agent: sum of CCC field PLANTVEGETATIVECOUNT for facility types Marijuana Cultivator (1080207) and Marijuana Microbusiness (26635). CCC publishes no definition of these fields. Values are not end-of-month plant inventories: PLANTHARVESTEDCOUNT runs about 25 times PLANTFLOWERINGCOUNT and all fields dip in February and in 2020-04, so they behave as monthly aggregates of daily Metrc activity records. Use as a relative index of cultivation activity, not as a plant stock. The CCC February 2025 industry report gives the same Jan-Apr 2024 shares (harvested 72 pct, destroyed 21 pct, flowering 4 pct, vegetative 2 pct) but a monthly average of 28,797 plants, a different scale from these fields. Header verified by agent 2026-09-25; data rows fetched 2026-09-24. INDUSTRY field is Adult-use for every row; Craft Marijuana Cooperative and non-cultivation facility types report 0 plants."
MA,2021-12,month,37,plants_vegetative_adult_use,1157884,plants,"Massachusetts Cannabis Control Commission Open Data, Marijuana Establishment Adult-use and MMEs Plant Activity and Volume (a_sales_au_activityvolume; CCCLastUpdated 2026-09-08)",https://masscannabiscontrol.com/resource/a_sales_au_activityvolume.csv,2026-09-24,"DERIVED by agent: sum of CCC field PLANTVEGETATIVECOUNT for facility types Marijuana Cultivator (1132486) and Marijuana Microbusiness (25398). CCC publishes no definition of these fields. Values are not end-of-month plant inventories: PLANTHARVESTEDCOUNT runs about 25 times PLANTFLOWERINGCOUNT and all fields dip in February and in 2020-04, so they behave as monthly aggregates of daily Metrc activity records. Use as a relative index of cultivation activity, not as a plant stock. The CCC February 2025 industry report gives the same Jan-Apr 2024 shares (harvested 72 pct, destroyed 21 pct, flowering 4 pct, vegetative 2 pct) but a monthly average of 28,797 plants, a different scale from these fields. Header verified by agent 2026-09-25; data rows fetched 2026-09-24. INDUSTRY field is Adult-use for every row; Craft Marijuana Cooperative and non-cultivation facility types report 0 plants."
MA,2022-01,month,38,plants_vegetative_adult_use,1250950,plants,"Massachusetts Cannabis Control Commission Open Data, Marijuana Establishment Adult-use and MMEs Plant Activity and Volume (a_sales_au_activityvolume; CCCLastUpdated 2026-09-08)",https://masscannabiscontrol.com/resource/a_sales_au_activityvolume.csv,2026-09-24,"DERIVED by agent: sum of CCC field PLANTVEGETATIVECOUNT for facility types Marijuana Cultivator (1213721) and Marijuana Microbusiness (37229). CCC publishes no definition of these fields. Values are not end-of-month plant inventories: PLANTHARVESTEDCOUNT runs about 25 times PLANTFLOWERINGCOUNT and all fields dip in February and in 2020-04, so they behave as monthly aggregates of daily Metrc activity records. Use as a relative index of cultivation activity, not as a plant stock. The CCC February 2025 industry report gives the same Jan-Apr 2024 shares (harvested 72 pct, destroyed 21 pct, flowering 4 pct, vegetative 2 pct) but a monthly average of 28,797 plants, a different scale from these fields. Header verified by agent 2026-09-25; data rows fetched 2026-09-24. INDUSTRY field is Adult-use for every row; Craft Marijuana Cooperative and non-cultivation facility types report 0 plants."
MA,2022-02,month,39,plants_vegetative_adult_use,1151808,plants,"Massachusetts Cannabis Control Commission Open Data, Marijuana Establishment Adult-use and MMEs Plant Activity and Volume (a_sales_au_activityvolume; CCCLastUpdated 2026-09-08)",https://masscannabiscontrol.com/resource/a_sales_au_activityvolume.csv,2026-09-24,"DERIVED by agent: sum of CCC field PLANTVEGETATIVECOUNT for facility types Marijuana Cultivator (1123728) and Marijuana Microbusiness (28080). CCC publishes no definition of these fields. Values are not end-of-month plant inventories: PLANTHARVESTEDCOUNT runs about 25 times PLANTFLOWERINGCOUNT and all fields dip in February and in 2020-04, so they behave as monthly aggregates of daily Metrc activity records. Use as a relative index of cultivation activity, not as a plant stock. The CCC February 2025 industry report gives the same Jan-Apr 2024 shares (harvested 72 pct, destroyed 21 pct, flowering 4 pct, vegetative 2 pct) but a monthly average of 28,797 plants, a different scale from these fields. Header verified by agent 2026-09-25; data rows fetched 2026-09-24. INDUSTRY field is Adult-use for every row; Craft Marijuana Cooperative and non-cultivation facility types report 0 plants."
MA,2022-03,month,40,plants_vegetative_adult_use,1465690,plants,"Massachusetts Cannabis Control Commission Open Data, Marijuana Establishment Adult-use and MMEs Plant Activity and Volume (a_sales_au_activityvolume; CCCLastUpdated 2026-09-08)",https://masscannabiscontrol.com/resource/a_sales_au_activityvolume.csv,2026-09-24,"DERIVED by agent: sum of CCC field PLANTVEGETATIVECOUNT for facility types Marijuana Cultivator (1429415) and Marijuana Microbusiness (36275). CCC publishes no definition of these fields. Values are not end-of-month plant inventories: PLANTHARVESTEDCOUNT runs about 25 times PLANTFLOWERINGCOUNT and all fields dip in February and in 2020-04, so they behave as monthly aggregates of daily Metrc activity records. Use as a relative index of cultivation activity, not as a plant stock. The CCC February 2025 industry report gives the same Jan-Apr 2024 shares (harvested 72 pct, destroyed 21 pct, flowering 4 pct, vegetative 2 pct) but a monthly average of 28,797 plants, a different scale from these fields. Header verified by agent 2026-09-25; data rows fetched 2026-09-24. INDUSTRY field is Adult-use for every row; Craft Marijuana Cooperative and non-cultivation facility types report 0 plants."
MA,2022-04,month,41,plants_vegetative_adult_use,1589557,plants,"Massachusetts Cannabis Control Commission Open Data, Marijuana Establishment Adult-use and MMEs Plant Activity and Volume (a_sales_au_activityvolume; CCCLastUpdated 2026-09-08)",https://masscannabiscontrol.com/resource/a_sales_au_activityvolume.csv,2026-09-24,"DERIVED by agent: sum of CCC field PLANTVEGETATIVECOUNT for facility types Marijuana Cultivator (1559197) and Marijuana Microbusiness (30360). CCC publishes no definition of these fields. Values are not end-of-month plant inventories: PLANTHARVESTEDCOUNT runs about 25 times PLANTFLOWERINGCOUNT and all fields dip in February and in 2020-04, so they behave as monthly aggregates of daily Metrc activity records. Use as a relative index of cultivation activity, not as a plant stock. The CCC February 2025 industry report gives the same Jan-Apr 2024 shares (harvested 72 pct, destroyed 21 pct, flowering 4 pct, vegetative 2 pct) but a monthly average of 28,797 plants, a different scale from these fields. Header verified by agent 2026-09-25; data rows fetched 2026-09-24. INDUSTRY field is Adult-use for every row; Craft Marijuana Cooperative and non-cultivation facility types report 0 plants."
MA,2022-05,month,42,plants_vegetative_adult_use,1713961,plants,"Massachusetts Cannabis Control Commission Open Data, Marijuana Establishment Adult-use and MMEs Plant Activity and Volume (a_sales_au_activityvolume; CCCLastUpdated 2026-09-08)",https://masscannabiscontrol.com/resource/a_sales_au_activityvolume.csv,2026-09-24,"DERIVED by agent: sum of CCC field PLANTVEGETATIVECOUNT for facility types Marijuana Cultivator (1685257) and Marijuana Microbusiness (28704). CCC publishes no definition of these fields. Values are not end-of-month plant inventories: PLANTHARVESTEDCOUNT runs about 25 times PLANTFLOWERINGCOUNT and all fields dip in February and in 2020-04, so they behave as monthly aggregates of daily Metrc activity records. Use as a relative index of cultivation activity, not as a plant stock. The CCC February 2025 industry report gives the same Jan-Apr 2024 shares (harvested 72 pct, destroyed 21 pct, flowering 4 pct, vegetative 2 pct) but a monthly average of 28,797 plants, a different scale from these fields. Header verified by agent 2026-09-25; data rows fetched 2026-09-24. INDUSTRY field is Adult-use for every row; Craft Marijuana Cooperative and non-cultivation facility types report 0 plants."
MA,2022-06,month,43,plants_vegetative_adult_use,1825188,plants,"Massachusetts Cannabis Control Commission Open Data, Marijuana Establishment Adult-use and MMEs Plant Activity and Volume (a_sales_au_activityvolume; CCCLastUpdated 2026-09-08)",https://masscannabiscontrol.com/resource/a_sales_au_activityvolume.csv,2026-09-24,"DERIVED by agent: sum of CCC field PLANTVEGETATIVECOUNT for facility types Marijuana Cultivator (1794730) and Marijuana Microbusiness (30458). CCC publishes no definition of these fields. Values are not end-of-month plant inventories: PLANTHARVESTEDCOUNT runs about 25 times PLANTFLOWERINGCOUNT and all fields dip in February and in 2020-04, so they behave as monthly aggregates of daily Metrc activity records. Use as a relative index of cultivation activity, not as a plant stock. The CCC February 2025 industry report gives the same Jan-Apr 2024 shares (harvested 72 pct, destroyed 21 pct, flowering 4 pct, vegetative 2 pct) but a monthly average of 28,797 plants, a different scale from these fields. Header verified by agent 2026-09-25; data rows fetched 2026-09-24. INDUSTRY field is Adult-use for every row; Craft Marijuana Cooperative and non-cultivation facility types report 0 plants."
MA,2022-07,month,44,plants_vegetative_adult_use,2246138,plants,"Massachusetts Cannabis Control Commission Open Data, Marijuana Establishment Adult-use and MMEs Plant Activity and Volume (a_sales_au_activityvolume; CCCLastUpdated 2026-09-08)",https://masscannabiscontrol.com/resource/a_sales_au_activityvolume.csv,2026-09-24,"DERIVED by agent: sum of CCC field PLANTVEGETATIVECOUNT for facility types Marijuana Cultivator (2209608) and Marijuana Microbusiness (36530). CCC publishes no definition of these fields. Values are not end-of-month plant inventories: PLANTHARVESTEDCOUNT runs about 25 times PLANTFLOWERINGCOUNT and all fields dip in February and in 2020-04, so they behave as monthly aggregates of daily Metrc activity records. Use as a relative index of cultivation activity, not as a plant stock. The CCC February 2025 industry report gives the same Jan-Apr 2024 shares (harvested 72 pct, destroyed 21 pct, flowering 4 pct, vegetative 2 pct) but a monthly average of 28,797 plants, a different scale from these fields. Header verified by agent 2026-09-25; data rows fetched 2026-09-24. INDUSTRY field is Adult-use for every row; Craft Marijuana Cooperative and non-cultivation facility types report 0 plants."
MA,2022-08,month,45,plants_vegetative_adult_use,2193925,plants,"Massachusetts Cannabis Control Commission Open Data, Marijuana Establishment Adult-use and MMEs Plant Activity and Volume (a_sales_au_activityvolume; CCCLastUpdated 2026-09-08)",https://masscannabiscontrol.com/resource/a_sales_au_activityvolume.csv,2026-09-24,"DERIVED by agent: sum of CCC field PLANTVEGETATIVECOUNT for facility types Marijuana Cultivator (2153130) and Marijuana Microbusiness (40795). CCC publishes no definition of these fields. Values are not end-of-month plant inventories: PLANTHARVESTEDCOUNT runs about 25 times PLANTFLOWERINGCOUNT and all fields dip in February and in 2020-04, so they behave as monthly aggregates of daily Metrc activity records. Use as a relative index of cultivation activity, not as a plant stock. The CCC February 2025 industry report gives the same Jan-Apr 2024 shares (harvested 72 pct, destroyed 21 pct, flowering 4 pct, vegetative 2 pct) but a monthly average of 28,797 plants, a different scale from these fields. Header verified by agent 2026-09-25; data rows fetched 2026-09-24. INDUSTRY field is Adult-use for every row; Craft Marijuana Cooperative and non-cultivation facility types report 0 plants."
MA,2022-09,month,46,plants_vegetative_adult_use,1641263,plants,"Massachusetts Cannabis Control Commission Open Data, Marijuana Establishment Adult-use and MMEs Plant Activity and Volume (a_sales_au_activityvolume; CCCLastUpdated 2026-09-08)",https://masscannabiscontrol.com/resource/a_sales_au_activityvolume.csv,2026-09-24,"DERIVED by agent: sum of CCC field PLANTVEGETATIVECOUNT for facility types Marijuana Cultivator (1614780) and Marijuana Microbusiness (26483). CCC publishes no definition of these fields. Values are not end-of-month plant inventories: PLANTHARVESTEDCOUNT runs about 25 times PLANTFLOWERINGCOUNT and all fields dip in February and in 2020-04, so they behave as monthly aggregates of daily Metrc activity records. Use as a relative index of cultivation activity, not as a plant stock. The CCC February 2025 industry report gives the same Jan-Apr 2024 shares (harvested 72 pct, destroyed 21 pct, flowering 4 pct, vegetative 2 pct) but a monthly average of 28,797 plants, a different scale from these fields. Header verified by agent 2026-09-25; data rows fetched 2026-09-24. INDUSTRY field is Adult-use for every row; Craft Marijuana Cooperative and non-cultivation facility types report 0 plants."
MA,2022-10,month,47,plants_vegetative_adult_use,1732908,plants,"Massachusetts Cannabis Control Commission Open Data, Marijuana Establishment Adult-use and MMEs Plant Activity and Volume (a_sales_au_activityvolume; CCCLastUpdated 2026-09-08)",https://masscannabiscontrol.com/resource/a_sales_au_activityvolume.csv,2026-09-24,"DERIVED by agent: sum of CCC field PLANTVEGETATIVECOUNT for facility types Marijuana Cultivator (1692049) and Marijuana Microbusiness (40859). CCC publishes no definition of these fields. Values are not end-of-month plant inventories: PLANTHARVESTEDCOUNT runs about 25 times PLANTFLOWERINGCOUNT and all fields dip in February and in 2020-04, so they behave as monthly aggregates of daily Metrc activity records. Use as a relative index of cultivation activity, not as a plant stock. The CCC February 2025 industry report gives the same Jan-Apr 2024 shares (harvested 72 pct, destroyed 21 pct, flowering 4 pct, vegetative 2 pct) but a monthly average of 28,797 plants, a different scale from these fields. Header verified by agent 2026-09-25; data rows fetched 2026-09-24. INDUSTRY field is Adult-use for every row; Craft Marijuana Cooperative and non-cultivation facility types report 0 plants."
MA,2022-11,month,48,plants_vegetative_adult_use,1416146,plants,"Massachusetts Cannabis Control Commission Open Data, Marijuana Establishment Adult-use and MMEs Plant Activity and Volume (a_sales_au_activityvolume; CCCLastUpdated 2026-09-08)",https://masscannabiscontrol.com/resource/a_sales_au_activityvolume.csv,2026-09-24,"DERIVED by agent: sum of CCC field PLANTVEGETATIVECOUNT for facility types Marijuana Cultivator (1387685) and Marijuana Microbusiness (28461). CCC publishes no definition of these fields. Values are not end-of-month plant inventories: PLANTHARVESTEDCOUNT runs about 25 times PLANTFLOWERINGCOUNT and all fields dip in February and in 2020-04, so they behave as monthly aggregates of daily Metrc activity records. Use as a relative index of cultivation activity, not as a plant stock. The CCC February 2025 industry report gives the same Jan-Apr 2024 shares (harvested 72 pct, destroyed 21 pct, flowering 4 pct, vegetative 2 pct) but a monthly average of 28,797 plants, a different scale from these fields. Header verified by agent 2026-09-25; data rows fetched 2026-09-24. INDUSTRY field is Adult-use for every row; Craft Marijuana Cooperative and non-cultivation facility types report 0 plants."
MA,2022-12,month,49,plants_vegetative_adult_use,1541776,plants,"Massachusetts Cannabis Control Commission Open Data, Marijuana Establishment Adult-use and MMEs Plant Activity and Volume (a_sales_au_activityvolume; CCCLastUpdated 2026-09-08)",https://masscannabiscontrol.com/resource/a_sales_au_activityvolume.csv,2026-09-24,"DERIVED by agent: sum of CCC field PLANTVEGETATIVECOUNT for facility types Marijuana Cultivator (1507303) and Marijuana Microbusiness (34473). CCC publishes no definition of these fields. Values are not end-of-month plant inventories: PLANTHARVESTEDCOUNT runs about 25 times PLANTFLOWERINGCOUNT and all fields dip in February and in 2020-04, so they behave as monthly aggregates of daily Metrc activity records. Use as a relative index of cultivation activity, not as a plant stock. The CCC February 2025 industry report gives the same Jan-Apr 2024 shares (harvested 72 pct, destroyed 21 pct, flowering 4 pct, vegetative 2 pct) but a monthly average of 28,797 plants, a different scale from these fields. Header verified by agent 2026-09-25; data rows fetched 2026-09-24. INDUSTRY field is Adult-use for every row; Craft Marijuana Cooperative and non-cultivation facility types report 0 plants."
MA,2023-01,month,50,plants_vegetative_adult_use,1546768,plants,"Massachusetts Cannabis Control Commission Open Data, Marijuana Establishment Adult-use and MMEs Plant Activity and Volume (a_sales_au_activityvolume; CCCLastUpdated 2026-09-08)",https://masscannabiscontrol.com/resource/a_sales_au_activityvolume.csv,2026-09-24,"DERIVED by agent: sum of CCC field PLANTVEGETATIVECOUNT for facility types Marijuana Cultivator (1505303) and Marijuana Microbusiness (41465). CCC publishes no definition of these fields. Values are not end-of-month plant inventories: PLANTHARVESTEDCOUNT runs about 25 times PLANTFLOWERINGCOUNT and all fields dip in February and in 2020-04, so they behave as monthly aggregates of daily Metrc activity records. Use as a relative index of cultivation activity, not as a plant stock. The CCC February 2025 industry report gives the same Jan-Apr 2024 shares (harvested 72 pct, destroyed 21 pct, flowering 4 pct, vegetative 2 pct) but a monthly average of 28,797 plants, a different scale from these fields. Header verified by agent 2026-09-25; data rows fetched 2026-09-24. INDUSTRY field is Adult-use for every row; Craft Marijuana Cooperative and non-cultivation facility types report 0 plants."
MA,2023-02,month,51,plants_vegetative_adult_use,1382409,plants,"Massachusetts Cannabis Control Commission Open Data, Marijuana Establishment Adult-use and MMEs Plant Activity and Volume (a_sales_au_activityvolume; CCCLastUpdated 2026-09-08)",https://masscannabiscontrol.com/resource/a_sales_au_activityvolume.csv,2026-09-24,"DERIVED by agent: sum of CCC field PLANTVEGETATIVECOUNT for facility types Marijuana Cultivator (1353153) and Marijuana Microbusiness (29256). CCC publishes no definition of these fields. Values are not end-of-month plant inventories: PLANTHARVESTEDCOUNT runs about 25 times PLANTFLOWERINGCOUNT and all fields dip in February and in 2020-04, so they behave as monthly aggregates of daily Metrc activity records. Use as a relative index of cultivation activity, not as a plant stock. The CCC February 2025 industry report gives the same Jan-Apr 2024 shares (harvested 72 pct, destroyed 21 pct, flowering 4 pct, vegetative 2 pct) but a monthly average of 28,797 plants, a different scale from these fields. Header verified by agent 2026-09-25; data rows fetched 2026-09-24. INDUSTRY field is Adult-use for every row; Craft Marijuana Cooperative and non-cultivation facility types report 0 plants."
MA,2023-03,month,52,plants_vegetative_adult_use,1491314,plants,"Massachusetts Cannabis Control Commission Open Data, Marijuana Establishment Adult-use and MMEs Plant Activity and Volume (a_sales_au_activityvolume; CCCLastUpdated 2026-09-08)",https://masscannabiscontrol.com/resource/a_sales_au_activityvolume.csv,2026-09-24,"DERIVED by agent: sum of CCC field PLANTVEGETATIVECOUNT for facility types Marijuana Cultivator (1459785) and Marijuana Microbusiness (31529). CCC publishes no definition of these fields. Values are not end-of-month plant inventories: PLANTHARVESTEDCOUNT runs about 25 times PLANTFLOWERINGCOUNT and all fields dip in February and in 2020-04, so they behave as monthly aggregates of daily Metrc activity records. Use as a relative index of cultivation activity, not as a plant stock. The CCC February 2025 industry report gives the same Jan-Apr 2024 shares (harvested 72 pct, destroyed 21 pct, flowering 4 pct, vegetative 2 pct) but a monthly average of 28,797 plants, a different scale from these fields. Header verified by agent 2026-09-25; data rows fetched 2026-09-24. INDUSTRY field is Adult-use for every row; Craft Marijuana Cooperative and non-cultivation facility types report 0 plants."
MA,2023-04,month,53,plants_vegetative_adult_use,1520317,plants,"Massachusetts Cannabis Control Commission Open Data, Marijuana Establishment Adult-use and MMEs Plant Activity and Volume (a_sales_au_activityvolume; CCCLastUpdated 2026-09-08)",https://masscannabiscontrol.com/resource/a_sales_au_activityvolume.csv,2026-09-24,"DERIVED by agent: sum of CCC field PLANTVEGETATIVECOUNT for facility types Marijuana Cultivator (1499248) and Marijuana Microbusiness (21069). CCC publishes no definition of these fields. Values are not end-of-month plant inventories: PLANTHARVESTEDCOUNT runs about 25 times PLANTFLOWERINGCOUNT and all fields dip in February and in 2020-04, so they behave as monthly aggregates of daily Metrc activity records. Use as a relative index of cultivation activity, not as a plant stock. The CCC February 2025 industry report gives the same Jan-Apr 2024 shares (harvested 72 pct, destroyed 21 pct, flowering 4 pct, vegetative 2 pct) but a monthly average of 28,797 plants, a different scale from these fields. Header verified by agent 2026-09-25; data rows fetched 2026-09-24. INDUSTRY field is Adult-use for every row; Craft Marijuana Cooperative and non-cultivation facility types report 0 plants."
MA,2023-05,month,54,plants_vegetative_adult_use,1578687,plants,"Massachusetts Cannabis Control Commission Open Data, Marijuana Establishment Adult-use and MMEs Plant Activity and Volume (a_sales_au_activityvolume; CCCLastUpdated 2026-09-08)",https://masscannabiscontrol.com/resource/a_sales_au_activityvolume.csv,2026-09-24,"DERIVED by agent: sum of CCC field PLANTVEGETATIVECOUNT for facility types Marijuana Cultivator (1549589) and Marijuana Microbusiness (29098). CCC publishes no definition of these fields. Values are not end-of-month plant inventories: PLANTHARVESTEDCOUNT runs about 25 times PLANTFLOWERINGCOUNT and all fields dip in February and in 2020-04, so they behave as monthly aggregates of daily Metrc activity records. Use as a relative index of cultivation activity, not as a plant stock. The CCC February 2025 industry report gives the same Jan-Apr 2024 shares (harvested 72 pct, destroyed 21 pct, flowering 4 pct, vegetative 2 pct) but a monthly average of 28,797 plants, a different scale from these fields. Header verified by agent 2026-09-25; data rows fetched 2026-09-24. INDUSTRY field is Adult-use for every row; Craft Marijuana Cooperative and non-cultivation facility types report 0 plants."
MA,2023-06,month,55,plants_vegetative_adult_use,1898750,plants,"Massachusetts Cannabis Control Commission Open Data, Marijuana Establishment Adult-use and MMEs Plant Activity and Volume (a_sales_au_activityvolume; CCCLastUpdated 2026-09-08)",https://masscannabiscontrol.com/resource/a_sales_au_activityvolume.csv,2026-09-24,"DERIVED by agent: sum of CCC field PLANTVEGETATIVECOUNT for facility types Marijuana Cultivator (1869445) and Marijuana Microbusiness (29305). CCC publishes no definition of these fields. Values are not end-of-month plant inventories: PLANTHARVESTEDCOUNT runs about 25 times PLANTFLOWERINGCOUNT and all fields dip in February and in 2020-04, so they behave as monthly aggregates of daily Metrc activity records. Use as a relative index of cultivation activity, not as a plant stock. The CCC February 2025 industry report gives the same Jan-Apr 2024 shares (harvested 72 pct, destroyed 21 pct, flowering 4 pct, vegetative 2 pct) but a monthly average of 28,797 plants, a different scale from these fields. Header verified by agent 2026-09-25; data rows fetched 2026-09-24. INDUSTRY field is Adult-use for every row; Craft Marijuana Cooperative and non-cultivation facility types report 0 plants."
MA,2023-07,month,56,plants_vegetative_adult_use,2317141,plants,"Massachusetts Cannabis Control Commission Open Data, Marijuana Establishment Adult-use and MMEs Plant Activity and Volume (a_sales_au_activityvolume; CCCLastUpdated 2026-09-08)",https://masscannabiscontrol.com/resource/a_sales_au_activityvolume.csv,2026-09-24,"DERIVED by agent: sum of CCC field PLANTVEGETATIVECOUNT for facility types Marijuana Cultivator (2296761) and Marijuana Microbusiness (20380). CCC publishes no definition of these fields. Values are not end-of-month plant inventories: PLANTHARVESTEDCOUNT runs about 25 times PLANTFLOWERINGCOUNT and all fields dip in February and in 2020-04, so they behave as monthly aggregates of daily Metrc activity records. Use as a relative index of cultivation activity, not as a plant stock. The CCC February 2025 industry report gives the same Jan-Apr 2024 shares (harvested 72 pct, destroyed 21 pct, flowering 4 pct, vegetative 2 pct) but a monthly average of 28,797 plants, a different scale from these fields. Header verified by agent 2026-09-25; data rows fetched 2026-09-24. INDUSTRY field is Adult-use for every row; Craft Marijuana Cooperative and non-cultivation facility types report 0 plants."
MA,2023-08,month,57,plants_vegetative_adult_use,2264165,plants,"Massachusetts Cannabis Control Commission Open Data, Marijuana Establishment Adult-use and MMEs Plant Activity and Volume (a_sales_au_activityvolume; CCCLastUpdated 2026-09-08)",https://masscannabiscontrol.com/resource/a_sales_au_activityvolume.csv,2026-09-24,"DERIVED by agent: sum of CCC field PLANTVEGETATIVECOUNT for facility types Marijuana Cultivator (2236489) and Marijuana Microbusiness (27676). CCC publishes no definition of these fields. Values are not end-of-month plant inventories: PLANTHARVESTEDCOUNT runs about 25 times PLANTFLOWERINGCOUNT and all fields dip in February and in 2020-04, so they behave as monthly aggregates of daily Metrc activity records. Use as a relative index of cultivation activity, not as a plant stock. The CCC February 2025 industry report gives the same Jan-Apr 2024 shares (harvested 72 pct, destroyed 21 pct, flowering 4 pct, vegetative 2 pct) but a monthly average of 28,797 plants, a different scale from these fields. Header verified by agent 2026-09-25; data rows fetched 2026-09-24. INDUSTRY field is Adult-use for every row; Craft Marijuana Cooperative and non-cultivation facility types report 0 plants."
MA,2023-09,month,58,plants_vegetative_adult_use,1801959,plants,"Massachusetts Cannabis Control Commission Open Data, Marijuana Establishment Adult-use and MMEs Plant Activity and Volume (a_sales_au_activityvolume; CCCLastUpdated 2026-09-08)",https://masscannabiscontrol.com/resource/a_sales_au_activityvolume.csv,2026-09-24,"DERIVED by agent: sum of CCC field PLANTVEGETATIVECOUNT for facility types Marijuana Cultivator (1775630) and Marijuana Microbusiness (26329). CCC publishes no definition of these fields. Values are not end-of-month plant inventories: PLANTHARVESTEDCOUNT runs about 25 times PLANTFLOWERINGCOUNT and all fields dip in February and in 2020-04, so they behave as monthly aggregates of daily Metrc activity records. Use as a relative index of cultivation activity, not as a plant stock. The CCC February 2025 industry report gives the same Jan-Apr 2024 shares (harvested 72 pct, destroyed 21 pct, flowering 4 pct, vegetative 2 pct) but a monthly average of 28,797 plants, a different scale from these fields. Header verified by agent 2026-09-25; data rows fetched 2026-09-24. INDUSTRY field is Adult-use for every row; Craft Marijuana Cooperative and non-cultivation facility types report 0 plants."
MA,2023-10,month,59,plants_vegetative_adult_use,1815108,plants,"Massachusetts Cannabis Control Commission Open Data, Marijuana Establishment Adult-use and MMEs Plant Activity and Volume (a_sales_au_activityvolume; CCCLastUpdated 2026-09-08)",https://masscannabiscontrol.com/resource/a_sales_au_activityvolume.csv,2026-09-24,"DERIVED by agent: sum of CCC field PLANTVEGETATIVECOUNT for facility types Marijuana Cultivator (1790194) and Marijuana Microbusiness (24914). CCC publishes no definition of these fields. Values are not end-of-month plant inventories: PLANTHARVESTEDCOUNT runs about 25 times PLANTFLOWERINGCOUNT and all fields dip in February and in 2020-04, so they behave as monthly aggregates of daily Metrc activity records. Use as a relative index of cultivation activity, not as a plant stock. The CCC February 2025 industry report gives the same Jan-Apr 2024 shares (harvested 72 pct, destroyed 21 pct, flowering 4 pct, vegetative 2 pct) but a monthly average of 28,797 plants, a different scale from these fields. Header verified by agent 2026-09-25; data rows fetched 2026-09-24. INDUSTRY field is Adult-use for every row; Craft Marijuana Cooperative and non-cultivation facility types report 0 plants."
MA,2023-11,month,60,plants_vegetative_adult_use,1554181,plants,"Massachusetts Cannabis Control Commission Open Data, Marijuana Establishment Adult-use and MMEs Plant Activity and Volume (a_sales_au_activityvolume; CCCLastUpdated 2026-09-08)",https://masscannabiscontrol.com/resource/a_sales_au_activityvolume.csv,2026-09-24,"DERIVED by agent: sum of CCC field PLANTVEGETATIVECOUNT for facility types Marijuana Cultivator (1537762) and Marijuana Microbusiness (16419). CCC publishes no definition of these fields. Values are not end-of-month plant inventories: PLANTHARVESTEDCOUNT runs about 25 times PLANTFLOWERINGCOUNT and all fields dip in February and in 2020-04, so they behave as monthly aggregates of daily Metrc activity records. Use as a relative index of cultivation activity, not as a plant stock. The CCC February 2025 industry report gives the same Jan-Apr 2024 shares (harvested 72 pct, destroyed 21 pct, flowering 4 pct, vegetative 2 pct) but a monthly average of 28,797 plants, a different scale from these fields. Header verified by agent 2026-09-25; data rows fetched 2026-09-24. INDUSTRY field is Adult-use for every row; Craft Marijuana Cooperative and non-cultivation facility types report 0 plants."
MA,2023-12,month,61,plants_vegetative_adult_use,1914996,plants,"Massachusetts Cannabis Control Commission Open Data, Marijuana Establishment Adult-use and MMEs Plant Activity and Volume (a_sales_au_activityvolume; CCCLastUpdated 2026-09-08)",https://masscannabiscontrol.com/resource/a_sales_au_activityvolume.csv,2026-09-24,"DERIVED by agent: sum of CCC field PLANTVEGETATIVECOUNT for facility types Marijuana Cultivator (1891931) and Marijuana Microbusiness (23065). CCC publishes no definition of these fields. Values are not end-of-month plant inventories: PLANTHARVESTEDCOUNT runs about 25 times PLANTFLOWERINGCOUNT and all fields dip in February and in 2020-04, so they behave as monthly aggregates of daily Metrc activity records. Use as a relative index of cultivation activity, not as a plant stock. The CCC February 2025 industry report gives the same Jan-Apr 2024 shares (harvested 72 pct, destroyed 21 pct, flowering 4 pct, vegetative 2 pct) but a monthly average of 28,797 plants, a different scale from these fields. Header verified by agent 2026-09-25; data rows fetched 2026-09-24. INDUSTRY field is Adult-use for every row; Craft Marijuana Cooperative and non-cultivation facility types report 0 plants."
MA,2024-01,month,62,plants_vegetative_adult_use,1743040,plants,"Massachusetts Cannabis Control Commission Open Data, Marijuana Establishment Adult-use and MMEs Plant Activity and Volume (a_sales_au_activityvolume; CCCLastUpdated 2026-09-08)",https://masscannabiscontrol.com/resource/a_sales_au_activityvolume.csv,2026-09-24,"DERIVED by agent: sum of CCC field PLANTVEGETATIVECOUNT for facility types Marijuana Cultivator (1718231) and Marijuana Microbusiness (24809). CCC publishes no definition of these fields. Values are not end-of-month plant inventories: PLANTHARVESTEDCOUNT runs about 25 times PLANTFLOWERINGCOUNT and all fields dip in February and in 2020-04, so they behave as monthly aggregates of daily Metrc activity records. Use as a relative index of cultivation activity, not as a plant stock. The CCC February 2025 industry report gives the same Jan-Apr 2024 shares (harvested 72 pct, destroyed 21 pct, flowering 4 pct, vegetative 2 pct) but a monthly average of 28,797 plants, a different scale from these fields. Header verified by agent 2026-09-25; data rows fetched 2026-09-24. INDUSTRY field is Adult-use for every row; Craft Marijuana Cooperative and non-cultivation facility types report 0 plants."
MA,2024-02,month,63,plants_vegetative_adult_use,1828984,plants,"Massachusetts Cannabis Control Commission Open Data, Marijuana Establishment Adult-use and MMEs Plant Activity and Volume (a_sales_au_activityvolume; CCCLastUpdated 2026-09-08)",https://masscannabiscontrol.com/resource/a_sales_au_activityvolume.csv,2026-09-24,"DERIVED by agent: sum of CCC field PLANTVEGETATIVECOUNT for facility types Marijuana Cultivator (1801808) and Marijuana Microbusiness (27176). CCC publishes no definition of these fields. Values are not end-of-month plant inventories: PLANTHARVESTEDCOUNT runs about 25 times PLANTFLOWERINGCOUNT and all fields dip in February and in 2020-04, so they behave as monthly aggregates of daily Metrc activity records. Use as a relative index of cultivation activity, not as a plant stock. The CCC February 2025 industry report gives the same Jan-Apr 2024 shares (harvested 72 pct, destroyed 21 pct, flowering 4 pct, vegetative 2 pct) but a monthly average of 28,797 plants, a different scale from these fields. Header verified by agent 2026-09-25; data rows fetched 2026-09-24. INDUSTRY field is Adult-use for every row; Craft Marijuana Cooperative and non-cultivation facility types report 0 plants."
MA,2024-03,month,64,plants_vegetative_adult_use,1956396,plants,"Massachusetts Cannabis Control Commission Open Data, Marijuana Establishment Adult-use and MMEs Plant Activity and Volume (a_sales_au_activityvolume; CCCLastUpdated 2026-09-08)",https://masscannabiscontrol.com/resource/a_sales_au_activityvolume.csv,2026-09-24,"DERIVED by agent: sum of CCC field PLANTVEGETATIVECOUNT for facility types Marijuana Cultivator (1927194) and Marijuana Microbusiness (29202). CCC publishes no definition of these fields. Values are not end-of-month plant inventories: PLANTHARVESTEDCOUNT runs about 25 times PLANTFLOWERINGCOUNT and all fields dip in February and in 2020-04, so they behave as monthly aggregates of daily Metrc activity records. Use as a relative index of cultivation activity, not as a plant stock. The CCC February 2025 industry report gives the same Jan-Apr 2024 shares (harvested 72 pct, destroyed 21 pct, flowering 4 pct, vegetative 2 pct) but a monthly average of 28,797 plants, a different scale from these fields. Header verified by agent 2026-09-25; data rows fetched 2026-09-24. INDUSTRY field is Adult-use for every row; Craft Marijuana Cooperative and non-cultivation facility types report 0 plants."
MA,2024-04,month,65,plants_vegetative_adult_use,2080709,plants,"Massachusetts Cannabis Control Commission Open Data, Marijuana Establishment Adult-use and MMEs Plant Activity and Volume (a_sales_au_activityvolume; CCCLastUpdated 2026-09-08)",https://masscannabiscontrol.com/resource/a_sales_au_activityvolume.csv,2026-09-24,"DERIVED by agent: sum of CCC field PLANTVEGETATIVECOUNT for facility types Marijuana Cultivator (2054565) and Marijuana Microbusiness (26144). CCC publishes no definition of these fields. Values are not end-of-month plant inventories: PLANTHARVESTEDCOUNT runs about 25 times PLANTFLOWERINGCOUNT and all fields dip in February and in 2020-04, so they behave as monthly aggregates of daily Metrc activity records. Use as a relative index of cultivation activity, not as a plant stock. The CCC February 2025 industry report gives the same Jan-Apr 2024 shares (harvested 72 pct, destroyed 21 pct, flowering 4 pct, vegetative 2 pct) but a monthly average of 28,797 plants, a different scale from these fields. Header verified by agent 2026-09-25; data rows fetched 2026-09-24. INDUSTRY field is Adult-use for every row; Craft Marijuana Cooperative and non-cultivation facility types report 0 plants."
MA,2024-05,month,66,plants_vegetative_adult_use,2394059,plants,"Massachusetts Cannabis Control Commission Open Data, Marijuana Establishment Adult-use and MMEs Plant Activity and Volume (a_sales_au_activityvolume; CCCLastUpdated 2026-09-08)",https://masscannabiscontrol.com/resource/a_sales_au_activityvolume.csv,2026-09-24,"DERIVED by agent: sum of CCC field PLANTVEGETATIVECOUNT for facility types Marijuana Cultivator (2359645) and Marijuana Microbusiness (34414). CCC publishes no definition of these fields. Values are not end-of-month plant inventories: PLANTHARVESTEDCOUNT runs about 25 times PLANTFLOWERINGCOUNT and all fields dip in February and in 2020-04, so they behave as monthly aggregates of daily Metrc activity records. Use as a relative index of cultivation activity, not as a plant stock. The CCC February 2025 industry report gives the same Jan-Apr 2024 shares (harvested 72 pct, destroyed 21 pct, flowering 4 pct, vegetative 2 pct) but a monthly average of 28,797 plants, a different scale from these fields. Header verified by agent 2026-09-25; data rows fetched 2026-09-24. INDUSTRY field is Adult-use for every row; Craft Marijuana Cooperative and non-cultivation facility types report 0 plants."
MA,2024-06,month,67,plants_vegetative_adult_use,2454034,plants,"Massachusetts Cannabis Control Commission Open Data, Marijuana Establishment Adult-use and MMEs Plant Activity and Volume (a_sales_au_activityvolume; CCCLastUpdated 2026-09-08)",https://masscannabiscontrol.com/resource/a_sales_au_activityvolume.csv,2026-09-24,"DERIVED by agent: sum of CCC field PLANTVEGETATIVECOUNT for facility types Marijuana Cultivator (2420162) and Marijuana Microbusiness (33872). CCC publishes no definition of these fields. Values are not end-of-month plant inventories: PLANTHARVESTEDCOUNT runs about 25 times PLANTFLOWERINGCOUNT and all fields dip in February and in 2020-04, so they behave as monthly aggregates of daily Metrc activity records. Use as a relative index of cultivation activity, not as a plant stock. The CCC February 2025 industry report gives the same Jan-Apr 2024 shares (harvested 72 pct, destroyed 21 pct, flowering 4 pct, vegetative 2 pct) but a monthly average of 28,797 plants, a different scale from these fields. Header verified by agent 2026-09-25; data rows fetched 2026-09-24. INDUSTRY field is Adult-use for every row; Craft Marijuana Cooperative and non-cultivation facility types report 0 plants."
MA,2024-07,month,68,plants_vegetative_adult_use,2643463,plants,"Massachusetts Cannabis Control Commission Open Data, Marijuana Establishment Adult-use and MMEs Plant Activity and Volume (a_sales_au_activityvolume; CCCLastUpdated 2026-09-08)",https://masscannabiscontrol.com/resource/a_sales_au_activityvolume.csv,2026-09-24,"DERIVED by agent: sum of CCC field PLANTVEGETATIVECOUNT for facility types Marijuana Cultivator (2606622) and Marijuana Microbusiness (36841). CCC publishes no definition of these fields. Values are not end-of-month plant inventories: PLANTHARVESTEDCOUNT runs about 25 times PLANTFLOWERINGCOUNT and all fields dip in February and in 2020-04, so they behave as monthly aggregates of daily Metrc activity records. Use as a relative index of cultivation activity, not as a plant stock. The CCC February 2025 industry report gives the same Jan-Apr 2024 shares (harvested 72 pct, destroyed 21 pct, flowering 4 pct, vegetative 2 pct) but a monthly average of 28,797 plants, a different scale from these fields. Header verified by agent 2026-09-25; data rows fetched 2026-09-24. INDUSTRY field is Adult-use for every row; Craft Marijuana Cooperative and non-cultivation facility types report 0 plants."
MA,2024-08,month,69,plants_vegetative_adult_use,2753672,plants,"Massachusetts Cannabis Control Commission Open Data, Marijuana Establishment Adult-use and MMEs Plant Activity and Volume (a_sales_au_activityvolume; CCCLastUpdated 2026-09-08)",https://masscannabiscontrol.com/resource/a_sales_au_activityvolume.csv,2026-09-24,"DERIVED by agent: sum of CCC field PLANTVEGETATIVECOUNT for facility types Marijuana Cultivator (2728490) and Marijuana Microbusiness (25182). CCC publishes no definition of these fields. Values are not end-of-month plant inventories: PLANTHARVESTEDCOUNT runs about 25 times PLANTFLOWERINGCOUNT and all fields dip in February and in 2020-04, so they behave as monthly aggregates of daily Metrc activity records. Use as a relative index of cultivation activity, not as a plant stock. The CCC February 2025 industry report gives the same Jan-Apr 2024 shares (harvested 72 pct, destroyed 21 pct, flowering 4 pct, vegetative 2 pct) but a monthly average of 28,797 plants, a different scale from these fields. Header verified by agent 2026-09-25; data rows fetched 2026-09-24. INDUSTRY field is Adult-use for every row; Craft Marijuana Cooperative and non-cultivation facility types report 0 plants."
MA,2024-09,month,70,plants_vegetative_adult_use,2158942,plants,"Massachusetts Cannabis Control Commission Open Data, Marijuana Establishment Adult-use and MMEs Plant Activity and Volume (a_sales_au_activityvolume; CCCLastUpdated 2026-09-08)",https://masscannabiscontrol.com/resource/a_sales_au_activityvolume.csv,2026-09-24,"DERIVED by agent: sum of CCC field PLANTVEGETATIVECOUNT for facility types Marijuana Cultivator (2130639) and Marijuana Microbusiness (28303). CCC publishes no definition of these fields. Values are not end-of-month plant inventories: PLANTHARVESTEDCOUNT runs about 25 times PLANTFLOWERINGCOUNT and all fields dip in February and in 2020-04, so they behave as monthly aggregates of daily Metrc activity records. Use as a relative index of cultivation activity, not as a plant stock. The CCC February 2025 industry report gives the same Jan-Apr 2024 shares (harvested 72 pct, destroyed 21 pct, flowering 4 pct, vegetative 2 pct) but a monthly average of 28,797 plants, a different scale from these fields. Header verified by agent 2026-09-25; data rows fetched 2026-09-24. INDUSTRY field is Adult-use for every row; Craft Marijuana Cooperative and non-cultivation facility types report 0 plants."
MA,2024-10,month,71,plants_vegetative_adult_use,2208872,plants,"Massachusetts Cannabis Control Commission Open Data, Marijuana Establishment Adult-use and MMEs Plant Activity and Volume (a_sales_au_activityvolume; CCCLastUpdated 2026-09-08)",https://masscannabiscontrol.com/resource/a_sales_au_activityvolume.csv,2026-09-24,"DERIVED by agent: sum of CCC field PLANTVEGETATIVECOUNT for facility types Marijuana Cultivator (2184377) and Marijuana Microbusiness (24495). CCC publishes no definition of these fields. Values are not end-of-month plant inventories: PLANTHARVESTEDCOUNT runs about 25 times PLANTFLOWERINGCOUNT and all fields dip in February and in 2020-04, so they behave as monthly aggregates of daily Metrc activity records. Use as a relative index of cultivation activity, not as a plant stock. The CCC February 2025 industry report gives the same Jan-Apr 2024 shares (harvested 72 pct, destroyed 21 pct, flowering 4 pct, vegetative 2 pct) but a monthly average of 28,797 plants, a different scale from these fields. Header verified by agent 2026-09-25; data rows fetched 2026-09-24. INDUSTRY field is Adult-use for every row; Craft Marijuana Cooperative and non-cultivation facility types report 0 plants."
MA,2024-11,month,72,plants_vegetative_adult_use,1922668,plants,"Massachusetts Cannabis Control Commission Open Data, Marijuana Establishment Adult-use and MMEs Plant Activity and Volume (a_sales_au_activityvolume; CCCLastUpdated 2026-09-08)",https://masscannabiscontrol.com/resource/a_sales_au_activityvolume.csv,2026-09-24,"DERIVED by agent: sum of CCC field PLANTVEGETATIVECOUNT for facility types Marijuana Cultivator (1900244) and Marijuana Microbusiness (22424). CCC publishes no definition of these fields. Values are not end-of-month plant inventories: PLANTHARVESTEDCOUNT runs about 25 times PLANTFLOWERINGCOUNT and all fields dip in February and in 2020-04, so they behave as monthly aggregates of daily Metrc activity records. Use as a relative index of cultivation activity, not as a plant stock. The CCC February 2025 industry report gives the same Jan-Apr 2024 shares (harvested 72 pct, destroyed 21 pct, flowering 4 pct, vegetative 2 pct) but a monthly average of 28,797 plants, a different scale from these fields. Header verified by agent 2026-09-25; data rows fetched 2026-09-24. INDUSTRY field is Adult-use for every row; Craft Marijuana Cooperative and non-cultivation facility types report 0 plants."
MA,2024-12,month,73,plants_vegetative_adult_use,1930683,plants,"Massachusetts Cannabis Control Commission Open Data, Marijuana Establishment Adult-use and MMEs Plant Activity and Volume (a_sales_au_activityvolume; CCCLastUpdated 2026-09-08)",https://masscannabiscontrol.com/resource/a_sales_au_activityvolume.csv,2026-09-24,"DERIVED by agent: sum of CCC field PLANTVEGETATIVECOUNT for facility types Marijuana Cultivator (1912236) and Marijuana Microbusiness (18447). CCC publishes no definition of these fields. Values are not end-of-month plant inventories: PLANTHARVESTEDCOUNT runs about 25 times PLANTFLOWERINGCOUNT and all fields dip in February and in 2020-04, so they behave as monthly aggregates of daily Metrc activity records. Use as a relative index of cultivation activity, not as a plant stock. The CCC February 2025 industry report gives the same Jan-Apr 2024 shares (harvested 72 pct, destroyed 21 pct, flowering 4 pct, vegetative 2 pct) but a monthly average of 28,797 plants, a different scale from these fields. Header verified by agent 2026-09-25; data rows fetched 2026-09-24. INDUSTRY field is Adult-use for every row; Craft Marijuana Cooperative and non-cultivation facility types report 0 plants."
MA,2025-01,month,74,plants_vegetative_adult_use,1699591,plants,"Massachusetts Cannabis Control Commission Open Data, Marijuana Establishment Adult-use and MMEs Plant Activity and Volume (a_sales_au_activityvolume; CCCLastUpdated 2026-09-08)",https://masscannabiscontrol.com/resource/a_sales_au_activityvolume.csv,2026-09-24,"DERIVED by agent: sum of CCC field PLANTVEGETATIVECOUNT for facility types Marijuana Cultivator (1679587) and Marijuana Microbusiness (20004). CCC publishes no definition of these fields. Values are not end-of-month plant inventories: PLANTHARVESTEDCOUNT runs about 25 times PLANTFLOWERINGCOUNT and all fields dip in February and in 2020-04, so they behave as monthly aggregates of daily Metrc activity records. Use as a relative index of cultivation activity, not as a plant stock. The CCC February 2025 industry report gives the same Jan-Apr 2024 shares (harvested 72 pct, destroyed 21 pct, flowering 4 pct, vegetative 2 pct) but a monthly average of 28,797 plants, a different scale from these fields. Header verified by agent 2026-09-25; data rows fetched 2026-09-24. INDUSTRY field is Adult-use for every row; Craft Marijuana Cooperative and non-cultivation facility types report 0 plants."
MA,2025-02,month,75,plants_vegetative_adult_use,1670259,plants,"Massachusetts Cannabis Control Commission Open Data, Marijuana Establishment Adult-use and MMEs Plant Activity and Volume (a_sales_au_activityvolume; CCCLastUpdated 2026-09-08)",https://masscannabiscontrol.com/resource/a_sales_au_activityvolume.csv,2026-09-24,"DERIVED by agent: sum of CCC field PLANTVEGETATIVECOUNT for facility types Marijuana Cultivator (1650695) and Marijuana Microbusiness (19564). CCC publishes no definition of these fields. Values are not end-of-month plant inventories: PLANTHARVESTEDCOUNT runs about 25 times PLANTFLOWERINGCOUNT and all fields dip in February and in 2020-04, so they behave as monthly aggregates of daily Metrc activity records. Use as a relative index of cultivation activity, not as a plant stock. The CCC February 2025 industry report gives the same Jan-Apr 2024 shares (harvested 72 pct, destroyed 21 pct, flowering 4 pct, vegetative 2 pct) but a monthly average of 28,797 plants, a different scale from these fields. Header verified by agent 2026-09-25; data rows fetched 2026-09-24. INDUSTRY field is Adult-use for every row; Craft Marijuana Cooperative and non-cultivation facility types report 0 plants."
MA,2025-03,month,76,plants_vegetative_adult_use,1942753,plants,"Massachusetts Cannabis Control Commission Open Data, Marijuana Establishment Adult-use and MMEs Plant Activity and Volume (a_sales_au_activityvolume; CCCLastUpdated 2026-09-08)",https://masscannabiscontrol.com/resource/a_sales_au_activityvolume.csv,2026-09-24,"DERIVED by agent: sum of CCC field PLANTVEGETATIVECOUNT for facility types Marijuana Cultivator (1921280) and Marijuana Microbusiness (21473). CCC publishes no definition of these fields. Values are not end-of-month plant inventories: PLANTHARVESTEDCOUNT runs about 25 times PLANTFLOWERINGCOUNT and all fields dip in February and in 2020-04, so they behave as monthly aggregates of daily Metrc activity records. Use as a relative index of cultivation activity, not as a plant stock. The CCC February 2025 industry report gives the same Jan-Apr 2024 shares (harvested 72 pct, destroyed 21 pct, flowering 4 pct, vegetative 2 pct) but a monthly average of 28,797 plants, a different scale from these fields. Header verified by agent 2026-09-25; data rows fetched 2026-09-24. INDUSTRY field is Adult-use for every row; Craft Marijuana Cooperative and non-cultivation facility types report 0 plants."
MA,2025-04,month,77,plants_vegetative_adult_use,1939233,plants,"Massachusetts Cannabis Control Commission Open Data, Marijuana Establishment Adult-use and MMEs Plant Activity and Volume (a_sales_au_activityvolume; CCCLastUpdated 2026-09-08)",https://masscannabiscontrol.com/resource/a_sales_au_activityvolume.csv,2026-09-24,"DERIVED by agent: sum of CCC field PLANTVEGETATIVECOUNT for facility types Marijuana Cultivator (1919565) and Marijuana Microbusiness (19668). CCC publishes no definition of these fields. Values are not end-of-month plant inventories: PLANTHARVESTEDCOUNT runs about 25 times PLANTFLOWERINGCOUNT and all fields dip in February and in 2020-04, so they behave as monthly aggregates of daily Metrc activity records. Use as a relative index of cultivation activity, not as a plant stock. The CCC February 2025 industry report gives the same Jan-Apr 2024 shares (harvested 72 pct, destroyed 21 pct, flowering 4 pct, vegetative 2 pct) but a monthly average of 28,797 plants, a different scale from these fields. Header verified by agent 2026-09-25; data rows fetched 2026-09-24. INDUSTRY field is Adult-use for every row; Craft Marijuana Cooperative and non-cultivation facility types report 0 plants."
MA,2025-05,month,78,plants_vegetative_adult_use,1948159,plants,"Massachusetts Cannabis Control Commission Open Data, Marijuana Establishment Adult-use and MMEs Plant Activity and Volume (a_sales_au_activityvolume; CCCLastUpdated 2026-09-08)",https://masscannabiscontrol.com/resource/a_sales_au_activityvolume.csv,2026-09-24,"DERIVED by agent: sum of CCC field PLANTVEGETATIVECOUNT for facility types Marijuana Cultivator (1927933) and Marijuana Microbusiness (20226). CCC publishes no definition of these fields. Values are not end-of-month plant inventories: PLANTHARVESTEDCOUNT runs about 25 times PLANTFLOWERINGCOUNT and all fields dip in February and in 2020-04, so they behave as monthly aggregates of daily Metrc activity records. Use as a relative index of cultivation activity, not as a plant stock. The CCC February 2025 industry report gives the same Jan-Apr 2024 shares (harvested 72 pct, destroyed 21 pct, flowering 4 pct, vegetative 2 pct) but a monthly average of 28,797 plants, a different scale from these fields. Header verified by agent 2026-09-25; data rows fetched 2026-09-24. INDUSTRY field is Adult-use for every row; Craft Marijuana Cooperative and non-cultivation facility types report 0 plants."
MA,2025-06,month,79,plants_vegetative_adult_use,2090156,plants,"Massachusetts Cannabis Control Commission Open Data, Marijuana Establishment Adult-use and MMEs Plant Activity and Volume (a_sales_au_activityvolume; CCCLastUpdated 2026-09-08)",https://masscannabiscontrol.com/resource/a_sales_au_activityvolume.csv,2026-09-24,"DERIVED by agent: sum of CCC field PLANTVEGETATIVECOUNT for facility types Marijuana Cultivator (2067549) and Marijuana Microbusiness (22607). CCC publishes no definition of these fields. Values are not end-of-month plant inventories: PLANTHARVESTEDCOUNT runs about 25 times PLANTFLOWERINGCOUNT and all fields dip in February and in 2020-04, so they behave as monthly aggregates of daily Metrc activity records. Use as a relative index of cultivation activity, not as a plant stock. The CCC February 2025 industry report gives the same Jan-Apr 2024 shares (harvested 72 pct, destroyed 21 pct, flowering 4 pct, vegetative 2 pct) but a monthly average of 28,797 plants, a different scale from these fields. Header verified by agent 2026-09-25; data rows fetched 2026-09-24. INDUSTRY field is Adult-use for every row; Craft Marijuana Cooperative and non-cultivation facility types report 0 plants."
MA,2025-07,month,80,plants_vegetative_adult_use,2820001,plants,"Massachusetts Cannabis Control Commission Open Data, Marijuana Establishment Adult-use and MMEs Plant Activity and Volume (a_sales_au_activityvolume; CCCLastUpdated 2026-09-08)",https://masscannabiscontrol.com/resource/a_sales_au_activityvolume.csv,2026-09-24,"DERIVED by agent: sum of CCC field PLANTVEGETATIVECOUNT for facility types Marijuana Cultivator (2780457) and Marijuana Microbusiness (39544). CCC publishes no definition of these fields. Values are not end-of-month plant inventories: PLANTHARVESTEDCOUNT runs about 25 times PLANTFLOWERINGCOUNT and all fields dip in February and in 2020-04, so they behave as monthly aggregates of daily Metrc activity records. Use as a relative index of cultivation activity, not as a plant stock. The CCC February 2025 industry report gives the same Jan-Apr 2024 shares (harvested 72 pct, destroyed 21 pct, flowering 4 pct, vegetative 2 pct) but a monthly average of 28,797 plants, a different scale from these fields. Header verified by agent 2026-09-25; data rows fetched 2026-09-24. INDUSTRY field is Adult-use for every row; Craft Marijuana Cooperative and non-cultivation facility types report 0 plants."
MA,2025-08,month,81,plants_vegetative_adult_use,2857431,plants,"Massachusetts Cannabis Control Commission Open Data, Marijuana Establishment Adult-use and MMEs Plant Activity and Volume (a_sales_au_activityvolume; CCCLastUpdated 2026-09-08)",https://masscannabiscontrol.com/resource/a_sales_au_activityvolume.csv,2026-09-24,"DERIVED by agent: sum of CCC field PLANTVEGETATIVECOUNT for facility types Marijuana Cultivator (2834116) and Marijuana Microbusiness (23315). CCC publishes no definition of these fields. Values are not end-of-month plant inventories: PLANTHARVESTEDCOUNT runs about 25 times PLANTFLOWERINGCOUNT and all fields dip in February and in 2020-04, so they behave as monthly aggregates of daily Metrc activity records. Use as a relative index of cultivation activity, not as a plant stock. The CCC February 2025 industry report gives the same Jan-Apr 2024 shares (harvested 72 pct, destroyed 21 pct, flowering 4 pct, vegetative 2 pct) but a monthly average of 28,797 plants, a different scale from these fields. Header verified by agent 2026-09-25; data rows fetched 2026-09-24. INDUSTRY field is Adult-use for every row; Craft Marijuana Cooperative and non-cultivation facility types report 0 plants."
MA,2025-09,month,82,plants_vegetative_adult_use,2123557,plants,"Massachusetts Cannabis Control Commission Open Data, Marijuana Establishment Adult-use and MMEs Plant Activity and Volume (a_sales_au_activityvolume; CCCLastUpdated 2026-09-08)",https://masscannabiscontrol.com/resource/a_sales_au_activityvolume.csv,2026-09-24,"DERIVED by agent: sum of CCC field PLANTVEGETATIVECOUNT for facility types Marijuana Cultivator (2094978) and Marijuana Microbusiness (28579). CCC publishes no definition of these fields. Values are not end-of-month plant inventories: PLANTHARVESTEDCOUNT runs about 25 times PLANTFLOWERINGCOUNT and all fields dip in February and in 2020-04, so they behave as monthly aggregates of daily Metrc activity records. Use as a relative index of cultivation activity, not as a plant stock. The CCC February 2025 industry report gives the same Jan-Apr 2024 shares (harvested 72 pct, destroyed 21 pct, flowering 4 pct, vegetative 2 pct) but a monthly average of 28,797 plants, a different scale from these fields. Header verified by agent 2026-09-25; data rows fetched 2026-09-24. INDUSTRY field is Adult-use for every row; Craft Marijuana Cooperative and non-cultivation facility types report 0 plants."
MA,2025-10,month,83,plants_vegetative_adult_use,1853017,plants,"Massachusetts Cannabis Control Commission Open Data, Marijuana Establishment Adult-use and MMEs Plant Activity and Volume (a_sales_au_activityvolume; CCCLastUpdated 2026-09-08)",https://masscannabiscontrol.com/resource/a_sales_au_activityvolume.csv,2026-09-24,"DERIVED by agent: sum of CCC field PLANTVEGETATIVECOUNT for facility types Marijuana Cultivator (1822671) and Marijuana Microbusiness (30346). CCC publishes no definition of these fields. Values are not end-of-month plant inventories: PLANTHARVESTEDCOUNT runs about 25 times PLANTFLOWERINGCOUNT and all fields dip in February and in 2020-04, so they behave as monthly aggregates of daily Metrc activity records. Use as a relative index of cultivation activity, not as a plant stock. The CCC February 2025 industry report gives the same Jan-Apr 2024 shares (harvested 72 pct, destroyed 21 pct, flowering 4 pct, vegetative 2 pct) but a monthly average of 28,797 plants, a different scale from these fields. Header verified by agent 2026-09-25; data rows fetched 2026-09-24. INDUSTRY field is Adult-use for every row; Craft Marijuana Cooperative and non-cultivation facility types report 0 plants."
MA,2025-11,month,84,plants_vegetative_adult_use,1794542,plants,"Massachusetts Cannabis Control Commission Open Data, Marijuana Establishment Adult-use and MMEs Plant Activity and Volume (a_sales_au_activityvolume; CCCLastUpdated 2026-09-08)",https://masscannabiscontrol.com/resource/a_sales_au_activityvolume.csv,2026-09-24,"DERIVED by agent: sum of CCC field PLANTVEGETATIVECOUNT for facility types Marijuana Cultivator (1764930) and Marijuana Microbusiness (29612). CCC publishes no definition of these fields. Values are not end-of-month plant inventories: PLANTHARVESTEDCOUNT runs about 25 times PLANTFLOWERINGCOUNT and all fields dip in February and in 2020-04, so they behave as monthly aggregates of daily Metrc activity records. Use as a relative index of cultivation activity, not as a plant stock. The CCC February 2025 industry report gives the same Jan-Apr 2024 shares (harvested 72 pct, destroyed 21 pct, flowering 4 pct, vegetative 2 pct) but a monthly average of 28,797 plants, a different scale from these fields. Header verified by agent 2026-09-25; data rows fetched 2026-09-24. INDUSTRY field is Adult-use for every row; Craft Marijuana Cooperative and non-cultivation facility types report 0 plants."
MA,2025-12,month,85,plants_vegetative_adult_use,1858242,plants,"Massachusetts Cannabis Control Commission Open Data, Marijuana Establishment Adult-use and MMEs Plant Activity and Volume (a_sales_au_activityvolume; CCCLastUpdated 2026-09-08)",https://masscannabiscontrol.com/resource/a_sales_au_activityvolume.csv,2026-09-24,"DERIVED by agent: sum of CCC field PLANTVEGETATIVECOUNT for facility types Marijuana Cultivator (1830035) and Marijuana Microbusiness (28207). CCC publishes no definition of these fields. Values are not end-of-month plant inventories: PLANTHARVESTEDCOUNT runs about 25 times PLANTFLOWERINGCOUNT and all fields dip in February and in 2020-04, so they behave as monthly aggregates of daily Metrc activity records. Use as a relative index of cultivation activity, not as a plant stock. The CCC February 2025 industry report gives the same Jan-Apr 2024 shares (harvested 72 pct, destroyed 21 pct, flowering 4 pct, vegetative 2 pct) but a monthly average of 28,797 plants, a different scale from these fields. Header verified by agent 2026-09-25; data rows fetched 2026-09-24. INDUSTRY field is Adult-use for every row; Craft Marijuana Cooperative and non-cultivation facility types report 0 plants."
MA,2026-01,month,86,plants_vegetative_adult_use,1931667,plants,"Massachusetts Cannabis Control Commission Open Data, Marijuana Establishment Adult-use and MMEs Plant Activity and Volume (a_sales_au_activityvolume; CCCLastUpdated 2026-09-08)",https://masscannabiscontrol.com/resource/a_sales_au_activityvolume.csv,2026-09-24,"DERIVED by agent: sum of CCC field PLANTVEGETATIVECOUNT for facility types Marijuana Cultivator (1905158) and Marijuana Microbusiness (26509). CCC publishes no definition of these fields. Values are not end-of-month plant inventories: PLANTHARVESTEDCOUNT runs about 25 times PLANTFLOWERINGCOUNT and all fields dip in February and in 2020-04, so they behave as monthly aggregates of daily Metrc activity records. Use as a relative index of cultivation activity, not as a plant stock. The CCC February 2025 industry report gives the same Jan-Apr 2024 shares (harvested 72 pct, destroyed 21 pct, flowering 4 pct, vegetative 2 pct) but a monthly average of 28,797 plants, a different scale from these fields. Header verified by agent 2026-09-25; data rows fetched 2026-09-24. INDUSTRY field is Adult-use for every row; Craft Marijuana Cooperative and non-cultivation facility types report 0 plants."
MA,2026-02,month,87,plants_vegetative_adult_use,1631291,plants,"Massachusetts Cannabis Control Commission Open Data, Marijuana Establishment Adult-use and MMEs Plant Activity and Volume (a_sales_au_activityvolume; CCCLastUpdated 2026-09-08)",https://masscannabiscontrol.com/resource/a_sales_au_activityvolume.csv,2026-09-24,"DERIVED by agent: sum of CCC field PLANTVEGETATIVECOUNT for facility types Marijuana Cultivator (1613455) and Marijuana Microbusiness (17836). CCC publishes no definition of these fields. Values are not end-of-month plant inventories: PLANTHARVESTEDCOUNT runs about 25 times PLANTFLOWERINGCOUNT and all fields dip in February and in 2020-04, so they behave as monthly aggregates of daily Metrc activity records. Use as a relative index of cultivation activity, not as a plant stock. The CCC February 2025 industry report gives the same Jan-Apr 2024 shares (harvested 72 pct, destroyed 21 pct, flowering 4 pct, vegetative 2 pct) but a monthly average of 28,797 plants, a different scale from these fields. Header verified by agent 2026-09-25; data rows fetched 2026-09-24. INDUSTRY field is Adult-use for every row; Craft Marijuana Cooperative and non-cultivation facility types report 0 plants."
MA,2026-03,month,88,plants_vegetative_adult_use,1867205,plants,"Massachusetts Cannabis Control Commission Open Data, Marijuana Establishment Adult-use and MMEs Plant Activity and Volume (a_sales_au_activityvolume; CCCLastUpdated 2026-09-08)",https://masscannabiscontrol.com/resource/a_sales_au_activityvolume.csv,2026-09-24,"DERIVED by agent: sum of CCC field PLANTVEGETATIVECOUNT for facility types Marijuana Cultivator (1843443) and Marijuana Microbusiness (23762). CCC publishes no definition of these fields. Values are not end-of-month plant inventories: PLANTHARVESTEDCOUNT runs about 25 times PLANTFLOWERINGCOUNT and all fields dip in February and in 2020-04, so they behave as monthly aggregates of daily Metrc activity records. Use as a relative index of cultivation activity, not as a plant stock. The CCC February 2025 industry report gives the same Jan-Apr 2024 shares (harvested 72 pct, destroyed 21 pct, flowering 4 pct, vegetative 2 pct) but a monthly average of 28,797 plants, a different scale from these fields. Header verified by agent 2026-09-25; data rows fetched 2026-09-24. INDUSTRY field is Adult-use for every row; Craft Marijuana Cooperative and non-cultivation facility types report 0 plants."
MA,2026-04,month,89,plants_vegetative_adult_use,1890804,plants,"Massachusetts Cannabis Control Commission Open Data, Marijuana Establishment Adult-use and MMEs Plant Activity and Volume (a_sales_au_activityvolume; CCCLastUpdated 2026-09-08)",https://masscannabiscontrol.com/resource/a_sales_au_activityvolume.csv,2026-09-24,"DERIVED by agent: sum of CCC field PLANTVEGETATIVECOUNT for facility types Marijuana Cultivator (1870014) and Marijuana Microbusiness (20790). CCC publishes no definition of these fields. Values are not end-of-month plant inventories: PLANTHARVESTEDCOUNT runs about 25 times PLANTFLOWERINGCOUNT and all fields dip in February and in 2020-04, so they behave as monthly aggregates of daily Metrc activity records. Use as a relative index of cultivation activity, not as a plant stock. The CCC February 2025 industry report gives the same Jan-Apr 2024 shares (harvested 72 pct, destroyed 21 pct, flowering 4 pct, vegetative 2 pct) but a monthly average of 28,797 plants, a different scale from these fields. Header verified by agent 2026-09-25; data rows fetched 2026-09-24. INDUSTRY field is Adult-use for every row; Craft Marijuana Cooperative and non-cultivation facility types report 0 plants."
MA,2018,year,,total_sales_usd_adult_use,15213263.23,usd,"Massachusetts Cannabis Control Commission, Review and Assessment of the Massachusetts Adult- and Medical-Use Cannabis Industries (February 2025)",https://masscannabiscontrol.com/wp-content/uploads/2025/02/Review-and-Assessment-of-the-Massachusetts-Adult-and-Medical-Use-Cannabis-Industries.pdf,2026-09-25,"Table VI.3 (p.36), Total Sales in the Adult-use Market by Year, CCC Metrc data. Report values run below CCC press-release headline totals for the same years; the report does not state which sales channels are included. 2018 covers 2018-11-20 to 2018-12-31 only."
MA,2019,year,,total_sales_usd_adult_use,433096256.80,usd,"Massachusetts Cannabis Control Commission, Review and Assessment of the Massachusetts Adult- and Medical-Use Cannabis Industries (February 2025)",https://masscannabiscontrol.com/wp-content/uploads/2025/02/Review-and-Assessment-of-the-Massachusetts-Adult-and-Medical-Use-Cannabis-Industries.pdf,2026-09-25,"Table VI.3 (p.36), Total Sales in the Adult-use Market by Year, CCC Metrc data. Report values run below CCC press-release headline totals for the same years; the report does not state which sales channels are included."
MA,2020,year,,total_sales_usd_adult_use,702609823.36,usd,"Massachusetts Cannabis Control Commission, Review and Assessment of the Massachusetts Adult- and Medical-Use Cannabis Industries (February 2025)",https://masscannabiscontrol.com/wp-content/uploads/2025/02/Review-and-Assessment-of-the-Massachusetts-Adult-and-Medical-Use-Cannabis-Industries.pdf,2026-09-25,"Table VI.3 (p.36), Total Sales in the Adult-use Market by Year, CCC Metrc data. Report values run below CCC press-release headline totals for the same years; the report does not state which sales channels are included."
MA,2021,year,,total_sales_usd_adult_use,1332327496.67,usd,"Massachusetts Cannabis Control Commission, Review and Assessment of the Massachusetts Adult- and Medical-Use Cannabis Industries (February 2025)",https://masscannabiscontrol.com/wp-content/uploads/2025/02/Review-and-Assessment-of-the-Massachusetts-Adult-and-Medical-Use-Cannabis-Industries.pdf,2026-09-25,"Table VI.3 (p.36), Total Sales in the Adult-use Market by Year, CCC Metrc data. Report values run below CCC press-release headline totals for the same years; the report does not state which sales channels are included."
MA,2022,year,,total_sales_usd_adult_use,1488674571.04,usd,"Massachusetts Cannabis Control Commission, Review and Assessment of the Massachusetts Adult- and Medical-Use Cannabis Industries (February 2025)",https://masscannabiscontrol.com/wp-content/uploads/2025/02/Review-and-Assessment-of-the-Massachusetts-Adult-and-Medical-Use-Cannabis-Industries.pdf,2026-09-25,"Table VI.3 (p.36), Total Sales in the Adult-use Market by Year, CCC Metrc data. Report values run below CCC press-release headline totals for the same years; the report does not state which sales channels are included."
MA,2023,year,,total_sales_usd_adult_use,1566829629.51,usd,"Massachusetts Cannabis Control Commission, Review and Assessment of the Massachusetts Adult- and Medical-Use Cannabis Industries (February 2025)",https://masscannabiscontrol.com/wp-content/uploads/2025/02/Review-and-Assessment-of-the-Massachusetts-Adult-and-Medical-Use-Cannabis-Industries.pdf,2026-09-25,"Table VI.3 (p.36), Total Sales in the Adult-use Market by Year, CCC Metrc data. Report values run below CCC press-release headline totals for the same years; the report does not state which sales channels are included."
MA,2024,year,,total_sales_usd_adult_use,1640000000,usd,"Massachusetts Cannabis Control Commission, press release 2025-01-16 (2024 sales)",https://masscannabiscontrol.com/2025/01/massachusetts-adult-use-cannabis-sales-hit-annual-record-with-one-point-sixty-four-billion-generated-over-2024/,2026-09-25,"Press release text: ""generated more than $1.64 billion in gross sales in 2024"" (lower bound, rounded by CCC)."
MA,2025,year,,total_sales_usd_adult_use,1650000000,usd,"Massachusetts Cannabis Control Commission, press release 2026-01-08 (2025 sales)",https://masscannabiscontrol.com/2026/01/massachusetts-adult-use-cannabis-sales-generated-1-65-billion-in-2025/,2026-09-25,"Press release text: ""grossed more than $1.65 billion in sales in 2025"" (lower bound, rounded by CCC)."
MA,2018,year,,total_sales_usd_medical,1247801.86,usd,"Massachusetts Cannabis Control Commission, Review and Assessment of the Massachusetts Adult- and Medical-Use Cannabis Industries (February 2025)",https://masscannabiscontrol.com/wp-content/uploads/2025/02/Review-and-Assessment-of-the-Massachusetts-Adult-and-Medical-Use-Cannabis-Industries.pdf,2026-09-25,"Table VI.8 (p.42), Total Sales in the Medical Market, by Year. 2018 and 2019 are flagged in the table as calculated differently for year-over-year change; the report does not state the 2018 start date for medical sales."
MA,2019,year,,total_sales_usd_medical,120715829.25,usd,"Massachusetts Cannabis Control Commission, Review and Assessment of the Massachusetts Adult- and Medical-Use Cannabis Industries (February 2025)",https://masscannabiscontrol.com/wp-content/uploads/2025/02/Review-and-Assessment-of-the-Massachusetts-Adult-and-Medical-Use-Cannabis-Industries.pdf,2026-09-25,"Table VI.8 (p.42), Total Sales in the Medical Market, by Year. 2018 and 2019 are flagged in the table as calculated differently for year-over-year change; the report does not state the 2018 start date for medical sales."
MA,2020,year,,total_sales_usd_medical,270416054.52,usd,"Massachusetts Cannabis Control Commission, Review and Assessment of the Massachusetts Adult- and Medical-Use Cannabis Industries (February 2025)",https://masscannabiscontrol.com/wp-content/uploads/2025/02/Review-and-Assessment-of-the-Massachusetts-Adult-and-Medical-Use-Cannabis-Industries.pdf,2026-09-25,"Table VI.8 (p.42), Total Sales in the Medical Market, by Year."
MA,2021,year,,total_sales_usd_medical,312088097.94,usd,"Massachusetts Cannabis Control Commission, Review and Assessment of the Massachusetts Adult- and Medical-Use Cannabis Industries (February 2025)",https://masscannabiscontrol.com/wp-content/uploads/2025/02/Review-and-Assessment-of-the-Massachusetts-Adult-and-Medical-Use-Cannabis-Industries.pdf,2026-09-25,"Table VI.8 (p.42), Total Sales in the Medical Market, by Year."
MA,2022,year,,total_sales_usd_medical,271681407.41,usd,"Massachusetts Cannabis Control Commission, Review and Assessment of the Massachusetts Adult- and Medical-Use Cannabis Industries (February 2025)",https://masscannabiscontrol.com/wp-content/uploads/2025/02/Review-and-Assessment-of-the-Massachusetts-Adult-and-Medical-Use-Cannabis-Industries.pdf,2026-09-25,"Table VI.8 (p.42), Total Sales in the Medical Market, by Year."
MA,2023,year,,total_sales_usd_medical,225629940.94,usd,"Massachusetts Cannabis Control Commission, Review and Assessment of the Massachusetts Adult- and Medical-Use Cannabis Industries (February 2025)",https://masscannabiscontrol.com/wp-content/uploads/2025/02/Review-and-Assessment-of-the-Massachusetts-Adult-and-Medical-Use-Cannabis-Industries.pdf,2026-09-25,"Table VI.8 (p.42), Total Sales in the Medical Market, by Year."
MA,2025,year,,transactions_adult_use,46300000,count,"Massachusetts Cannabis Control Commission, press release 2026-01-08 (2025 sales)",https://masscannabiscontrol.com/2026/01/massachusetts-adult-use-cannabis-sales-generated-1-65-billion-in-2025/,2026-09-25,"Press release text: ""Retailers recorded 46.3 million transactions in 2025, about 3.4 million more than in 2024"" (rounded by CCC)."
MA,2018,year,,adult_population_21plus,5225643,persons,"U.S. Census Bureau, American Community Survey 2018 1-year estimates, table B01001 (Sex by Age)",https://api.census.gov/data/2018/acs/acs1?get=B01001_001E&for=state:*,2026-09-25,"DERIVED by agent: B01001_001E total population (6,902,149) minus male and female ages under 21 (B01001_003E to _008E and _027E to _032E). Check passed: male + female totals equal the total. Point estimate; margins of error not recorded. Includes group-quarters population. No 2020 row: Census did not release standard 2020 ACS 1-year estimates. 2025 1-year estimates not yet in the API on the access date."
MA,2019,year,,adult_population_21plus,5236619,persons,"U.S. Census Bureau, American Community Survey 2019 1-year estimates, table B01001 (Sex by Age)",https://api.census.gov/data/2019/acs/acs1?get=B01001_001E&for=state:*,2026-09-25,"DERIVED by agent: B01001_001E total population (6,892,503) minus male and female ages under 21 (B01001_003E to _008E and _027E to _032E). Check passed: male + female totals equal the total. Point estimate; margins of error not recorded. Includes group-quarters population. No 2020 row: Census did not release standard 2020 ACS 1-year estimates. 2025 1-year estimates not yet in the API on the access date."
MA,2021,year,,adult_population_21plus,5308211,persons,"U.S. Census Bureau, American Community Survey 2021 1-year estimates, table B01001 (Sex by Age)",https://api.census.gov/data/2021/acs/acs1?get=B01001_001E&for=state:*,2026-09-25,"DERIVED by agent: B01001_001E total population (6,984,723) minus male and female ages under 21 (B01001_003E to _008E and _027E to _032E). Check passed: male + female totals equal the total. Point estimate; margins of error not recorded. Includes group-quarters population. No 2020 row: Census did not release standard 2020 ACS 1-year estimates. 2025 1-year estimates not yet in the API on the access date."
MA,2022,year,,adult_population_21plus,5339036,persons,"U.S. Census Bureau, American Community Survey 2022 1-year estimates, table B01001 (Sex by Age)",https://api.census.gov/data/2022/acs/acs1?get=B01001_001E&for=state:*,2026-09-25,"DERIVED by agent: B01001_001E total population (6,981,974) minus male and female ages under 21 (B01001_003E to _008E and _027E to _032E). Check passed: male + female totals equal the total. Point estimate; margins of error not recorded. Includes group-quarters population. No 2020 row: Census did not release standard 2020 ACS 1-year estimates. 2025 1-year estimates not yet in the API on the access date."
MA,2023,year,,adult_population_21plus,5361519,persons,"U.S. Census Bureau, American Community Survey 2023 1-year estimates, table B01001 (Sex by Age)",https://api.census.gov/data/2023/acs/acs1?get=B01001_001E&for=state:*,2026-09-25,"DERIVED by agent: B01001_001E total population (7,001,399) minus male and female ages under 21 (B01001_003E to _008E and _027E to _032E). Check passed: male + female totals equal the total. Point estimate; margins of error not recorded. Includes group-quarters population. No 2020 row: Census did not release standard 2020 ACS 1-year estimates. 2025 1-year estimates not yet in the API on the access date."
MA,2024,year,,adult_population_21plus,5457681,persons,"U.S. Census Bureau, American Community Survey 2024 1-year estimates, table B01001 (Sex by Age)",https://api.census.gov/data/2024/acs/acs1?get=B01001_001E&for=state:*,2026-09-25,"DERIVED by agent: B01001_001E total population (7,136,171) minus male and female ages under 21 (B01001_003E to _008E and _027E to _032E). Check passed: male + female totals equal the total. Point estimate; margins of error not recorded. Includes group-quarters population. No 2020 row: Census did not release standard 2020 ACS 1-year estimates. 2025 1-year estimates not yet in the API on the access date."
MA,2018-11,month,0,total_sales_usd_adult_use,3989703.73,usd,"Massachusetts Cannabis Control Commission Open Data, ""Marijuana Establishment Facility Sales and Statistics (by day and product type)""",https://masscannabiscontrol.com/resource/a_sales_au_gross.csv,2026-09-25,"DERIVED by agent: sum of daily rows (SALEDATE in month) across Retail and delivery data types in CCC dataset a_sales_au_gross, CCCLastUpdated 2026-09-08; file downloaded by the author 2026-09-25 with $limit=500000 (complete: annual sums match CCC annual report within 0.4%). All product categories. Partial first month: adult-use retail opened 2018-11-20."
MA,2018-11,month,0,flower_sales_usd_adult_use,1764890.64,usd,"Massachusetts Cannabis Control Commission Open Data, ""Marijuana Establishment Facility Sales and Statistics (by day and product type)""",https://masscannabiscontrol.com/resource/a_sales_au_gross.csv,2026-09-25,"DERIVED by agent: sum of daily rows (SALEDATE in month) across Retail and delivery data types in CCC dataset a_sales_au_gross, CCCLastUpdated 2026-09-08; file downloaded by the author 2026-09-25 with $limit=500000 (complete: annual sums match CCC annual report within 0.4%). Product category ""Buds"" (excludes pre-rolls, shake/trim, kief), all units of measure. Partial first month: adult-use retail opened 2018-11-20."
MA,2018-11,month,0,flower_sold_grams_adult_use,111595.11,grams,"Massachusetts Cannabis Control Commission Open Data, ""Marijuana Establishment Facility Sales and Statistics (by day and product type)""",https://masscannabiscontrol.com/resource/a_sales_au_gross.csv,2026-09-25,"DERIVED by agent: sum of daily rows (SALEDATE in month) across Retail and delivery data types in CCC dataset a_sales_au_gross, CCCLastUpdated 2026-09-08; file downloaded by the author 2026-09-25 with $limit=500000 (complete: annual sums match CCC annual report within 0.4%). Product category ""Buds"", rows recorded in grams only; rows recorded in lb, oz, kg, mg or ea (under 0.2% of Buds dollars) are excluded because their quantities convert to implausible prices. Partial first month: adult-use retail opened 2018-11-20."
MA,2018-12,month,1,total_sales_usd_adult_use,11222816.5,usd,"Massachusetts Cannabis Control Commission Open Data, ""Marijuana Establishment Facility Sales and Statistics (by day and product type)""",https://masscannabiscontrol.com/resource/a_sales_au_gross.csv,2026-09-25,"DERIVED by agent: sum of daily rows (SALEDATE in month) across Retail and delivery data types in CCC dataset a_sales_au_gross, CCCLastUpdated 2026-09-08; file downloaded by the author 2026-09-25 with $limit=500000 (complete: annual sums match CCC annual report within 0.4%). All product categories."
MA,2018-12,month,1,flower_sales_usd_adult_use,5049713.59,usd,"Massachusetts Cannabis Control Commission Open Data, ""Marijuana Establishment Facility Sales and Statistics (by day and product type)""",https://masscannabiscontrol.com/resource/a_sales_au_gross.csv,2026-09-25,"DERIVED by agent: sum of daily rows (SALEDATE in month) across Retail and delivery data types in CCC dataset a_sales_au_gross, CCCLastUpdated 2026-09-08; file downloaded by the author 2026-09-25 with $limit=500000 (complete: annual sums match CCC annual report within 0.4%). Product category ""Buds"" (excludes pre-rolls, shake/trim, kief), all units of measure."
MA,2018-12,month,1,flower_sold_grams_adult_use,315542.6,grams,"Massachusetts Cannabis Control Commission Open Data, ""Marijuana Establishment Facility Sales and Statistics (by day and product type)""",https://masscannabiscontrol.com/resource/a_sales_au_gross.csv,2026-09-25,"DERIVED by agent: sum of daily rows (SALEDATE in month) across Retail and delivery data types in CCC dataset a_sales_au_gross, CCCLastUpdated 2026-09-08; file downloaded by the author 2026-09-25 with $limit=500000 (complete: annual sums match CCC annual report within 0.4%). Product category ""Buds"", rows recorded in grams only; rows recorded in lb, oz, kg, mg or ea (under 0.2% of Buds dollars) are excluded because their quantities convert to implausible prices."
MA,2019-01,month,2,total_sales_usd_adult_use,14596419.12,usd,"Massachusetts Cannabis Control Commission Open Data, ""Marijuana Establishment Facility Sales and Statistics (by day and product type)""",https://masscannabiscontrol.com/resource/a_sales_au_gross.csv,2026-09-25,"DERIVED by agent: sum of daily rows (SALEDATE in month) across Retail and delivery data types in CCC dataset a_sales_au_gross, CCCLastUpdated 2026-09-08; file downloaded by the author 2026-09-25 with $limit=500000 (complete: annual sums match CCC annual report within 0.4%). All product categories."
MA,2019-01,month,2,flower_sales_usd_adult_use,7139171.49,usd,"Massachusetts Cannabis Control Commission Open Data, ""Marijuana Establishment Facility Sales and Statistics (by day and product type)""",https://masscannabiscontrol.com/resource/a_sales_au_gross.csv,2026-09-25,"DERIVED by agent: sum of daily rows (SALEDATE in month) across Retail and delivery data types in CCC dataset a_sales_au_gross, CCCLastUpdated 2026-09-08; file downloaded by the author 2026-09-25 with $limit=500000 (complete: annual sums match CCC annual report within 0.4%). Product category ""Buds"" (excludes pre-rolls, shake/trim, kief), all units of measure."
MA,2019-01,month,2,flower_sold_grams_adult_use,462953.48,grams,"Massachusetts Cannabis Control Commission Open Data, ""Marijuana Establishment Facility Sales and Statistics (by day and product type)""",https://masscannabiscontrol.com/resource/a_sales_au_gross.csv,2026-09-25,"DERIVED by agent: sum of daily rows (SALEDATE in month) across Retail and delivery data types in CCC dataset a_sales_au_gross, CCCLastUpdated 2026-09-08; file downloaded by the author 2026-09-25 with $limit=500000 (complete: annual sums match CCC annual report within 0.4%). Product category ""Buds"", rows recorded in grams only; rows recorded in lb, oz, kg, mg or ea (under 0.2% of Buds dollars) are excluded because their quantities convert to implausible prices."
MA,2019-02,month,3,total_sales_usd_adult_use,17117873.2,usd,"Massachusetts Cannabis Control Commission Open Data, ""Marijuana Establishment Facility Sales and Statistics (by day and product type)""",https://masscannabiscontrol.com/resource/a_sales_au_gross.csv,2026-09-25,"DERIVED by agent: sum of daily rows (SALEDATE in month) across Retail and delivery data types in CCC dataset a_sales_au_gross, CCCLastUpdated 2026-09-08; file downloaded by the author 2026-09-25 with $limit=500000 (complete: annual sums match CCC annual report within 0.4%). All product categories."
MA,2019-02,month,3,flower_sales_usd_adult_use,8475693.85,usd,"Massachusetts Cannabis Control Commission Open Data, ""Marijuana Establishment Facility Sales and Statistics (by day and product type)""",https://masscannabiscontrol.com/resource/a_sales_au_gross.csv,2026-09-25,"DERIVED by agent: sum of daily rows (SALEDATE in month) across Retail and delivery data types in CCC dataset a_sales_au_gross, CCCLastUpdated 2026-09-08; file downloaded by the author 2026-09-25 with $limit=500000 (complete: annual sums match CCC annual report within 0.4%). Product category ""Buds"" (excludes pre-rolls, shake/trim, kief), all units of measure."
MA,2019-02,month,3,flower_sold_grams_adult_use,548385.41,grams,"Massachusetts Cannabis Control Commission Open Data, ""Marijuana Establishment Facility Sales and Statistics (by day and product type)""",https://masscannabiscontrol.com/resource/a_sales_au_gross.csv,2026-09-25,"DERIVED by agent: sum of daily rows (SALEDATE in month) across Retail and delivery data types in CCC dataset a_sales_au_gross, CCCLastUpdated 2026-09-08; file downloaded by the author 2026-09-25 with $limit=500000 (complete: annual sums match CCC annual report within 0.4%). Product category ""Buds"", rows recorded in grams only; rows recorded in lb, oz, kg, mg or ea (under 0.2% of Buds dollars) are excluded because their quantities convert to implausible prices."
MA,2019-03,month,4,total_sales_usd_adult_use,22743436.13,usd,"Massachusetts Cannabis Control Commission Open Data, ""Marijuana Establishment Facility Sales and Statistics (by day and product type)""",https://masscannabiscontrol.com/resource/a_sales_au_gross.csv,2026-09-25,"DERIVED by agent: sum of daily rows (SALEDATE in month) across Retail and delivery data types in CCC dataset a_sales_au_gross, CCCLastUpdated 2026-09-08; file downloaded by the author 2026-09-25 with $limit=500000 (complete: annual sums match CCC annual report within 0.4%). All product categories."
MA,2019-03,month,4,flower_sales_usd_adult_use,11178850.16,usd,"Massachusetts Cannabis Control Commission Open Data, ""Marijuana Establishment Facility Sales and Statistics (by day and product type)""",https://masscannabiscontrol.com/resource/a_sales_au_gross.csv,2026-09-25,"DERIVED by agent: sum of daily rows (SALEDATE in month) across Retail and delivery data types in CCC dataset a_sales_au_gross, CCCLastUpdated 2026-09-08; file downloaded by the author 2026-09-25 with $limit=500000 (complete: annual sums match CCC annual report within 0.4%). Product category ""Buds"" (excludes pre-rolls, shake/trim, kief), all units of measure."
MA,2019-03,month,4,flower_sold_grams_adult_use,731390.46,grams,"Massachusetts Cannabis Control Commission Open Data, ""Marijuana Establishment Facility Sales and Statistics (by day and product type)""",https://masscannabiscontrol.com/resource/a_sales_au_gross.csv,2026-09-25,"DERIVED by agent: sum of daily rows (SALEDATE in month) across Retail and delivery data types in CCC dataset a_sales_au_gross, CCCLastUpdated 2026-09-08; file downloaded by the author 2026-09-25 with $limit=500000 (complete: annual sums match CCC annual report within 0.4%). Product category ""Buds"", rows recorded in grams only; rows recorded in lb, oz, kg, mg or ea (under 0.2% of Buds dollars) are excluded because their quantities convert to implausible prices."
MA,2019-04,month,5,total_sales_usd_adult_use,28330424.63,usd,"Massachusetts Cannabis Control Commission Open Data, ""Marijuana Establishment Facility Sales and Statistics (by day and product type)""",https://masscannabiscontrol.com/resource/a_sales_au_gross.csv,2026-09-25,"DERIVED by agent: sum of daily rows (SALEDATE in month) across Retail and delivery data types in CCC dataset a_sales_au_gross, CCCLastUpdated 2026-09-08; file downloaded by the author 2026-09-25 with $limit=500000 (complete: annual sums match CCC annual report within 0.4%). All product categories."
MA,2019-04,month,5,flower_sales_usd_adult_use,12989427.46,usd,"Massachusetts Cannabis Control Commission Open Data, ""Marijuana Establishment Facility Sales and Statistics (by day and product type)""",https://masscannabiscontrol.com/resource/a_sales_au_gross.csv,2026-09-25,"DERIVED by agent: sum of daily rows (SALEDATE in month) across Retail and delivery data types in CCC dataset a_sales_au_gross, CCCLastUpdated 2026-09-08; file downloaded by the author 2026-09-25 with $limit=500000 (complete: annual sums match CCC annual report within 0.4%). Product category ""Buds"" (excludes pre-rolls, shake/trim, kief), all units of measure."
MA,2019-04,month,5,flower_sold_grams_adult_use,883709.52,grams,"Massachusetts Cannabis Control Commission Open Data, ""Marijuana Establishment Facility Sales and Statistics (by day and product type)""",https://masscannabiscontrol.com/resource/a_sales_au_gross.csv,2026-09-25,"DERIVED by agent: sum of daily rows (SALEDATE in month) across Retail and delivery data types in CCC dataset a_sales_au_gross, CCCLastUpdated 2026-09-08; file downloaded by the author 2026-09-25 with $limit=500000 (complete: annual sums match CCC annual report within 0.4%). Product category ""Buds"", rows recorded in grams only; rows recorded in lb, oz, kg, mg or ea (under 0.2% of Buds dollars) are excluded because their quantities convert to implausible prices."
MA,2019-05,month,6,total_sales_usd_adult_use,34248911.92,usd,"Massachusetts Cannabis Control Commission Open Data, ""Marijuana Establishment Facility Sales and Statistics (by day and product type)""",https://masscannabiscontrol.com/resource/a_sales_au_gross.csv,2026-09-25,"DERIVED by agent: sum of daily rows (SALEDATE in month) across Retail and delivery data types in CCC dataset a_sales_au_gross, CCCLastUpdated 2026-09-08; file downloaded by the author 2026-09-25 with $limit=500000 (complete: annual sums match CCC annual report within 0.4%). All product categories."
MA,2019-05,month,6,flower_sales_usd_adult_use,16136276.29,usd,"Massachusetts Cannabis Control Commission Open Data, ""Marijuana Establishment Facility Sales and Statistics (by day and product type)""",https://masscannabiscontrol.com/resource/a_sales_au_gross.csv,2026-09-25,"DERIVED by agent: sum of daily rows (SALEDATE in month) across Retail and delivery data types in CCC dataset a_sales_au_gross, CCCLastUpdated 2026-09-08; file downloaded by the author 2026-09-25 with $limit=500000 (complete: annual sums match CCC annual report within 0.4%). Product category ""Buds"" (excludes pre-rolls, shake/trim, kief), all units of measure."
MA,2019-05,month,6,flower_sold_grams_adult_use,1119891.28,grams,"Massachusetts Cannabis Control Commission Open Data, ""Marijuana Establishment Facility Sales and Statistics (by day and product type)""",https://masscannabiscontrol.com/resource/a_sales_au_gross.csv,2026-09-25,"DERIVED by agent: sum of daily rows (SALEDATE in month) across Retail and delivery data types in CCC dataset a_sales_au_gross, CCCLastUpdated 2026-09-08; file downloaded by the author 2026-09-25 with $limit=500000 (complete: annual sums match CCC annual report within 0.4%). Product category ""Buds"", rows recorded in grams only; rows recorded in lb, oz, kg, mg or ea (under 0.2% of Buds dollars) are excluded because their quantities convert to implausible prices."
MA,2019-06,month,7,total_sales_usd_adult_use,38885832.95,usd,"Massachusetts Cannabis Control Commission Open Data, ""Marijuana Establishment Facility Sales and Statistics (by day and product type)""",https://masscannabiscontrol.com/resource/a_sales_au_gross.csv,2026-09-25,"DERIVED by agent: sum of daily rows (SALEDATE in month) across Retail and delivery data types in CCC dataset a_sales_au_gross, CCCLastUpdated 2026-09-08; file downloaded by the author 2026-09-25 with $limit=500000 (complete: annual sums match CCC annual report within 0.4%). All product categories."
MA,2019-06,month,7,flower_sales_usd_adult_use,18326258.62,usd,"Massachusetts Cannabis Control Commission Open Data, ""Marijuana Establishment Facility Sales and Statistics (by day and product type)""",https://masscannabiscontrol.com/resource/a_sales_au_gross.csv,2026-09-25,"DERIVED by agent: sum of daily rows (SALEDATE in month) across Retail and delivery data types in CCC dataset a_sales_au_gross, CCCLastUpdated 2026-09-08; file downloaded by the author 2026-09-25 with $limit=500000 (complete: annual sums match CCC annual report within 0.4%). Product category ""Buds"" (excludes pre-rolls, shake/trim, kief), all units of measure."
MA,2019-06,month,7,flower_sold_grams_adult_use,1274008.41,grams,"Massachusetts Cannabis Control Commission Open Data, ""Marijuana Establishment Facility Sales and Statistics (by day and product type)""",https://masscannabiscontrol.com/resource/a_sales_au_gross.csv,2026-09-25,"DERIVED by agent: sum of daily rows (SALEDATE in month) across Retail and delivery data types in CCC dataset a_sales_au_gross, CCCLastUpdated 2026-09-08; file downloaded by the author 2026-09-25 with $limit=500000 (complete: annual sums match CCC annual report within 0.4%). Product category ""Buds"", rows recorded in grams only; rows recorded in lb, oz, kg, mg or ea (under 0.2% of Buds dollars) are excluded because their quantities convert to implausible prices."
MA,2019-07,month,8,total_sales_usd_adult_use,44093510.31,usd,"Massachusetts Cannabis Control Commission Open Data, ""Marijuana Establishment Facility Sales and Statistics (by day and product type)""",https://masscannabiscontrol.com/resource/a_sales_au_gross.csv,2026-09-25,"DERIVED by agent: sum of daily rows (SALEDATE in month) across Retail and delivery data types in CCC dataset a_sales_au_gross, CCCLastUpdated 2026-09-08; file downloaded by the author 2026-09-25 with $limit=500000 (complete: annual sums match CCC annual report within 0.4%). All product categories."
MA,2019-07,month,8,flower_sales_usd_adult_use,20331061.66,usd,"Massachusetts Cannabis Control Commission Open Data, ""Marijuana Establishment Facility Sales and Statistics (by day and product type)""",https://masscannabiscontrol.com/resource/a_sales_au_gross.csv,2026-09-25,"DERIVED by agent: sum of daily rows (SALEDATE in month) across Retail and delivery data types in CCC dataset a_sales_au_gross, CCCLastUpdated 2026-09-08; file downloaded by the author 2026-09-25 with $limit=500000 (complete: annual sums match CCC annual report within 0.4%). Product category ""Buds"" (excludes pre-rolls, shake/trim, kief), all units of measure."
MA,2019-07,month,8,flower_sold_grams_adult_use,1424459.73,grams,"Massachusetts Cannabis Control Commission Open Data, ""Marijuana Establishment Facility Sales and Statistics (by day and product type)""",https://masscannabiscontrol.com/resource/a_sales_au_gross.csv,2026-09-25,"DERIVED by agent: sum of daily rows (SALEDATE in month) across Retail and delivery data types in CCC dataset a_sales_au_gross, CCCLastUpdated 2026-09-08; file downloaded by the author 2026-09-25 with $limit=500000 (complete: annual sums match CCC annual report within 0.4%). Product category ""Buds"", rows recorded in grams only; rows recorded in lb, oz, kg, mg or ea (under 0.2% of Buds dollars) are excluded because their quantities convert to implausible prices."
MA,2019-08,month,9,total_sales_usd_adult_use,49494207.02,usd,"Massachusetts Cannabis Control Commission Open Data, ""Marijuana Establishment Facility Sales and Statistics (by day and product type)""",https://masscannabiscontrol.com/resource/a_sales_au_gross.csv,2026-09-25,"DERIVED by agent: sum of daily rows (SALEDATE in month) across Retail and delivery data types in CCC dataset a_sales_au_gross, CCCLastUpdated 2026-09-08; file downloaded by the author 2026-09-25 with $limit=500000 (complete: annual sums match CCC annual report within 0.4%). All product categories."
MA,2019-08,month,9,flower_sales_usd_adult_use,22212947.52,usd,"Massachusetts Cannabis Control Commission Open Data, ""Marijuana Establishment Facility Sales and Statistics (by day and product type)""",https://masscannabiscontrol.com/resource/a_sales_au_gross.csv,2026-09-25,"DERIVED by agent: sum of daily rows (SALEDATE in month) across Retail and delivery data types in CCC dataset a_sales_au_gross, CCCLastUpdated 2026-09-08; file downloaded by the author 2026-09-25 with $limit=500000 (complete: annual sums match CCC annual report within 0.4%). Product category ""Buds"" (excludes pre-rolls, shake/trim, kief), all units of measure."
MA,2019-08,month,9,flower_sold_grams_adult_use,1563631.95,grams,"Massachusetts Cannabis Control Commission Open Data, ""Marijuana Establishment Facility Sales and Statistics (by day and product type)""",https://masscannabiscontrol.com/resource/a_sales_au_gross.csv,2026-09-25,"DERIVED by agent: sum of daily rows (SALEDATE in month) across Retail and delivery data types in CCC dataset a_sales_au_gross, CCCLastUpdated 2026-09-08; file downloaded by the author 2026-09-25 with $limit=500000 (complete: annual sums match CCC annual report within 0.4%). Product category ""Buds"", rows recorded in grams only; rows recorded in lb, oz, kg, mg or ea (under 0.2% of Buds dollars) are excluded because their quantities convert to implausible prices."
MA,2019-09,month,10,total_sales_usd_adult_use,45078188.46,usd,"Massachusetts Cannabis Control Commission Open Data, ""Marijuana Establishment Facility Sales and Statistics (by day and product type)""",https://masscannabiscontrol.com/resource/a_sales_au_gross.csv,2026-09-25,"DERIVED by agent: sum of daily rows (SALEDATE in month) across Retail and delivery data types in CCC dataset a_sales_au_gross, CCCLastUpdated 2026-09-08; file downloaded by the author 2026-09-25 with $limit=500000 (complete: annual sums match CCC annual report within 0.4%). All product categories."
MA,2019-09,month,10,flower_sales_usd_adult_use,22240180.42,usd,"Massachusetts Cannabis Control Commission Open Data, ""Marijuana Establishment Facility Sales and Statistics (by day and product type)""",https://masscannabiscontrol.com/resource/a_sales_au_gross.csv,2026-09-25,"DERIVED by agent: sum of daily rows (SALEDATE in month) across Retail and delivery data types in CCC dataset a_sales_au_gross, CCCLastUpdated 2026-09-08; file downloaded by the author 2026-09-25 with $limit=500000 (complete: annual sums match CCC annual report within 0.4%). Product category ""Buds"" (excludes pre-rolls, shake/trim, kief), all units of measure."
MA,2019-09,month,10,flower_sold_grams_adult_use,1557284.48,grams,"Massachusetts Cannabis Control Commission Open Data, ""Marijuana Establishment Facility Sales and Statistics (by day and product type)""",https://masscannabiscontrol.com/resource/a_sales_au_gross.csv,2026-09-25,"DERIVED by agent: sum of daily rows (SALEDATE in month) across Retail and delivery data types in CCC dataset a_sales_au_gross, CCCLastUpdated 2026-09-08; file downloaded by the author 2026-09-25 with $limit=500000 (complete: annual sums match CCC annual report within 0.4%). Product category ""Buds"", rows recorded in grams only; rows recorded in lb, oz, kg, mg or ea (under 0.2% of Buds dollars) are excluded because their quantities convert to implausible prices."
MA,2019-10,month,11,total_sales_usd_adult_use,42713119.75,usd,"Massachusetts Cannabis Control Commission Open Data, ""Marijuana Establishment Facility Sales and Statistics (by day and product type)""",https://masscannabiscontrol.com/resource/a_sales_au_gross.csv,2026-09-25,"DERIVED by agent: sum of daily rows (SALEDATE in month) across Retail and delivery data types in CCC dataset a_sales_au_gross, CCCLastUpdated 2026-09-08; file downloaded by the author 2026-09-25 with $limit=500000 (complete: annual sums match CCC annual report within 0.4%). All product categories."
MA,2019-10,month,11,flower_sales_usd_adult_use,24830162.46,usd,"Massachusetts Cannabis Control Commission Open Data, ""Marijuana Establishment Facility Sales and Statistics (by day and product type)""",https://masscannabiscontrol.com/resource/a_sales_au_gross.csv,2026-09-25,"DERIVED by agent: sum of daily rows (SALEDATE in month) across Retail and delivery data types in CCC dataset a_sales_au_gross, CCCLastUpdated 2026-09-08; file downloaded by the author 2026-09-25 with $limit=500000 (complete: annual sums match CCC annual report within 0.4%). Product category ""Buds"" (excludes pre-rolls, shake/trim, kief), all units of measure."
MA,2019-10,month,11,flower_sold_grams_adult_use,1700057.88,grams,"Massachusetts Cannabis Control Commission Open Data, ""Marijuana Establishment Facility Sales and Statistics (by day and product type)""",https://masscannabiscontrol.com/resource/a_sales_au_gross.csv,2026-09-25,"DERIVED by agent: sum of daily rows (SALEDATE in month) across Retail and delivery data types in CCC dataset a_sales_au_gross, CCCLastUpdated 2026-09-08; file downloaded by the author 2026-09-25 with $limit=500000 (complete: annual sums match CCC annual report within 0.4%). Product category ""Buds"", rows recorded in grams only; rows recorded in lb, oz, kg, mg or ea (under 0.2% of Buds dollars) are excluded because their quantities convert to implausible prices."
MA,2019-11,month,12,total_sales_usd_adult_use,45907598.85,usd,"Massachusetts Cannabis Control Commission Open Data, ""Marijuana Establishment Facility Sales and Statistics (by day and product type)""",https://masscannabiscontrol.com/resource/a_sales_au_gross.csv,2026-09-25,"DERIVED by agent: sum of daily rows (SALEDATE in month) across Retail and delivery data types in CCC dataset a_sales_au_gross, CCCLastUpdated 2026-09-08; file downloaded by the author 2026-09-25 with $limit=500000 (complete: annual sums match CCC annual report within 0.4%). All product categories."
MA,2019-11,month,12,flower_sales_usd_adult_use,26049390.85,usd,"Massachusetts Cannabis Control Commission Open Data, ""Marijuana Establishment Facility Sales and Statistics (by day and product type)""",https://masscannabiscontrol.com/resource/a_sales_au_gross.csv,2026-09-25,"DERIVED by agent: sum of daily rows (SALEDATE in month) across Retail and delivery data types in CCC dataset a_sales_au_gross, CCCLastUpdated 2026-09-08; file downloaded by the author 2026-09-25 with $limit=500000 (complete: annual sums match CCC annual report within 0.4%). Product category ""Buds"" (excludes pre-rolls, shake/trim, kief), all units of measure."
MA,2019-11,month,12,flower_sold_grams_adult_use,1794569.98,grams,"Massachusetts Cannabis Control Commission Open Data, ""Marijuana Establishment Facility Sales and Statistics (by day and product type)""",https://masscannabiscontrol.com/resource/a_sales_au_gross.csv,2026-09-25,"DERIVED by agent: sum of daily rows (SALEDATE in month) across Retail and delivery data types in CCC dataset a_sales_au_gross, CCCLastUpdated 2026-09-08; file downloaded by the author 2026-09-25 with $limit=500000 (complete: annual sums match CCC annual report within 0.4%). Product category ""Buds"", rows recorded in grams only; rows recorded in lb, oz, kg, mg or ea (under 0.2% of Buds dollars) are excluded because their quantities convert to implausible prices."
MA,2019-12,month,13,total_sales_usd_adult_use,49799427.21,usd,"Massachusetts Cannabis Control Commission Open Data, ""Marijuana Establishment Facility Sales and Statistics (by day and product type)""",https://masscannabiscontrol.com/resource/a_sales_au_gross.csv,2026-09-25,"DERIVED by agent: sum of daily rows (SALEDATE in month) across Retail and delivery data types in CCC dataset a_sales_au_gross, CCCLastUpdated 2026-09-08; file downloaded by the author 2026-09-25 with $limit=500000 (complete: annual sums match CCC annual report within 0.4%). All product categories."
MA,2019-12,month,13,flower_sales_usd_adult_use,27331857.06,usd,"Massachusetts Cannabis Control Commission Open Data, ""Marijuana Establishment Facility Sales and Statistics (by day and product type)""",https://masscannabiscontrol.com/resource/a_sales_au_gross.csv,2026-09-25,"DERIVED by agent: sum of daily rows (SALEDATE in month) across Retail and delivery data types in CCC dataset a_sales_au_gross, CCCLastUpdated 2026-09-08; file downloaded by the author 2026-09-25 with $limit=500000 (complete: annual sums match CCC annual report within 0.4%). Product category ""Buds"" (excludes pre-rolls, shake/trim, kief), all units of measure."
MA,2019-12,month,13,flower_sold_grams_adult_use,1872766.94,grams,"Massachusetts Cannabis Control Commission Open Data, ""Marijuana Establishment Facility Sales and Statistics (by day and product type)""",https://masscannabiscontrol.com/resource/a_sales_au_gross.csv,2026-09-25,"DERIVED by agent: sum of daily rows (SALEDATE in month) across Retail and delivery data types in CCC dataset a_sales_au_gross, CCCLastUpdated 2026-09-08; file downloaded by the author 2026-09-25 with $limit=500000 (complete: annual sums match CCC annual report within 0.4%). Product category ""Buds"", rows recorded in grams only; rows recorded in lb, oz, kg, mg or ea (under 0.2% of Buds dollars) are excluded because their quantities convert to implausible prices."
MA,2020-01,month,14,total_sales_usd_adult_use,51953348.41,usd,"Massachusetts Cannabis Control Commission Open Data, ""Marijuana Establishment Facility Sales and Statistics (by day and product type)""",https://masscannabiscontrol.com/resource/a_sales_au_gross.csv,2026-09-25,"DERIVED by agent: sum of daily rows (SALEDATE in month) across Retail and delivery data types in CCC dataset a_sales_au_gross, CCCLastUpdated 2026-09-08; file downloaded by the author 2026-09-25 with $limit=500000 (complete: annual sums match CCC annual report within 0.4%). All product categories."
MA,2020-01,month,14,flower_sales_usd_adult_use,25238379.84,usd,"Massachusetts Cannabis Control Commission Open Data, ""Marijuana Establishment Facility Sales and Statistics (by day and product type)""",https://masscannabiscontrol.com/resource/a_sales_au_gross.csv,2026-09-25,"DERIVED by agent: sum of daily rows (SALEDATE in month) across Retail and delivery data types in CCC dataset a_sales_au_gross, CCCLastUpdated 2026-09-08; file downloaded by the author 2026-09-25 with $limit=500000 (complete: annual sums match CCC annual report within 0.4%). Product category ""Buds"" (excludes pre-rolls, shake/trim, kief), all units of measure."
MA,2020-01,month,14,flower_sold_grams_adult_use,1722055.13,grams,"Massachusetts Cannabis Control Commission Open Data, ""Marijuana Establishment Facility Sales and Statistics (by day and product type)""",https://masscannabiscontrol.com/resource/a_sales_au_gross.csv,2026-09-25,"DERIVED by agent: sum of daily rows (SALEDATE in month) across Retail and delivery data types in CCC dataset a_sales_au_gross, CCCLastUpdated 2026-09-08; file downloaded by the author 2026-09-25 with $limit=500000 (complete: annual sums match CCC annual report within 0.4%). Product category ""Buds"", rows recorded in grams only; rows recorded in lb, oz, kg, mg or ea (under 0.2% of Buds dollars) are excluded because their quantities convert to implausible prices."
MA,2020-02,month,15,total_sales_usd_adult_use,55394665.31,usd,"Massachusetts Cannabis Control Commission Open Data, ""Marijuana Establishment Facility Sales and Statistics (by day and product type)""",https://masscannabiscontrol.com/resource/a_sales_au_gross.csv,2026-09-25,"DERIVED by agent: sum of daily rows (SALEDATE in month) across Retail and delivery data types in CCC dataset a_sales_au_gross, CCCLastUpdated 2026-09-08; file downloaded by the author 2026-09-25 with $limit=500000 (complete: annual sums match CCC annual report within 0.4%). All product categories."
MA,2020-02,month,15,flower_sales_usd_adult_use,25179976.06,usd,"Massachusetts Cannabis Control Commission Open Data, ""Marijuana Establishment Facility Sales and Statistics (by day and product type)""",https://masscannabiscontrol.com/resource/a_sales_au_gross.csv,2026-09-25,"DERIVED by agent: sum of daily rows (SALEDATE in month) across Retail and delivery data types in CCC dataset a_sales_au_gross, CCCLastUpdated 2026-09-08; file downloaded by the author 2026-09-25 with $limit=500000 (complete: annual sums match CCC annual report within 0.4%). Product category ""Buds"" (excludes pre-rolls, shake/trim, kief), all units of measure."
MA,2020-02,month,15,flower_sold_grams_adult_use,1730184.54,grams,"Massachusetts Cannabis Control Commission Open Data, ""Marijuana Establishment Facility Sales and Statistics (by day and product type)""",https://masscannabiscontrol.com/resource/a_sales_au_gross.csv,2026-09-25,"DERIVED by agent: sum of daily rows (SALEDATE in month) across Retail and delivery data types in CCC dataset a_sales_au_gross, CCCLastUpdated 2026-09-08; file downloaded by the author 2026-09-25 with $limit=500000 (complete: annual sums match CCC annual report within 0.4%). Product category ""Buds"", rows recorded in grams only; rows recorded in lb, oz, kg, mg or ea (under 0.2% of Buds dollars) are excluded because their quantities convert to implausible prices."
MA,2020-03,month,16,total_sales_usd_adult_use,50304544.74,usd,"Massachusetts Cannabis Control Commission Open Data, ""Marijuana Establishment Facility Sales and Statistics (by day and product type)""",https://masscannabiscontrol.com/resource/a_sales_au_gross.csv,2026-09-25,"DERIVED by agent: sum of daily rows (SALEDATE in month) across Retail and delivery data types in CCC dataset a_sales_au_gross, CCCLastUpdated 2026-09-08; file downloaded by the author 2026-09-25 with $limit=500000 (complete: annual sums match CCC annual report within 0.4%). All product categories."
MA,2020-03,month,16,flower_sales_usd_adult_use,23810876.0,usd,"Massachusetts Cannabis Control Commission Open Data, ""Marijuana Establishment Facility Sales and Statistics (by day and product type)""",https://masscannabiscontrol.com/resource/a_sales_au_gross.csv,2026-09-25,"DERIVED by agent: sum of daily rows (SALEDATE in month) across Retail and delivery data types in CCC dataset a_sales_au_gross, CCCLastUpdated 2026-09-08; file downloaded by the author 2026-09-25 with $limit=500000 (complete: annual sums match CCC annual report within 0.4%). Product category ""Buds"" (excludes pre-rolls, shake/trim, kief), all units of measure."
MA,2020-03,month,16,flower_sold_grams_adult_use,1657669.09,grams,"Massachusetts Cannabis Control Commission Open Data, ""Marijuana Establishment Facility Sales and Statistics (by day and product type)""",https://masscannabiscontrol.com/resource/a_sales_au_gross.csv,2026-09-25,"DERIVED by agent: sum of daily rows (SALEDATE in month) across Retail and delivery data types in CCC dataset a_sales_au_gross, CCCLastUpdated 2026-09-08; file downloaded by the author 2026-09-25 with $limit=500000 (complete: annual sums match CCC annual report within 0.4%). Product category ""Buds"", rows recorded in grams only; rows recorded in lb, oz, kg, mg or ea (under 0.2% of Buds dollars) are excluded because their quantities convert to implausible prices."
MA,2020-04,month,17,total_sales_usd_adult_use,2768.3,usd,"Massachusetts Cannabis Control Commission Open Data, ""Marijuana Establishment Facility Sales and Statistics (by day and product type)""",https://masscannabiscontrol.com/resource/a_sales_au_gross.csv,2026-09-25,"DERIVED by agent: sum of daily rows (SALEDATE in month) across Retail and delivery data types in CCC dataset a_sales_au_gross, CCCLastUpdated 2026-09-08; file downloaded by the author 2026-09-25 with $limit=500000 (complete: annual sums match CCC annual report within 0.4%). All product categories. COVID closure of adult-use retail 2020-03-24 to 2020-05-25; 16 selling days."
MA,2020-04,month,17,flower_sales_usd_adult_use,1340.18,usd,"Massachusetts Cannabis Control Commission Open Data, ""Marijuana Establishment Facility Sales and Statistics (by day and product type)""",https://masscannabiscontrol.com/resource/a_sales_au_gross.csv,2026-09-25,"DERIVED by agent: sum of daily rows (SALEDATE in month) across Retail and delivery data types in CCC dataset a_sales_au_gross, CCCLastUpdated 2026-09-08; file downloaded by the author 2026-09-25 with $limit=500000 (complete: annual sums match CCC annual report within 0.4%). Product category ""Buds"" (excludes pre-rolls, shake/trim, kief), all units of measure. COVID closure of adult-use retail 2020-03-24 to 2020-05-25; 16 selling days."
MA,2020-04,month,17,flower_sold_grams_adult_use,132.0,grams,"Massachusetts Cannabis Control Commission Open Data, ""Marijuana Establishment Facility Sales and Statistics (by day and product type)""",https://masscannabiscontrol.com/resource/a_sales_au_gross.csv,2026-09-25,"DERIVED by agent: sum of daily rows (SALEDATE in month) across Retail and delivery data types in CCC dataset a_sales_au_gross, CCCLastUpdated 2026-09-08; file downloaded by the author 2026-09-25 with $limit=500000 (complete: annual sums match CCC annual report within 0.4%). Product category ""Buds"", rows recorded in grams only; rows recorded in lb, oz, kg, mg or ea (under 0.2% of Buds dollars) are excluded because their quantities convert to implausible prices. COVID closure of adult-use retail 2020-03-24 to 2020-05-25; 16 selling days."
MA,2020-05,month,18,total_sales_usd_adult_use,13566371.25,usd,"Massachusetts Cannabis Control Commission Open Data, ""Marijuana Establishment Facility Sales and Statistics (by day and product type)""",https://masscannabiscontrol.com/resource/a_sales_au_gross.csv,2026-09-25,"DERIVED by agent: sum of daily rows (SALEDATE in month) across Retail and delivery data types in CCC dataset a_sales_au_gross, CCCLastUpdated 2026-09-08; file downloaded by the author 2026-09-25 with $limit=500000 (complete: annual sums match CCC annual report within 0.4%). All product categories. COVID closure of adult-use retail 2020-03-24 to 2020-05-25; 17 selling days."
MA,2020-05,month,18,flower_sales_usd_adult_use,6306384.94,usd,"Massachusetts Cannabis Control Commission Open Data, ""Marijuana Establishment Facility Sales and Statistics (by day and product type)""",https://masscannabiscontrol.com/resource/a_sales_au_gross.csv,2026-09-25,"DERIVED by agent: sum of daily rows (SALEDATE in month) across Retail and delivery data types in CCC dataset a_sales_au_gross, CCCLastUpdated 2026-09-08; file downloaded by the author 2026-09-25 with $limit=500000 (complete: annual sums match CCC annual report within 0.4%). Product category ""Buds"" (excludes pre-rolls, shake/trim, kief), all units of measure. COVID closure of adult-use retail 2020-03-24 to 2020-05-25; 17 selling days."
MA,2020-05,month,18,flower_sold_grams_adult_use,439684.34,grams,"Massachusetts Cannabis Control Commission Open Data, ""Marijuana Establishment Facility Sales and Statistics (by day and product type)""",https://masscannabiscontrol.com/resource/a_sales_au_gross.csv,2026-09-25,"DERIVED by agent: sum of daily rows (SALEDATE in month) across Retail and delivery data types in CCC dataset a_sales_au_gross, CCCLastUpdated 2026-09-08; file downloaded by the author 2026-09-25 with $limit=500000 (complete: annual sums match CCC annual report within 0.4%). Product category ""Buds"", rows recorded in grams only; rows recorded in lb, oz, kg, mg or ea (under 0.2% of Buds dollars) are excluded because their quantities convert to implausible prices. COVID closure of adult-use retail 2020-03-24 to 2020-05-25; 17 selling days."
MA,2020-06,month,19,total_sales_usd_adult_use,54806486.6,usd,"Massachusetts Cannabis Control Commission Open Data, ""Marijuana Establishment Facility Sales and Statistics (by day and product type)""",https://masscannabiscontrol.com/resource/a_sales_au_gross.csv,2026-09-25,"DERIVED by agent: sum of daily rows (SALEDATE in month) across Retail and delivery data types in CCC dataset a_sales_au_gross, CCCLastUpdated 2026-09-08; file downloaded by the author 2026-09-25 with $limit=500000 (complete: annual sums match CCC annual report within 0.4%). All product categories."
MA,2020-06,month,19,flower_sales_usd_adult_use,26712130.32,usd,"Massachusetts Cannabis Control Commission Open Data, ""Marijuana Establishment Facility Sales and Statistics (by day and product type)""",https://masscannabiscontrol.com/resource/a_sales_au_gross.csv,2026-09-25,"DERIVED by agent: sum of daily rows (SALEDATE in month) across Retail and delivery data types in CCC dataset a_sales_au_gross, CCCLastUpdated 2026-09-08; file downloaded by the author 2026-09-25 with $limit=500000 (complete: annual sums match CCC annual report within 0.4%). Product category ""Buds"" (excludes pre-rolls, shake/trim, kief), all units of measure."
MA,2020-06,month,19,flower_sold_grams_adult_use,1865098.65,grams,"Massachusetts Cannabis Control Commission Open Data, ""Marijuana Establishment Facility Sales and Statistics (by day and product type)""",https://masscannabiscontrol.com/resource/a_sales_au_gross.csv,2026-09-25,"DERIVED by agent: sum of daily rows (SALEDATE in month) across Retail and delivery data types in CCC dataset a_sales_au_gross, CCCLastUpdated 2026-09-08; file downloaded by the author 2026-09-25 with $limit=500000 (complete: annual sums match CCC annual report within 0.4%). Product category ""Buds"", rows recorded in grams only; rows recorded in lb, oz, kg, mg or ea (under 0.2% of Buds dollars) are excluded because their quantities convert to implausible prices."
MA,2020-07,month,20,total_sales_usd_adult_use,73562515.48,usd,"Massachusetts Cannabis Control Commission Open Data, ""Marijuana Establishment Facility Sales and Statistics (by day and product type)""",https://masscannabiscontrol.com/resource/a_sales_au_gross.csv,2026-09-25,"DERIVED by agent: sum of daily rows (SALEDATE in month) across Retail and delivery data types in CCC dataset a_sales_au_gross, CCCLastUpdated 2026-09-08; file downloaded by the author 2026-09-25 with $limit=500000 (complete: annual sums match CCC annual report within 0.4%). All product categories."
MA,2020-07,month,20,flower_sales_usd_adult_use,35830031.43,usd,"Massachusetts Cannabis Control Commission Open Data, ""Marijuana Establishment Facility Sales and Statistics (by day and product type)""",https://masscannabiscontrol.com/resource/a_sales_au_gross.csv,2026-09-25,"DERIVED by agent: sum of daily rows (SALEDATE in month) across Retail and delivery data types in CCC dataset a_sales_au_gross, CCCLastUpdated 2026-09-08; file downloaded by the author 2026-09-25 with $limit=500000 (complete: annual sums match CCC annual report within 0.4%). Product category ""Buds"" (excludes pre-rolls, shake/trim, kief), all units of measure."
MA,2020-07,month,20,flower_sold_grams_adult_use,2501298.71,grams,"Massachusetts Cannabis Control Commission Open Data, ""Marijuana Establishment Facility Sales and Statistics (by day and product type)""",https://masscannabiscontrol.com/resource/a_sales_au_gross.csv,2026-09-25,"DERIVED by agent: sum of daily rows (SALEDATE in month) across Retail and delivery data types in CCC dataset a_sales_au_gross, CCCLastUpdated 2026-09-08; file downloaded by the author 2026-09-25 with $limit=500000 (complete: annual sums match CCC annual report within 0.4%). Product category ""Buds"", rows recorded in grams only; rows recorded in lb, oz, kg, mg or ea (under 0.2% of Buds dollars) are excluded because their quantities convert to implausible prices."
MA,2020-08,month,21,total_sales_usd_adult_use,79564806.77,usd,"Massachusetts Cannabis Control Commission Open Data, ""Marijuana Establishment Facility Sales and Statistics (by day and product type)""",https://masscannabiscontrol.com/resource/a_sales_au_gross.csv,2026-09-25,"DERIVED by agent: sum of daily rows (SALEDATE in month) across Retail and delivery data types in CCC dataset a_sales_au_gross, CCCLastUpdated 2026-09-08; file downloaded by the author 2026-09-25 with $limit=500000 (complete: annual sums match CCC annual report within 0.4%). All product categories."
MA,2020-08,month,21,flower_sales_usd_adult_use,38551822.97,usd,"Massachusetts Cannabis Control Commission Open Data, ""Marijuana Establishment Facility Sales and Statistics (by day and product type)""",https://masscannabiscontrol.com/resource/a_sales_au_gross.csv,2026-09-25,"DERIVED by agent: sum of daily rows (SALEDATE in month) across Retail and delivery data types in CCC dataset a_sales_au_gross, CCCLastUpdated 2026-09-08; file downloaded by the author 2026-09-25 with $limit=500000 (complete: annual sums match CCC annual report within 0.4%). Product category ""Buds"" (excludes pre-rolls, shake/trim, kief), all units of measure."
MA,2020-08,month,21,flower_sold_grams_adult_use,2680681.65,grams,"Massachusetts Cannabis Control Commission Open Data, ""Marijuana Establishment Facility Sales and Statistics (by day and product type)""",https://masscannabiscontrol.com/resource/a_sales_au_gross.csv,2026-09-25,"DERIVED by agent: sum of daily rows (SALEDATE in month) across Retail and delivery data types in CCC dataset a_sales_au_gross, CCCLastUpdated 2026-09-08; file downloaded by the author 2026-09-25 with $limit=500000 (complete: annual sums match CCC annual report within 0.4%). Product category ""Buds"", rows recorded in grams only; rows recorded in lb, oz, kg, mg or ea (under 0.2% of Buds dollars) are excluded because their quantities convert to implausible prices."
MA,2020-09,month,22,total_sales_usd_adult_use,79770317.71,usd,"Massachusetts Cannabis Control Commission Open Data, ""Marijuana Establishment Facility Sales and Statistics (by day and product type)""",https://masscannabiscontrol.com/resource/a_sales_au_gross.csv,2026-09-25,"DERIVED by agent: sum of daily rows (SALEDATE in month) across Retail and delivery data types in CCC dataset a_sales_au_gross, CCCLastUpdated 2026-09-08; file downloaded by the author 2026-09-25 with $limit=500000 (complete: annual sums match CCC annual report within 0.4%). All product categories."
MA,2020-09,month,22,flower_sales_usd_adult_use,39030134.24,usd,"Massachusetts Cannabis Control Commission Open Data, ""Marijuana Establishment Facility Sales and Statistics (by day and product type)""",https://masscannabiscontrol.com/resource/a_sales_au_gross.csv,2026-09-25,"DERIVED by agent: sum of daily rows (SALEDATE in month) across Retail and delivery data types in CCC dataset a_sales_au_gross, CCCLastUpdated 2026-09-08; file downloaded by the author 2026-09-25 with $limit=500000 (complete: annual sums match CCC annual report within 0.4%). Product category ""Buds"" (excludes pre-rolls, shake/trim, kief), all units of measure."
MA,2020-09,month,22,flower_sold_grams_adult_use,2723854.29,grams,"Massachusetts Cannabis Control Commission Open Data, ""Marijuana Establishment Facility Sales and Statistics (by day and product type)""",https://masscannabiscontrol.com/resource/a_sales_au_gross.csv,2026-09-25,"DERIVED by agent: sum of daily rows (SALEDATE in month) across Retail and delivery data types in CCC dataset a_sales_au_gross, CCCLastUpdated 2026-09-08; file downloaded by the author 2026-09-25 with $limit=500000 (complete: annual sums match CCC annual report within 0.4%). Product category ""Buds"", rows recorded in grams only; rows recorded in lb, oz, kg, mg or ea (under 0.2% of Buds dollars) are excluded because their quantities convert to implausible prices."
MA,2020-10,month,23,total_sales_usd_adult_use,83578047.73,usd,"Massachusetts Cannabis Control Commission Open Data, ""Marijuana Establishment Facility Sales and Statistics (by day and product type)""",https://masscannabiscontrol.com/resource/a_sales_au_gross.csv,2026-09-25,"DERIVED by agent: sum of daily rows (SALEDATE in month) across Retail and delivery data types in CCC dataset a_sales_au_gross, CCCLastUpdated 2026-09-08; file downloaded by the author 2026-09-25 with $limit=500000 (complete: annual sums match CCC annual report within 0.4%). All product categories."
MA,2020-10,month,23,flower_sales_usd_adult_use,39298378.74,usd,"Massachusetts Cannabis Control Commission Open Data, ""Marijuana Establishment Facility Sales and Statistics (by day and product type)""",https://masscannabiscontrol.com/resource/a_sales_au_gross.csv,2026-09-25,"DERIVED by agent: sum of daily rows (SALEDATE in month) across Retail and delivery data types in CCC dataset a_sales_au_gross, CCCLastUpdated 2026-09-08; file downloaded by the author 2026-09-25 with $limit=500000 (complete: annual sums match CCC annual report within 0.4%). Product category ""Buds"" (excludes pre-rolls, shake/trim, kief), all units of measure."
MA,2020-10,month,23,flower_sold_grams_adult_use,2733259.3,grams,"Massachusetts Cannabis Control Commission Open Data, ""Marijuana Establishment Facility Sales and Statistics (by day and product type)""",https://masscannabiscontrol.com/resource/a_sales_au_gross.csv,2026-09-25,"DERIVED by agent: sum of daily rows (SALEDATE in month) across Retail and delivery data types in CCC dataset a_sales_au_gross, CCCLastUpdated 2026-09-08; file downloaded by the author 2026-09-25 with $limit=500000 (complete: annual sums match CCC annual report within 0.4%). Product category ""Buds"", rows recorded in grams only; rows recorded in lb, oz, kg, mg or ea (under 0.2% of Buds dollars) are excluded because their quantities convert to implausible prices."
MA,2020-11,month,24,total_sales_usd_adult_use,76028094.28,usd,"Massachusetts Cannabis Control Commission Open Data, ""Marijuana Establishment Facility Sales and Statistics (by day and product type)""",https://masscannabiscontrol.com/resource/a_sales_au_gross.csv,2026-09-25,"DERIVED by agent: sum of daily rows (SALEDATE in month) across Retail and delivery data types in CCC dataset a_sales_au_gross, CCCLastUpdated 2026-09-08; file downloaded by the author 2026-09-25 with $limit=500000 (complete: annual sums match CCC annual report within 0.4%). All product categories."
MA,2020-11,month,24,flower_sales_usd_adult_use,34561466.71,usd,"Massachusetts Cannabis Control Commission Open Data, ""Marijuana Establishment Facility Sales and Statistics (by day and product type)""",https://masscannabiscontrol.com/resource/a_sales_au_gross.csv,2026-09-25,"DERIVED by agent: sum of daily rows (SALEDATE in month) across Retail and delivery data types in CCC dataset a_sales_au_gross, CCCLastUpdated 2026-09-08; file downloaded by the author 2026-09-25 with $limit=500000 (complete: annual sums match CCC annual report within 0.4%). Product category ""Buds"" (excludes pre-rolls, shake/trim, kief), all units of measure."
MA,2020-11,month,24,flower_sold_grams_adult_use,2416912.11,grams,"Massachusetts Cannabis Control Commission Open Data, ""Marijuana Establishment Facility Sales and Statistics (by day and product type)""",https://masscannabiscontrol.com/resource/a_sales_au_gross.csv,2026-09-25,"DERIVED by agent: sum of daily rows (SALEDATE in month) across Retail and delivery data types in CCC dataset a_sales_au_gross, CCCLastUpdated 2026-09-08; file downloaded by the author 2026-09-25 with $limit=500000 (complete: annual sums match CCC annual report within 0.4%). Product category ""Buds"", rows recorded in grams only; rows recorded in lb, oz, kg, mg or ea (under 0.2% of Buds dollars) are excluded because their quantities convert to implausible prices."
MA,2020-12,month,25,total_sales_usd_adult_use,83913349.22,usd,"Massachusetts Cannabis Control Commission Open Data, ""Marijuana Establishment Facility Sales and Statistics (by day and product type)""",https://masscannabiscontrol.com/resource/a_sales_au_gross.csv,2026-09-25,"DERIVED by agent: sum of daily rows (SALEDATE in month) across Retail and delivery data types in CCC dataset a_sales_au_gross, CCCLastUpdated 2026-09-08; file downloaded by the author 2026-09-25 with $limit=500000 (complete: annual sums match CCC annual report within 0.4%). All product categories."
MA,2020-12,month,25,flower_sales_usd_adult_use,37679712.14,usd,"Massachusetts Cannabis Control Commission Open Data, ""Marijuana Establishment Facility Sales and Statistics (by day and product type)""",https://masscannabiscontrol.com/resource/a_sales_au_gross.csv,2026-09-25,"DERIVED by agent: sum of daily rows (SALEDATE in month) across Retail and delivery data types in CCC dataset a_sales_au_gross, CCCLastUpdated 2026-09-08; file downloaded by the author 2026-09-25 with $limit=500000 (complete: annual sums match CCC annual report within 0.4%). Product category ""Buds"" (excludes pre-rolls, shake/trim, kief), all units of measure."
MA,2020-12,month,25,flower_sold_grams_adult_use,2665030.98,grams,"Massachusetts Cannabis Control Commission Open Data, ""Marijuana Establishment Facility Sales and Statistics (by day and product type)""",https://masscannabiscontrol.com/resource/a_sales_au_gross.csv,2026-09-25,"DERIVED by agent: sum of daily rows (SALEDATE in month) across Retail and delivery data types in CCC dataset a_sales_au_gross, CCCLastUpdated 2026-09-08; file downloaded by the author 2026-09-25 with $limit=500000 (complete: annual sums match CCC annual report within 0.4%). Product category ""Buds"", rows recorded in grams only; rows recorded in lb, oz, kg, mg or ea (under 0.2% of Buds dollars) are excluded because their quantities convert to implausible prices."
MA,2021-01,month,26,total_sales_usd_adult_use,87062857.24,usd,"Massachusetts Cannabis Control Commission Open Data, ""Marijuana Establishment Facility Sales and Statistics (by day and product type)""",https://masscannabiscontrol.com/resource/a_sales_au_gross.csv,2026-09-25,"DERIVED by agent: sum of daily rows (SALEDATE in month) across Retail and delivery data types in CCC dataset a_sales_au_gross, CCCLastUpdated 2026-09-08; file downloaded by the author 2026-09-25 with $limit=500000 (complete: annual sums match CCC annual report within 0.4%). All product categories."
MA,2021-01,month,26,flower_sales_usd_adult_use,40118147.5,usd,"Massachusetts Cannabis Control Commission Open Data, ""Marijuana Establishment Facility Sales and Statistics (by day and product type)""",https://masscannabiscontrol.com/resource/a_sales_au_gross.csv,2026-09-25,"DERIVED by agent: sum of daily rows (SALEDATE in month) across Retail and delivery data types in CCC dataset a_sales_au_gross, CCCLastUpdated 2026-09-08; file downloaded by the author 2026-09-25 with $limit=500000 (complete: annual sums match CCC annual report within 0.4%). Product category ""Buds"" (excludes pre-rolls, shake/trim, kief), all units of measure."
MA,2021-01,month,26,flower_sold_grams_adult_use,2825841.87,grams,"Massachusetts Cannabis Control Commission Open Data, ""Marijuana Establishment Facility Sales and Statistics (by day and product type)""",https://masscannabiscontrol.com/resource/a_sales_au_gross.csv,2026-09-25,"DERIVED by agent: sum of daily rows (SALEDATE in month) across Retail and delivery data types in CCC dataset a_sales_au_gross, CCCLastUpdated 2026-09-08; file downloaded by the author 2026-09-25 with $limit=500000 (complete: annual sums match CCC annual report within 0.4%). Product category ""Buds"", rows recorded in grams only; rows recorded in lb, oz, kg, mg or ea (under 0.2% of Buds dollars) are excluded because their quantities convert to implausible prices."
MA,2021-02,month,27,total_sales_usd_adult_use,80099904.71,usd,"Massachusetts Cannabis Control Commission Open Data, ""Marijuana Establishment Facility Sales and Statistics (by day and product type)""",https://masscannabiscontrol.com/resource/a_sales_au_gross.csv,2026-09-25,"DERIVED by agent: sum of daily rows (SALEDATE in month) across Retail and delivery data types in CCC dataset a_sales_au_gross, CCCLastUpdated 2026-09-08; file downloaded by the author 2026-09-25 with $limit=500000 (complete: annual sums match CCC annual report within 0.4%). All product categories."
MA,2021-02,month,27,flower_sales_usd_adult_use,36044375.32,usd,"Massachusetts Cannabis Control Commission Open Data, ""Marijuana Establishment Facility Sales and Statistics (by day and product type)""",https://masscannabiscontrol.com/resource/a_sales_au_gross.csv,2026-09-25,"DERIVED by agent: sum of daily rows (SALEDATE in month) across Retail and delivery data types in CCC dataset a_sales_au_gross, CCCLastUpdated 2026-09-08; file downloaded by the author 2026-09-25 with $limit=500000 (complete: annual sums match CCC annual report within 0.4%). Product category ""Buds"" (excludes pre-rolls, shake/trim, kief), all units of measure."
MA,2021-02,month,27,flower_sold_grams_adult_use,2533617.71,grams,"Massachusetts Cannabis Control Commission Open Data, ""Marijuana Establishment Facility Sales and Statistics (by day and product type)""",https://masscannabiscontrol.com/resource/a_sales_au_gross.csv,2026-09-25,"DERIVED by agent: sum of daily rows (SALEDATE in month) across Retail and delivery data types in CCC dataset a_sales_au_gross, CCCLastUpdated 2026-09-08; file downloaded by the author 2026-09-25 with $limit=500000 (complete: annual sums match CCC annual report within 0.4%). Product category ""Buds"", rows recorded in grams only; rows recorded in lb, oz, kg, mg or ea (under 0.2% of Buds dollars) are excluded because their quantities convert to implausible prices."
MA,2021-03,month,28,total_sales_usd_adult_use,101540476.82,usd,"Massachusetts Cannabis Control Commission Open Data, ""Marijuana Establishment Facility Sales and Statistics (by day and product type)""",https://masscannabiscontrol.com/resource/a_sales_au_gross.csv,2026-09-25,"DERIVED by agent: sum of daily rows (SALEDATE in month) across Retail and delivery data types in CCC dataset a_sales_au_gross, CCCLastUpdated 2026-09-08; file downloaded by the author 2026-09-25 with $limit=500000 (complete: annual sums match CCC annual report within 0.4%). All product categories."
MA,2021-03,month,28,flower_sales_usd_adult_use,45106938.56,usd,"Massachusetts Cannabis Control Commission Open Data, ""Marijuana Establishment Facility Sales and Statistics (by day and product type)""",https://masscannabiscontrol.com/resource/a_sales_au_gross.csv,2026-09-25,"DERIVED by agent: sum of daily rows (SALEDATE in month) across Retail and delivery data types in CCC dataset a_sales_au_gross, CCCLastUpdated 2026-09-08; file downloaded by the author 2026-09-25 with $limit=500000 (complete: annual sums match CCC annual report within 0.4%). Product category ""Buds"" (excludes pre-rolls, shake/trim, kief), all units of measure."
MA,2021-03,month,28,flower_sold_grams_adult_use,3172646.62,grams,"Massachusetts Cannabis Control Commission Open Data, ""Marijuana Establishment Facility Sales and Statistics (by day and product type)""",https://masscannabiscontrol.com/resource/a_sales_au_gross.csv,2026-09-25,"DERIVED by agent: sum of daily rows (SALEDATE in month) across Retail and delivery data types in CCC dataset a_sales_au_gross, CCCLastUpdated 2026-09-08; file downloaded by the author 2026-09-25 with $limit=500000 (complete: annual sums match CCC annual report within 0.4%). Product category ""Buds"", rows recorded in grams only; rows recorded in lb, oz, kg, mg or ea (under 0.2% of Buds dollars) are excluded because their quantities convert to implausible prices."
MA,2021-04,month,29,total_sales_usd_adult_use,106649834.12,usd,"Massachusetts Cannabis Control Commission Open Data, ""Marijuana Establishment Facility Sales and Statistics (by day and product type)""",https://masscannabiscontrol.com/resource/a_sales_au_gross.csv,2026-09-25,"DERIVED by agent: sum of daily rows (SALEDATE in month) across Retail and delivery data types in CCC dataset a_sales_au_gross, CCCLastUpdated 2026-09-08; file downloaded by the author 2026-09-25 with $limit=500000 (complete: annual sums match CCC annual report within 0.4%). All product categories."
MA,2021-04,month,29,flower_sales_usd_adult_use,47355860.62,usd,"Massachusetts Cannabis Control Commission Open Data, ""Marijuana Establishment Facility Sales and Statistics (by day and product type)""",https://masscannabiscontrol.com/resource/a_sales_au_gross.csv,2026-09-25,"DERIVED by agent: sum of daily rows (SALEDATE in month) across Retail and delivery data types in CCC dataset a_sales_au_gross, CCCLastUpdated 2026-09-08; file downloaded by the author 2026-09-25 with $limit=500000 (complete: annual sums match CCC annual report within 0.4%). Product category ""Buds"" (excludes pre-rolls, shake/trim, kief), all units of measure."
MA,2021-04,month,29,flower_sold_grams_adult_use,3383746.36,grams,"Massachusetts Cannabis Control Commission Open Data, ""Marijuana Establishment Facility Sales and Statistics (by day and product type)""",https://masscannabiscontrol.com/resource/a_sales_au_gross.csv,2026-09-25,"DERIVED by agent: sum of daily rows (SALEDATE in month) across Retail and delivery data types in CCC dataset a_sales_au_gross, CCCLastUpdated 2026-09-08; file downloaded by the author 2026-09-25 with $limit=500000 (complete: annual sums match CCC annual report within 0.4%). Product category ""Buds"", rows recorded in grams only; rows recorded in lb, oz, kg, mg or ea (under 0.2% of Buds dollars) are excluded because their quantities convert to implausible prices."
MA,2021-05,month,30,total_sales_usd_adult_use,109833142.47,usd,"Massachusetts Cannabis Control Commission Open Data, ""Marijuana Establishment Facility Sales and Statistics (by day and product type)""",https://masscannabiscontrol.com/resource/a_sales_au_gross.csv,2026-09-25,"DERIVED by agent: sum of daily rows (SALEDATE in month) across Retail and delivery data types in CCC dataset a_sales_au_gross, CCCLastUpdated 2026-09-08; file downloaded by the author 2026-09-25 with $limit=500000 (complete: annual sums match CCC annual report within 0.4%). All product categories."
MA,2021-05,month,30,flower_sales_usd_adult_use,48476342.52,usd,"Massachusetts Cannabis Control Commission Open Data, ""Marijuana Establishment Facility Sales and Statistics (by day and product type)""",https://masscannabiscontrol.com/resource/a_sales_au_gross.csv,2026-09-25,"DERIVED by agent: sum of daily rows (SALEDATE in month) across Retail and delivery data types in CCC dataset a_sales_au_gross, CCCLastUpdated 2026-09-08; file downloaded by the author 2026-09-25 with $limit=500000 (complete: annual sums match CCC annual report within 0.4%). Product category ""Buds"" (excludes pre-rolls, shake/trim, kief), all units of measure."
MA,2021-05,month,30,flower_sold_grams_adult_use,3463522.26,grams,"Massachusetts Cannabis Control Commission Open Data, ""Marijuana Establishment Facility Sales and Statistics (by day and product type)""",https://masscannabiscontrol.com/resource/a_sales_au_gross.csv,2026-09-25,"DERIVED by agent: sum of daily rows (SALEDATE in month) across Retail and delivery data types in CCC dataset a_sales_au_gross, CCCLastUpdated 2026-09-08; file downloaded by the author 2026-09-25 with $limit=500000 (complete: annual sums match CCC annual report within 0.4%). Product category ""Buds"", rows recorded in grams only; rows recorded in lb, oz, kg, mg or ea (under 0.2% of Buds dollars) are excluded because their quantities convert to implausible prices."
MA,2021-06,month,31,total_sales_usd_adult_use,110430222.32,usd,"Massachusetts Cannabis Control Commission Open Data, ""Marijuana Establishment Facility Sales and Statistics (by day and product type)""",https://masscannabiscontrol.com/resource/a_sales_au_gross.csv,2026-09-25,"DERIVED by agent: sum of daily rows (SALEDATE in month) across Retail and delivery data types in CCC dataset a_sales_au_gross, CCCLastUpdated 2026-09-08; file downloaded by the author 2026-09-25 with $limit=500000 (complete: annual sums match CCC annual report within 0.4%). All product categories."
MA,2021-06,month,31,flower_sales_usd_adult_use,48003929.32,usd,"Massachusetts Cannabis Control Commission Open Data, ""Marijuana Establishment Facility Sales and Statistics (by day and product type)""",https://masscannabiscontrol.com/resource/a_sales_au_gross.csv,2026-09-25,"DERIVED by agent: sum of daily rows (SALEDATE in month) across Retail and delivery data types in CCC dataset a_sales_au_gross, CCCLastUpdated 2026-09-08; file downloaded by the author 2026-09-25 with $limit=500000 (complete: annual sums match CCC annual report within 0.4%). Product category ""Buds"" (excludes pre-rolls, shake/trim, kief), all units of measure."
MA,2021-06,month,31,flower_sold_grams_adult_use,3447970.21,grams,"Massachusetts Cannabis Control Commission Open Data, ""Marijuana Establishment Facility Sales and Statistics (by day and product type)""",https://masscannabiscontrol.com/resource/a_sales_au_gross.csv,2026-09-25,"DERIVED by agent: sum of daily rows (SALEDATE in month) across Retail and delivery data types in CCC dataset a_sales_au_gross, CCCLastUpdated 2026-09-08; file downloaded by the author 2026-09-25 with $limit=500000 (complete: annual sums match CCC annual report within 0.4%). Product category ""Buds"", rows recorded in grams only; rows recorded in lb, oz, kg, mg or ea (under 0.2% of Buds dollars) are excluded because their quantities convert to implausible prices."
MA,2021-07,month,32,total_sales_usd_adult_use,127511351.74,usd,"Massachusetts Cannabis Control Commission Open Data, ""Marijuana Establishment Facility Sales and Statistics (by day and product type)""",https://masscannabiscontrol.com/resource/a_sales_au_gross.csv,2026-09-25,"DERIVED by agent: sum of daily rows (SALEDATE in month) across Retail and delivery data types in CCC dataset a_sales_au_gross, CCCLastUpdated 2026-09-08; file downloaded by the author 2026-09-25 with $limit=500000 (complete: annual sums match CCC annual report within 0.4%). All product categories."
MA,2021-07,month,32,flower_sales_usd_adult_use,52914900.95,usd,"Massachusetts Cannabis Control Commission Open Data, ""Marijuana Establishment Facility Sales and Statistics (by day and product type)""",https://masscannabiscontrol.com/resource/a_sales_au_gross.csv,2026-09-25,"DERIVED by agent: sum of daily rows (SALEDATE in month) across Retail and delivery data types in CCC dataset a_sales_au_gross, CCCLastUpdated 2026-09-08; file downloaded by the author 2026-09-25 with $limit=500000 (complete: annual sums match CCC annual report within 0.4%). Product category ""Buds"" (excludes pre-rolls, shake/trim, kief), all units of measure."
MA,2021-07,month,32,flower_sold_grams_adult_use,3807633.67,grams,"Massachusetts Cannabis Control Commission Open Data, ""Marijuana Establishment Facility Sales and Statistics (by day and product type)""",https://masscannabiscontrol.com/resource/a_sales_au_gross.csv,2026-09-25,"DERIVED by agent: sum of daily rows (SALEDATE in month) across Retail and delivery data types in CCC dataset a_sales_au_gross, CCCLastUpdated 2026-09-08; file downloaded by the author 2026-09-25 with $limit=500000 (complete: annual sums match CCC annual report within 0.4%). Product category ""Buds"", rows recorded in grams only; rows recorded in lb, oz, kg, mg or ea (under 0.2% of Buds dollars) are excluded because their quantities convert to implausible prices."
MA,2021-08,month,33,total_sales_usd_adult_use,126470480.81,usd,"Massachusetts Cannabis Control Commission Open Data, ""Marijuana Establishment Facility Sales and Statistics (by day and product type)""",https://masscannabiscontrol.com/resource/a_sales_au_gross.csv,2026-09-25,"DERIVED by agent: sum of daily rows (SALEDATE in month) across Retail and delivery data types in CCC dataset a_sales_au_gross, CCCLastUpdated 2026-09-08; file downloaded by the author 2026-09-25 with $limit=500000 (complete: annual sums match CCC annual report within 0.4%). All product categories."
MA,2021-08,month,33,flower_sales_usd_adult_use,52520951.47,usd,"Massachusetts Cannabis Control Commission Open Data, ""Marijuana Establishment Facility Sales and Statistics (by day and product type)""",https://masscannabiscontrol.com/resource/a_sales_au_gross.csv,2026-09-25,"DERIVED by agent: sum of daily rows (SALEDATE in month) across Retail and delivery data types in CCC dataset a_sales_au_gross, CCCLastUpdated 2026-09-08; file downloaded by the author 2026-09-25 with $limit=500000 (complete: annual sums match CCC annual report within 0.4%). Product category ""Buds"" (excludes pre-rolls, shake/trim, kief), all units of measure."
MA,2021-08,month,33,flower_sold_grams_adult_use,3820598.63,grams,"Massachusetts Cannabis Control Commission Open Data, ""Marijuana Establishment Facility Sales and Statistics (by day and product type)""",https://masscannabiscontrol.com/resource/a_sales_au_gross.csv,2026-09-25,"DERIVED by agent: sum of daily rows (SALEDATE in month) across Retail and delivery data types in CCC dataset a_sales_au_gross, CCCLastUpdated 2026-09-08; file downloaded by the author 2026-09-25 with $limit=500000 (complete: annual sums match CCC annual report within 0.4%). Product category ""Buds"", rows recorded in grams only; rows recorded in lb, oz, kg, mg or ea (under 0.2% of Buds dollars) are excluded because their quantities convert to implausible prices."
MA,2021-09,month,34,total_sales_usd_adult_use,119798737.3,usd,"Massachusetts Cannabis Control Commission Open Data, ""Marijuana Establishment Facility Sales and Statistics (by day and product type)""",https://masscannabiscontrol.com/resource/a_sales_au_gross.csv,2026-09-25,"DERIVED by agent: sum of daily rows (SALEDATE in month) across Retail and delivery data types in CCC dataset a_sales_au_gross, CCCLastUpdated 2026-09-08; file downloaded by the author 2026-09-25 with $limit=500000 (complete: annual sums match CCC annual report within 0.4%). All product categories."
MA,2021-09,month,34,flower_sales_usd_adult_use,50129927.86,usd,"Massachusetts Cannabis Control Commission Open Data, ""Marijuana Establishment Facility Sales and Statistics (by day and product type)""",https://masscannabiscontrol.com/resource/a_sales_au_gross.csv,2026-09-25,"DERIVED by agent: sum of daily rows (SALEDATE in month) across Retail and delivery data types in CCC dataset a_sales_au_gross, CCCLastUpdated 2026-09-08; file downloaded by the author 2026-09-25 with $limit=500000 (complete: annual sums match CCC annual report within 0.4%). Product category ""Buds"" (excludes pre-rolls, shake/trim, kief), all units of measure."
MA,2021-09,month,34,flower_sold_grams_adult_use,3688680.99,grams,"Massachusetts Cannabis Control Commission Open Data, ""Marijuana Establishment Facility Sales and Statistics (by day and product type)""",https://masscannabiscontrol.com/resource/a_sales_au_gross.csv,2026-09-25,"DERIVED by agent: sum of daily rows (SALEDATE in month) across Retail and delivery data types in CCC dataset a_sales_au_gross, CCCLastUpdated 2026-09-08; file downloaded by the author 2026-09-25 with $limit=500000 (complete: annual sums match CCC annual report within 0.4%). Product category ""Buds"", rows recorded in grams only; rows recorded in lb, oz, kg, mg or ea (under 0.2% of Buds dollars) are excluded because their quantities convert to implausible prices."
MA,2021-10,month,35,total_sales_usd_adult_use,122483800.23,usd,"Massachusetts Cannabis Control Commission Open Data, ""Marijuana Establishment Facility Sales and Statistics (by day and product type)""",https://masscannabiscontrol.com/resource/a_sales_au_gross.csv,2026-09-25,"DERIVED by agent: sum of daily rows (SALEDATE in month) across Retail and delivery data types in CCC dataset a_sales_au_gross, CCCLastUpdated 2026-09-08; file downloaded by the author 2026-09-25 with $limit=500000 (complete: annual sums match CCC annual report within 0.4%). All product categories."
MA,2021-10,month,35,flower_sales_usd_adult_use,49775506.27,usd,"Massachusetts Cannabis Control Commission Open Data, ""Marijuana Establishment Facility Sales and Statistics (by day and product type)""",https://masscannabiscontrol.com/resource/a_sales_au_gross.csv,2026-09-25,"DERIVED by agent: sum of daily rows (SALEDATE in month) across Retail and delivery data types in CCC dataset a_sales_au_gross, CCCLastUpdated 2026-09-08; file downloaded by the author 2026-09-25 with $limit=500000 (complete: annual sums match CCC annual report within 0.4%). Product category ""Buds"" (excludes pre-rolls, shake/trim, kief), all units of measure."
MA,2021-10,month,35,flower_sold_grams_adult_use,3706681.66,grams,"Massachusetts Cannabis Control Commission Open Data, ""Marijuana Establishment Facility Sales and Statistics (by day and product type)""",https://masscannabiscontrol.com/resource/a_sales_au_gross.csv,2026-09-25,"DERIVED by agent: sum of daily rows (SALEDATE in month) across Retail and delivery data types in CCC dataset a_sales_au_gross, CCCLastUpdated 2026-09-08; file downloaded by the author 2026-09-25 with $limit=500000 (complete: annual sums match CCC annual report within 0.4%). Product category ""Buds"", rows recorded in grams only; rows recorded in lb, oz, kg, mg or ea (under 0.2% of Buds dollars) are excluded because their quantities convert to implausible prices."
MA,2021-11,month,36,total_sales_usd_adult_use,114054025.33,usd,"Massachusetts Cannabis Control Commission Open Data, ""Marijuana Establishment Facility Sales and Statistics (by day and product type)""",https://masscannabiscontrol.com/resource/a_sales_au_gross.csv,2026-09-25,"DERIVED by agent: sum of daily rows (SALEDATE in month) across Retail and delivery data types in CCC dataset a_sales_au_gross, CCCLastUpdated 2026-09-08; file downloaded by the author 2026-09-25 with $limit=500000 (complete: annual sums match CCC annual report within 0.4%). All product categories."
MA,2021-11,month,36,flower_sales_usd_adult_use,46104045.87,usd,"Massachusetts Cannabis Control Commission Open Data, ""Marijuana Establishment Facility Sales and Statistics (by day and product type)""",https://masscannabiscontrol.com/resource/a_sales_au_gross.csv,2026-09-25,"DERIVED by agent: sum of daily rows (SALEDATE in month) across Retail and delivery data types in CCC dataset a_sales_au_gross, CCCLastUpdated 2026-09-08; file downloaded by the author 2026-09-25 with $limit=500000 (complete: annual sums match CCC annual report within 0.4%). Product category ""Buds"" (excludes pre-rolls, shake/trim, kief), all units of measure."
MA,2021-11,month,36,flower_sold_grams_adult_use,3475637.82,grams,"Massachusetts Cannabis Control Commission Open Data, ""Marijuana Establishment Facility Sales and Statistics (by day and product type)""",https://masscannabiscontrol.com/resource/a_sales_au_gross.csv,2026-09-25,"DERIVED by agent: sum of daily rows (SALEDATE in month) across Retail and delivery data types in CCC dataset a_sales_au_gross, CCCLastUpdated 2026-09-08; file downloaded by the author 2026-09-25 with $limit=500000 (complete: annual sums match CCC annual report within 0.4%). Product category ""Buds"", rows recorded in grams only; rows recorded in lb, oz, kg, mg or ea (under 0.2% of Buds dollars) are excluded because their quantities convert to implausible prices."
MA,2021-12,month,37,total_sales_usd_adult_use,127860830.19,usd,"Massachusetts Cannabis Control Commission Open Data, ""Marijuana Establishment Facility Sales and Statistics (by day and product type)""",https://masscannabiscontrol.com/resource/a_sales_au_gross.csv,2026-09-25,"DERIVED by agent: sum of daily rows (SALEDATE in month) across Retail and delivery data types in CCC dataset a_sales_au_gross, CCCLastUpdated 2026-09-08; file downloaded by the author 2026-09-25 with $limit=500000 (complete: annual sums match CCC annual report within 0.4%). All product categories."
MA,2021-12,month,37,flower_sales_usd_adult_use,50835731.7,usd,"Massachusetts Cannabis Control Commission Open Data, ""Marijuana Establishment Facility Sales and Statistics (by day and product type)""",https://masscannabiscontrol.com/resource/a_sales_au_gross.csv,2026-09-25,"DERIVED by agent: sum of daily rows (SALEDATE in month) across Retail and delivery data types in CCC dataset a_sales_au_gross, CCCLastUpdated 2026-09-08; file downloaded by the author 2026-09-25 with $limit=500000 (complete: annual sums match CCC annual report within 0.4%). Product category ""Buds"" (excludes pre-rolls, shake/trim, kief), all units of measure."
MA,2021-12,month,37,flower_sold_grams_adult_use,3965810.01,grams,"Massachusetts Cannabis Control Commission Open Data, ""Marijuana Establishment Facility Sales and Statistics (by day and product type)""",https://masscannabiscontrol.com/resource/a_sales_au_gross.csv,2026-09-25,"DERIVED by agent: sum of daily rows (SALEDATE in month) across Retail and delivery data types in CCC dataset a_sales_au_gross, CCCLastUpdated 2026-09-08; file downloaded by the author 2026-09-25 with $limit=500000 (complete: annual sums match CCC annual report within 0.4%). Product category ""Buds"", rows recorded in grams only; rows recorded in lb, oz, kg, mg or ea (under 0.2% of Buds dollars) are excluded because their quantities convert to implausible prices."
MA,2022-01,month,38,total_sales_usd_adult_use,113587166.19,usd,"Massachusetts Cannabis Control Commission Open Data, ""Marijuana Establishment Facility Sales and Statistics (by day and product type)""",https://masscannabiscontrol.com/resource/a_sales_au_gross.csv,2026-09-25,"DERIVED by agent: sum of daily rows (SALEDATE in month) across Retail and delivery data types in CCC dataset a_sales_au_gross, CCCLastUpdated 2026-09-08; file downloaded by the author 2026-09-25 with $limit=500000 (complete: annual sums match CCC annual report within 0.4%). All product categories."
MA,2022-01,month,38,flower_sales_usd_adult_use,46847881.26,usd,"Massachusetts Cannabis Control Commission Open Data, ""Marijuana Establishment Facility Sales and Statistics (by day and product type)""",https://masscannabiscontrol.com/resource/a_sales_au_gross.csv,2026-09-25,"DERIVED by agent: sum of daily rows (SALEDATE in month) across Retail and delivery data types in CCC dataset a_sales_au_gross, CCCLastUpdated 2026-09-08; file downloaded by the author 2026-09-25 with $limit=500000 (complete: annual sums match CCC annual report within 0.4%). Product category ""Buds"" (excludes pre-rolls, shake/trim, kief), all units of measure."
MA,2022-01,month,38,flower_sold_grams_adult_use,3717495.77,grams,"Massachusetts Cannabis Control Commission Open Data, ""Marijuana Establishment Facility Sales and Statistics (by day and product type)""",https://masscannabiscontrol.com/resource/a_sales_au_gross.csv,2026-09-25,"DERIVED by agent: sum of daily rows (SALEDATE in month) across Retail and delivery data types in CCC dataset a_sales_au_gross, CCCLastUpdated 2026-09-08; file downloaded by the author 2026-09-25 with $limit=500000 (complete: annual sums match CCC annual report within 0.4%). Product category ""Buds"", rows recorded in grams only; rows recorded in lb, oz, kg, mg or ea (under 0.2% of Buds dollars) are excluded because their quantities convert to implausible prices."
MA,2022-02,month,39,total_sales_usd_adult_use,110912593.69,usd,"Massachusetts Cannabis Control Commission Open Data, ""Marijuana Establishment Facility Sales and Statistics (by day and product type)""",https://masscannabiscontrol.com/resource/a_sales_au_gross.csv,2026-09-25,"DERIVED by agent: sum of daily rows (SALEDATE in month) across Retail and delivery data types in CCC dataset a_sales_au_gross, CCCLastUpdated 2026-09-08; file downloaded by the author 2026-09-25 with $limit=500000 (complete: annual sums match CCC annual report within 0.4%). All product categories."
MA,2022-02,month,39,flower_sales_usd_adult_use,44866251.52,usd,"Massachusetts Cannabis Control Commission Open Data, ""Marijuana Establishment Facility Sales and Statistics (by day and product type)""",https://masscannabiscontrol.com/resource/a_sales_au_gross.csv,2026-09-25,"DERIVED by agent: sum of daily rows (SALEDATE in month) across Retail and delivery data types in CCC dataset a_sales_au_gross, CCCLastUpdated 2026-09-08; file downloaded by the author 2026-09-25 with $limit=500000 (complete: annual sums match CCC annual report within 0.4%). Product category ""Buds"" (excludes pre-rolls, shake/trim, kief), all units of measure."
MA,2022-02,month,39,flower_sold_grams_adult_use,3642526.26,grams,"Massachusetts Cannabis Control Commission Open Data, ""Marijuana Establishment Facility Sales and Statistics (by day and product type)""",https://masscannabiscontrol.com/resource/a_sales_au_gross.csv,2026-09-25,"DERIVED by agent: sum of daily rows (SALEDATE in month) across Retail and delivery data types in CCC dataset a_sales_au_gross, CCCLastUpdated 2026-09-08; file downloaded by the author 2026-09-25 with $limit=500000 (complete: annual sums match CCC annual report within 0.4%). Product category ""Buds"", rows recorded in grams only; rows recorded in lb, oz, kg, mg or ea (under 0.2% of Buds dollars) are excluded because their quantities convert to implausible prices."
MA,2022-03,month,40,total_sales_usd_adult_use,120864789.08,usd,"Massachusetts Cannabis Control Commission Open Data, ""Marijuana Establishment Facility Sales and Statistics (by day and product type)""",https://masscannabiscontrol.com/resource/a_sales_au_gross.csv,2026-09-25,"DERIVED by agent: sum of daily rows (SALEDATE in month) across Retail and delivery data types in CCC dataset a_sales_au_gross, CCCLastUpdated 2026-09-08; file downloaded by the author 2026-09-25 with $limit=500000 (complete: annual sums match CCC annual report within 0.4%). All product categories."
MA,2022-03,month,40,flower_sales_usd_adult_use,48612468.51,usd,"Massachusetts Cannabis Control Commission Open Data, ""Marijuana Establishment Facility Sales and Statistics (by day and product type)""",https://masscannabiscontrol.com/resource/a_sales_au_gross.csv,2026-09-25,"DERIVED by agent: sum of daily rows (SALEDATE in month) across Retail and delivery data types in CCC dataset a_sales_au_gross, CCCLastUpdated 2026-09-08; file downloaded by the author 2026-09-25 with $limit=500000 (complete: annual sums match CCC annual report within 0.4%). Product category ""Buds"" (excludes pre-rolls, shake/trim, kief), all units of measure."
MA,2022-03,month,40,flower_sold_grams_adult_use,4084032.3,grams,"Massachusetts Cannabis Control Commission Open Data, ""Marijuana Establishment Facility Sales and Statistics (by day and product type)""",https://masscannabiscontrol.com/resource/a_sales_au_gross.csv,2026-09-25,"DERIVED by agent: sum of daily rows (SALEDATE in month) across Retail and delivery data types in CCC dataset a_sales_au_gross, CCCLastUpdated 2026-09-08; file downloaded by the author 2026-09-25 with $limit=500000 (complete: annual sums match CCC annual report within 0.4%). Product category ""Buds"", rows recorded in grams only; rows recorded in lb, oz, kg, mg or ea (under 0.2% of Buds dollars) are excluded because their quantities convert to implausible prices."
MA,2022-04,month,41,total_sales_usd_adult_use,123779851.45,usd,"Massachusetts Cannabis Control Commission Open Data, ""Marijuana Establishment Facility Sales and Statistics (by day and product type)""",https://masscannabiscontrol.com/resource/a_sales_au_gross.csv,2026-09-25,"DERIVED by agent: sum of daily rows (SALEDATE in month) across Retail and delivery data types in CCC dataset a_sales_au_gross, CCCLastUpdated 2026-09-08; file downloaded by the author 2026-09-25 with $limit=500000 (complete: annual sums match CCC annual report within 0.4%). All product categories."
MA,2022-04,month,41,flower_sales_usd_adult_use,48835634.22,usd,"Massachusetts Cannabis Control Commission Open Data, ""Marijuana Establishment Facility Sales and Statistics (by day and product type)""",https://masscannabiscontrol.com/resource/a_sales_au_gross.csv,2026-09-25,"DERIVED by agent: sum of daily rows (SALEDATE in month) across Retail and delivery data types in CCC dataset a_sales_au_gross, CCCLastUpdated 2026-09-08; file downloaded by the author 2026-09-25 with $limit=500000 (complete: annual sums match CCC annual report within 0.4%). Product category ""Buds"" (excludes pre-rolls, shake/trim, kief), all units of measure."
MA,2022-04,month,41,flower_sold_grams_adult_use,4345000.79,grams,"Massachusetts Cannabis Control Commission Open Data, ""Marijuana Establishment Facility Sales and Statistics (by day and product type)""",https://masscannabiscontrol.com/resource/a_sales_au_gross.csv,2026-09-25,"DERIVED by agent: sum of daily rows (SALEDATE in month) across Retail and delivery data types in CCC dataset a_sales_au_gross, CCCLastUpdated 2026-09-08; file downloaded by the author 2026-09-25 with $limit=500000 (complete: annual sums match CCC annual report within 0.4%). Product category ""Buds"", rows recorded in grams only; rows recorded in lb, oz, kg, mg or ea (under 0.2% of Buds dollars) are excluded because their quantities convert to implausible prices."
MA,2022-05,month,42,total_sales_usd_adult_use,121607447.59,usd,"Massachusetts Cannabis Control Commission Open Data, ""Marijuana Establishment Facility Sales and Statistics (by day and product type)""",https://masscannabiscontrol.com/resource/a_sales_au_gross.csv,2026-09-25,"DERIVED by agent: sum of daily rows (SALEDATE in month) across Retail and delivery data types in CCC dataset a_sales_au_gross, CCCLastUpdated 2026-09-08; file downloaded by the author 2026-09-25 with $limit=500000 (complete: annual sums match CCC annual report within 0.4%). All product categories."
MA,2022-05,month,42,flower_sales_usd_adult_use,47726678.01,usd,"Massachusetts Cannabis Control Commission Open Data, ""Marijuana Establishment Facility Sales and Statistics (by day and product type)""",https://masscannabiscontrol.com/resource/a_sales_au_gross.csv,2026-09-25,"DERIVED by agent: sum of daily rows (SALEDATE in month) across Retail and delivery data types in CCC dataset a_sales_au_gross, CCCLastUpdated 2026-09-08; file downloaded by the author 2026-09-25 with $limit=500000 (complete: annual sums match CCC annual report within 0.4%). Product category ""Buds"" (excludes pre-rolls, shake/trim, kief), all units of measure."
MA,2022-05,month,42,flower_sold_grams_adult_use,4353896.53,grams,"Massachusetts Cannabis Control Commission Open Data, ""Marijuana Establishment Facility Sales and Statistics (by day and product type)""",https://masscannabiscontrol.com/resource/a_sales_au_gross.csv,2026-09-25,"DERIVED by agent: sum of daily rows (SALEDATE in month) across Retail and delivery data types in CCC dataset a_sales_au_gross, CCCLastUpdated 2026-09-08; file downloaded by the author 2026-09-25 with $limit=500000 (complete: annual sums match CCC annual report within 0.4%). Product category ""Buds"", rows recorded in grams only; rows recorded in lb, oz, kg, mg or ea (under 0.2% of Buds dollars) are excluded because their quantities convert to implausible prices."
MA,2022-06,month,43,total_sales_usd_adult_use,123373382.65,usd,"Massachusetts Cannabis Control Commission Open Data, ""Marijuana Establishment Facility Sales and Statistics (by day and product type)""",https://masscannabiscontrol.com/resource/a_sales_au_gross.csv,2026-09-25,"DERIVED by agent: sum of daily rows (SALEDATE in month) across Retail and delivery data types in CCC dataset a_sales_au_gross, CCCLastUpdated 2026-09-08; file downloaded by the author 2026-09-25 with $limit=500000 (complete: annual sums match CCC annual report within 0.4%). All product categories."
MA,2022-06,month,43,flower_sales_usd_adult_use,47736328.76,usd,"Massachusetts Cannabis Control Commission Open Data, ""Marijuana Establishment Facility Sales and Statistics (by day and product type)""",https://masscannabiscontrol.com/resource/a_sales_au_gross.csv,2026-09-25,"DERIVED by agent: sum of daily rows (SALEDATE in month) across Retail and delivery data types in CCC dataset a_sales_au_gross, CCCLastUpdated 2026-09-08; file downloaded by the author 2026-09-25 with $limit=500000 (complete: annual sums match CCC annual report within 0.4%). Product category ""Buds"" (excludes pre-rolls, shake/trim, kief), all units of measure."
MA,2022-06,month,43,flower_sold_grams_adult_use,4541353.88,grams,"Massachusetts Cannabis Control Commission Open Data, ""Marijuana Establishment Facility Sales and Statistics (by day and product type)""",https://masscannabiscontrol.com/resource/a_sales_au_gross.csv,2026-09-25,"DERIVED by agent: sum of daily rows (SALEDATE in month) across Retail and delivery data types in CCC dataset a_sales_au_gross, CCCLastUpdated 2026-09-08; file downloaded by the author 2026-09-25 with $limit=500000 (complete: annual sums match CCC annual report within 0.4%). Product category ""Buds"", rows recorded in grams only; rows recorded in lb, oz, kg, mg or ea (under 0.2% of Buds dollars) are excluded because their quantities convert to implausible prices."
MA,2022-07,month,44,total_sales_usd_adult_use,133365291.93,usd,"Massachusetts Cannabis Control Commission Open Data, ""Marijuana Establishment Facility Sales and Statistics (by day and product type)""",https://masscannabiscontrol.com/resource/a_sales_au_gross.csv,2026-09-25,"DERIVED by agent: sum of daily rows (SALEDATE in month) across Retail and delivery data types in CCC dataset a_sales_au_gross, CCCLastUpdated 2026-09-08; file downloaded by the author 2026-09-25 with $limit=500000 (complete: annual sums match CCC annual report within 0.4%). All product categories."
MA,2022-07,month,44,flower_sales_usd_adult_use,50645336.65,usd,"Massachusetts Cannabis Control Commission Open Data, ""Marijuana Establishment Facility Sales and Statistics (by day and product type)""",https://masscannabiscontrol.com/resource/a_sales_au_gross.csv,2026-09-25,"DERIVED by agent: sum of daily rows (SALEDATE in month) across Retail and delivery data types in CCC dataset a_sales_au_gross, CCCLastUpdated 2026-09-08; file downloaded by the author 2026-09-25 with $limit=500000 (complete: annual sums match CCC annual report within 0.4%). Product category ""Buds"" (excludes pre-rolls, shake/trim, kief), all units of measure."
MA,2022-07,month,44,flower_sold_grams_adult_use,5010944.14,grams,"Massachusetts Cannabis Control Commission Open Data, ""Marijuana Establishment Facility Sales and Statistics (by day and product type)""",https://masscannabiscontrol.com/resource/a_sales_au_gross.csv,2026-09-25,"DERIVED by agent: sum of daily rows (SALEDATE in month) across Retail and delivery data types in CCC dataset a_sales_au_gross, CCCLastUpdated 2026-09-08; file downloaded by the author 2026-09-25 with $limit=500000 (complete: annual sums match CCC annual report within 0.4%). Product category ""Buds"", rows recorded in grams only; rows recorded in lb, oz, kg, mg or ea (under 0.2% of Buds dollars) are excluded because their quantities convert to implausible prices."
MA,2022-08,month,45,total_sales_usd_adult_use,131738428.31,usd,"Massachusetts Cannabis Control Commission Open Data, ""Marijuana Establishment Facility Sales and Statistics (by day and product type)""",https://masscannabiscontrol.com/resource/a_sales_au_gross.csv,2026-09-25,"DERIVED by agent: sum of daily rows (SALEDATE in month) across Retail and delivery data types in CCC dataset a_sales_au_gross, CCCLastUpdated 2026-09-08; file downloaded by the author 2026-09-25 with $limit=500000 (complete: annual sums match CCC annual report within 0.4%). All product categories."
MA,2022-08,month,45,flower_sales_usd_adult_use,50491329.95,usd,"Massachusetts Cannabis Control Commission Open Data, ""Marijuana Establishment Facility Sales and Statistics (by day and product type)""",https://masscannabiscontrol.com/resource/a_sales_au_gross.csv,2026-09-25,"DERIVED by agent: sum of daily rows (SALEDATE in month) across Retail and delivery data types in CCC dataset a_sales_au_gross, CCCLastUpdated 2026-09-08; file downloaded by the author 2026-09-25 with $limit=500000 (complete: annual sums match CCC annual report within 0.4%). Product category ""Buds"" (excludes pre-rolls, shake/trim, kief), all units of measure."
MA,2022-08,month,45,flower_sold_grams_adult_use,5229455.96,grams,"Massachusetts Cannabis Control Commission Open Data, ""Marijuana Establishment Facility Sales and Statistics (by day and product type)""",https://masscannabiscontrol.com/resource/a_sales_au_gross.csv,2026-09-25,"DERIVED by agent: sum of daily rows (SALEDATE in month) across Retail and delivery data types in CCC dataset a_sales_au_gross, CCCLastUpdated 2026-09-08; file downloaded by the author 2026-09-25 with $limit=500000 (complete: annual sums match CCC annual report within 0.4%). Product category ""Buds"", rows recorded in grams only; rows recorded in lb, oz, kg, mg or ea (under 0.2% of Buds dollars) are excluded because their quantities convert to implausible prices."
MA,2022-09,month,46,total_sales_usd_adult_use,128307061.29,usd,"Massachusetts Cannabis Control Commission Open Data, ""Marijuana Establishment Facility Sales and Statistics (by day and product type)""",https://masscannabiscontrol.com/resource/a_sales_au_gross.csv,2026-09-25,"DERIVED by agent: sum of daily rows (SALEDATE in month) across Retail and delivery data types in CCC dataset a_sales_au_gross, CCCLastUpdated 2026-09-08; file downloaded by the author 2026-09-25 with $limit=500000 (complete: annual sums match CCC annual report within 0.4%). All product categories."
MA,2022-09,month,46,flower_sales_usd_adult_use,50158333.59,usd,"Massachusetts Cannabis Control Commission Open Data, ""Marijuana Establishment Facility Sales and Statistics (by day and product type)""",https://masscannabiscontrol.com/resource/a_sales_au_gross.csv,2026-09-25,"DERIVED by agent: sum of daily rows (SALEDATE in month) across Retail and delivery data types in CCC dataset a_sales_au_gross, CCCLastUpdated 2026-09-08; file downloaded by the author 2026-09-25 with $limit=500000 (complete: annual sums match CCC annual report within 0.4%). Product category ""Buds"" (excludes pre-rolls, shake/trim, kief), all units of measure."
MA,2022-09,month,46,flower_sold_grams_adult_use,5512449.76,grams,"Massachusetts Cannabis Control Commission Open Data, ""Marijuana Establishment Facility Sales and Statistics (by day and product type)""",https://masscannabiscontrol.com/resource/a_sales_au_gross.csv,2026-09-25,"DERIVED by agent: sum of daily rows (SALEDATE in month) across Retail and delivery data types in CCC dataset a_sales_au_gross, CCCLastUpdated 2026-09-08; file downloaded by the author 2026-09-25 with $limit=500000 (complete: annual sums match CCC annual report within 0.4%). Product category ""Buds"", rows recorded in grams only; rows recorded in lb, oz, kg, mg or ea (under 0.2% of Buds dollars) are excluded because their quantities convert to implausible prices."
MA,2022-10,month,47,total_sales_usd_adult_use,128297362.77,usd,"Massachusetts Cannabis Control Commission Open Data, ""Marijuana Establishment Facility Sales and Statistics (by day and product type)""",https://masscannabiscontrol.com/resource/a_sales_au_gross.csv,2026-09-25,"DERIVED by agent: sum of daily rows (SALEDATE in month) across Retail and delivery data types in CCC dataset a_sales_au_gross, CCCLastUpdated 2026-09-08; file downloaded by the author 2026-09-25 with $limit=500000 (complete: annual sums match CCC annual report within 0.4%). All product categories."
MA,2022-10,month,47,flower_sales_usd_adult_use,50140379.61,usd,"Massachusetts Cannabis Control Commission Open Data, ""Marijuana Establishment Facility Sales and Statistics (by day and product type)""",https://masscannabiscontrol.com/resource/a_sales_au_gross.csv,2026-09-25,"DERIVED by agent: sum of daily rows (SALEDATE in month) across Retail and delivery data types in CCC dataset a_sales_au_gross, CCCLastUpdated 2026-09-08; file downloaded by the author 2026-09-25 with $limit=500000 (complete: annual sums match CCC annual report within 0.4%). Product category ""Buds"" (excludes pre-rolls, shake/trim, kief), all units of measure."
MA,2022-10,month,47,flower_sold_grams_adult_use,6622566.09,grams,"Massachusetts Cannabis Control Commission Open Data, ""Marijuana Establishment Facility Sales and Statistics (by day and product type)""",https://masscannabiscontrol.com/resource/a_sales_au_gross.csv,2026-09-25,"DERIVED by agent: sum of daily rows (SALEDATE in month) across Retail and delivery data types in CCC dataset a_sales_au_gross, CCCLastUpdated 2026-09-08; file downloaded by the author 2026-09-25 with $limit=500000 (complete: annual sums match CCC annual report within 0.4%). Product category ""Buds"", rows recorded in grams only; rows recorded in lb, oz, kg, mg or ea (under 0.2% of Buds dollars) are excluded because their quantities convert to implausible prices."
MA,2022-11,month,48,total_sales_usd_adult_use,123513638.26,usd,"Massachusetts Cannabis Control Commission Open Data, ""Marijuana Establishment Facility Sales and Statistics (by day and product type)""",https://masscannabiscontrol.com/resource/a_sales_au_gross.csv,2026-09-25,"DERIVED by agent: sum of daily rows (SALEDATE in month) across Retail and delivery data types in CCC dataset a_sales_au_gross, CCCLastUpdated 2026-09-08; file downloaded by the author 2026-09-25 with $limit=500000 (complete: annual sums match CCC annual report within 0.4%). All product categories."
MA,2022-11,month,48,flower_sales_usd_adult_use,48578352.26,usd,"Massachusetts Cannabis Control Commission Open Data, ""Marijuana Establishment Facility Sales and Statistics (by day and product type)""",https://masscannabiscontrol.com/resource/a_sales_au_gross.csv,2026-09-25,"DERIVED by agent: sum of daily rows (SALEDATE in month) across Retail and delivery data types in CCC dataset a_sales_au_gross, CCCLastUpdated 2026-09-08; file downloaded by the author 2026-09-25 with $limit=500000 (complete: annual sums match CCC annual report within 0.4%). Product category ""Buds"" (excludes pre-rolls, shake/trim, kief), all units of measure."
MA,2022-11,month,48,flower_sold_grams_adult_use,6071107.51,grams,"Massachusetts Cannabis Control Commission Open Data, ""Marijuana Establishment Facility Sales and Statistics (by day and product type)""",https://masscannabiscontrol.com/resource/a_sales_au_gross.csv,2026-09-25,"DERIVED by agent: sum of daily rows (SALEDATE in month) across Retail and delivery data types in CCC dataset a_sales_au_gross, CCCLastUpdated 2026-09-08; file downloaded by the author 2026-09-25 with $limit=500000 (complete: annual sums match CCC annual report within 0.4%). Product category ""Buds"", rows recorded in grams only; rows recorded in lb, oz, kg, mg or ea (under 0.2% of Buds dollars) are excluded because their quantities convert to implausible prices."
MA,2022-12,month,49,total_sales_usd_adult_use,133381491.32,usd,"Massachusetts Cannabis Control Commission Open Data, ""Marijuana Establishment Facility Sales and Statistics (by day and product type)""",https://masscannabiscontrol.com/resource/a_sales_au_gross.csv,2026-09-25,"DERIVED by agent: sum of daily rows (SALEDATE in month) across Retail and delivery data types in CCC dataset a_sales_au_gross, CCCLastUpdated 2026-09-08; file downloaded by the author 2026-09-25 with $limit=500000 (complete: annual sums match CCC annual report within 0.4%). All product categories."
MA,2022-12,month,49,flower_sales_usd_adult_use,51522397.23,usd,"Massachusetts Cannabis Control Commission Open Data, ""Marijuana Establishment Facility Sales and Statistics (by day and product type)""",https://masscannabiscontrol.com/resource/a_sales_au_gross.csv,2026-09-25,"DERIVED by agent: sum of daily rows (SALEDATE in month) across Retail and delivery data types in CCC dataset a_sales_au_gross, CCCLastUpdated 2026-09-08; file downloaded by the author 2026-09-25 with $limit=500000 (complete: annual sums match CCC annual report within 0.4%). Product category ""Buds"" (excludes pre-rolls, shake/trim, kief), all units of measure."
MA,2022-12,month,49,flower_sold_grams_adult_use,6808796.7,grams,"Massachusetts Cannabis Control Commission Open Data, ""Marijuana Establishment Facility Sales and Statistics (by day and product type)""",https://masscannabiscontrol.com/resource/a_sales_au_gross.csv,2026-09-25,"DERIVED by agent: sum of daily rows (SALEDATE in month) across Retail and delivery data types in CCC dataset a_sales_au_gross, CCCLastUpdated 2026-09-08; file downloaded by the author 2026-09-25 with $limit=500000 (complete: annual sums match CCC annual report within 0.4%). Product category ""Buds"", rows recorded in grams only; rows recorded in lb, oz, kg, mg or ea (under 0.2% of Buds dollars) are excluded because their quantities convert to implausible prices."
MA,2023-01,month,50,total_sales_usd_adult_use,120968864.22,usd,"Massachusetts Cannabis Control Commission Open Data, ""Marijuana Establishment Facility Sales and Statistics (by day and product type)""",https://masscannabiscontrol.com/resource/a_sales_au_gross.csv,2026-09-25,"DERIVED by agent: sum of daily rows (SALEDATE in month) across Retail and delivery data types in CCC dataset a_sales_au_gross, CCCLastUpdated 2026-09-08; file downloaded by the author 2026-09-25 with $limit=500000 (complete: annual sums match CCC annual report within 0.4%). All product categories."
MA,2023-01,month,50,flower_sales_usd_adult_use,47940078.25,usd,"Massachusetts Cannabis Control Commission Open Data, ""Marijuana Establishment Facility Sales and Statistics (by day and product type)""",https://masscannabiscontrol.com/resource/a_sales_au_gross.csv,2026-09-25,"DERIVED by agent: sum of daily rows (SALEDATE in month) across Retail and delivery data types in CCC dataset a_sales_au_gross, CCCLastUpdated 2026-09-08; file downloaded by the author 2026-09-25 with $limit=500000 (complete: annual sums match CCC annual report within 0.4%). Product category ""Buds"" (excludes pre-rolls, shake/trim, kief), all units of measure."
MA,2023-01,month,50,flower_sold_grams_adult_use,6819559.75,grams,"Massachusetts Cannabis Control Commission Open Data, ""Marijuana Establishment Facility Sales and Statistics (by day and product type)""",https://masscannabiscontrol.com/resource/a_sales_au_gross.csv,2026-09-25,"DERIVED by agent: sum of daily rows (SALEDATE in month) across Retail and delivery data types in CCC dataset a_sales_au_gross, CCCLastUpdated 2026-09-08; file downloaded by the author 2026-09-25 with $limit=500000 (complete: annual sums match CCC annual report within 0.4%). Product category ""Buds"", rows recorded in grams only; rows recorded in lb, oz, kg, mg or ea (under 0.2% of Buds dollars) are excluded because their quantities convert to implausible prices."
MA,2023-02,month,51,total_sales_usd_adult_use,115770430.33,usd,"Massachusetts Cannabis Control Commission Open Data, ""Marijuana Establishment Facility Sales and Statistics (by day and product type)""",https://masscannabiscontrol.com/resource/a_sales_au_gross.csv,2026-09-25,"DERIVED by agent: sum of daily rows (SALEDATE in month) across Retail and delivery data types in CCC dataset a_sales_au_gross, CCCLastUpdated 2026-09-08; file downloaded by the author 2026-09-25 with $limit=500000 (complete: annual sums match CCC annual report within 0.4%). All product categories."
MA,2023-02,month,51,flower_sales_usd_adult_use,46265908.14,usd,"Massachusetts Cannabis Control Commission Open Data, ""Marijuana Establishment Facility Sales and Statistics (by day and product type)""",https://masscannabiscontrol.com/resource/a_sales_au_gross.csv,2026-09-25,"DERIVED by agent: sum of daily rows (SALEDATE in month) across Retail and delivery data types in CCC dataset a_sales_au_gross, CCCLastUpdated 2026-09-08; file downloaded by the author 2026-09-25 with $limit=500000 (complete: annual sums match CCC annual report within 0.4%). Product category ""Buds"" (excludes pre-rolls, shake/trim, kief), all units of measure."
MA,2023-02,month,51,flower_sold_grams_adult_use,7632455.51,grams,"Massachusetts Cannabis Control Commission Open Data, ""Marijuana Establishment Facility Sales and Statistics (by day and product type)""",https://masscannabiscontrol.com/resource/a_sales_au_gross.csv,2026-09-25,"DERIVED by agent: sum of daily rows (SALEDATE in month) across Retail and delivery data types in CCC dataset a_sales_au_gross, CCCLastUpdated 2026-09-08; file downloaded by the author 2026-09-25 with $limit=500000 (complete: annual sums match CCC annual report within 0.4%). Product category ""Buds"", rows recorded in grams only; rows recorded in lb, oz, kg, mg or ea (under 0.2% of Buds dollars) are excluded because their quantities convert to implausible prices."
MA,2023-03,month,52,total_sales_usd_adult_use,130457740.42,usd,"Massachusetts Cannabis Control Commission Open Data, ""Marijuana Establishment Facility Sales and Statistics (by day and product type)""",https://masscannabiscontrol.com/resource/a_sales_au_gross.csv,2026-09-25,"DERIVED by agent: sum of daily rows (SALEDATE in month) across Retail and delivery data types in CCC dataset a_sales_au_gross, CCCLastUpdated 2026-09-08; file downloaded by the author 2026-09-25 with $limit=500000 (complete: annual sums match CCC annual report within 0.4%). All product categories."
MA,2023-03,month,52,flower_sales_usd_adult_use,52421104.5,usd,"Massachusetts Cannabis Control Commission Open Data, ""Marijuana Establishment Facility Sales and Statistics (by day and product type)""",https://masscannabiscontrol.com/resource/a_sales_au_gross.csv,2026-09-25,"DERIVED by agent: sum of daily rows (SALEDATE in month) across Retail and delivery data types in CCC dataset a_sales_au_gross, CCCLastUpdated 2026-09-08; file downloaded by the author 2026-09-25 with $limit=500000 (complete: annual sums match CCC annual report within 0.4%). Product category ""Buds"" (excludes pre-rolls, shake/trim, kief), all units of measure."
MA,2023-03,month,52,flower_sold_grams_adult_use,7995237.23,grams,"Massachusetts Cannabis Control Commission Open Data, ""Marijuana Establishment Facility Sales and Statistics (by day and product type)""",https://masscannabiscontrol.com/resource/a_sales_au_gross.csv,2026-09-25,"DERIVED by agent: sum of daily rows (SALEDATE in month) across Retail and delivery data types in CCC dataset a_sales_au_gross, CCCLastUpdated 2026-09-08; file downloaded by the author 2026-09-25 with $limit=500000 (complete: annual sums match CCC annual report within 0.4%). Product category ""Buds"", rows recorded in grams only; rows recorded in lb, oz, kg, mg or ea (under 0.2% of Buds dollars) are excluded because their quantities convert to implausible prices."
MA,2023-04,month,53,total_sales_usd_adult_use,126801196.09,usd,"Massachusetts Cannabis Control Commission Open Data, ""Marijuana Establishment Facility Sales and Statistics (by day and product type)""",https://masscannabiscontrol.com/resource/a_sales_au_gross.csv,2026-09-25,"DERIVED by agent: sum of daily rows (SALEDATE in month) across Retail and delivery data types in CCC dataset a_sales_au_gross, CCCLastUpdated 2026-09-08; file downloaded by the author 2026-09-25 with $limit=500000 (complete: annual sums match CCC annual report within 0.4%). All product categories."
MA,2023-04,month,53,flower_sales_usd_adult_use,50641039.77,usd,"Massachusetts Cannabis Control Commission Open Data, ""Marijuana Establishment Facility Sales and Statistics (by day and product type)""",https://masscannabiscontrol.com/resource/a_sales_au_gross.csv,2026-09-25,"DERIVED by agent: sum of daily rows (SALEDATE in month) across Retail and delivery data types in CCC dataset a_sales_au_gross, CCCLastUpdated 2026-09-08; file downloaded by the author 2026-09-25 with $limit=500000 (complete: annual sums match CCC annual report within 0.4%). Product category ""Buds"" (excludes pre-rolls, shake/trim, kief), all units of measure."
MA,2023-04,month,53,flower_sold_grams_adult_use,8528062.28,grams,"Massachusetts Cannabis Control Commission Open Data, ""Marijuana Establishment Facility Sales and Statistics (by day and product type)""",https://masscannabiscontrol.com/resource/a_sales_au_gross.csv,2026-09-25,"DERIVED by agent: sum of daily rows (SALEDATE in month) across Retail and delivery data types in CCC dataset a_sales_au_gross, CCCLastUpdated 2026-09-08; file downloaded by the author 2026-09-25 with $limit=500000 (complete: annual sums match CCC annual report within 0.4%). Product category ""Buds"", rows recorded in grams only; rows recorded in lb, oz, kg, mg or ea (under 0.2% of Buds dollars) are excluded because their quantities convert to implausible prices."
MA,2023-05,month,54,total_sales_usd_adult_use,129983703.1,usd,"Massachusetts Cannabis Control Commission Open Data, ""Marijuana Establishment Facility Sales and Statistics (by day and product type)""",https://masscannabiscontrol.com/resource/a_sales_au_gross.csv,2026-09-25,"DERIVED by agent: sum of daily rows (SALEDATE in month) across Retail and delivery data types in CCC dataset a_sales_au_gross, CCCLastUpdated 2026-09-08; file downloaded by the author 2026-09-25 with $limit=500000 (complete: annual sums match CCC annual report within 0.4%). All product categories."
MA,2023-05,month,54,flower_sales_usd_adult_use,51921929.56,usd,"Massachusetts Cannabis Control Commission Open Data, ""Marijuana Establishment Facility Sales and Statistics (by day and product type)""",https://masscannabiscontrol.com/resource/a_sales_au_gross.csv,2026-09-25,"DERIVED by agent: sum of daily rows (SALEDATE in month) across Retail and delivery data types in CCC dataset a_sales_au_gross, CCCLastUpdated 2026-09-08; file downloaded by the author 2026-09-25 with $limit=500000 (complete: annual sums match CCC annual report within 0.4%). Product category ""Buds"" (excludes pre-rolls, shake/trim, kief), all units of measure."
MA,2023-05,month,54,flower_sold_grams_adult_use,8750702.94,grams,"Massachusetts Cannabis Control Commission Open Data, ""Marijuana Establishment Facility Sales and Statistics (by day and product type)""",https://masscannabiscontrol.com/resource/a_sales_au_gross.csv,2026-09-25,"DERIVED by agent: sum of daily rows (SALEDATE in month) across Retail and delivery data types in CCC dataset a_sales_au_gross, CCCLastUpdated 2026-09-08; file downloaded by the author 2026-09-25 with $limit=500000 (complete: annual sums match CCC annual report within 0.4%). Product category ""Buds"", rows recorded in grams only; rows recorded in lb, oz, kg, mg or ea (under 0.2% of Buds dollars) are excluded because their quantities convert to implausible prices."
MA,2023-06,month,55,total_sales_usd_adult_use,134164545.58,usd,"Massachusetts Cannabis Control Commission Open Data, ""Marijuana Establishment Facility Sales and Statistics (by day and product type)""",https://masscannabiscontrol.com/resource/a_sales_au_gross.csv,2026-09-25,"DERIVED by agent: sum of daily rows (SALEDATE in month) across Retail and delivery data types in CCC dataset a_sales_au_gross, CCCLastUpdated 2026-09-08; file downloaded by the author 2026-09-25 with $limit=500000 (complete: annual sums match CCC annual report within 0.4%). All product categories."
MA,2023-06,month,55,flower_sales_usd_adult_use,52670451.6,usd,"Massachusetts Cannabis Control Commission Open Data, ""Marijuana Establishment Facility Sales and Statistics (by day and product type)""",https://masscannabiscontrol.com/resource/a_sales_au_gross.csv,2026-09-25,"DERIVED by agent: sum of daily rows (SALEDATE in month) across Retail and delivery data types in CCC dataset a_sales_au_gross, CCCLastUpdated 2026-09-08; file downloaded by the author 2026-09-25 with $limit=500000 (complete: annual sums match CCC annual report within 0.4%). Product category ""Buds"" (excludes pre-rolls, shake/trim, kief), all units of measure."
MA,2023-06,month,55,flower_sold_grams_adult_use,9204401.7,grams,"Massachusetts Cannabis Control Commission Open Data, ""Marijuana Establishment Facility Sales and Statistics (by day and product type)""",https://masscannabiscontrol.com/resource/a_sales_au_gross.csv,2026-09-25,"DERIVED by agent: sum of daily rows (SALEDATE in month) across Retail and delivery data types in CCC dataset a_sales_au_gross, CCCLastUpdated 2026-09-08; file downloaded by the author 2026-09-25 with $limit=500000 (complete: annual sums match CCC annual report within 0.4%). Product category ""Buds"", rows recorded in grams only; rows recorded in lb, oz, kg, mg or ea (under 0.2% of Buds dollars) are excluded because their quantities convert to implausible prices."
MA,2023-07,month,56,total_sales_usd_adult_use,137273781.99,usd,"Massachusetts Cannabis Control Commission Open Data, ""Marijuana Establishment Facility Sales and Statistics (by day and product type)""",https://masscannabiscontrol.com/resource/a_sales_au_gross.csv,2026-09-25,"DERIVED by agent: sum of daily rows (SALEDATE in month) across Retail and delivery data types in CCC dataset a_sales_au_gross, CCCLastUpdated 2026-09-08; file downloaded by the author 2026-09-25 with $limit=500000 (complete: annual sums match CCC annual report within 0.4%). All product categories."
MA,2023-07,month,56,flower_sales_usd_adult_use,54427749.99,usd,"Massachusetts Cannabis Control Commission Open Data, ""Marijuana Establishment Facility Sales and Statistics (by day and product type)""",https://masscannabiscontrol.com/resource/a_sales_au_gross.csv,2026-09-25,"DERIVED by agent: sum of daily rows (SALEDATE in month) across Retail and delivery data types in CCC dataset a_sales_au_gross, CCCLastUpdated 2026-09-08; file downloaded by the author 2026-09-25 with $limit=500000 (complete: annual sums match CCC annual report within 0.4%). Product category ""Buds"" (excludes pre-rolls, shake/trim, kief), all units of measure."
MA,2023-07,month,56,flower_sold_grams_adult_use,8803356.19,grams,"Massachusetts Cannabis Control Commission Open Data, ""Marijuana Establishment Facility Sales and Statistics (by day and product type)""",https://masscannabiscontrol.com/resource/a_sales_au_gross.csv,2026-09-25,"DERIVED by agent: sum of daily rows (SALEDATE in month) across Retail and delivery data types in CCC dataset a_sales_au_gross, CCCLastUpdated 2026-09-08; file downloaded by the author 2026-09-25 with $limit=500000 (complete: annual sums match CCC annual report within 0.4%). Product category ""Buds"", rows recorded in grams only; rows recorded in lb, oz, kg, mg or ea (under 0.2% of Buds dollars) are excluded because their quantities convert to implausible prices."
MA,2023-08,month,57,total_sales_usd_adult_use,140012022.92,usd,"Massachusetts Cannabis Control Commission Open Data, ""Marijuana Establishment Facility Sales and Statistics (by day and product type)""",https://masscannabiscontrol.com/resource/a_sales_au_gross.csv,2026-09-25,"DERIVED by agent: sum of daily rows (SALEDATE in month) across Retail and delivery data types in CCC dataset a_sales_au_gross, CCCLastUpdated 2026-09-08; file downloaded by the author 2026-09-25 with $limit=500000 (complete: annual sums match CCC annual report within 0.4%). All product categories."
MA,2023-08,month,57,flower_sales_usd_adult_use,56536777.81,usd,"Massachusetts Cannabis Control Commission Open Data, ""Marijuana Establishment Facility Sales and Statistics (by day and product type)""",https://masscannabiscontrol.com/resource/a_sales_au_gross.csv,2026-09-25,"DERIVED by agent: sum of daily rows (SALEDATE in month) across Retail and delivery data types in CCC dataset a_sales_au_gross, CCCLastUpdated 2026-09-08; file downloaded by the author 2026-09-25 with $limit=500000 (complete: annual sums match CCC annual report within 0.4%). Product category ""Buds"" (excludes pre-rolls, shake/trim, kief), all units of measure."
MA,2023-08,month,57,flower_sold_grams_adult_use,9566351.5,grams,"Massachusetts Cannabis Control Commission Open Data, ""Marijuana Establishment Facility Sales and Statistics (by day and product type)""",https://masscannabiscontrol.com/resource/a_sales_au_gross.csv,2026-09-25,"DERIVED by agent: sum of daily rows (SALEDATE in month) across Retail and delivery data types in CCC dataset a_sales_au_gross, CCCLastUpdated 2026-09-08; file downloaded by the author 2026-09-25 with $limit=500000 (complete: annual sums match CCC annual report within 0.4%). Product category ""Buds"", rows recorded in grams only; rows recorded in lb, oz, kg, mg or ea (under 0.2% of Buds dollars) are excluded because their quantities convert to implausible prices."
MA,2023-09,month,58,total_sales_usd_adult_use,135203848.54,usd,"Massachusetts Cannabis Control Commission Open Data, ""Marijuana Establishment Facility Sales and Statistics (by day and product type)""",https://masscannabiscontrol.com/resource/a_sales_au_gross.csv,2026-09-25,"DERIVED by agent: sum of daily rows (SALEDATE in month) across Retail and delivery data types in CCC dataset a_sales_au_gross, CCCLastUpdated 2026-09-08; file downloaded by the author 2026-09-25 with $limit=500000 (complete: annual sums match CCC annual report within 0.4%). All product categories."
MA,2023-09,month,58,flower_sales_usd_adult_use,55464266.41,usd,"Massachusetts Cannabis Control Commission Open Data, ""Marijuana Establishment Facility Sales and Statistics (by day and product type)""",https://masscannabiscontrol.com/resource/a_sales_au_gross.csv,2026-09-25,"DERIVED by agent: sum of daily rows (SALEDATE in month) across Retail and delivery data types in CCC dataset a_sales_au_gross, CCCLastUpdated 2026-09-08; file downloaded by the author 2026-09-25 with $limit=500000 (complete: annual sums match CCC annual report within 0.4%). Product category ""Buds"" (excludes pre-rolls, shake/trim, kief), all units of measure."
MA,2023-09,month,58,flower_sold_grams_adult_use,9440228.23,grams,"Massachusetts Cannabis Control Commission Open Data, ""Marijuana Establishment Facility Sales and Statistics (by day and product type)""",https://masscannabiscontrol.com/resource/a_sales_au_gross.csv,2026-09-25,"DERIVED by agent: sum of daily rows (SALEDATE in month) across Retail and delivery data types in CCC dataset a_sales_au_gross, CCCLastUpdated 2026-09-08; file downloaded by the author 2026-09-25 with $limit=500000 (complete: annual sums match CCC annual report within 0.4%). Product category ""Buds"", rows recorded in grams only; rows recorded in lb, oz, kg, mg or ea (under 0.2% of Buds dollars) are excluded because their quantities convert to implausible prices."
MA,2023-10,month,59,total_sales_usd_adult_use,132171560.45,usd,"Massachusetts Cannabis Control Commission Open Data, ""Marijuana Establishment Facility Sales and Statistics (by day and product type)""",https://masscannabiscontrol.com/resource/a_sales_au_gross.csv,2026-09-25,"DERIVED by agent: sum of daily rows (SALEDATE in month) across Retail and delivery data types in CCC dataset a_sales_au_gross, CCCLastUpdated 2026-09-08; file downloaded by the author 2026-09-25 with $limit=500000 (complete: annual sums match CCC annual report within 0.4%). All product categories."
MA,2023-10,month,59,flower_sales_usd_adult_use,53918154.44,usd,"Massachusetts Cannabis Control Commission Open Data, ""Marijuana Establishment Facility Sales and Statistics (by day and product type)""",https://masscannabiscontrol.com/resource/a_sales_au_gross.csv,2026-09-25,"DERIVED by agent: sum of daily rows (SALEDATE in month) across Retail and delivery data types in CCC dataset a_sales_au_gross, CCCLastUpdated 2026-09-08; file downloaded by the author 2026-09-25 with $limit=500000 (complete: annual sums match CCC annual report within 0.4%). Product category ""Buds"" (excludes pre-rolls, shake/trim, kief), all units of measure."
MA,2023-10,month,59,flower_sold_grams_adult_use,9569893.3,grams,"Massachusetts Cannabis Control Commission Open Data, ""Marijuana Establishment Facility Sales and Statistics (by day and product type)""",https://masscannabiscontrol.com/resource/a_sales_au_gross.csv,2026-09-25,"DERIVED by agent: sum of daily rows (SALEDATE in month) across Retail and delivery data types in CCC dataset a_sales_au_gross, CCCLastUpdated 2026-09-08; file downloaded by the author 2026-09-25 with $limit=500000 (complete: annual sums match CCC annual report within 0.4%). Product category ""Buds"", rows recorded in grams only; rows recorded in lb, oz, kg, mg or ea (under 0.2% of Buds dollars) are excluded because their quantities convert to implausible prices."
MA,2023-11,month,60,total_sales_usd_adult_use,128969073.33,usd,"Massachusetts Cannabis Control Commission Open Data, ""Marijuana Establishment Facility Sales and Statistics (by day and product type)""",https://masscannabiscontrol.com/resource/a_sales_au_gross.csv,2026-09-25,"DERIVED by agent: sum of daily rows (SALEDATE in month) across Retail and delivery data types in CCC dataset a_sales_au_gross, CCCLastUpdated 2026-09-08; file downloaded by the author 2026-09-25 with $limit=500000 (complete: annual sums match CCC annual report within 0.4%). All product categories."
MA,2023-11,month,60,flower_sales_usd_adult_use,53078241.32,usd,"Massachusetts Cannabis Control Commission Open Data, ""Marijuana Establishment Facility Sales and Statistics (by day and product type)""",https://masscannabiscontrol.com/resource/a_sales_au_gross.csv,2026-09-25,"DERIVED by agent: sum of daily rows (SALEDATE in month) across Retail and delivery data types in CCC dataset a_sales_au_gross, CCCLastUpdated 2026-09-08; file downloaded by the author 2026-09-25 with $limit=500000 (complete: annual sums match CCC annual report within 0.4%). Product category ""Buds"" (excludes pre-rolls, shake/trim, kief), all units of measure."
MA,2023-11,month,60,flower_sold_grams_adult_use,9528855.54,grams,"Massachusetts Cannabis Control Commission Open Data, ""Marijuana Establishment Facility Sales and Statistics (by day and product type)""",https://masscannabiscontrol.com/resource/a_sales_au_gross.csv,2026-09-25,"DERIVED by agent: sum of daily rows (SALEDATE in month) across Retail and delivery data types in CCC dataset a_sales_au_gross, CCCLastUpdated 2026-09-08; file downloaded by the author 2026-09-25 with $limit=500000 (complete: annual sums match CCC annual report within 0.4%). Product category ""Buds"", rows recorded in grams only; rows recorded in lb, oz, kg, mg or ea (under 0.2% of Buds dollars) are excluded because their quantities convert to implausible prices."
MA,2023-12,month,61,total_sales_usd_adult_use,140555669.66,usd,"Massachusetts Cannabis Control Commission Open Data, ""Marijuana Establishment Facility Sales and Statistics (by day and product type)""",https://masscannabiscontrol.com/resource/a_sales_au_gross.csv,2026-09-25,"DERIVED by agent: sum of daily rows (SALEDATE in month) across Retail and delivery data types in CCC dataset a_sales_au_gross, CCCLastUpdated 2026-09-08; file downloaded by the author 2026-09-25 with $limit=500000 (complete: annual sums match CCC annual report within 0.4%). All product categories."
MA,2023-12,month,61,flower_sales_usd_adult_use,57172540.28,usd,"Massachusetts Cannabis Control Commission Open Data, ""Marijuana Establishment Facility Sales and Statistics (by day and product type)""",https://masscannabiscontrol.com/resource/a_sales_au_gross.csv,2026-09-25,"DERIVED by agent: sum of daily rows (SALEDATE in month) across Retail and delivery data types in CCC dataset a_sales_au_gross, CCCLastUpdated 2026-09-08; file downloaded by the author 2026-09-25 with $limit=500000 (complete: annual sums match CCC annual report within 0.4%). Product category ""Buds"" (excludes pre-rolls, shake/trim, kief), all units of measure."
MA,2023-12,month,61,flower_sold_grams_adult_use,10161731.87,grams,"Massachusetts Cannabis Control Commission Open Data, ""Marijuana Establishment Facility Sales and Statistics (by day and product type)""",https://masscannabiscontrol.com/resource/a_sales_au_gross.csv,2026-09-25,"DERIVED by agent: sum of daily rows (SALEDATE in month) across Retail and delivery data types in CCC dataset a_sales_au_gross, CCCLastUpdated 2026-09-08; file downloaded by the author 2026-09-25 with $limit=500000 (complete: annual sums match CCC annual report within 0.4%). Product category ""Buds"", rows recorded in grams only; rows recorded in lb, oz, kg, mg or ea (under 0.2% of Buds dollars) are excluded because their quantities convert to implausible prices."
MA,2024-01,month,62,total_sales_usd_adult_use,127723116.29,usd,"Massachusetts Cannabis Control Commission Open Data, ""Marijuana Establishment Facility Sales and Statistics (by day and product type)""",https://masscannabiscontrol.com/resource/a_sales_au_gross.csv,2026-09-25,"DERIVED by agent: sum of daily rows (SALEDATE in month) across Retail and delivery data types in CCC dataset a_sales_au_gross, CCCLastUpdated 2026-09-08; file downloaded by the author 2026-09-25 with $limit=500000 (complete: annual sums match CCC annual report within 0.4%). All product categories."
MA,2024-01,month,62,flower_sales_usd_adult_use,53660018.55,usd,"Massachusetts Cannabis Control Commission Open Data, ""Marijuana Establishment Facility Sales and Statistics (by day and product type)""",https://masscannabiscontrol.com/resource/a_sales_au_gross.csv,2026-09-25,"DERIVED by agent: sum of daily rows (SALEDATE in month) across Retail and delivery data types in CCC dataset a_sales_au_gross, CCCLastUpdated 2026-09-08; file downloaded by the author 2026-09-25 with $limit=500000 (complete: annual sums match CCC annual report within 0.4%). Product category ""Buds"" (excludes pre-rolls, shake/trim, kief), all units of measure."
MA,2024-01,month,62,flower_sold_grams_adult_use,9546526.33,grams,"Massachusetts Cannabis Control Commission Open Data, ""Marijuana Establishment Facility Sales and Statistics (by day and product type)""",https://masscannabiscontrol.com/resource/a_sales_au_gross.csv,2026-09-25,"DERIVED by agent: sum of daily rows (SALEDATE in month) across Retail and delivery data types in CCC dataset a_sales_au_gross, CCCLastUpdated 2026-09-08; file downloaded by the author 2026-09-25 with $limit=500000 (complete: annual sums match CCC annual report within 0.4%). Product category ""Buds"", rows recorded in grams only; rows recorded in lb, oz, kg, mg or ea (under 0.2% of Buds dollars) are excluded because their quantities convert to implausible prices."
MA,2024-02,month,63,total_sales_usd_adult_use,127569148.67,usd,"Massachusetts Cannabis Control Commission Open Data, ""Marijuana Establishment Facility Sales and Statistics (by day and product type)""",https://masscannabiscontrol.com/resource/a_sales_au_gross.csv,2026-09-25,"DERIVED by agent: sum of daily rows (SALEDATE in month) across Retail and delivery data types in CCC dataset a_sales_au_gross, CCCLastUpdated 2026-09-08; file downloaded by the author 2026-09-25 with $limit=500000 (complete: annual sums match CCC annual report within 0.4%). All product categories."
MA,2024-02,month,63,flower_sales_usd_adult_use,53414835.44,usd,"Massachusetts Cannabis Control Commission Open Data, ""Marijuana Establishment Facility Sales and Statistics (by day and product type)""",https://masscannabiscontrol.com/resource/a_sales_au_gross.csv,2026-09-25,"DERIVED by agent: sum of daily rows (SALEDATE in month) across Retail and delivery data types in CCC dataset a_sales_au_gross, CCCLastUpdated 2026-09-08; file downloaded by the author 2026-09-25 with $limit=500000 (complete: annual sums match CCC annual report within 0.4%). Product category ""Buds"" (excludes pre-rolls, shake/trim, kief), all units of measure."
MA,2024-02,month,63,flower_sold_grams_adult_use,10177369.23,grams,"Massachusetts Cannabis Control Commission Open Data, ""Marijuana Establishment Facility Sales and Statistics (by day and product type)""",https://masscannabiscontrol.com/resource/a_sales_au_gross.csv,2026-09-25,"DERIVED by agent: sum of daily rows (SALEDATE in month) across Retail and delivery data types in CCC dataset a_sales_au_gross, CCCLastUpdated 2026-09-08; file downloaded by the author 2026-09-25 with $limit=500000 (complete: annual sums match CCC annual report within 0.4%). Product category ""Buds"", rows recorded in grams only; rows recorded in lb, oz, kg, mg or ea (under 0.2% of Buds dollars) are excluded because their quantities convert to implausible prices."
MA,2024-03,month,64,total_sales_usd_adult_use,137303709.15,usd,"Massachusetts Cannabis Control Commission Open Data, ""Marijuana Establishment Facility Sales and Statistics (by day and product type)""",https://masscannabiscontrol.com/resource/a_sales_au_gross.csv,2026-09-25,"DERIVED by agent: sum of daily rows (SALEDATE in month) across Retail and delivery data types in CCC dataset a_sales_au_gross, CCCLastUpdated 2026-09-08; file downloaded by the author 2026-09-25 with $limit=500000 (complete: annual sums match CCC annual report within 0.4%). All product categories."
MA,2024-03,month,64,flower_sales_usd_adult_use,57274263.7,usd,"Massachusetts Cannabis Control Commission Open Data, ""Marijuana Establishment Facility Sales and Statistics (by day and product type)""",https://masscannabiscontrol.com/resource/a_sales_au_gross.csv,2026-09-25,"DERIVED by agent: sum of daily rows (SALEDATE in month) across Retail and delivery data types in CCC dataset a_sales_au_gross, CCCLastUpdated 2026-09-08; file downloaded by the author 2026-09-25 with $limit=500000 (complete: annual sums match CCC annual report within 0.4%). Product category ""Buds"" (excludes pre-rolls, shake/trim, kief), all units of measure."
MA,2024-03,month,64,flower_sold_grams_adult_use,10808685.95,grams,"Massachusetts Cannabis Control Commission Open Data, ""Marijuana Establishment Facility Sales and Statistics (by day and product type)""",https://masscannabiscontrol.com/resource/a_sales_au_gross.csv,2026-09-25,"DERIVED by agent: sum of daily rows (SALEDATE in month) across Retail and delivery data types in CCC dataset a_sales_au_gross, CCCLastUpdated 2026-09-08; file downloaded by the author 2026-09-25 with $limit=500000 (complete: annual sums match CCC annual report within 0.4%). Product category ""Buds"", rows recorded in grams only; rows recorded in lb, oz, kg, mg or ea (under 0.2% of Buds dollars) are excluded because their quantities convert to implausible prices."
MA,2024-04,month,65,total_sales_usd_adult_use,133740508.4,usd,"Massachusetts Cannabis Control Commission Open Data, ""Marijuana Establishment Facility Sales and Statistics (by day and product type)""",https://masscannabiscontrol.com/resource/a_sales_au_gross.csv,2026-09-25,"DERIVED by agent: sum of daily rows (SALEDATE in month) across Retail and delivery data types in CCC dataset a_sales_au_gross, CCCLastUpdated 2026-09-08; file downloaded by the author 2026-09-25 with $limit=500000 (complete: annual sums match CCC annual report within 0.4%). All product categories."
MA,2024-04,month,65,flower_sales_usd_adult_use,55394384.85,usd,"Massachusetts Cannabis Control Commission Open Data, ""Marijuana Establishment Facility Sales and Statistics (by day and product type)""",https://masscannabiscontrol.com/resource/a_sales_au_gross.csv,2026-09-25,"DERIVED by agent: sum of daily rows (SALEDATE in month) across Retail and delivery data types in CCC dataset a_sales_au_gross, CCCLastUpdated 2026-09-08; file downloaded by the author 2026-09-25 with $limit=500000 (complete: annual sums match CCC annual report within 0.4%). Product category ""Buds"" (excludes pre-rolls, shake/trim, kief), all units of measure."
MA,2024-04,month,65,flower_sold_grams_adult_use,10473967.7,grams,"Massachusetts Cannabis Control Commission Open Data, ""Marijuana Establishment Facility Sales and Statistics (by day and product type)""",https://masscannabiscontrol.com/resource/a_sales_au_gross.csv,2026-09-25,"DERIVED by agent: sum of daily rows (SALEDATE in month) across Retail and delivery data types in CCC dataset a_sales_au_gross, CCCLastUpdated 2026-09-08; file downloaded by the author 2026-09-25 with $limit=500000 (complete: annual sums match CCC annual report within 0.4%). Product category ""Buds"", rows recorded in grams only; rows recorded in lb, oz, kg, mg or ea (under 0.2% of Buds dollars) are excluded because their quantities convert to implausible prices."
MA,2024-05,month,66,total_sales_usd_adult_use,138919772.11,usd,"Massachusetts Cannabis Control Commission Open Data, ""Marijuana Establishment Facility Sales and Statistics (by day and product type)""",https://masscannabiscontrol.com/resource/a_sales_au_gross.csv,2026-09-25,"DERIVED by agent: sum of daily rows (SALEDATE in month) across Retail and delivery data types in CCC dataset a_sales_au_gross, CCCLastUpdated 2026-09-08; file downloaded by the author 2026-09-25 with $limit=500000 (complete: annual sums match CCC annual report within 0.4%). All product categories."
MA,2024-05,month,66,flower_sales_usd_adult_use,57340980.59,usd,"Massachusetts Cannabis Control Commission Open Data, ""Marijuana Establishment Facility Sales and Statistics (by day and product type)""",https://masscannabiscontrol.com/resource/a_sales_au_gross.csv,2026-09-25,"DERIVED by agent: sum of daily rows (SALEDATE in month) across Retail and delivery data types in CCC dataset a_sales_au_gross, CCCLastUpdated 2026-09-08; file downloaded by the author 2026-09-25 with $limit=500000 (complete: annual sums match CCC annual report within 0.4%). Product category ""Buds"" (excludes pre-rolls, shake/trim, kief), all units of measure."
MA,2024-05,month,66,flower_sold_grams_adult_use,10877037.0,grams,"Massachusetts Cannabis Control Commission Open Data, ""Marijuana Establishment Facility Sales and Statistics (by day and product type)""",https://masscannabiscontrol.com/resource/a_sales_au_gross.csv,2026-09-25,"DERIVED by agent: sum of daily rows (SALEDATE in month) across Retail and delivery data types in CCC dataset a_sales_au_gross, CCCLastUpdated 2026-09-08; file downloaded by the author 2026-09-25 with $limit=500000 (complete: annual sums match CCC annual report within 0.4%). Product category ""Buds"", rows recorded in grams only; rows recorded in lb, oz, kg, mg or ea (under 0.2% of Buds dollars) are excluded because their quantities convert to implausible prices."
MA,2024-06,month,67,total_sales_usd_adult_use,137245133.36,usd,"Massachusetts Cannabis Control Commission Open Data, ""Marijuana Establishment Facility Sales and Statistics (by day and product type)""",https://masscannabiscontrol.com/resource/a_sales_au_gross.csv,2026-09-25,"DERIVED by agent: sum of daily rows (SALEDATE in month) across Retail and delivery data types in CCC dataset a_sales_au_gross, CCCLastUpdated 2026-09-08; file downloaded by the author 2026-09-25 with $limit=500000 (complete: annual sums match CCC annual report within 0.4%). All product categories."
MA,2024-06,month,67,flower_sales_usd_adult_use,55695176.52,usd,"Massachusetts Cannabis Control Commission Open Data, ""Marijuana Establishment Facility Sales and Statistics (by day and product type)""",https://masscannabiscontrol.com/resource/a_sales_au_gross.csv,2026-09-25,"DERIVED by agent: sum of daily rows (SALEDATE in month) across Retail and delivery data types in CCC dataset a_sales_au_gross, CCCLastUpdated 2026-09-08; file downloaded by the author 2026-09-25 with $limit=500000 (complete: annual sums match CCC annual report within 0.4%). Product category ""Buds"" (excludes pre-rolls, shake/trim, kief), all units of measure."
MA,2024-06,month,67,flower_sold_grams_adult_use,11037394.83,grams,"Massachusetts Cannabis Control Commission Open Data, ""Marijuana Establishment Facility Sales and Statistics (by day and product type)""",https://masscannabiscontrol.com/resource/a_sales_au_gross.csv,2026-09-25,"DERIVED by agent: sum of daily rows (SALEDATE in month) across Retail and delivery data types in CCC dataset a_sales_au_gross, CCCLastUpdated 2026-09-08; file downloaded by the author 2026-09-25 with $limit=500000 (complete: annual sums match CCC annual report within 0.4%). Product category ""Buds"", rows recorded in grams only; rows recorded in lb, oz, kg, mg or ea (under 0.2% of Buds dollars) are excluded because their quantities convert to implausible prices."
MA,2024-07,month,68,total_sales_usd_adult_use,143344261.17,usd,"Massachusetts Cannabis Control Commission Open Data, ""Marijuana Establishment Facility Sales and Statistics (by day and product type)""",https://masscannabiscontrol.com/resource/a_sales_au_gross.csv,2026-09-25,"DERIVED by agent: sum of daily rows (SALEDATE in month) across Retail and delivery data types in CCC dataset a_sales_au_gross, CCCLastUpdated 2026-09-08; file downloaded by the author 2026-09-25 with $limit=500000 (complete: annual sums match CCC annual report within 0.4%). All product categories."
MA,2024-07,month,68,flower_sales_usd_adult_use,57688565.03,usd,"Massachusetts Cannabis Control Commission Open Data, ""Marijuana Establishment Facility Sales and Statistics (by day and product type)""",https://masscannabiscontrol.com/resource/a_sales_au_gross.csv,2026-09-25,"DERIVED by agent: sum of daily rows (SALEDATE in month) across Retail and delivery data types in CCC dataset a_sales_au_gross, CCCLastUpdated 2026-09-08; file downloaded by the author 2026-09-25 with $limit=500000 (complete: annual sums match CCC annual report within 0.4%). Product category ""Buds"" (excludes pre-rolls, shake/trim, kief), all units of measure."
MA,2024-07,month,68,flower_sold_grams_adult_use,11555500.12,grams,"Massachusetts Cannabis Control Commission Open Data, ""Marijuana Establishment Facility Sales and Statistics (by day and product type)""",https://masscannabiscontrol.com/resource/a_sales_au_gross.csv,2026-09-25,"DERIVED by agent: sum of daily rows (SALEDATE in month) across Retail and delivery data types in CCC dataset a_sales_au_gross, CCCLastUpdated 2026-09-08; file downloaded by the author 2026-09-25 with $limit=500000 (complete: annual sums match CCC annual report within 0.4%). Product category ""Buds"", rows recorded in grams only; rows recorded in lb, oz, kg, mg or ea (under 0.2% of Buds dollars) are excluded because their quantities convert to implausible prices."
MA,2024-08,month,69,total_sales_usd_adult_use,148073338.05,usd,"Massachusetts Cannabis Control Commission Open Data, ""Marijuana Establishment Facility Sales and Statistics (by day and product type)""",https://masscannabiscontrol.com/resource/a_sales_au_gross.csv,2026-09-25,"DERIVED by agent: sum of daily rows (SALEDATE in month) across Retail and delivery data types in CCC dataset a_sales_au_gross, CCCLastUpdated 2026-09-08; file downloaded by the author 2026-09-25 with $limit=500000 (complete: annual sums match CCC annual report within 0.4%). All product categories."
MA,2024-08,month,69,flower_sales_usd_adult_use,59750192.74,usd,"Massachusetts Cannabis Control Commission Open Data, ""Marijuana Establishment Facility Sales and Statistics (by day and product type)""",https://masscannabiscontrol.com/resource/a_sales_au_gross.csv,2026-09-25,"DERIVED by agent: sum of daily rows (SALEDATE in month) across Retail and delivery data types in CCC dataset a_sales_au_gross, CCCLastUpdated 2026-09-08; file downloaded by the author 2026-09-25 with $limit=500000 (complete: annual sums match CCC annual report within 0.4%). Product category ""Buds"" (excludes pre-rolls, shake/trim, kief), all units of measure."
MA,2024-08,month,69,flower_sold_grams_adult_use,12266742.17,grams,"Massachusetts Cannabis Control Commission Open Data, ""Marijuana Establishment Facility Sales and Statistics (by day and product type)""",https://masscannabiscontrol.com/resource/a_sales_au_gross.csv,2026-09-25,"DERIVED by agent: sum of daily rows (SALEDATE in month) across Retail and delivery data types in CCC dataset a_sales_au_gross, CCCLastUpdated 2026-09-08; file downloaded by the author 2026-09-25 with $limit=500000 (complete: annual sums match CCC annual report within 0.4%). Product category ""Buds"", rows recorded in grams only; rows recorded in lb, oz, kg, mg or ea (under 0.2% of Buds dollars) are excluded because their quantities convert to implausible prices."
MA,2024-09,month,70,total_sales_usd_adult_use,136664603.23,usd,"Massachusetts Cannabis Control Commission Open Data, ""Marijuana Establishment Facility Sales and Statistics (by day and product type)""",https://masscannabiscontrol.com/resource/a_sales_au_gross.csv,2026-09-25,"DERIVED by agent: sum of daily rows (SALEDATE in month) across Retail and delivery data types in CCC dataset a_sales_au_gross, CCCLastUpdated 2026-09-08; file downloaded by the author 2026-09-25 with $limit=500000 (complete: annual sums match CCC annual report within 0.4%). All product categories."
MA,2024-09,month,70,flower_sales_usd_adult_use,55738811.58,usd,"Massachusetts Cannabis Control Commission Open Data, ""Marijuana Establishment Facility Sales and Statistics (by day and product type)""",https://masscannabiscontrol.com/resource/a_sales_au_gross.csv,2026-09-25,"DERIVED by agent: sum of daily rows (SALEDATE in month) across Retail and delivery data types in CCC dataset a_sales_au_gross, CCCLastUpdated 2026-09-08; file downloaded by the author 2026-09-25 with $limit=500000 (complete: annual sums match CCC annual report within 0.4%). Product category ""Buds"" (excludes pre-rolls, shake/trim, kief), all units of measure."
MA,2024-09,month,70,flower_sold_grams_adult_use,11547651.67,grams,"Massachusetts Cannabis Control Commission Open Data, ""Marijuana Establishment Facility Sales and Statistics (by day and product type)""",https://masscannabiscontrol.com/resource/a_sales_au_gross.csv,2026-09-25,"DERIVED by agent: sum of daily rows (SALEDATE in month) across Retail and delivery data types in CCC dataset a_sales_au_gross, CCCLastUpdated 2026-09-08; file downloaded by the author 2026-09-25 with $limit=500000 (complete: annual sums match CCC annual report within 0.4%). Product category ""Buds"", rows recorded in grams only; rows recorded in lb, oz, kg, mg or ea (under 0.2% of Buds dollars) are excluded because their quantities convert to implausible prices."
MA,2024-10,month,71,total_sales_usd_adult_use,139277587.6,usd,"Massachusetts Cannabis Control Commission Open Data, ""Marijuana Establishment Facility Sales and Statistics (by day and product type)""",https://masscannabiscontrol.com/resource/a_sales_au_gross.csv,2026-09-25,"DERIVED by agent: sum of daily rows (SALEDATE in month) across Retail and delivery data types in CCC dataset a_sales_au_gross, CCCLastUpdated 2026-09-08; file downloaded by the author 2026-09-25 with $limit=500000 (complete: annual sums match CCC annual report within 0.4%). All product categories."
MA,2024-10,month,71,flower_sales_usd_adult_use,55847948.53,usd,"Massachusetts Cannabis Control Commission Open Data, ""Marijuana Establishment Facility Sales and Statistics (by day and product type)""",https://masscannabiscontrol.com/resource/a_sales_au_gross.csv,2026-09-25,"DERIVED by agent: sum of daily rows (SALEDATE in month) across Retail and delivery data types in CCC dataset a_sales_au_gross, CCCLastUpdated 2026-09-08; file downloaded by the author 2026-09-25 with $limit=500000 (complete: annual sums match CCC annual report within 0.4%). Product category ""Buds"" (excludes pre-rolls, shake/trim, kief), all units of measure."
MA,2024-10,month,71,flower_sold_grams_adult_use,11776894.35,grams,"Massachusetts Cannabis Control Commission Open Data, ""Marijuana Establishment Facility Sales and Statistics (by day and product type)""",https://masscannabiscontrol.com/resource/a_sales_au_gross.csv,2026-09-25,"DERIVED by agent: sum of daily rows (SALEDATE in month) across Retail and delivery data types in CCC dataset a_sales_au_gross, CCCLastUpdated 2026-09-08; file downloaded by the author 2026-09-25 with $limit=500000 (complete: annual sums match CCC annual report within 0.4%). Product category ""Buds"", rows recorded in grams only; rows recorded in lb, oz, kg, mg or ea (under 0.2% of Buds dollars) are excluded because their quantities convert to implausible prices."
MA,2024-11,month,72,total_sales_usd_adult_use,137896864.99,usd,"Massachusetts Cannabis Control Commission Open Data, ""Marijuana Establishment Facility Sales and Statistics (by day and product type)""",https://masscannabiscontrol.com/resource/a_sales_au_gross.csv,2026-09-25,"DERIVED by agent: sum of daily rows (SALEDATE in month) across Retail and delivery data types in CCC dataset a_sales_au_gross, CCCLastUpdated 2026-09-08; file downloaded by the author 2026-09-25 with $limit=500000 (complete: annual sums match CCC annual report within 0.4%). All product categories."
MA,2024-11,month,72,flower_sales_usd_adult_use,55428535.43,usd,"Massachusetts Cannabis Control Commission Open Data, ""Marijuana Establishment Facility Sales and Statistics (by day and product type)""",https://masscannabiscontrol.com/resource/a_sales_au_gross.csv,2026-09-25,"DERIVED by agent: sum of daily rows (SALEDATE in month) across Retail and delivery data types in CCC dataset a_sales_au_gross, CCCLastUpdated 2026-09-08; file downloaded by the author 2026-09-25 with $limit=500000 (complete: annual sums match CCC annual report within 0.4%). Product category ""Buds"" (excludes pre-rolls, shake/trim, kief), all units of measure."
MA,2024-11,month,72,flower_sold_grams_adult_use,12231178.02,grams,"Massachusetts Cannabis Control Commission Open Data, ""Marijuana Establishment Facility Sales and Statistics (by day and product type)""",https://masscannabiscontrol.com/resource/a_sales_au_gross.csv,2026-09-25,"DERIVED by agent: sum of daily rows (SALEDATE in month) across Retail and delivery data types in CCC dataset a_sales_au_gross, CCCLastUpdated 2026-09-08; file downloaded by the author 2026-09-25 with $limit=500000 (complete: annual sums match CCC annual report within 0.4%). Product category ""Buds"", rows recorded in grams only; rows recorded in lb, oz, kg, mg or ea (under 0.2% of Buds dollars) are excluded because their quantities convert to implausible prices."
MA,2024-12,month,73,total_sales_usd_adult_use,140835069.97,usd,"Massachusetts Cannabis Control Commission Open Data, ""Marijuana Establishment Facility Sales and Statistics (by day and product type)""",https://masscannabiscontrol.com/resource/a_sales_au_gross.csv,2026-09-25,"DERIVED by agent: sum of daily rows (SALEDATE in month) across Retail and delivery data types in CCC dataset a_sales_au_gross, CCCLastUpdated 2026-09-08; file downloaded by the author 2026-09-25 with $limit=500000 (complete: annual sums match CCC annual report within 0.4%). All product categories."
MA,2024-12,month,73,flower_sales_usd_adult_use,55791375.3,usd,"Massachusetts Cannabis Control Commission Open Data, ""Marijuana Establishment Facility Sales and Statistics (by day and product type)""",https://masscannabiscontrol.com/resource/a_sales_au_gross.csv,2026-09-25,"DERIVED by agent: sum of daily rows (SALEDATE in month) across Retail and delivery data types in CCC dataset a_sales_au_gross, CCCLastUpdated 2026-09-08; file downloaded by the author 2026-09-25 with $limit=500000 (complete: annual sums match CCC annual report within 0.4%). Product category ""Buds"" (excludes pre-rolls, shake/trim, kief), all units of measure."
MA,2024-12,month,73,flower_sold_grams_adult_use,12640148.05,grams,"Massachusetts Cannabis Control Commission Open Data, ""Marijuana Establishment Facility Sales and Statistics (by day and product type)""",https://masscannabiscontrol.com/resource/a_sales_au_gross.csv,2026-09-25,"DERIVED by agent: sum of daily rows (SALEDATE in month) across Retail and delivery data types in CCC dataset a_sales_au_gross, CCCLastUpdated 2026-09-08; file downloaded by the author 2026-09-25 with $limit=500000 (complete: annual sums match CCC annual report within 0.4%). Product category ""Buds"", rows recorded in grams only; rows recorded in lb, oz, kg, mg or ea (under 0.2% of Buds dollars) are excluded because their quantities convert to implausible prices."
MA,2025-01,month,74,total_sales_usd_adult_use,133269680.23,usd,"Massachusetts Cannabis Control Commission Open Data, ""Marijuana Establishment Facility Sales and Statistics (by day and product type)""",https://masscannabiscontrol.com/resource/a_sales_au_gross.csv,2026-09-25,"DERIVED by agent: sum of daily rows (SALEDATE in month) across Retail and delivery data types in CCC dataset a_sales_au_gross, CCCLastUpdated 2026-09-08; file downloaded by the author 2026-09-25 with $limit=500000 (complete: annual sums match CCC annual report within 0.4%). All product categories."
MA,2025-01,month,74,flower_sales_usd_adult_use,54448028.24,usd,"Massachusetts Cannabis Control Commission Open Data, ""Marijuana Establishment Facility Sales and Statistics (by day and product type)""",https://masscannabiscontrol.com/resource/a_sales_au_gross.csv,2026-09-25,"DERIVED by agent: sum of daily rows (SALEDATE in month) across Retail and delivery data types in CCC dataset a_sales_au_gross, CCCLastUpdated 2026-09-08; file downloaded by the author 2026-09-25 with $limit=500000 (complete: annual sums match CCC annual report within 0.4%). Product category ""Buds"" (excludes pre-rolls, shake/trim, kief), all units of measure."
MA,2025-01,month,74,flower_sold_grams_adult_use,12403059.38,grams,"Massachusetts Cannabis Control Commission Open Data, ""Marijuana Establishment Facility Sales and Statistics (by day and product type)""",https://masscannabiscontrol.com/resource/a_sales_au_gross.csv,2026-09-25,"DERIVED by agent: sum of daily rows (SALEDATE in month) across Retail and delivery data types in CCC dataset a_sales_au_gross, CCCLastUpdated 2026-09-08; file downloaded by the author 2026-09-25 with $limit=500000 (complete: annual sums match CCC annual report within 0.4%). Product category ""Buds"", rows recorded in grams only; rows recorded in lb, oz, kg, mg or ea (under 0.2% of Buds dollars) are excluded because their quantities convert to implausible prices."
MA,2025-02,month,75,total_sales_usd_adult_use,122826809.4,usd,"Massachusetts Cannabis Control Commission Open Data, ""Marijuana Establishment Facility Sales and Statistics (by day and product type)""",https://masscannabiscontrol.com/resource/a_sales_au_gross.csv,2026-09-25,"DERIVED by agent: sum of daily rows (SALEDATE in month) across Retail and delivery data types in CCC dataset a_sales_au_gross, CCCLastUpdated 2026-09-08; file downloaded by the author 2026-09-25 with $limit=500000 (complete: annual sums match CCC annual report within 0.4%). All product categories."
MA,2025-02,month,75,flower_sales_usd_adult_use,50341150.88,usd,"Massachusetts Cannabis Control Commission Open Data, ""Marijuana Establishment Facility Sales and Statistics (by day and product type)""",https://masscannabiscontrol.com/resource/a_sales_au_gross.csv,2026-09-25,"DERIVED by agent: sum of daily rows (SALEDATE in month) across Retail and delivery data types in CCC dataset a_sales_au_gross, CCCLastUpdated 2026-09-08; file downloaded by the author 2026-09-25 with $limit=500000 (complete: annual sums match CCC annual report within 0.4%). Product category ""Buds"" (excludes pre-rolls, shake/trim, kief), all units of measure."
MA,2025-02,month,75,flower_sold_grams_adult_use,11727554.35,grams,"Massachusetts Cannabis Control Commission Open Data, ""Marijuana Establishment Facility Sales and Statistics (by day and product type)""",https://masscannabiscontrol.com/resource/a_sales_au_gross.csv,2026-09-25,"DERIVED by agent: sum of daily rows (SALEDATE in month) across Retail and delivery data types in CCC dataset a_sales_au_gross, CCCLastUpdated 2026-09-08; file downloaded by the author 2026-09-25 with $limit=500000 (complete: annual sums match CCC annual report within 0.4%). Product category ""Buds"", rows recorded in grams only; rows recorded in lb, oz, kg, mg or ea (under 0.2% of Buds dollars) are excluded because their quantities convert to implausible prices."
MA,2025-03,month,76,total_sales_usd_adult_use,136570188.45,usd,"Massachusetts Cannabis Control Commission Open Data, ""Marijuana Establishment Facility Sales and Statistics (by day and product type)""",https://masscannabiscontrol.com/resource/a_sales_au_gross.csv,2026-09-25,"DERIVED by agent: sum of daily rows (SALEDATE in month) across Retail and delivery data types in CCC dataset a_sales_au_gross, CCCLastUpdated 2026-09-08; file downloaded by the author 2026-09-25 with $limit=500000 (complete: annual sums match CCC annual report within 0.4%). All product categories."
MA,2025-03,month,76,flower_sales_usd_adult_use,55370317.21,usd,"Massachusetts Cannabis Control Commission Open Data, ""Marijuana Establishment Facility Sales and Statistics (by day and product type)""",https://masscannabiscontrol.com/resource/a_sales_au_gross.csv,2026-09-25,"DERIVED by agent: sum of daily rows (SALEDATE in month) across Retail and delivery data types in CCC dataset a_sales_au_gross, CCCLastUpdated 2026-09-08; file downloaded by the author 2026-09-25 with $limit=500000 (complete: annual sums match CCC annual report within 0.4%). Product category ""Buds"" (excludes pre-rolls, shake/trim, kief), all units of measure."
MA,2025-03,month,76,flower_sold_grams_adult_use,13001159.81,grams,"Massachusetts Cannabis Control Commission Open Data, ""Marijuana Establishment Facility Sales and Statistics (by day and product type)""",https://masscannabiscontrol.com/resource/a_sales_au_gross.csv,2026-09-25,"DERIVED by agent: sum of daily rows (SALEDATE in month) across Retail and delivery data types in CCC dataset a_sales_au_gross, CCCLastUpdated 2026-09-08; file downloaded by the author 2026-09-25 with $limit=500000 (complete: annual sums match CCC annual report within 0.4%). Product category ""Buds"", rows recorded in grams only; rows recorded in lb, oz, kg, mg or ea (under 0.2% of Buds dollars) are excluded because their quantities convert to implausible prices."
MA,2025-04,month,77,total_sales_usd_adult_use,134560063.45,usd,"Massachusetts Cannabis Control Commission Open Data, ""Marijuana Establishment Facility Sales and Statistics (by day and product type)""",https://masscannabiscontrol.com/resource/a_sales_au_gross.csv,2026-09-25,"DERIVED by agent: sum of daily rows (SALEDATE in month) across Retail and delivery data types in CCC dataset a_sales_au_gross, CCCLastUpdated 2026-09-08; file downloaded by the author 2026-09-25 with $limit=500000 (complete: annual sums match CCC annual report within 0.4%). All product categories."
MA,2025-04,month,77,flower_sales_usd_adult_use,54433009.36,usd,"Massachusetts Cannabis Control Commission Open Data, ""Marijuana Establishment Facility Sales and Statistics (by day and product type)""",https://masscannabiscontrol.com/resource/a_sales_au_gross.csv,2026-09-25,"DERIVED by agent: sum of daily rows (SALEDATE in month) across Retail and delivery data types in CCC dataset a_sales_au_gross, CCCLastUpdated 2026-09-08; file downloaded by the author 2026-09-25 with $limit=500000 (complete: annual sums match CCC annual report within 0.4%). Product category ""Buds"" (excludes pre-rolls, shake/trim, kief), all units of measure."
MA,2025-04,month,77,flower_sold_grams_adult_use,13230000.74,grams,"Massachusetts Cannabis Control Commission Open Data, ""Marijuana Establishment Facility Sales and Statistics (by day and product type)""",https://masscannabiscontrol.com/resource/a_sales_au_gross.csv,2026-09-25,"DERIVED by agent: sum of daily rows (SALEDATE in month) across Retail and delivery data types in CCC dataset a_sales_au_gross, CCCLastUpdated 2026-09-08; file downloaded by the author 2026-09-25 with $limit=500000 (complete: annual sums match CCC annual report within 0.4%). Product category ""Buds"", rows recorded in grams only; rows recorded in lb, oz, kg, mg or ea (under 0.2% of Buds dollars) are excluded because their quantities convert to implausible prices."
MA,2025-05,month,78,total_sales_usd_adult_use,142396124.45,usd,"Massachusetts Cannabis Control Commission Open Data, ""Marijuana Establishment Facility Sales and Statistics (by day and product type)""",https://masscannabiscontrol.com/resource/a_sales_au_gross.csv,2026-09-25,"DERIVED by agent: sum of daily rows (SALEDATE in month) across Retail and delivery data types in CCC dataset a_sales_au_gross, CCCLastUpdated 2026-09-08; file downloaded by the author 2026-09-25 with $limit=500000 (complete: annual sums match CCC annual report within 0.4%). All product categories."
MA,2025-05,month,78,flower_sales_usd_adult_use,57263937.05,usd,"Massachusetts Cannabis Control Commission Open Data, ""Marijuana Establishment Facility Sales and Statistics (by day and product type)""",https://masscannabiscontrol.com/resource/a_sales_au_gross.csv,2026-09-25,"DERIVED by agent: sum of daily rows (SALEDATE in month) across Retail and delivery data types in CCC dataset a_sales_au_gross, CCCLastUpdated 2026-09-08; file downloaded by the author 2026-09-25 with $limit=500000 (complete: annual sums match CCC annual report within 0.4%). Product category ""Buds"" (excludes pre-rolls, shake/trim, kief), all units of measure."
MA,2025-05,month,78,flower_sold_grams_adult_use,13677489.57,grams,"Massachusetts Cannabis Control Commission Open Data, ""Marijuana Establishment Facility Sales and Statistics (by day and product type)""",https://masscannabiscontrol.com/resource/a_sales_au_gross.csv,2026-09-25,"DERIVED by agent: sum of daily rows (SALEDATE in month) across Retail and delivery data types in CCC dataset a_sales_au_gross, CCCLastUpdated 2026-09-08; file downloaded by the author 2026-09-25 with $limit=500000 (complete: annual sums match CCC annual report within 0.4%). Product category ""Buds"", rows recorded in grams only; rows recorded in lb, oz, kg, mg or ea (under 0.2% of Buds dollars) are excluded because their quantities convert to implausible prices."
MA,2025-06,month,79,total_sales_usd_adult_use,136568927.06,usd,"Massachusetts Cannabis Control Commission Open Data, ""Marijuana Establishment Facility Sales and Statistics (by day and product type)""",https://masscannabiscontrol.com/resource/a_sales_au_gross.csv,2026-09-25,"DERIVED by agent: sum of daily rows (SALEDATE in month) across Retail and delivery data types in CCC dataset a_sales_au_gross, CCCLastUpdated 2026-09-08; file downloaded by the author 2026-09-25 with $limit=500000 (complete: annual sums match CCC annual report within 0.4%). All product categories."
MA,2025-06,month,79,flower_sales_usd_adult_use,54445425.11,usd,"Massachusetts Cannabis Control Commission Open Data, ""Marijuana Establishment Facility Sales and Statistics (by day and product type)""",https://masscannabiscontrol.com/resource/a_sales_au_gross.csv,2026-09-25,"DERIVED by agent: sum of daily rows (SALEDATE in month) across Retail and delivery data types in CCC dataset a_sales_au_gross, CCCLastUpdated 2026-09-08; file downloaded by the author 2026-09-25 with $limit=500000 (complete: annual sums match CCC annual report within 0.4%). Product category ""Buds"" (excludes pre-rolls, shake/trim, kief), all units of measure."
MA,2025-06,month,79,flower_sold_grams_adult_use,13054235.31,grams,"Massachusetts Cannabis Control Commission Open Data, ""Marijuana Establishment Facility Sales and Statistics (by day and product type)""",https://masscannabiscontrol.com/resource/a_sales_au_gross.csv,2026-09-25,"DERIVED by agent: sum of daily rows (SALEDATE in month) across Retail and delivery data types in CCC dataset a_sales_au_gross, CCCLastUpdated 2026-09-08; file downloaded by the author 2026-09-25 with $limit=500000 (complete: annual sums match CCC annual report within 0.4%). Product category ""Buds"", rows recorded in grams only; rows recorded in lb, oz, kg, mg or ea (under 0.2% of Buds dollars) are excluded because their quantities convert to implausible prices."
MA,2025-07,month,80,total_sales_usd_adult_use,144074228.58,usd,"Massachusetts Cannabis Control Commission Open Data, ""Marijuana Establishment Facility Sales and Statistics (by day and product type)""",https://masscannabiscontrol.com/resource/a_sales_au_gross.csv,2026-09-25,"DERIVED by agent: sum of daily rows (SALEDATE in month) across Retail and delivery data types in CCC dataset a_sales_au_gross, CCCLastUpdated 2026-09-08; file downloaded by the author 2026-09-25 with $limit=500000 (complete: annual sums match CCC annual report within 0.4%). All product categories."
MA,2025-07,month,80,flower_sales_usd_adult_use,57029562.56,usd,"Massachusetts Cannabis Control Commission Open Data, ""Marijuana Establishment Facility Sales and Statistics (by day and product type)""",https://masscannabiscontrol.com/resource/a_sales_au_gross.csv,2026-09-25,"DERIVED by agent: sum of daily rows (SALEDATE in month) across Retail and delivery data types in CCC dataset a_sales_au_gross, CCCLastUpdated 2026-09-08; file downloaded by the author 2026-09-25 with $limit=500000 (complete: annual sums match CCC annual report within 0.4%). Product category ""Buds"" (excludes pre-rolls, shake/trim, kief), all units of measure."
MA,2025-07,month,80,flower_sold_grams_adult_use,13895114.63,grams,"Massachusetts Cannabis Control Commission Open Data, ""Marijuana Establishment Facility Sales and Statistics (by day and product type)""",https://masscannabiscontrol.com/resource/a_sales_au_gross.csv,2026-09-25,"DERIVED by agent: sum of daily rows (SALEDATE in month) across Retail and delivery data types in CCC dataset a_sales_au_gross, CCCLastUpdated 2026-09-08; file downloaded by the author 2026-09-25 with $limit=500000 (complete: annual sums match CCC annual report within 0.4%). Product category ""Buds"", rows recorded in grams only; rows recorded in lb, oz, kg, mg or ea (under 0.2% of Buds dollars) are excluded because their quantities convert to implausible prices."
MA,2025-08,month,81,total_sales_usd_adult_use,146706671.98,usd,"Massachusetts Cannabis Control Commission Open Data, ""Marijuana Establishment Facility Sales and Statistics (by day and product type)""",https://masscannabiscontrol.com/resource/a_sales_au_gross.csv,2026-09-25,"DERIVED by agent: sum of daily rows (SALEDATE in month) across Retail and delivery data types in CCC dataset a_sales_au_gross, CCCLastUpdated 2026-09-08; file downloaded by the author 2026-09-25 with $limit=500000 (complete: annual sums match CCC annual report within 0.4%). All product categories."
MA,2025-08,month,81,flower_sales_usd_adult_use,58034716.63,usd,"Massachusetts Cannabis Control Commission Open Data, ""Marijuana Establishment Facility Sales and Statistics (by day and product type)""",https://masscannabiscontrol.com/resource/a_sales_au_gross.csv,2026-09-25,"DERIVED by agent: sum of daily rows (SALEDATE in month) across Retail and delivery data types in CCC dataset a_sales_au_gross, CCCLastUpdated 2026-09-08; file downloaded by the author 2026-09-25 with $limit=500000 (complete: annual sums match CCC annual report within 0.4%). Product category ""Buds"" (excludes pre-rolls, shake/trim, kief), all units of measure."
MA,2025-08,month,81,flower_sold_grams_adult_use,14164281.34,grams,"Massachusetts Cannabis Control Commission Open Data, ""Marijuana Establishment Facility Sales and Statistics (by day and product type)""",https://masscannabiscontrol.com/resource/a_sales_au_gross.csv,2026-09-25,"DERIVED by agent: sum of daily rows (SALEDATE in month) across Retail and delivery data types in CCC dataset a_sales_au_gross, CCCLastUpdated 2026-09-08; file downloaded by the author 2026-09-25 with $limit=500000 (complete: annual sums match CCC annual report within 0.4%). Product category ""Buds"", rows recorded in grams only; rows recorded in lb, oz, kg, mg or ea (under 0.2% of Buds dollars) are excluded because their quantities convert to implausible prices."
MA,2025-09,month,82,total_sales_usd_adult_use,135705932.52,usd,"Massachusetts Cannabis Control Commission Open Data, ""Marijuana Establishment Facility Sales and Statistics (by day and product type)""",https://masscannabiscontrol.com/resource/a_sales_au_gross.csv,2026-09-25,"DERIVED by agent: sum of daily rows (SALEDATE in month) across Retail and delivery data types in CCC dataset a_sales_au_gross, CCCLastUpdated 2026-09-08; file downloaded by the author 2026-09-25 with $limit=500000 (complete: annual sums match CCC annual report within 0.4%). All product categories."
MA,2025-09,month,82,flower_sales_usd_adult_use,54592661.09,usd,"Massachusetts Cannabis Control Commission Open Data, ""Marijuana Establishment Facility Sales and Statistics (by day and product type)""",https://masscannabiscontrol.com/resource/a_sales_au_gross.csv,2026-09-25,"DERIVED by agent: sum of daily rows (SALEDATE in month) across Retail and delivery data types in CCC dataset a_sales_au_gross, CCCLastUpdated 2026-09-08; file downloaded by the author 2026-09-25 with $limit=500000 (complete: annual sums match CCC annual report within 0.4%). Product category ""Buds"" (excludes pre-rolls, shake/trim, kief), all units of measure."
MA,2025-09,month,82,flower_sold_grams_adult_use,13443330.21,grams,"Massachusetts Cannabis Control Commission Open Data, ""Marijuana Establishment Facility Sales and Statistics (by day and product type)""",https://masscannabiscontrol.com/resource/a_sales_au_gross.csv,2026-09-25,"DERIVED by agent: sum of daily rows (SALEDATE in month) across Retail and delivery data types in CCC dataset a_sales_au_gross, CCCLastUpdated 2026-09-08; file downloaded by the author 2026-09-25 with $limit=500000 (complete: annual sums match CCC annual report within 0.4%). Product category ""Buds"", rows recorded in grams only; rows recorded in lb, oz, kg, mg or ea (under 0.2% of Buds dollars) are excluded because their quantities convert to implausible prices."
MA,2025-10,month,83,total_sales_usd_adult_use,141618523.43,usd,"Massachusetts Cannabis Control Commission Open Data, ""Marijuana Establishment Facility Sales and Statistics (by day and product type)""",https://masscannabiscontrol.com/resource/a_sales_au_gross.csv,2026-09-25,"DERIVED by agent: sum of daily rows (SALEDATE in month) across Retail and delivery data types in CCC dataset a_sales_au_gross, CCCLastUpdated 2026-09-08; file downloaded by the author 2026-09-25 with $limit=500000 (complete: annual sums match CCC annual report within 0.4%). All product categories."
MA,2025-10,month,83,flower_sales_usd_adult_use,56392226.02,usd,"Massachusetts Cannabis Control Commission Open Data, ""Marijuana Establishment Facility Sales and Statistics (by day and product type)""",https://masscannabiscontrol.com/resource/a_sales_au_gross.csv,2026-09-25,"DERIVED by agent: sum of daily rows (SALEDATE in month) across Retail and delivery data types in CCC dataset a_sales_au_gross, CCCLastUpdated 2026-09-08; file downloaded by the author 2026-09-25 with $limit=500000 (complete: annual sums match CCC annual report within 0.4%). Product category ""Buds"" (excludes pre-rolls, shake/trim, kief), all units of measure."
MA,2025-10,month,83,flower_sold_grams_adult_use,13942138.19,grams,"Massachusetts Cannabis Control Commission Open Data, ""Marijuana Establishment Facility Sales and Statistics (by day and product type)""",https://masscannabiscontrol.com/resource/a_sales_au_gross.csv,2026-09-25,"DERIVED by agent: sum of daily rows (SALEDATE in month) across Retail and delivery data types in CCC dataset a_sales_au_gross, CCCLastUpdated 2026-09-08; file downloaded by the author 2026-09-25 with $limit=500000 (complete: annual sums match CCC annual report within 0.4%). Product category ""Buds"", rows recorded in grams only; rows recorded in lb, oz, kg, mg or ea (under 0.2% of Buds dollars) are excluded because their quantities convert to implausible prices."
MA,2025-11,month,84,total_sales_usd_adult_use,135241524.04,usd,"Massachusetts Cannabis Control Commission Open Data, ""Marijuana Establishment Facility Sales and Statistics (by day and product type)""",https://masscannabiscontrol.com/resource/a_sales_au_gross.csv,2026-09-25,"DERIVED by agent: sum of daily rows (SALEDATE in month) across Retail and delivery data types in CCC dataset a_sales_au_gross, CCCLastUpdated 2026-09-08; file downloaded by the author 2026-09-25 with $limit=500000 (complete: annual sums match CCC annual report within 0.4%). All product categories."
MA,2025-11,month,84,flower_sales_usd_adult_use,53329273.86,usd,"Massachusetts Cannabis Control Commission Open Data, ""Marijuana Establishment Facility Sales and Statistics (by day and product type)""",https://masscannabiscontrol.com/resource/a_sales_au_gross.csv,2026-09-25,"DERIVED by agent: sum of daily rows (SALEDATE in month) across Retail and delivery data types in CCC dataset a_sales_au_gross, CCCLastUpdated 2026-09-08; file downloaded by the author 2026-09-25 with $limit=500000 (complete: annual sums match CCC annual report within 0.4%). Product category ""Buds"" (excludes pre-rolls, shake/trim, kief), all units of measure."
MA,2025-11,month,84,flower_sold_grams_adult_use,13431762.28,grams,"Massachusetts Cannabis Control Commission Open Data, ""Marijuana Establishment Facility Sales and Statistics (by day and product type)""",https://masscannabiscontrol.com/resource/a_sales_au_gross.csv,2026-09-25,"DERIVED by agent: sum of daily rows (SALEDATE in month) across Retail and delivery data types in CCC dataset a_sales_au_gross, CCCLastUpdated 2026-09-08; file downloaded by the author 2026-09-25 with $limit=500000 (complete: annual sums match CCC annual report within 0.4%). Product category ""Buds"", rows recorded in grams only; rows recorded in lb, oz, kg, mg or ea (under 0.2% of Buds dollars) are excluded because their quantities convert to implausible prices."
MA,2025-12,month,85,total_sales_usd_adult_use,142311905.18,usd,"Massachusetts Cannabis Control Commission Open Data, ""Marijuana Establishment Facility Sales and Statistics (by day and product type)""",https://masscannabiscontrol.com/resource/a_sales_au_gross.csv,2026-09-25,"DERIVED by agent: sum of daily rows (SALEDATE in month) across Retail and delivery data types in CCC dataset a_sales_au_gross, CCCLastUpdated 2026-09-08; file downloaded by the author 2026-09-25 with $limit=500000 (complete: annual sums match CCC annual report within 0.4%). All product categories."
MA,2025-12,month,85,flower_sales_usd_adult_use,55633339.35,usd,"Massachusetts Cannabis Control Commission Open Data, ""Marijuana Establishment Facility Sales and Statistics (by day and product type)""",https://masscannabiscontrol.com/resource/a_sales_au_gross.csv,2026-09-25,"DERIVED by agent: sum of daily rows (SALEDATE in month) across Retail and delivery data types in CCC dataset a_sales_au_gross, CCCLastUpdated 2026-09-08; file downloaded by the author 2026-09-25 with $limit=500000 (complete: annual sums match CCC annual report within 0.4%). Product category ""Buds"" (excludes pre-rolls, shake/trim, kief), all units of measure."
MA,2025-12,month,85,flower_sold_grams_adult_use,13997401.16,grams,"Massachusetts Cannabis Control Commission Open Data, ""Marijuana Establishment Facility Sales and Statistics (by day and product type)""",https://masscannabiscontrol.com/resource/a_sales_au_gross.csv,2026-09-25,"DERIVED by agent: sum of daily rows (SALEDATE in month) across Retail and delivery data types in CCC dataset a_sales_au_gross, CCCLastUpdated 2026-09-08; file downloaded by the author 2026-09-25 with $limit=500000 (complete: annual sums match CCC annual report within 0.4%). Product category ""Buds"", rows recorded in grams only; rows recorded in lb, oz, kg, mg or ea (under 0.2% of Buds dollars) are excluded because their quantities convert to implausible prices."
MA,2026-01,month,86,total_sales_usd_adult_use,135456774.39,usd,"Massachusetts Cannabis Control Commission Open Data, ""Marijuana Establishment Facility Sales and Statistics (by day and product type)""",https://masscannabiscontrol.com/resource/a_sales_au_gross.csv,2026-09-25,"DERIVED by agent: sum of daily rows (SALEDATE in month) across Retail and delivery data types in CCC dataset a_sales_au_gross, CCCLastUpdated 2026-09-08; file downloaded by the author 2026-09-25 with $limit=500000 (complete: annual sums match CCC annual report within 0.4%). All product categories."
MA,2026-01,month,86,flower_sales_usd_adult_use,54446844.61,usd,"Massachusetts Cannabis Control Commission Open Data, ""Marijuana Establishment Facility Sales and Statistics (by day and product type)""",https://masscannabiscontrol.com/resource/a_sales_au_gross.csv,2026-09-25,"DERIVED by agent: sum of daily rows (SALEDATE in month) across Retail and delivery data types in CCC dataset a_sales_au_gross, CCCLastUpdated 2026-09-08; file downloaded by the author 2026-09-25 with $limit=500000 (complete: annual sums match CCC annual report within 0.4%). Product category ""Buds"" (excludes pre-rolls, shake/trim, kief), all units of measure."
MA,2026-01,month,86,flower_sold_grams_adult_use,13534192.14,grams,"Massachusetts Cannabis Control Commission Open Data, ""Marijuana Establishment Facility Sales and Statistics (by day and product type)""",https://masscannabiscontrol.com/resource/a_sales_au_gross.csv,2026-09-25,"DERIVED by agent: sum of daily rows (SALEDATE in month) across Retail and delivery data types in CCC dataset a_sales_au_gross, CCCLastUpdated 2026-09-08; file downloaded by the author 2026-09-25 with $limit=500000 (complete: annual sums match CCC annual report within 0.4%). Product category ""Buds"", rows recorded in grams only; rows recorded in lb, oz, kg, mg or ea (under 0.2% of Buds dollars) are excluded because their quantities convert to implausible prices."
MA,2026-02,month,87,total_sales_usd_adult_use,124364091.26,usd,"Massachusetts Cannabis Control Commission Open Data, ""Marijuana Establishment Facility Sales and Statistics (by day and product type)""",https://masscannabiscontrol.com/resource/a_sales_au_gross.csv,2026-09-25,"DERIVED by agent: sum of daily rows (SALEDATE in month) across Retail and delivery data types in CCC dataset a_sales_au_gross, CCCLastUpdated 2026-09-08; file downloaded by the author 2026-09-25 with $limit=500000 (complete: annual sums match CCC annual report within 0.4%). All product categories."
MA,2026-02,month,87,flower_sales_usd_adult_use,49940447.69,usd,"Massachusetts Cannabis Control Commission Open Data, ""Marijuana Establishment Facility Sales and Statistics (by day and product type)""",https://masscannabiscontrol.com/resource/a_sales_au_gross.csv,2026-09-25,"DERIVED by agent: sum of daily rows (SALEDATE in month) across Retail and delivery data types in CCC dataset a_sales_au_gross, CCCLastUpdated 2026-09-08; file downloaded by the author 2026-09-25 with $limit=500000 (complete: annual sums match CCC annual report within 0.4%). Product category ""Buds"" (excludes pre-rolls, shake/trim, kief), all units of measure."
MA,2026-02,month,87,flower_sold_grams_adult_use,12422675.79,grams,"Massachusetts Cannabis Control Commission Open Data, ""Marijuana Establishment Facility Sales and Statistics (by day and product type)""",https://masscannabiscontrol.com/resource/a_sales_au_gross.csv,2026-09-25,"DERIVED by agent: sum of daily rows (SALEDATE in month) across Retail and delivery data types in CCC dataset a_sales_au_gross, CCCLastUpdated 2026-09-08; file downloaded by the author 2026-09-25 with $limit=500000 (complete: annual sums match CCC annual report within 0.4%). Product category ""Buds"", rows recorded in grams only; rows recorded in lb, oz, kg, mg or ea (under 0.2% of Buds dollars) are excluded because their quantities convert to implausible prices."
MA,2026-03,month,88,total_sales_usd_adult_use,135977453.88,usd,"Massachusetts Cannabis Control Commission Open Data, ""Marijuana Establishment Facility Sales and Statistics (by day and product type)""",https://masscannabiscontrol.com/resource/a_sales_au_gross.csv,2026-09-25,"DERIVED by agent: sum of daily rows (SALEDATE in month) across Retail and delivery data types in CCC dataset a_sales_au_gross, CCCLastUpdated 2026-09-08; file downloaded by the author 2026-09-25 with $limit=500000 (complete: annual sums match CCC annual report within 0.4%). All product categories."
MA,2026-03,month,88,flower_sales_usd_adult_use,54264560.67,usd,"Massachusetts Cannabis Control Commission Open Data, ""Marijuana Establishment Facility Sales and Statistics (by day and product type)""",https://masscannabiscontrol.com/resource/a_sales_au_gross.csv,2026-09-25,"DERIVED by agent: sum of daily rows (SALEDATE in month) across Retail and delivery data types in CCC dataset a_sales_au_gross, CCCLastUpdated 2026-09-08; file downloaded by the author 2026-09-25 with $limit=500000 (complete: annual sums match CCC annual report within 0.4%). Product category ""Buds"" (excludes pre-rolls, shake/trim, kief), all units of measure."
MA,2026-03,month,88,flower_sold_grams_adult_use,13562923.06,grams,"Massachusetts Cannabis Control Commission Open Data, ""Marijuana Establishment Facility Sales and Statistics (by day and product type)""",https://masscannabiscontrol.com/resource/a_sales_au_gross.csv,2026-09-25,"DERIVED by agent: sum of daily rows (SALEDATE in month) across Retail and delivery data types in CCC dataset a_sales_au_gross, CCCLastUpdated 2026-09-08; file downloaded by the author 2026-09-25 with $limit=500000 (complete: annual sums match CCC annual report within 0.4%). Product category ""Buds"", rows recorded in grams only; rows recorded in lb, oz, kg, mg or ea (under 0.2% of Buds dollars) are excluded because their quantities convert to implausible prices."
MA,2026-04,month,89,total_sales_usd_adult_use,137850533.89,usd,"Massachusetts Cannabis Control Commission Open Data, ""Marijuana Establishment Facility Sales and Statistics (by day and product type)""",https://masscannabiscontrol.com/resource/a_sales_au_gross.csv,2026-09-25,"DERIVED by agent: sum of daily rows (SALEDATE in month) across Retail and delivery data types in CCC dataset a_sales_au_gross, CCCLastUpdated 2026-09-08; file downloaded by the author 2026-09-25 with $limit=500000 (complete: annual sums match CCC annual report within 0.4%). All product categories."
MA,2026-04,month,89,flower_sales_usd_adult_use,54281699.56,usd,"Massachusetts Cannabis Control Commission Open Data, ""Marijuana Establishment Facility Sales and Statistics (by day and product type)""",https://masscannabiscontrol.com/resource/a_sales_au_gross.csv,2026-09-25,"DERIVED by agent: sum of daily rows (SALEDATE in month) across Retail and delivery data types in CCC dataset a_sales_au_gross, CCCLastUpdated 2026-09-08; file downloaded by the author 2026-09-25 with $limit=500000 (complete: annual sums match CCC annual report within 0.4%). Product category ""Buds"" (excludes pre-rolls, shake/trim, kief), all units of measure."
MA,2026-04,month,89,flower_sold_grams_adult_use,14089465.92,grams,"Massachusetts Cannabis Control Commission Open Data, ""Marijuana Establishment Facility Sales and Statistics (by day and product type)""",https://masscannabiscontrol.com/resource/a_sales_au_gross.csv,2026-09-25,"DERIVED by agent: sum of daily rows (SALEDATE in month) across Retail and delivery data types in CCC dataset a_sales_au_gross, CCCLastUpdated 2026-09-08; file downloaded by the author 2026-09-25 with $limit=500000 (complete: annual sums match CCC annual report within 0.4%). Product category ""Buds"", rows recorded in grams only; rows recorded in lb, oz, kg, mg or ea (under 0.2% of Buds dollars) are excluded because their quantities convert to implausible prices."
MA,2026-05,month,90,total_sales_usd_adult_use,144207935.32,usd,"Massachusetts Cannabis Control Commission Open Data, ""Marijuana Establishment Facility Sales and Statistics (by day and product type)""",https://masscannabiscontrol.com/resource/a_sales_au_gross.csv,2026-09-25,"DERIVED by agent: sum of daily rows (SALEDATE in month) across Retail and delivery data types in CCC dataset a_sales_au_gross, CCCLastUpdated 2026-09-08; file downloaded by the author 2026-09-25 with $limit=500000 (complete: annual sums match CCC annual report within 0.4%). All product categories."
MA,2026-05,month,90,flower_sales_usd_adult_use,56081205.16,usd,"Massachusetts Cannabis Control Commission Open Data, ""Marijuana Establishment Facility Sales and Statistics (by day and product type)""",https://masscannabiscontrol.com/resource/a_sales_au_gross.csv,2026-09-25,"DERIVED by agent: sum of daily rows (SALEDATE in month) across Retail and delivery data types in CCC dataset a_sales_au_gross, CCCLastUpdated 2026-09-08; file downloaded by the author 2026-09-25 with $limit=500000 (complete: annual sums match CCC annual report within 0.4%). Product category ""Buds"" (excludes pre-rolls, shake/trim, kief), all units of measure."
MA,2026-05,month,90,flower_sold_grams_adult_use,14537701.28,grams,"Massachusetts Cannabis Control Commission Open Data, ""Marijuana Establishment Facility Sales and Statistics (by day and product type)""",https://masscannabiscontrol.com/resource/a_sales_au_gross.csv,2026-09-25,"DERIVED by agent: sum of daily rows (SALEDATE in month) across Retail and delivery data types in CCC dataset a_sales_au_gross, CCCLastUpdated 2026-09-08; file downloaded by the author 2026-09-25 with $limit=500000 (complete: annual sums match CCC annual report within 0.4%). Product category ""Buds"", rows recorded in grams only; rows recorded in lb, oz, kg, mg or ea (under 0.2% of Buds dollars) are excluded because their quantities convert to implausible prices."
MA,2026-06,month,91,total_sales_usd_adult_use,156386091.13,usd,"Massachusetts Cannabis Control Commission Open Data, ""Marijuana Establishment Facility Sales and Statistics (by day and product type)""",https://masscannabiscontrol.com/resource/a_sales_au_gross.csv,2026-09-25,"DERIVED by agent: sum of daily rows (SALEDATE in month) across Retail and delivery data types in CCC dataset a_sales_au_gross, CCCLastUpdated 2026-09-08; file downloaded by the author 2026-09-25 with $limit=500000 (complete: annual sums match CCC annual report within 0.4%). All product categories."
MA,2026-06,month,91,flower_sales_usd_adult_use,60251715.52,usd,"Massachusetts Cannabis Control Commission Open Data, ""Marijuana Establishment Facility Sales and Statistics (by day and product type)""",https://masscannabiscontrol.com/resource/a_sales_au_gross.csv,2026-09-25,"DERIVED by agent: sum of daily rows (SALEDATE in month) across Retail and delivery data types in CCC dataset a_sales_au_gross, CCCLastUpdated 2026-09-08; file downloaded by the author 2026-09-25 with $limit=500000 (complete: annual sums match CCC annual report within 0.4%). Product category ""Buds"" (excludes pre-rolls, shake/trim, kief), all units of measure."
MA,2026-06,month,91,flower_sold_grams_adult_use,15686389.14,grams,"Massachusetts Cannabis Control Commission Open Data, ""Marijuana Establishment Facility Sales and Statistics (by day and product type)""",https://masscannabiscontrol.com/resource/a_sales_au_gross.csv,2026-09-25,"DERIVED by agent: sum of daily rows (SALEDATE in month) across Retail and delivery data types in CCC dataset a_sales_au_gross, CCCLastUpdated 2026-09-08; file downloaded by the author 2026-09-25 with $limit=500000 (complete: annual sums match CCC annual report within 0.4%). Product category ""Buds"", rows recorded in grams only; rows recorded in lb, oz, kg, mg or ea (under 0.2% of Buds dollars) are excluded because their quantities convert to implausible prices."
MA,2026-07,month,92,total_sales_usd_adult_use,149282171.9,usd,"Massachusetts Cannabis Control Commission Open Data, ""Marijuana Establishment Facility Sales and Statistics (by day and product type)""",https://masscannabiscontrol.com/resource/a_sales_au_gross.csv,2026-09-25,"DERIVED by agent: sum of daily rows (SALEDATE in month) across Retail and delivery data types in CCC dataset a_sales_au_gross, CCCLastUpdated 2026-09-08; file downloaded by the author 2026-09-25 with $limit=500000 (complete: annual sums match CCC annual report within 0.4%). All product categories."
MA,2026-07,month,92,flower_sales_usd_adult_use,57108797.02,usd,"Massachusetts Cannabis Control Commission Open Data, ""Marijuana Establishment Facility Sales and Statistics (by day and product type)""",https://masscannabiscontrol.com/resource/a_sales_au_gross.csv,2026-09-25,"DERIVED by agent: sum of daily rows (SALEDATE in month) across Retail and delivery data types in CCC dataset a_sales_au_gross, CCCLastUpdated 2026-09-08; file downloaded by the author 2026-09-25 with $limit=500000 (complete: annual sums match CCC annual report within 0.4%). Product category ""Buds"" (excludes pre-rolls, shake/trim, kief), all units of measure."
MA,2026-07,month,92,flower_sold_grams_adult_use,15034606.48,grams,"Massachusetts Cannabis Control Commission Open Data, ""Marijuana Establishment Facility Sales and Statistics (by day and product type)""",https://masscannabiscontrol.com/resource/a_sales_au_gross.csv,2026-09-25,"DERIVED by agent: sum of daily rows (SALEDATE in month) across Retail and delivery data types in CCC dataset a_sales_au_gross, CCCLastUpdated 2026-09-08; file downloaded by the author 2026-09-25 with $limit=500000 (complete: annual sums match CCC annual report within 0.4%). Product category ""Buds"", rows recorded in grams only; rows recorded in lb, oz, kg, mg or ea (under 0.2% of Buds dollars) are excluded because their quantities convert to implausible prices."
MA,2026-08,month,93,total_sales_usd_adult_use,144882484.49,usd,"Massachusetts Cannabis Control Commission Open Data, ""Marijuana Establishment Facility Sales and Statistics (by day and product type)""",https://masscannabiscontrol.com/resource/a_sales_au_gross.csv,2026-09-25,"DERIVED by agent: sum of daily rows (SALEDATE in month) across Retail and delivery data types in CCC dataset a_sales_au_gross, CCCLastUpdated 2026-09-08; file downloaded by the author 2026-09-25 with $limit=500000 (complete: annual sums match CCC annual report within 0.4%). All product categories."
MA,2026-08,month,93,flower_sales_usd_adult_use,55686360.35,usd,"Massachusetts Cannabis Control Commission Open Data, ""Marijuana Establishment Facility Sales and Statistics (by day and product type)""",https://masscannabiscontrol.com/resource/a_sales_au_gross.csv,2026-09-25,"DERIVED by agent: sum of daily rows (SALEDATE in month) across Retail and delivery data types in CCC dataset a_sales_au_gross, CCCLastUpdated 2026-09-08; file downloaded by the author 2026-09-25 with $limit=500000 (complete: annual sums match CCC annual report within 0.4%). Product category ""Buds"" (excludes pre-rolls, shake/trim, kief), all units of measure."
MA,2026-08,month,93,flower_sold_grams_adult_use,14710284.48,grams,"Massachusetts Cannabis Control Commission Open Data, ""Marijuana Establishment Facility Sales and Statistics (by day and product type)""",https://masscannabiscontrol.com/resource/a_sales_au_gross.csv,2026-09-25,"DERIVED by agent: sum of daily rows (SALEDATE in month) across Retail and delivery data types in CCC dataset a_sales_au_gross, CCCLastUpdated 2026-09-08; file downloaded by the author 2026-09-25 with $limit=500000 (complete: annual sums match CCC annual report within 0.4%). Product category ""Buds"", rows recorded in grams only; rows recorded in lb, oz, kg, mg or ea (under 0.2% of Buds dollars) are excluded because their quantities convert to implausible prices."
MA,2018-11,month,0,total_sales_usd_medical,255684.1,usd,"Massachusetts Cannabis Control Commission Open Data, ""Medical Marijuana Establishments (MMEs) - Facility Sales""",https://masscannabiscontrol.com/resource/a_sales_mtc_gross.csv,2026-09-25,"DERIVED by agent: sum of daily rows (SALEDATE in month) across Retail and delivery data types in CCC dataset a_sales_mtc_gross, CCCLastUpdated 2026-09-08; file downloaded by the author 2026-09-25 with $limit=500000 (complete: annual sums match CCC annual report within 0.4%). All product categories. First month of the dataset."
MA,2018-11,month,0,flower_sales_usd_medical,119622.7,usd,"Massachusetts Cannabis Control Commission Open Data, ""Medical Marijuana Establishments (MMEs) - Facility Sales""",https://masscannabiscontrol.com/resource/a_sales_mtc_gross.csv,2026-09-25,"DERIVED by agent: sum of daily rows (SALEDATE in month) across Retail and delivery data types in CCC dataset a_sales_mtc_gross, CCCLastUpdated 2026-09-08; file downloaded by the author 2026-09-25 with $limit=500000 (complete: annual sums match CCC annual report within 0.4%). Product category ""Buds"" (excludes pre-rolls, shake/trim, kief), all units of measure. First month of the dataset."
MA,2018-11,month,0,flower_sold_grams_medical,10797.12,grams,"Massachusetts Cannabis Control Commission Open Data, ""Medical Marijuana Establishments (MMEs) - Facility Sales""",https://masscannabiscontrol.com/resource/a_sales_mtc_gross.csv,2026-09-25,"DERIVED by agent: sum of daily rows (SALEDATE in month) across Retail and delivery data types in CCC dataset a_sales_mtc_gross, CCCLastUpdated 2026-09-08; file downloaded by the author 2026-09-25 with $limit=500000 (complete: annual sums match CCC annual report within 0.4%). Product category ""Buds"", rows recorded in grams only; rows recorded in lb, oz, kg, mg or ea (under 0.2% of Buds dollars) are excluded because their quantities convert to implausible prices. First month of the dataset."
MA,2018-12,month,1,total_sales_usd_medical,992177.76,usd,"Massachusetts Cannabis Control Commission Open Data, ""Medical Marijuana Establishments (MMEs) - Facility Sales""",https://masscannabiscontrol.com/resource/a_sales_mtc_gross.csv,2026-09-25,"DERIVED by agent: sum of daily rows (SALEDATE in month) across Retail and delivery data types in CCC dataset a_sales_mtc_gross, CCCLastUpdated 2026-09-08; file downloaded by the author 2026-09-25 with $limit=500000 (complete: annual sums match CCC annual report within 0.4%). All product categories."
MA,2018-12,month,1,flower_sales_usd_medical,459894.45,usd,"Massachusetts Cannabis Control Commission Open Data, ""Medical Marijuana Establishments (MMEs) - Facility Sales""",https://masscannabiscontrol.com/resource/a_sales_mtc_gross.csv,2026-09-25,"DERIVED by agent: sum of daily rows (SALEDATE in month) across Retail and delivery data types in CCC dataset a_sales_mtc_gross, CCCLastUpdated 2026-09-08; file downloaded by the author 2026-09-25 with $limit=500000 (complete: annual sums match CCC annual report within 0.4%). Product category ""Buds"" (excludes pre-rolls, shake/trim, kief), all units of measure."
MA,2018-12,month,1,flower_sold_grams_medical,40818.03,grams,"Massachusetts Cannabis Control Commission Open Data, ""Medical Marijuana Establishments (MMEs) - Facility Sales""",https://masscannabiscontrol.com/resource/a_sales_mtc_gross.csv,2026-09-25,"DERIVED by agent: sum of daily rows (SALEDATE in month) across Retail and delivery data types in CCC dataset a_sales_mtc_gross, CCCLastUpdated 2026-09-08; file downloaded by the author 2026-09-25 with $limit=500000 (complete: annual sums match CCC annual report within 0.4%). Product category ""Buds"", rows recorded in grams only; rows recorded in lb, oz, kg, mg or ea (under 0.2% of Buds dollars) are excluded because their quantities convert to implausible prices."
MA,2019-01,month,2,total_sales_usd_medical,1074575.57,usd,"Massachusetts Cannabis Control Commission Open Data, ""Medical Marijuana Establishments (MMEs) - Facility Sales""",https://masscannabiscontrol.com/resource/a_sales_mtc_gross.csv,2026-09-25,"DERIVED by agent: sum of daily rows (SALEDATE in month) across Retail and delivery data types in CCC dataset a_sales_mtc_gross, CCCLastUpdated 2026-09-08; file downloaded by the author 2026-09-25 with $limit=500000 (complete: annual sums match CCC annual report within 0.4%). All product categories."
MA,2019-01,month,2,flower_sales_usd_medical,497344.46,usd,"Massachusetts Cannabis Control Commission Open Data, ""Medical Marijuana Establishments (MMEs) - Facility Sales""",https://masscannabiscontrol.com/resource/a_sales_mtc_gross.csv,2026-09-25,"DERIVED by agent: sum of daily rows (SALEDATE in month) across Retail and delivery data types in CCC dataset a_sales_mtc_gross, CCCLastUpdated 2026-09-08; file downloaded by the author 2026-09-25 with $limit=500000 (complete: annual sums match CCC annual report within 0.4%). Product category ""Buds"" (excludes pre-rolls, shake/trim, kief), all units of measure."
MA,2019-01,month,2,flower_sold_grams_medical,45020.01,grams,"Massachusetts Cannabis Control Commission Open Data, ""Medical Marijuana Establishments (MMEs) - Facility Sales""",https://masscannabiscontrol.com/resource/a_sales_mtc_gross.csv,2026-09-25,"DERIVED by agent: sum of daily rows (SALEDATE in month) across Retail and delivery data types in CCC dataset a_sales_mtc_gross, CCCLastUpdated 2026-09-08; file downloaded by the author 2026-09-25 with $limit=500000 (complete: annual sums match CCC annual report within 0.4%). Product category ""Buds"", rows recorded in grams only; rows recorded in lb, oz, kg, mg or ea (under 0.2% of Buds dollars) are excluded because their quantities convert to implausible prices."
MA,2019-02,month,3,total_sales_usd_medical,1006523.55,usd,"Massachusetts Cannabis Control Commission Open Data, ""Medical Marijuana Establishments (MMEs) - Facility Sales""",https://masscannabiscontrol.com/resource/a_sales_mtc_gross.csv,2026-09-25,"DERIVED by agent: sum of daily rows (SALEDATE in month) across Retail and delivery data types in CCC dataset a_sales_mtc_gross, CCCLastUpdated 2026-09-08; file downloaded by the author 2026-09-25 with $limit=500000 (complete: annual sums match CCC annual report within 0.4%). All product categories."
MA,2019-02,month,3,flower_sales_usd_medical,459998.19,usd,"Massachusetts Cannabis Control Commission Open Data, ""Medical Marijuana Establishments (MMEs) - Facility Sales""",https://masscannabiscontrol.com/resource/a_sales_mtc_gross.csv,2026-09-25,"DERIVED by agent: sum of daily rows (SALEDATE in month) across Retail and delivery data types in CCC dataset a_sales_mtc_gross, CCCLastUpdated 2026-09-08; file downloaded by the author 2026-09-25 with $limit=500000 (complete: annual sums match CCC annual report within 0.4%). Product category ""Buds"" (excludes pre-rolls, shake/trim, kief), all units of measure."
MA,2019-02,month,3,flower_sold_grams_medical,42188.05,grams,"Massachusetts Cannabis Control Commission Open Data, ""Medical Marijuana Establishments (MMEs) - Facility Sales""",https://masscannabiscontrol.com/resource/a_sales_mtc_gross.csv,2026-09-25,"DERIVED by agent: sum of daily rows (SALEDATE in month) across Retail and delivery data types in CCC dataset a_sales_mtc_gross, CCCLastUpdated 2026-09-08; file downloaded by the author 2026-09-25 with $limit=500000 (complete: annual sums match CCC annual report within 0.4%). Product category ""Buds"", rows recorded in grams only; rows recorded in lb, oz, kg, mg or ea (under 0.2% of Buds dollars) are excluded because their quantities convert to implausible prices."
MA,2019-03,month,4,total_sales_usd_medical,1684383.8,usd,"Massachusetts Cannabis Control Commission Open Data, ""Medical Marijuana Establishments (MMEs) - Facility Sales""",https://masscannabiscontrol.com/resource/a_sales_mtc_gross.csv,2026-09-25,"DERIVED by agent: sum of daily rows (SALEDATE in month) across Retail and delivery data types in CCC dataset a_sales_mtc_gross, CCCLastUpdated 2026-09-08; file downloaded by the author 2026-09-25 with $limit=500000 (complete: annual sums match CCC annual report within 0.4%). All product categories."
MA,2019-03,month,4,flower_sales_usd_medical,690964.96,usd,"Massachusetts Cannabis Control Commission Open Data, ""Medical Marijuana Establishments (MMEs) - Facility Sales""",https://masscannabiscontrol.com/resource/a_sales_mtc_gross.csv,2026-09-25,"DERIVED by agent: sum of daily rows (SALEDATE in month) across Retail and delivery data types in CCC dataset a_sales_mtc_gross, CCCLastUpdated 2026-09-08; file downloaded by the author 2026-09-25 with $limit=500000 (complete: annual sums match CCC annual report within 0.4%). Product category ""Buds"" (excludes pre-rolls, shake/trim, kief), all units of measure."
MA,2019-03,month,4,flower_sold_grams_medical,62173.63,grams,"Massachusetts Cannabis Control Commission Open Data, ""Medical Marijuana Establishments (MMEs) - Facility Sales""",https://masscannabiscontrol.com/resource/a_sales_mtc_gross.csv,2026-09-25,"DERIVED by agent: sum of daily rows (SALEDATE in month) across Retail and delivery data types in CCC dataset a_sales_mtc_gross, CCCLastUpdated 2026-09-08; file downloaded by the author 2026-09-25 with $limit=500000 (complete: annual sums match CCC annual report within 0.4%). Product category ""Buds"", rows recorded in grams only; rows recorded in lb, oz, kg, mg or ea (under 0.2% of Buds dollars) are excluded because their quantities convert to implausible prices."
MA,2019-04,month,5,total_sales_usd_medical,6670395.16,usd,"Massachusetts Cannabis Control Commission Open Data, ""Medical Marijuana Establishments (MMEs) - Facility Sales""",https://masscannabiscontrol.com/resource/a_sales_mtc_gross.csv,2026-09-25,"DERIVED by agent: sum of daily rows (SALEDATE in month) across Retail and delivery data types in CCC dataset a_sales_mtc_gross, CCCLastUpdated 2026-09-08; file downloaded by the author 2026-09-25 with $limit=500000 (complete: annual sums match CCC annual report within 0.4%). All product categories."
MA,2019-04,month,5,flower_sales_usd_medical,2786518.65,usd,"Massachusetts Cannabis Control Commission Open Data, ""Medical Marijuana Establishments (MMEs) - Facility Sales""",https://masscannabiscontrol.com/resource/a_sales_mtc_gross.csv,2026-09-25,"DERIVED by agent: sum of daily rows (SALEDATE in month) across Retail and delivery data types in CCC dataset a_sales_mtc_gross, CCCLastUpdated 2026-09-08; file downloaded by the author 2026-09-25 with $limit=500000 (complete: annual sums match CCC annual report within 0.4%). Product category ""Buds"" (excludes pre-rolls, shake/trim, kief), all units of measure."
MA,2019-04,month,5,flower_sold_grams_medical,250939.33,grams,"Massachusetts Cannabis Control Commission Open Data, ""Medical Marijuana Establishments (MMEs) - Facility Sales""",https://masscannabiscontrol.com/resource/a_sales_mtc_gross.csv,2026-09-25,"DERIVED by agent: sum of daily rows (SALEDATE in month) across Retail and delivery data types in CCC dataset a_sales_mtc_gross, CCCLastUpdated 2026-09-08; file downloaded by the author 2026-09-25 with $limit=500000 (complete: annual sums match CCC annual report within 0.4%). Product category ""Buds"", rows recorded in grams only; rows recorded in lb, oz, kg, mg or ea (under 0.2% of Buds dollars) are excluded because their quantities convert to implausible prices."
MA,2019-05,month,6,total_sales_usd_medical,10904799.72,usd,"Massachusetts Cannabis Control Commission Open Data, ""Medical Marijuana Establishments (MMEs) - Facility Sales""",https://masscannabiscontrol.com/resource/a_sales_mtc_gross.csv,2026-09-25,"DERIVED by agent: sum of daily rows (SALEDATE in month) across Retail and delivery data types in CCC dataset a_sales_mtc_gross, CCCLastUpdated 2026-09-08; file downloaded by the author 2026-09-25 with $limit=500000 (complete: annual sums match CCC annual report within 0.4%). All product categories."
MA,2019-05,month,6,flower_sales_usd_medical,4647582.14,usd,"Massachusetts Cannabis Control Commission Open Data, ""Medical Marijuana Establishments (MMEs) - Facility Sales""",https://masscannabiscontrol.com/resource/a_sales_mtc_gross.csv,2026-09-25,"DERIVED by agent: sum of daily rows (SALEDATE in month) across Retail and delivery data types in CCC dataset a_sales_mtc_gross, CCCLastUpdated 2026-09-08; file downloaded by the author 2026-09-25 with $limit=500000 (complete: annual sums match CCC annual report within 0.4%). Product category ""Buds"" (excludes pre-rolls, shake/trim, kief), all units of measure."
MA,2019-05,month,6,flower_sold_grams_medical,420330.0,grams,"Massachusetts Cannabis Control Commission Open Data, ""Medical Marijuana Establishments (MMEs) - Facility Sales""",https://masscannabiscontrol.com/resource/a_sales_mtc_gross.csv,2026-09-25,"DERIVED by agent: sum of daily rows (SALEDATE in month) across Retail and delivery data types in CCC dataset a_sales_mtc_gross, CCCLastUpdated 2026-09-08; file downloaded by the author 2026-09-25 with $limit=500000 (complete: annual sums match CCC annual report within 0.4%). Product category ""Buds"", rows recorded in grams only; rows recorded in lb, oz, kg, mg or ea (under 0.2% of Buds dollars) are excluded because their quantities convert to implausible prices."
MA,2019-06,month,7,total_sales_usd_medical,13241572.76,usd,"Massachusetts Cannabis Control Commission Open Data, ""Medical Marijuana Establishments (MMEs) - Facility Sales""",https://masscannabiscontrol.com/resource/a_sales_mtc_gross.csv,2026-09-25,"DERIVED by agent: sum of daily rows (SALEDATE in month) across Retail and delivery data types in CCC dataset a_sales_mtc_gross, CCCLastUpdated 2026-09-08; file downloaded by the author 2026-09-25 with $limit=500000 (complete: annual sums match CCC annual report within 0.4%). All product categories."
MA,2019-06,month,7,flower_sales_usd_medical,5688324.51,usd,"Massachusetts Cannabis Control Commission Open Data, ""Medical Marijuana Establishments (MMEs) - Facility Sales""",https://masscannabiscontrol.com/resource/a_sales_mtc_gross.csv,2026-09-25,"DERIVED by agent: sum of daily rows (SALEDATE in month) across Retail and delivery data types in CCC dataset a_sales_mtc_gross, CCCLastUpdated 2026-09-08; file downloaded by the author 2026-09-25 with $limit=500000 (complete: annual sums match CCC annual report within 0.4%). Product category ""Buds"" (excludes pre-rolls, shake/trim, kief), all units of measure."
MA,2019-06,month,7,flower_sold_grams_medical,535175.07,grams,"Massachusetts Cannabis Control Commission Open Data, ""Medical Marijuana Establishments (MMEs) - Facility Sales""",https://masscannabiscontrol.com/resource/a_sales_mtc_gross.csv,2026-09-25,"DERIVED by agent: sum of daily rows (SALEDATE in month) across Retail and delivery data types in CCC dataset a_sales_mtc_gross, CCCLastUpdated 2026-09-08; file downloaded by the author 2026-09-25 with $limit=500000 (complete: annual sums match CCC annual report within 0.4%). Product category ""Buds"", rows recorded in grams only; rows recorded in lb, oz, kg, mg or ea (under 0.2% of Buds dollars) are excluded because their quantities convert to implausible prices."
MA,2019-07,month,8,total_sales_usd_medical,14814463.54,usd,"Massachusetts Cannabis Control Commission Open Data, ""Medical Marijuana Establishments (MMEs) - Facility Sales""",https://masscannabiscontrol.com/resource/a_sales_mtc_gross.csv,2026-09-25,"DERIVED by agent: sum of daily rows (SALEDATE in month) across Retail and delivery data types in CCC dataset a_sales_mtc_gross, CCCLastUpdated 2026-09-08; file downloaded by the author 2026-09-25 with $limit=500000 (complete: annual sums match CCC annual report within 0.4%). All product categories."
MA,2019-07,month,8,flower_sales_usd_medical,6510844.5,usd,"Massachusetts Cannabis Control Commission Open Data, ""Medical Marijuana Establishments (MMEs) - Facility Sales""",https://masscannabiscontrol.com/resource/a_sales_mtc_gross.csv,2026-09-25,"DERIVED by agent: sum of daily rows (SALEDATE in month) across Retail and delivery data types in CCC dataset a_sales_mtc_gross, CCCLastUpdated 2026-09-08; file downloaded by the author 2026-09-25 with $limit=500000 (complete: annual sums match CCC annual report within 0.4%). Product category ""Buds"" (excludes pre-rolls, shake/trim, kief), all units of measure."
MA,2019-07,month,8,flower_sold_grams_medical,637860.43,grams,"Massachusetts Cannabis Control Commission Open Data, ""Medical Marijuana Establishments (MMEs) - Facility Sales""",https://masscannabiscontrol.com/resource/a_sales_mtc_gross.csv,2026-09-25,"DERIVED by agent: sum of daily rows (SALEDATE in month) across Retail and delivery data types in CCC dataset a_sales_mtc_gross, CCCLastUpdated 2026-09-08; file downloaded by the author 2026-09-25 with $limit=500000 (complete: annual sums match CCC annual report within 0.4%). Product category ""Buds"", rows recorded in grams only; rows recorded in lb, oz, kg, mg or ea (under 0.2% of Buds dollars) are excluded because their quantities convert to implausible prices."
MA,2019-08,month,9,total_sales_usd_medical,15571389.96,usd,"Massachusetts Cannabis Control Commission Open Data, ""Medical Marijuana Establishments (MMEs) - Facility Sales""",https://masscannabiscontrol.com/resource/a_sales_mtc_gross.csv,2026-09-25,"DERIVED by agent: sum of daily rows (SALEDATE in month) across Retail and delivery data types in CCC dataset a_sales_mtc_gross, CCCLastUpdated 2026-09-08; file downloaded by the author 2026-09-25 with $limit=500000 (complete: annual sums match CCC annual report within 0.4%). All product categories."
MA,2019-08,month,9,flower_sales_usd_medical,6955043.46,usd,"Massachusetts Cannabis Control Commission Open Data, ""Medical Marijuana Establishments (MMEs) - Facility Sales""",https://masscannabiscontrol.com/resource/a_sales_mtc_gross.csv,2026-09-25,"DERIVED by agent: sum of daily rows (SALEDATE in month) across Retail and delivery data types in CCC dataset a_sales_mtc_gross, CCCLastUpdated 2026-09-08; file downloaded by the author 2026-09-25 with $limit=500000 (complete: annual sums match CCC annual report within 0.4%). Product category ""Buds"" (excludes pre-rolls, shake/trim, kief), all units of measure."
MA,2019-08,month,9,flower_sold_grams_medical,668594.86,grams,"Massachusetts Cannabis Control Commission Open Data, ""Medical Marijuana Establishments (MMEs) - Facility Sales""",https://masscannabiscontrol.com/resource/a_sales_mtc_gross.csv,2026-09-25,"DERIVED by agent: sum of daily rows (SALEDATE in month) across Retail and delivery data types in CCC dataset a_sales_mtc_gross, CCCLastUpdated 2026-09-08; file downloaded by the author 2026-09-25 with $limit=500000 (complete: annual sums match CCC annual report within 0.4%). Product category ""Buds"", rows recorded in grams only; rows recorded in lb, oz, kg, mg or ea (under 0.2% of Buds dollars) are excluded because their quantities convert to implausible prices."
MA,2019-09,month,10,total_sales_usd_medical,14454721.98,usd,"Massachusetts Cannabis Control Commission Open Data, ""Medical Marijuana Establishments (MMEs) - Facility Sales""",https://masscannabiscontrol.com/resource/a_sales_mtc_gross.csv,2026-09-25,"DERIVED by agent: sum of daily rows (SALEDATE in month) across Retail and delivery data types in CCC dataset a_sales_mtc_gross, CCCLastUpdated 2026-09-08; file downloaded by the author 2026-09-25 with $limit=500000 (complete: annual sums match CCC annual report within 0.4%). All product categories."
MA,2019-09,month,10,flower_sales_usd_medical,6868544.69,usd,"Massachusetts Cannabis Control Commission Open Data, ""Medical Marijuana Establishments (MMEs) - Facility Sales""",https://masscannabiscontrol.com/resource/a_sales_mtc_gross.csv,2026-09-25,"DERIVED by agent: sum of daily rows (SALEDATE in month) across Retail and delivery data types in CCC dataset a_sales_mtc_gross, CCCLastUpdated 2026-09-08; file downloaded by the author 2026-09-25 with $limit=500000 (complete: annual sums match CCC annual report within 0.4%). Product category ""Buds"" (excludes pre-rolls, shake/trim, kief), all units of measure."
MA,2019-09,month,10,flower_sold_grams_medical,666554.71,grams,"Massachusetts Cannabis Control Commission Open Data, ""Medical Marijuana Establishments (MMEs) - Facility Sales""",https://masscannabiscontrol.com/resource/a_sales_mtc_gross.csv,2026-09-25,"DERIVED by agent: sum of daily rows (SALEDATE in month) across Retail and delivery data types in CCC dataset a_sales_mtc_gross, CCCLastUpdated 2026-09-08; file downloaded by the author 2026-09-25 with $limit=500000 (complete: annual sums match CCC annual report within 0.4%). Product category ""Buds"", rows recorded in grams only; rows recorded in lb, oz, kg, mg or ea (under 0.2% of Buds dollars) are excluded because their quantities convert to implausible prices."
MA,2019-10,month,11,total_sales_usd_medical,13482986.82,usd,"Massachusetts Cannabis Control Commission Open Data, ""Medical Marijuana Establishments (MMEs) - Facility Sales""",https://masscannabiscontrol.com/resource/a_sales_mtc_gross.csv,2026-09-25,"DERIVED by agent: sum of daily rows (SALEDATE in month) across Retail and delivery data types in CCC dataset a_sales_mtc_gross, CCCLastUpdated 2026-09-08; file downloaded by the author 2026-09-25 with $limit=500000 (complete: annual sums match CCC annual report within 0.4%). All product categories."
MA,2019-10,month,11,flower_sales_usd_medical,7250586.76,usd,"Massachusetts Cannabis Control Commission Open Data, ""Medical Marijuana Establishments (MMEs) - Facility Sales""",https://masscannabiscontrol.com/resource/a_sales_mtc_gross.csv,2026-09-25,"DERIVED by agent: sum of daily rows (SALEDATE in month) across Retail and delivery data types in CCC dataset a_sales_mtc_gross, CCCLastUpdated 2026-09-08; file downloaded by the author 2026-09-25 with $limit=500000 (complete: annual sums match CCC annual report within 0.4%). Product category ""Buds"" (excludes pre-rolls, shake/trim, kief), all units of measure."
MA,2019-10,month,11,flower_sold_grams_medical,688583.98,grams,"Massachusetts Cannabis Control Commission Open Data, ""Medical Marijuana Establishments (MMEs) - Facility Sales""",https://masscannabiscontrol.com/resource/a_sales_mtc_gross.csv,2026-09-25,"DERIVED by agent: sum of daily rows (SALEDATE in month) across Retail and delivery data types in CCC dataset a_sales_mtc_gross, CCCLastUpdated 2026-09-08; file downloaded by the author 2026-09-25 with $limit=500000 (complete: annual sums match CCC annual report within 0.4%). Product category ""Buds"", rows recorded in grams only; rows recorded in lb, oz, kg, mg or ea (under 0.2% of Buds dollars) are excluded because their quantities convert to implausible prices."
MA,2019-11,month,12,total_sales_usd_medical,13525209.15,usd,"Massachusetts Cannabis Control Commission Open Data, ""Medical Marijuana Establishments (MMEs) - Facility Sales""",https://masscannabiscontrol.com/resource/a_sales_mtc_gross.csv,2026-09-25,"DERIVED by agent: sum of daily rows (SALEDATE in month) across Retail and delivery data types in CCC dataset a_sales_mtc_gross, CCCLastUpdated 2026-09-08; file downloaded by the author 2026-09-25 with $limit=500000 (complete: annual sums match CCC annual report within 0.4%). All product categories."
MA,2019-11,month,12,flower_sales_usd_medical,7265432.45,usd,"Massachusetts Cannabis Control Commission Open Data, ""Medical Marijuana Establishments (MMEs) - Facility Sales""",https://masscannabiscontrol.com/resource/a_sales_mtc_gross.csv,2026-09-25,"DERIVED by agent: sum of daily rows (SALEDATE in month) across Retail and delivery data types in CCC dataset a_sales_mtc_gross, CCCLastUpdated 2026-09-08; file downloaded by the author 2026-09-25 with $limit=500000 (complete: annual sums match CCC annual report within 0.4%). Product category ""Buds"" (excludes pre-rolls, shake/trim, kief), all units of measure."
MA,2019-11,month,12,flower_sold_grams_medical,690797.35,grams,"Massachusetts Cannabis Control Commission Open Data, ""Medical Marijuana Establishments (MMEs) - Facility Sales""",https://masscannabiscontrol.com/resource/a_sales_mtc_gross.csv,2026-09-25,"DERIVED by agent: sum of daily rows (SALEDATE in month) across Retail and delivery data types in CCC dataset a_sales_mtc_gross, CCCLastUpdated 2026-09-08; file downloaded by the author 2026-09-25 with $limit=500000 (complete: annual sums match CCC annual report within 0.4%). Product category ""Buds"", rows recorded in grams only; rows recorded in lb, oz, kg, mg or ea (under 0.2% of Buds dollars) are excluded because their quantities convert to implausible prices."
MA,2019-12,month,13,total_sales_usd_medical,14416780.18,usd,"Massachusetts Cannabis Control Commission Open Data, ""Medical Marijuana Establishments (MMEs) - Facility Sales""",https://masscannabiscontrol.com/resource/a_sales_mtc_gross.csv,2026-09-25,"DERIVED by agent: sum of daily rows (SALEDATE in month) across Retail and delivery data types in CCC dataset a_sales_mtc_gross, CCCLastUpdated 2026-09-08; file downloaded by the author 2026-09-25 with $limit=500000 (complete: annual sums match CCC annual report within 0.4%). All product categories."
MA,2019-12,month,13,flower_sales_usd_medical,7446567.44,usd,"Massachusetts Cannabis Control Commission Open Data, ""Medical Marijuana Establishments (MMEs) - Facility Sales""",https://masscannabiscontrol.com/resource/a_sales_mtc_gross.csv,2026-09-25,"DERIVED by agent: sum of daily rows (SALEDATE in month) across Retail and delivery data types in CCC dataset a_sales_mtc_gross, CCCLastUpdated 2026-09-08; file downloaded by the author 2026-09-25 with $limit=500000 (complete: annual sums match CCC annual report within 0.4%). Product category ""Buds"" (excludes pre-rolls, shake/trim, kief), all units of measure."
MA,2019-12,month,13,flower_sold_grams_medical,709280.14,grams,"Massachusetts Cannabis Control Commission Open Data, ""Medical Marijuana Establishments (MMEs) - Facility Sales""",https://masscannabiscontrol.com/resource/a_sales_mtc_gross.csv,2026-09-25,"DERIVED by agent: sum of daily rows (SALEDATE in month) across Retail and delivery data types in CCC dataset a_sales_mtc_gross, CCCLastUpdated 2026-09-08; file downloaded by the author 2026-09-25 with $limit=500000 (complete: annual sums match CCC annual report within 0.4%). Product category ""Buds"", rows recorded in grams only; rows recorded in lb, oz, kg, mg or ea (under 0.2% of Buds dollars) are excluded because their quantities convert to implausible prices."
MA,2020-01,month,14,total_sales_usd_medical,14651867.5,usd,"Massachusetts Cannabis Control Commission Open Data, ""Medical Marijuana Establishments (MMEs) - Facility Sales""",https://masscannabiscontrol.com/resource/a_sales_mtc_gross.csv,2026-09-25,"DERIVED by agent: sum of daily rows (SALEDATE in month) across Retail and delivery data types in CCC dataset a_sales_mtc_gross, CCCLastUpdated 2026-09-08; file downloaded by the author 2026-09-25 with $limit=500000 (complete: annual sums match CCC annual report within 0.4%). All product categories."
MA,2020-01,month,14,flower_sales_usd_medical,7016714.95,usd,"Massachusetts Cannabis Control Commission Open Data, ""Medical Marijuana Establishments (MMEs) - Facility Sales""",https://masscannabiscontrol.com/resource/a_sales_mtc_gross.csv,2026-09-25,"DERIVED by agent: sum of daily rows (SALEDATE in month) across Retail and delivery data types in CCC dataset a_sales_mtc_gross, CCCLastUpdated 2026-09-08; file downloaded by the author 2026-09-25 with $limit=500000 (complete: annual sums match CCC annual report within 0.4%). Product category ""Buds"" (excludes pre-rolls, shake/trim, kief), all units of measure."
MA,2020-01,month,14,flower_sold_grams_medical,668015.89,grams,"Massachusetts Cannabis Control Commission Open Data, ""Medical Marijuana Establishments (MMEs) - Facility Sales""",https://masscannabiscontrol.com/resource/a_sales_mtc_gross.csv,2026-09-25,"DERIVED by agent: sum of daily rows (SALEDATE in month) across Retail and delivery data types in CCC dataset a_sales_mtc_gross, CCCLastUpdated 2026-09-08; file downloaded by the author 2026-09-25 with $limit=500000 (complete: annual sums match CCC annual report within 0.4%). Product category ""Buds"", rows recorded in grams only; rows recorded in lb, oz, kg, mg or ea (under 0.2% of Buds dollars) are excluded because their quantities convert to implausible prices."
MA,2020-02,month,15,total_sales_usd_medical,14566528.36,usd,"Massachusetts Cannabis Control Commission Open Data, ""Medical Marijuana Establishments (MMEs) - Facility Sales""",https://masscannabiscontrol.com/resource/a_sales_mtc_gross.csv,2026-09-25,"DERIVED by agent: sum of daily rows (SALEDATE in month) across Retail and delivery data types in CCC dataset a_sales_mtc_gross, CCCLastUpdated 2026-09-08; file downloaded by the author 2026-09-25 with $limit=500000 (complete: annual sums match CCC annual report within 0.4%). All product categories."
MA,2020-02,month,15,flower_sales_usd_medical,6684736.19,usd,"Massachusetts Cannabis Control Commission Open Data, ""Medical Marijuana Establishments (MMEs) - Facility Sales""",https://masscannabiscontrol.com/resource/a_sales_mtc_gross.csv,2026-09-25,"DERIVED by agent: sum of daily rows (SALEDATE in month) across Retail and delivery data types in CCC dataset a_sales_mtc_gross, CCCLastUpdated 2026-09-08; file downloaded by the author 2026-09-25 with $limit=500000 (complete: annual sums match CCC annual report within 0.4%). Product category ""Buds"" (excludes pre-rolls, shake/trim, kief), all units of measure."
MA,2020-02,month,15,flower_sold_grams_medical,627415.71,grams,"Massachusetts Cannabis Control Commission Open Data, ""Medical Marijuana Establishments (MMEs) - Facility Sales""",https://masscannabiscontrol.com/resource/a_sales_mtc_gross.csv,2026-09-25,"DERIVED by agent: sum of daily rows (SALEDATE in month) across Retail and delivery data types in CCC dataset a_sales_mtc_gross, CCCLastUpdated 2026-09-08; file downloaded by the author 2026-09-25 with $limit=500000 (complete: annual sums match CCC annual report within 0.4%). Product category ""Buds"", rows recorded in grams only; rows recorded in lb, oz, kg, mg or ea (under 0.2% of Buds dollars) are excluded because their quantities convert to implausible prices."
MA,2020-03,month,16,total_sales_usd_medical,18930881.45,usd,"Massachusetts Cannabis Control Commission Open Data, ""Medical Marijuana Establishments (MMEs) - Facility Sales""",https://masscannabiscontrol.com/resource/a_sales_mtc_gross.csv,2026-09-25,"DERIVED by agent: sum of daily rows (SALEDATE in month) across Retail and delivery data types in CCC dataset a_sales_mtc_gross, CCCLastUpdated 2026-09-08; file downloaded by the author 2026-09-25 with $limit=500000 (complete: annual sums match CCC annual report within 0.4%). All product categories."
MA,2020-03,month,16,flower_sales_usd_medical,9004725.1,usd,"Massachusetts Cannabis Control Commission Open Data, ""Medical Marijuana Establishments (MMEs) - Facility Sales""",https://masscannabiscontrol.com/resource/a_sales_mtc_gross.csv,2026-09-25,"DERIVED by agent: sum of daily rows (SALEDATE in month) across Retail and delivery data types in CCC dataset a_sales_mtc_gross, CCCLastUpdated 2026-09-08; file downloaded by the author 2026-09-25 with $limit=500000 (complete: annual sums match CCC annual report within 0.4%). Product category ""Buds"" (excludes pre-rolls, shake/trim, kief), all units of measure."
MA,2020-03,month,16,flower_sold_grams_medical,842021.02,grams,"Massachusetts Cannabis Control Commission Open Data, ""Medical Marijuana Establishments (MMEs) - Facility Sales""",https://masscannabiscontrol.com/resource/a_sales_mtc_gross.csv,2026-09-25,"DERIVED by agent: sum of daily rows (SALEDATE in month) across Retail and delivery data types in CCC dataset a_sales_mtc_gross, CCCLastUpdated 2026-09-08; file downloaded by the author 2026-09-25 with $limit=500000 (complete: annual sums match CCC annual report within 0.4%). Product category ""Buds"", rows recorded in grams only; rows recorded in lb, oz, kg, mg or ea (under 0.2% of Buds dollars) are excluded because their quantities convert to implausible prices."
MA,2020-04,month,17,total_sales_usd_medical,22807224.72,usd,"Massachusetts Cannabis Control Commission Open Data, ""Medical Marijuana Establishments (MMEs) - Facility Sales""",https://masscannabiscontrol.com/resource/a_sales_mtc_gross.csv,2026-09-25,"DERIVED by agent: sum of daily rows (SALEDATE in month) across Retail and delivery data types in CCC dataset a_sales_mtc_gross, CCCLastUpdated 2026-09-08; file downloaded by the author 2026-09-25 with $limit=500000 (complete: annual sums match CCC annual report within 0.4%). All product categories."
MA,2020-04,month,17,flower_sales_usd_medical,10961723.59,usd,"Massachusetts Cannabis Control Commission Open Data, ""Medical Marijuana Establishments (MMEs) - Facility Sales""",https://masscannabiscontrol.com/resource/a_sales_mtc_gross.csv,2026-09-25,"DERIVED by agent: sum of daily rows (SALEDATE in month) across Retail and delivery data types in CCC dataset a_sales_mtc_gross, CCCLastUpdated 2026-09-08; file downloaded by the author 2026-09-25 with $limit=500000 (complete: annual sums match CCC annual report within 0.4%). Product category ""Buds"" (excludes pre-rolls, shake/trim, kief), all units of measure."
MA,2020-04,month,17,flower_sold_grams_medical,1046605.03,grams,"Massachusetts Cannabis Control Commission Open Data, ""Medical Marijuana Establishments (MMEs) - Facility Sales""",https://masscannabiscontrol.com/resource/a_sales_mtc_gross.csv,2026-09-25,"DERIVED by agent: sum of daily rows (SALEDATE in month) across Retail and delivery data types in CCC dataset a_sales_mtc_gross, CCCLastUpdated 2026-09-08; file downloaded by the author 2026-09-25 with $limit=500000 (complete: annual sums match CCC annual report within 0.4%). Product category ""Buds"", rows recorded in grams only; rows recorded in lb, oz, kg, mg or ea (under 0.2% of Buds dollars) are excluded because their quantities convert to implausible prices."
MA,2020-05,month,18,total_sales_usd_medical,25929065.77,usd,"Massachusetts Cannabis Control Commission Open Data, ""Medical Marijuana Establishments (MMEs) - Facility Sales""",https://masscannabiscontrol.com/resource/a_sales_mtc_gross.csv,2026-09-25,"DERIVED by agent: sum of daily rows (SALEDATE in month) across Retail and delivery data types in CCC dataset a_sales_mtc_gross, CCCLastUpdated 2026-09-08; file downloaded by the author 2026-09-25 with $limit=500000 (complete: annual sums match CCC annual report within 0.4%). All product categories."
MA,2020-05,month,18,flower_sales_usd_medical,12582821.03,usd,"Massachusetts Cannabis Control Commission Open Data, ""Medical Marijuana Establishments (MMEs) - Facility Sales""",https://masscannabiscontrol.com/resource/a_sales_mtc_gross.csv,2026-09-25,"DERIVED by agent: sum of daily rows (SALEDATE in month) across Retail and delivery data types in CCC dataset a_sales_mtc_gross, CCCLastUpdated 2026-09-08; file downloaded by the author 2026-09-25 with $limit=500000 (complete: annual sums match CCC annual report within 0.4%). Product category ""Buds"" (excludes pre-rolls, shake/trim, kief), all units of measure."
MA,2020-05,month,18,flower_sold_grams_medical,1169613.78,grams,"Massachusetts Cannabis Control Commission Open Data, ""Medical Marijuana Establishments (MMEs) - Facility Sales""",https://masscannabiscontrol.com/resource/a_sales_mtc_gross.csv,2026-09-25,"DERIVED by agent: sum of daily rows (SALEDATE in month) across Retail and delivery data types in CCC dataset a_sales_mtc_gross, CCCLastUpdated 2026-09-08; file downloaded by the author 2026-09-25 with $limit=500000 (complete: annual sums match CCC annual report within 0.4%). Product category ""Buds"", rows recorded in grams only; rows recorded in lb, oz, kg, mg or ea (under 0.2% of Buds dollars) are excluded because their quantities convert to implausible prices."
MA,2020-06,month,19,total_sales_usd_medical,24041584.35,usd,"Massachusetts Cannabis Control Commission Open Data, ""Medical Marijuana Establishments (MMEs) - Facility Sales""",https://masscannabiscontrol.com/resource/a_sales_mtc_gross.csv,2026-09-25,"DERIVED by agent: sum of daily rows (SALEDATE in month) across Retail and delivery data types in CCC dataset a_sales_mtc_gross, CCCLastUpdated 2026-09-08; file downloaded by the author 2026-09-25 with $limit=500000 (complete: annual sums match CCC annual report within 0.4%). All product categories."
MA,2020-06,month,19,flower_sales_usd_medical,11938915.11,usd,"Massachusetts Cannabis Control Commission Open Data, ""Medical Marijuana Establishments (MMEs) - Facility Sales""",https://masscannabiscontrol.com/resource/a_sales_mtc_gross.csv,2026-09-25,"DERIVED by agent: sum of daily rows (SALEDATE in month) across Retail and delivery data types in CCC dataset a_sales_mtc_gross, CCCLastUpdated 2026-09-08; file downloaded by the author 2026-09-25 with $limit=500000 (complete: annual sums match CCC annual report within 0.4%). Product category ""Buds"" (excludes pre-rolls, shake/trim, kief), all units of measure."
MA,2020-06,month,19,flower_sold_grams_medical,1094234.65,grams,"Massachusetts Cannabis Control Commission Open Data, ""Medical Marijuana Establishments (MMEs) - Facility Sales""",https://masscannabiscontrol.com/resource/a_sales_mtc_gross.csv,2026-09-25,"DERIVED by agent: sum of daily rows (SALEDATE in month) across Retail and delivery data types in CCC dataset a_sales_mtc_gross, CCCLastUpdated 2026-09-08; file downloaded by the author 2026-09-25 with $limit=500000 (complete: annual sums match CCC annual report within 0.4%). Product category ""Buds"", rows recorded in grams only; rows recorded in lb, oz, kg, mg or ea (under 0.2% of Buds dollars) are excluded because their quantities convert to implausible prices."
MA,2020-07,month,20,total_sales_usd_medical,25833833.26,usd,"Massachusetts Cannabis Control Commission Open Data, ""Medical Marijuana Establishments (MMEs) - Facility Sales""",https://masscannabiscontrol.com/resource/a_sales_mtc_gross.csv,2026-09-25,"DERIVED by agent: sum of daily rows (SALEDATE in month) across Retail and delivery data types in CCC dataset a_sales_mtc_gross, CCCLastUpdated 2026-09-08; file downloaded by the author 2026-09-25 with $limit=500000 (complete: annual sums match CCC annual report within 0.4%). All product categories."
MA,2020-07,month,20,flower_sales_usd_medical,12715743.29,usd,"Massachusetts Cannabis Control Commission Open Data, ""Medical Marijuana Establishments (MMEs) - Facility Sales""",https://masscannabiscontrol.com/resource/a_sales_mtc_gross.csv,2026-09-25,"DERIVED by agent: sum of daily rows (SALEDATE in month) across Retail and delivery data types in CCC dataset a_sales_mtc_gross, CCCLastUpdated 2026-09-08; file downloaded by the author 2026-09-25 with $limit=500000 (complete: annual sums match CCC annual report within 0.4%). Product category ""Buds"" (excludes pre-rolls, shake/trim, kief), all units of measure."
MA,2020-07,month,20,flower_sold_grams_medical,1176279.32,grams,"Massachusetts Cannabis Control Commission Open Data, ""Medical Marijuana Establishments (MMEs) - Facility Sales""",https://masscannabiscontrol.com/resource/a_sales_mtc_gross.csv,2026-09-25,"DERIVED by agent: sum of daily rows (SALEDATE in month) across Retail and delivery data types in CCC dataset a_sales_mtc_gross, CCCLastUpdated 2026-09-08; file downloaded by the author 2026-09-25 with $limit=500000 (complete: annual sums match CCC annual report within 0.4%). Product category ""Buds"", rows recorded in grams only; rows recorded in lb, oz, kg, mg or ea (under 0.2% of Buds dollars) are excluded because their quantities convert to implausible prices."
MA,2020-08,month,21,total_sales_usd_medical,25089864.01,usd,"Massachusetts Cannabis Control Commission Open Data, ""Medical Marijuana Establishments (MMEs) - Facility Sales""",https://masscannabiscontrol.com/resource/a_sales_mtc_gross.csv,2026-09-25,"DERIVED by agent: sum of daily rows (SALEDATE in month) across Retail and delivery data types in CCC dataset a_sales_mtc_gross, CCCLastUpdated 2026-09-08; file downloaded by the author 2026-09-25 with $limit=500000 (complete: annual sums match CCC annual report within 0.4%). All product categories."
MA,2020-08,month,21,flower_sales_usd_medical,12477032.91,usd,"Massachusetts Cannabis Control Commission Open Data, ""Medical Marijuana Establishments (MMEs) - Facility Sales""",https://masscannabiscontrol.com/resource/a_sales_mtc_gross.csv,2026-09-25,"DERIVED by agent: sum of daily rows (SALEDATE in month) across Retail and delivery data types in CCC dataset a_sales_mtc_gross, CCCLastUpdated 2026-09-08; file downloaded by the author 2026-09-25 with $limit=500000 (complete: annual sums match CCC annual report within 0.4%). Product category ""Buds"" (excludes pre-rolls, shake/trim, kief), all units of measure."
MA,2020-08,month,21,flower_sold_grams_medical,1146547.36,grams,"Massachusetts Cannabis Control Commission Open Data, ""Medical Marijuana Establishments (MMEs) - Facility Sales""",https://masscannabiscontrol.com/resource/a_sales_mtc_gross.csv,2026-09-25,"DERIVED by agent: sum of daily rows (SALEDATE in month) across Retail and delivery data types in CCC dataset a_sales_mtc_gross, CCCLastUpdated 2026-09-08; file downloaded by the author 2026-09-25 with $limit=500000 (complete: annual sums match CCC annual report within 0.4%). Product category ""Buds"", rows recorded in grams only; rows recorded in lb, oz, kg, mg or ea (under 0.2% of Buds dollars) are excluded because their quantities convert to implausible prices."
MA,2020-09,month,22,total_sales_usd_medical,24806485.53,usd,"Massachusetts Cannabis Control Commission Open Data, ""Medical Marijuana Establishments (MMEs) - Facility Sales""",https://masscannabiscontrol.com/resource/a_sales_mtc_gross.csv,2026-09-25,"DERIVED by agent: sum of daily rows (SALEDATE in month) across Retail and delivery data types in CCC dataset a_sales_mtc_gross, CCCLastUpdated 2026-09-08; file downloaded by the author 2026-09-25 with $limit=500000 (complete: annual sums match CCC annual report within 0.4%). All product categories."
MA,2020-09,month,22,flower_sales_usd_medical,12441981.47,usd,"Massachusetts Cannabis Control Commission Open Data, ""Medical Marijuana Establishments (MMEs) - Facility Sales""",https://masscannabiscontrol.com/resource/a_sales_mtc_gross.csv,2026-09-25,"DERIVED by agent: sum of daily rows (SALEDATE in month) across Retail and delivery data types in CCC dataset a_sales_mtc_gross, CCCLastUpdated 2026-09-08; file downloaded by the author 2026-09-25 with $limit=500000 (complete: annual sums match CCC annual report within 0.4%). Product category ""Buds"" (excludes pre-rolls, shake/trim, kief), all units of measure."
MA,2020-09,month,22,flower_sold_grams_medical,1155060.49,grams,"Massachusetts Cannabis Control Commission Open Data, ""Medical Marijuana Establishments (MMEs) - Facility Sales""",https://masscannabiscontrol.com/resource/a_sales_mtc_gross.csv,2026-09-25,"DERIVED by agent: sum of daily rows (SALEDATE in month) across Retail and delivery data types in CCC dataset a_sales_mtc_gross, CCCLastUpdated 2026-09-08; file downloaded by the author 2026-09-25 with $limit=500000 (complete: annual sums match CCC annual report within 0.4%). Product category ""Buds"", rows recorded in grams only; rows recorded in lb, oz, kg, mg or ea (under 0.2% of Buds dollars) are excluded because their quantities convert to implausible prices."
MA,2020-10,month,23,total_sales_usd_medical,25031745.2,usd,"Massachusetts Cannabis Control Commission Open Data, ""Medical Marijuana Establishments (MMEs) - Facility Sales""",https://masscannabiscontrol.com/resource/a_sales_mtc_gross.csv,2026-09-25,"DERIVED by agent: sum of daily rows (SALEDATE in month) across Retail and delivery data types in CCC dataset a_sales_mtc_gross, CCCLastUpdated 2026-09-08; file downloaded by the author 2026-09-25 with $limit=500000 (complete: annual sums match CCC annual report within 0.4%). All product categories."
MA,2020-10,month,23,flower_sales_usd_medical,12358986.19,usd,"Massachusetts Cannabis Control Commission Open Data, ""Medical Marijuana Establishments (MMEs) - Facility Sales""",https://masscannabiscontrol.com/resource/a_sales_mtc_gross.csv,2026-09-25,"DERIVED by agent: sum of daily rows (SALEDATE in month) across Retail and delivery data types in CCC dataset a_sales_mtc_gross, CCCLastUpdated 2026-09-08; file downloaded by the author 2026-09-25 with $limit=500000 (complete: annual sums match CCC annual report within 0.4%). Product category ""Buds"" (excludes pre-rolls, shake/trim, kief), all units of measure."
MA,2020-10,month,23,flower_sold_grams_medical,1140383.28,grams,"Massachusetts Cannabis Control Commission Open Data, ""Medical Marijuana Establishments (MMEs) - Facility Sales""",https://masscannabiscontrol.com/resource/a_sales_mtc_gross.csv,2026-09-25,"DERIVED by agent: sum of daily rows (SALEDATE in month) across Retail and delivery data types in CCC dataset a_sales_mtc_gross, CCCLastUpdated 2026-09-08; file downloaded by the author 2026-09-25 with $limit=500000 (complete: annual sums match CCC annual report within 0.4%). Product category ""Buds"", rows recorded in grams only; rows recorded in lb, oz, kg, mg or ea (under 0.2% of Buds dollars) are excluded because their quantities convert to implausible prices."
MA,2020-11,month,24,total_sales_usd_medical,23482094.88,usd,"Massachusetts Cannabis Control Commission Open Data, ""Medical Marijuana Establishments (MMEs) - Facility Sales""",https://masscannabiscontrol.com/resource/a_sales_mtc_gross.csv,2026-09-25,"DERIVED by agent: sum of daily rows (SALEDATE in month) across Retail and delivery data types in CCC dataset a_sales_mtc_gross, CCCLastUpdated 2026-09-08; file downloaded by the author 2026-09-25 with $limit=500000 (complete: annual sums match CCC annual report within 0.4%). All product categories."
MA,2020-11,month,24,flower_sales_usd_medical,11331538.17,usd,"Massachusetts Cannabis Control Commission Open Data, ""Medical Marijuana Establishments (MMEs) - Facility Sales""",https://masscannabiscontrol.com/resource/a_sales_mtc_gross.csv,2026-09-25,"DERIVED by agent: sum of daily rows (SALEDATE in month) across Retail and delivery data types in CCC dataset a_sales_mtc_gross, CCCLastUpdated 2026-09-08; file downloaded by the author 2026-09-25 with $limit=500000 (complete: annual sums match CCC annual report within 0.4%). Product category ""Buds"" (excludes pre-rolls, shake/trim, kief), all units of measure."
MA,2020-11,month,24,flower_sold_grams_medical,1069569.7,grams,"Massachusetts Cannabis Control Commission Open Data, ""Medical Marijuana Establishments (MMEs) - Facility Sales""",https://masscannabiscontrol.com/resource/a_sales_mtc_gross.csv,2026-09-25,"DERIVED by agent: sum of daily rows (SALEDATE in month) across Retail and delivery data types in CCC dataset a_sales_mtc_gross, CCCLastUpdated 2026-09-08; file downloaded by the author 2026-09-25 with $limit=500000 (complete: annual sums match CCC annual report within 0.4%). Product category ""Buds"", rows recorded in grams only; rows recorded in lb, oz, kg, mg or ea (under 0.2% of Buds dollars) are excluded because their quantities convert to implausible prices."
MA,2020-12,month,25,total_sales_usd_medical,26278271.18,usd,"Massachusetts Cannabis Control Commission Open Data, ""Medical Marijuana Establishments (MMEs) - Facility Sales""",https://masscannabiscontrol.com/resource/a_sales_mtc_gross.csv,2026-09-25,"DERIVED by agent: sum of daily rows (SALEDATE in month) across Retail and delivery data types in CCC dataset a_sales_mtc_gross, CCCLastUpdated 2026-09-08; file downloaded by the author 2026-09-25 with $limit=500000 (complete: annual sums match CCC annual report within 0.4%). All product categories."
MA,2020-12,month,25,flower_sales_usd_medical,12566626.11,usd,"Massachusetts Cannabis Control Commission Open Data, ""Medical Marijuana Establishments (MMEs) - Facility Sales""",https://masscannabiscontrol.com/resource/a_sales_mtc_gross.csv,2026-09-25,"DERIVED by agent: sum of daily rows (SALEDATE in month) across Retail and delivery data types in CCC dataset a_sales_mtc_gross, CCCLastUpdated 2026-09-08; file downloaded by the author 2026-09-25 with $limit=500000 (complete: annual sums match CCC annual report within 0.4%). Product category ""Buds"" (excludes pre-rolls, shake/trim, kief), all units of measure."
MA,2020-12,month,25,flower_sold_grams_medical,1186622.63,grams,"Massachusetts Cannabis Control Commission Open Data, ""Medical Marijuana Establishments (MMEs) - Facility Sales""",https://masscannabiscontrol.com/resource/a_sales_mtc_gross.csv,2026-09-25,"DERIVED by agent: sum of daily rows (SALEDATE in month) across Retail and delivery data types in CCC dataset a_sales_mtc_gross, CCCLastUpdated 2026-09-08; file downloaded by the author 2026-09-25 with $limit=500000 (complete: annual sums match CCC annual report within 0.4%). Product category ""Buds"", rows recorded in grams only; rows recorded in lb, oz, kg, mg or ea (under 0.2% of Buds dollars) are excluded because their quantities convert to implausible prices."
MA,2021-01,month,26,total_sales_usd_medical,25896201.21,usd,"Massachusetts Cannabis Control Commission Open Data, ""Medical Marijuana Establishments (MMEs) - Facility Sales""",https://masscannabiscontrol.com/resource/a_sales_mtc_gross.csv,2026-09-25,"DERIVED by agent: sum of daily rows (SALEDATE in month) across Retail and delivery data types in CCC dataset a_sales_mtc_gross, CCCLastUpdated 2026-09-08; file downloaded by the author 2026-09-25 with $limit=500000 (complete: annual sums match CCC annual report within 0.4%). All product categories."
MA,2021-01,month,26,flower_sales_usd_medical,12762238.19,usd,"Massachusetts Cannabis Control Commission Open Data, ""Medical Marijuana Establishments (MMEs) - Facility Sales""",https://masscannabiscontrol.com/resource/a_sales_mtc_gross.csv,2026-09-25,"DERIVED by agent: sum of daily rows (SALEDATE in month) across Retail and delivery data types in CCC dataset a_sales_mtc_gross, CCCLastUpdated 2026-09-08; file downloaded by the author 2026-09-25 with $limit=500000 (complete: annual sums match CCC annual report within 0.4%). Product category ""Buds"" (excludes pre-rolls, shake/trim, kief), all units of measure."
MA,2021-01,month,26,flower_sold_grams_medical,1192356.07,grams,"Massachusetts Cannabis Control Commission Open Data, ""Medical Marijuana Establishments (MMEs) - Facility Sales""",https://masscannabiscontrol.com/resource/a_sales_mtc_gross.csv,2026-09-25,"DERIVED by agent: sum of daily rows (SALEDATE in month) across Retail and delivery data types in CCC dataset a_sales_mtc_gross, CCCLastUpdated 2026-09-08; file downloaded by the author 2026-09-25 with $limit=500000 (complete: annual sums match CCC annual report within 0.4%). Product category ""Buds"", rows recorded in grams only; rows recorded in lb, oz, kg, mg or ea (under 0.2% of Buds dollars) are excluded because their quantities convert to implausible prices."
MA,2021-02,month,27,total_sales_usd_medical,23542972.75,usd,"Massachusetts Cannabis Control Commission Open Data, ""Medical Marijuana Establishments (MMEs) - Facility Sales""",https://masscannabiscontrol.com/resource/a_sales_mtc_gross.csv,2026-09-25,"DERIVED by agent: sum of daily rows (SALEDATE in month) across Retail and delivery data types in CCC dataset a_sales_mtc_gross, CCCLastUpdated 2026-09-08; file downloaded by the author 2026-09-25 with $limit=500000 (complete: annual sums match CCC annual report within 0.4%). All product categories."
MA,2021-02,month,27,flower_sales_usd_medical,11398985.14,usd,"Massachusetts Cannabis Control Commission Open Data, ""Medical Marijuana Establishments (MMEs) - Facility Sales""",https://masscannabiscontrol.com/resource/a_sales_mtc_gross.csv,2026-09-25,"DERIVED by agent: sum of daily rows (SALEDATE in month) across Retail and delivery data types in CCC dataset a_sales_mtc_gross, CCCLastUpdated 2026-09-08; file downloaded by the author 2026-09-25 with $limit=500000 (complete: annual sums match CCC annual report within 0.4%). Product category ""Buds"" (excludes pre-rolls, shake/trim, kief), all units of measure."
MA,2021-02,month,27,flower_sold_grams_medical,1069988.94,grams,"Massachusetts Cannabis Control Commission Open Data, ""Medical Marijuana Establishments (MMEs) - Facility Sales""",https://masscannabiscontrol.com/resource/a_sales_mtc_gross.csv,2026-09-25,"DERIVED by agent: sum of daily rows (SALEDATE in month) across Retail and delivery data types in CCC dataset a_sales_mtc_gross, CCCLastUpdated 2026-09-08; file downloaded by the author 2026-09-25 with $limit=500000 (complete: annual sums match CCC annual report within 0.4%). Product category ""Buds"", rows recorded in grams only; rows recorded in lb, oz, kg, mg or ea (under 0.2% of Buds dollars) are excluded because their quantities convert to implausible prices."
MA,2021-03,month,28,total_sales_usd_medical,27815882.05,usd,"Massachusetts Cannabis Control Commission Open Data, ""Medical Marijuana Establishments (MMEs) - Facility Sales""",https://masscannabiscontrol.com/resource/a_sales_mtc_gross.csv,2026-09-25,"DERIVED by agent: sum of daily rows (SALEDATE in month) across Retail and delivery data types in CCC dataset a_sales_mtc_gross, CCCLastUpdated 2026-09-08; file downloaded by the author 2026-09-25 with $limit=500000 (complete: annual sums match CCC annual report within 0.4%). All product categories."
MA,2021-03,month,28,flower_sales_usd_medical,13310944.96,usd,"Massachusetts Cannabis Control Commission Open Data, ""Medical Marijuana Establishments (MMEs) - Facility Sales""",https://masscannabiscontrol.com/resource/a_sales_mtc_gross.csv,2026-09-25,"DERIVED by agent: sum of daily rows (SALEDATE in month) across Retail and delivery data types in CCC dataset a_sales_mtc_gross, CCCLastUpdated 2026-09-08; file downloaded by the author 2026-09-25 with $limit=500000 (complete: annual sums match CCC annual report within 0.4%). Product category ""Buds"" (excludes pre-rolls, shake/trim, kief), all units of measure."
MA,2021-03,month,28,flower_sold_grams_medical,1254010.07,grams,"Massachusetts Cannabis Control Commission Open Data, ""Medical Marijuana Establishments (MMEs) - Facility Sales""",https://masscannabiscontrol.com/resource/a_sales_mtc_gross.csv,2026-09-25,"DERIVED by agent: sum of daily rows (SALEDATE in month) across Retail and delivery data types in CCC dataset a_sales_mtc_gross, CCCLastUpdated 2026-09-08; file downloaded by the author 2026-09-25 with $limit=500000 (complete: annual sums match CCC annual report within 0.4%). Product category ""Buds"", rows recorded in grams only; rows recorded in lb, oz, kg, mg or ea (under 0.2% of Buds dollars) are excluded because their quantities convert to implausible prices."
MA,2021-04,month,29,total_sales_usd_medical,27646935.76,usd,"Massachusetts Cannabis Control Commission Open Data, ""Medical Marijuana Establishments (MMEs) - Facility Sales""",https://masscannabiscontrol.com/resource/a_sales_mtc_gross.csv,2026-09-25,"DERIVED by agent: sum of daily rows (SALEDATE in month) across Retail and delivery data types in CCC dataset a_sales_mtc_gross, CCCLastUpdated 2026-09-08; file downloaded by the author 2026-09-25 with $limit=500000 (complete: annual sums match CCC annual report within 0.4%). All product categories."
MA,2021-04,month,29,flower_sales_usd_medical,13268653.19,usd,"Massachusetts Cannabis Control Commission Open Data, ""Medical Marijuana Establishments (MMEs) - Facility Sales""",https://masscannabiscontrol.com/resource/a_sales_mtc_gross.csv,2026-09-25,"DERIVED by agent: sum of daily rows (SALEDATE in month) across Retail and delivery data types in CCC dataset a_sales_mtc_gross, CCCLastUpdated 2026-09-08; file downloaded by the author 2026-09-25 with $limit=500000 (complete: annual sums match CCC annual report within 0.4%). Product category ""Buds"" (excludes pre-rolls, shake/trim, kief), all units of measure."
MA,2021-04,month,29,flower_sold_grams_medical,1272537.43,grams,"Massachusetts Cannabis Control Commission Open Data, ""Medical Marijuana Establishments (MMEs) - Facility Sales""",https://masscannabiscontrol.com/resource/a_sales_mtc_gross.csv,2026-09-25,"DERIVED by agent: sum of daily rows (SALEDATE in month) across Retail and delivery data types in CCC dataset a_sales_mtc_gross, CCCLastUpdated 2026-09-08; file downloaded by the author 2026-09-25 with $limit=500000 (complete: annual sums match CCC annual report within 0.4%). Product category ""Buds"", rows recorded in grams only; rows recorded in lb, oz, kg, mg or ea (under 0.2% of Buds dollars) are excluded because their quantities convert to implausible prices."
MA,2021-05,month,30,total_sales_usd_medical,27053065.26,usd,"Massachusetts Cannabis Control Commission Open Data, ""Medical Marijuana Establishments (MMEs) - Facility Sales""",https://masscannabiscontrol.com/resource/a_sales_mtc_gross.csv,2026-09-25,"DERIVED by agent: sum of daily rows (SALEDATE in month) across Retail and delivery data types in CCC dataset a_sales_mtc_gross, CCCLastUpdated 2026-09-08; file downloaded by the author 2026-09-25 with $limit=500000 (complete: annual sums match CCC annual report within 0.4%). All product categories."
MA,2021-05,month,30,flower_sales_usd_medical,13164355.74,usd,"Massachusetts Cannabis Control Commission Open Data, ""Medical Marijuana Establishments (MMEs) - Facility Sales""",https://masscannabiscontrol.com/resource/a_sales_mtc_gross.csv,2026-09-25,"DERIVED by agent: sum of daily rows (SALEDATE in month) across Retail and delivery data types in CCC dataset a_sales_mtc_gross, CCCLastUpdated 2026-09-08; file downloaded by the author 2026-09-25 with $limit=500000 (complete: annual sums match CCC annual report within 0.4%). Product category ""Buds"" (excludes pre-rolls, shake/trim, kief), all units of measure."
MA,2021-05,month,30,flower_sold_grams_medical,1243951.98,grams,"Massachusetts Cannabis Control Commission Open Data, ""Medical Marijuana Establishments (MMEs) - Facility Sales""",https://masscannabiscontrol.com/resource/a_sales_mtc_gross.csv,2026-09-25,"DERIVED by agent: sum of daily rows (SALEDATE in month) across Retail and delivery data types in CCC dataset a_sales_mtc_gross, CCCLastUpdated 2026-09-08; file downloaded by the author 2026-09-25 with $limit=500000 (complete: annual sums match CCC annual report within 0.4%). Product category ""Buds"", rows recorded in grams only; rows recorded in lb, oz, kg, mg or ea (under 0.2% of Buds dollars) are excluded because their quantities convert to implausible prices."
MA,2021-06,month,31,total_sales_usd_medical,26014960.59,usd,"Massachusetts Cannabis Control Commission Open Data, ""Medical Marijuana Establishments (MMEs) - Facility Sales""",https://masscannabiscontrol.com/resource/a_sales_mtc_gross.csv,2026-09-25,"DERIVED by agent: sum of daily rows (SALEDATE in month) across Retail and delivery data types in CCC dataset a_sales_mtc_gross, CCCLastUpdated 2026-09-08; file downloaded by the author 2026-09-25 with $limit=500000 (complete: annual sums match CCC annual report within 0.4%). All product categories."
MA,2021-06,month,31,flower_sales_usd_medical,12447969.79,usd,"Massachusetts Cannabis Control Commission Open Data, ""Medical Marijuana Establishments (MMEs) - Facility Sales""",https://masscannabiscontrol.com/resource/a_sales_mtc_gross.csv,2026-09-25,"DERIVED by agent: sum of daily rows (SALEDATE in month) across Retail and delivery data types in CCC dataset a_sales_mtc_gross, CCCLastUpdated 2026-09-08; file downloaded by the author 2026-09-25 with $limit=500000 (complete: annual sums match CCC annual report within 0.4%). Product category ""Buds"" (excludes pre-rolls, shake/trim, kief), all units of measure."
MA,2021-06,month,31,flower_sold_grams_medical,1204800.13,grams,"Massachusetts Cannabis Control Commission Open Data, ""Medical Marijuana Establishments (MMEs) - Facility Sales""",https://masscannabiscontrol.com/resource/a_sales_mtc_gross.csv,2026-09-25,"DERIVED by agent: sum of daily rows (SALEDATE in month) across Retail and delivery data types in CCC dataset a_sales_mtc_gross, CCCLastUpdated 2026-09-08; file downloaded by the author 2026-09-25 with $limit=500000 (complete: annual sums match CCC annual report within 0.4%). Product category ""Buds"", rows recorded in grams only; rows recorded in lb, oz, kg, mg or ea (under 0.2% of Buds dollars) are excluded because their quantities convert to implausible prices."
MA,2021-07,month,32,total_sales_usd_medical,27349097.6,usd,"Massachusetts Cannabis Control Commission Open Data, ""Medical Marijuana Establishments (MMEs) - Facility Sales""",https://masscannabiscontrol.com/resource/a_sales_mtc_gross.csv,2026-09-25,"DERIVED by agent: sum of daily rows (SALEDATE in month) across Retail and delivery data types in CCC dataset a_sales_mtc_gross, CCCLastUpdated 2026-09-08; file downloaded by the author 2026-09-25 with $limit=500000 (complete: annual sums match CCC annual report within 0.4%). All product categories."
MA,2021-07,month,32,flower_sales_usd_medical,12833345.99,usd,"Massachusetts Cannabis Control Commission Open Data, ""Medical Marijuana Establishments (MMEs) - Facility Sales""",https://masscannabiscontrol.com/resource/a_sales_mtc_gross.csv,2026-09-25,"DERIVED by agent: sum of daily rows (SALEDATE in month) across Retail and delivery data types in CCC dataset a_sales_mtc_gross, CCCLastUpdated 2026-09-08; file downloaded by the author 2026-09-25 with $limit=500000 (complete: annual sums match CCC annual report within 0.4%). Product category ""Buds"" (excludes pre-rolls, shake/trim, kief), all units of measure."
MA,2021-07,month,32,flower_sold_grams_medical,1229104.33,grams,"Massachusetts Cannabis Control Commission Open Data, ""Medical Marijuana Establishments (MMEs) - Facility Sales""",https://masscannabiscontrol.com/resource/a_sales_mtc_gross.csv,2026-09-25,"DERIVED by agent: sum of daily rows (SALEDATE in month) across Retail and delivery data types in CCC dataset a_sales_mtc_gross, CCCLastUpdated 2026-09-08; file downloaded by the author 2026-09-25 with $limit=500000 (complete: annual sums match CCC annual report within 0.4%). Product category ""Buds"", rows recorded in grams only; rows recorded in lb, oz, kg, mg or ea (under 0.2% of Buds dollars) are excluded because their quantities convert to implausible prices."
MA,2021-08,month,33,total_sales_usd_medical,26644444.3,usd,"Massachusetts Cannabis Control Commission Open Data, ""Medical Marijuana Establishments (MMEs) - Facility Sales""",https://masscannabiscontrol.com/resource/a_sales_mtc_gross.csv,2026-09-25,"DERIVED by agent: sum of daily rows (SALEDATE in month) across Retail and delivery data types in CCC dataset a_sales_mtc_gross, CCCLastUpdated 2026-09-08; file downloaded by the author 2026-09-25 with $limit=500000 (complete: annual sums match CCC annual report within 0.4%). All product categories."
MA,2021-08,month,33,flower_sales_usd_medical,12587716.91,usd,"Massachusetts Cannabis Control Commission Open Data, ""Medical Marijuana Establishments (MMEs) - Facility Sales""",https://masscannabiscontrol.com/resource/a_sales_mtc_gross.csv,2026-09-25,"DERIVED by agent: sum of daily rows (SALEDATE in month) across Retail and delivery data types in CCC dataset a_sales_mtc_gross, CCCLastUpdated 2026-09-08; file downloaded by the author 2026-09-25 with $limit=500000 (complete: annual sums match CCC annual report within 0.4%). Product category ""Buds"" (excludes pre-rolls, shake/trim, kief), all units of measure."
MA,2021-08,month,33,flower_sold_grams_medical,1217766.24,grams,"Massachusetts Cannabis Control Commission Open Data, ""Medical Marijuana Establishments (MMEs) - Facility Sales""",https://masscannabiscontrol.com/resource/a_sales_mtc_gross.csv,2026-09-25,"DERIVED by agent: sum of daily rows (SALEDATE in month) across Retail and delivery data types in CCC dataset a_sales_mtc_gross, CCCLastUpdated 2026-09-08; file downloaded by the author 2026-09-25 with $limit=500000 (complete: annual sums match CCC annual report within 0.4%). Product category ""Buds"", rows recorded in grams only; rows recorded in lb, oz, kg, mg or ea (under 0.2% of Buds dollars) are excluded because their quantities convert to implausible prices."
MA,2021-09,month,34,total_sales_usd_medical,25259929.79,usd,"Massachusetts Cannabis Control Commission Open Data, ""Medical Marijuana Establishments (MMEs) - Facility Sales""",https://masscannabiscontrol.com/resource/a_sales_mtc_gross.csv,2026-09-25,"DERIVED by agent: sum of daily rows (SALEDATE in month) across Retail and delivery data types in CCC dataset a_sales_mtc_gross, CCCLastUpdated 2026-09-08; file downloaded by the author 2026-09-25 with $limit=500000 (complete: annual sums match CCC annual report within 0.4%). All product categories."
MA,2021-09,month,34,flower_sales_usd_medical,11900863.83,usd,"Massachusetts Cannabis Control Commission Open Data, ""Medical Marijuana Establishments (MMEs) - Facility Sales""",https://masscannabiscontrol.com/resource/a_sales_mtc_gross.csv,2026-09-25,"DERIVED by agent: sum of daily rows (SALEDATE in month) across Retail and delivery data types in CCC dataset a_sales_mtc_gross, CCCLastUpdated 2026-09-08; file downloaded by the author 2026-09-25 with $limit=500000 (complete: annual sums match CCC annual report within 0.4%). Product category ""Buds"" (excludes pre-rolls, shake/trim, kief), all units of measure."
MA,2021-09,month,34,flower_sold_grams_medical,1175321.29,grams,"Massachusetts Cannabis Control Commission Open Data, ""Medical Marijuana Establishments (MMEs) - Facility Sales""",https://masscannabiscontrol.com/resource/a_sales_mtc_gross.csv,2026-09-25,"DERIVED by agent: sum of daily rows (SALEDATE in month) across Retail and delivery data types in CCC dataset a_sales_mtc_gross, CCCLastUpdated 2026-09-08; file downloaded by the author 2026-09-25 with $limit=500000 (complete: annual sums match CCC annual report within 0.4%). Product category ""Buds"", rows recorded in grams only; rows recorded in lb, oz, kg, mg or ea (under 0.2% of Buds dollars) are excluded because their quantities convert to implausible prices."
MA,2021-10,month,35,total_sales_usd_medical,25405321.87,usd,"Massachusetts Cannabis Control Commission Open Data, ""Medical Marijuana Establishments (MMEs) - Facility Sales""",https://masscannabiscontrol.com/resource/a_sales_mtc_gross.csv,2026-09-25,"DERIVED by agent: sum of daily rows (SALEDATE in month) across Retail and delivery data types in CCC dataset a_sales_mtc_gross, CCCLastUpdated 2026-09-08; file downloaded by the author 2026-09-25 with $limit=500000 (complete: annual sums match CCC annual report within 0.4%). All product categories."
MA,2021-10,month,35,flower_sales_usd_medical,11813035.68,usd,"Massachusetts Cannabis Control Commission Open Data, ""Medical Marijuana Establishments (MMEs) - Facility Sales""",https://masscannabiscontrol.com/resource/a_sales_mtc_gross.csv,2026-09-25,"DERIVED by agent: sum of daily rows (SALEDATE in month) across Retail and delivery data types in CCC dataset a_sales_mtc_gross, CCCLastUpdated 2026-09-08; file downloaded by the author 2026-09-25 with $limit=500000 (complete: annual sums match CCC annual report within 0.4%). Product category ""Buds"" (excludes pre-rolls, shake/trim, kief), all units of measure."
MA,2021-10,month,35,flower_sold_grams_medical,1177274.2,grams,"Massachusetts Cannabis Control Commission Open Data, ""Medical Marijuana Establishments (MMEs) - Facility Sales""",https://masscannabiscontrol.com/resource/a_sales_mtc_gross.csv,2026-09-25,"DERIVED by agent: sum of daily rows (SALEDATE in month) across Retail and delivery data types in CCC dataset a_sales_mtc_gross, CCCLastUpdated 2026-09-08; file downloaded by the author 2026-09-25 with $limit=500000 (complete: annual sums match CCC annual report within 0.4%). Product category ""Buds"", rows recorded in grams only; rows recorded in lb, oz, kg, mg or ea (under 0.2% of Buds dollars) are excluded because their quantities convert to implausible prices."
MA,2021-11,month,36,total_sales_usd_medical,24484045.46,usd,"Massachusetts Cannabis Control Commission Open Data, ""Medical Marijuana Establishments (MMEs) - Facility Sales""",https://masscannabiscontrol.com/resource/a_sales_mtc_gross.csv,2026-09-25,"DERIVED by agent: sum of daily rows (SALEDATE in month) across Retail and delivery data types in CCC dataset a_sales_mtc_gross, CCCLastUpdated 2026-09-08; file downloaded by the author 2026-09-25 with $limit=500000 (complete: annual sums match CCC annual report within 0.4%). All product categories."
MA,2021-11,month,36,flower_sales_usd_medical,11288638.05,usd,"Massachusetts Cannabis Control Commission Open Data, ""Medical Marijuana Establishments (MMEs) - Facility Sales""",https://masscannabiscontrol.com/resource/a_sales_mtc_gross.csv,2026-09-25,"DERIVED by agent: sum of daily rows (SALEDATE in month) across Retail and delivery data types in CCC dataset a_sales_mtc_gross, CCCLastUpdated 2026-09-08; file downloaded by the author 2026-09-25 with $limit=500000 (complete: annual sums match CCC annual report within 0.4%). Product category ""Buds"" (excludes pre-rolls, shake/trim, kief), all units of measure."
MA,2021-11,month,36,flower_sold_grams_medical,1174232.65,grams,"Massachusetts Cannabis Control Commission Open Data, ""Medical Marijuana Establishments (MMEs) - Facility Sales""",https://masscannabiscontrol.com/resource/a_sales_mtc_gross.csv,2026-09-25,"DERIVED by agent: sum of daily rows (SALEDATE in month) across Retail and delivery data types in CCC dataset a_sales_mtc_gross, CCCLastUpdated 2026-09-08; file downloaded by the author 2026-09-25 with $limit=500000 (complete: annual sums match CCC annual report within 0.4%). Product category ""Buds"", rows recorded in grams only; rows recorded in lb, oz, kg, mg or ea (under 0.2% of Buds dollars) are excluded because their quantities convert to implausible prices."
MA,2021-12,month,37,total_sales_usd_medical,27050574.58,usd,"Massachusetts Cannabis Control Commission Open Data, ""Medical Marijuana Establishments (MMEs) - Facility Sales""",https://masscannabiscontrol.com/resource/a_sales_mtc_gross.csv,2026-09-25,"DERIVED by agent: sum of daily rows (SALEDATE in month) across Retail and delivery data types in CCC dataset a_sales_mtc_gross, CCCLastUpdated 2026-09-08; file downloaded by the author 2026-09-25 with $limit=500000 (complete: annual sums match CCC annual report within 0.4%). All product categories."
MA,2021-12,month,37,flower_sales_usd_medical,12232721.64,usd,"Massachusetts Cannabis Control Commission Open Data, ""Medical Marijuana Establishments (MMEs) - Facility Sales""",https://masscannabiscontrol.com/resource/a_sales_mtc_gross.csv,2026-09-25,"DERIVED by agent: sum of daily rows (SALEDATE in month) across Retail and delivery data types in CCC dataset a_sales_mtc_gross, CCCLastUpdated 2026-09-08; file downloaded by the author 2026-09-25 with $limit=500000 (complete: annual sums match CCC annual report within 0.4%). Product category ""Buds"" (excludes pre-rolls, shake/trim, kief), all units of measure."
MA,2021-12,month,37,flower_sold_grams_medical,1340364.11,grams,"Massachusetts Cannabis Control Commission Open Data, ""Medical Marijuana Establishments (MMEs) - Facility Sales""",https://masscannabiscontrol.com/resource/a_sales_mtc_gross.csv,2026-09-25,"DERIVED by agent: sum of daily rows (SALEDATE in month) across Retail and delivery data types in CCC dataset a_sales_mtc_gross, CCCLastUpdated 2026-09-08; file downloaded by the author 2026-09-25 with $limit=500000 (complete: annual sums match CCC annual report within 0.4%). Product category ""Buds"", rows recorded in grams only; rows recorded in lb, oz, kg, mg or ea (under 0.2% of Buds dollars) are excluded because their quantities convert to implausible prices."
MA,2022-01,month,38,total_sales_usd_medical,23832077.17,usd,"Massachusetts Cannabis Control Commission Open Data, ""Medical Marijuana Establishments (MMEs) - Facility Sales""",https://masscannabiscontrol.com/resource/a_sales_mtc_gross.csv,2026-09-25,"DERIVED by agent: sum of daily rows (SALEDATE in month) across Retail and delivery data types in CCC dataset a_sales_mtc_gross, CCCLastUpdated 2026-09-08; file downloaded by the author 2026-09-25 with $limit=500000 (complete: annual sums match CCC annual report within 0.4%). All product categories."
MA,2022-01,month,38,flower_sales_usd_medical,11220944.54,usd,"Massachusetts Cannabis Control Commission Open Data, ""Medical Marijuana Establishments (MMEs) - Facility Sales""",https://masscannabiscontrol.com/resource/a_sales_mtc_gross.csv,2026-09-25,"DERIVED by agent: sum of daily rows (SALEDATE in month) across Retail and delivery data types in CCC dataset a_sales_mtc_gross, CCCLastUpdated 2026-09-08; file downloaded by the author 2026-09-25 with $limit=500000 (complete: annual sums match CCC annual report within 0.4%). Product category ""Buds"" (excludes pre-rolls, shake/trim, kief), all units of measure."
MA,2022-01,month,38,flower_sold_grams_medical,1185566.74,grams,"Massachusetts Cannabis Control Commission Open Data, ""Medical Marijuana Establishments (MMEs) - Facility Sales""",https://masscannabiscontrol.com/resource/a_sales_mtc_gross.csv,2026-09-25,"DERIVED by agent: sum of daily rows (SALEDATE in month) across Retail and delivery data types in CCC dataset a_sales_mtc_gross, CCCLastUpdated 2026-09-08; file downloaded by the author 2026-09-25 with $limit=500000 (complete: annual sums match CCC annual report within 0.4%). Product category ""Buds"", rows recorded in grams only; rows recorded in lb, oz, kg, mg or ea (under 0.2% of Buds dollars) are excluded because their quantities convert to implausible prices."
MA,2022-02,month,39,total_sales_usd_medical,22932328.51,usd,"Massachusetts Cannabis Control Commission Open Data, ""Medical Marijuana Establishments (MMEs) - Facility Sales""",https://masscannabiscontrol.com/resource/a_sales_mtc_gross.csv,2026-09-25,"DERIVED by agent: sum of daily rows (SALEDATE in month) across Retail and delivery data types in CCC dataset a_sales_mtc_gross, CCCLastUpdated 2026-09-08; file downloaded by the author 2026-09-25 with $limit=500000 (complete: annual sums match CCC annual report within 0.4%). All product categories."
MA,2022-02,month,39,flower_sales_usd_medical,10631161.24,usd,"Massachusetts Cannabis Control Commission Open Data, ""Medical Marijuana Establishments (MMEs) - Facility Sales""",https://masscannabiscontrol.com/resource/a_sales_mtc_gross.csv,2026-09-25,"DERIVED by agent: sum of daily rows (SALEDATE in month) across Retail and delivery data types in CCC dataset a_sales_mtc_gross, CCCLastUpdated 2026-09-08; file downloaded by the author 2026-09-25 with $limit=500000 (complete: annual sums match CCC annual report within 0.4%). Product category ""Buds"" (excludes pre-rolls, shake/trim, kief), all units of measure."
MA,2022-02,month,39,flower_sold_grams_medical,1145844.4,grams,"Massachusetts Cannabis Control Commission Open Data, ""Medical Marijuana Establishments (MMEs) - Facility Sales""",https://masscannabiscontrol.com/resource/a_sales_mtc_gross.csv,2026-09-25,"DERIVED by agent: sum of daily rows (SALEDATE in month) across Retail and delivery data types in CCC dataset a_sales_mtc_gross, CCCLastUpdated 2026-09-08; file downloaded by the author 2026-09-25 with $limit=500000 (complete: annual sums match CCC annual report within 0.4%). Product category ""Buds"", rows recorded in grams only; rows recorded in lb, oz, kg, mg or ea (under 0.2% of Buds dollars) are excluded because their quantities convert to implausible prices."
MA,2022-03,month,40,total_sales_usd_medical,25028716.97,usd,"Massachusetts Cannabis Control Commission Open Data, ""Medical Marijuana Establishments (MMEs) - Facility Sales""",https://masscannabiscontrol.com/resource/a_sales_mtc_gross.csv,2026-09-25,"DERIVED by agent: sum of daily rows (SALEDATE in month) across Retail and delivery data types in CCC dataset a_sales_mtc_gross, CCCLastUpdated 2026-09-08; file downloaded by the author 2026-09-25 with $limit=500000 (complete: annual sums match CCC annual report within 0.4%). All product categories."
MA,2022-03,month,40,flower_sales_usd_medical,11424839.11,usd,"Massachusetts Cannabis Control Commission Open Data, ""Medical Marijuana Establishments (MMEs) - Facility Sales""",https://masscannabiscontrol.com/resource/a_sales_mtc_gross.csv,2026-09-25,"DERIVED by agent: sum of daily rows (SALEDATE in month) across Retail and delivery data types in CCC dataset a_sales_mtc_gross, CCCLastUpdated 2026-09-08; file downloaded by the author 2026-09-25 with $limit=500000 (complete: annual sums match CCC annual report within 0.4%). Product category ""Buds"" (excludes pre-rolls, shake/trim, kief), all units of measure."
MA,2022-03,month,40,flower_sold_grams_medical,1285135.23,grams,"Massachusetts Cannabis Control Commission Open Data, ""Medical Marijuana Establishments (MMEs) - Facility Sales""",https://masscannabiscontrol.com/resource/a_sales_mtc_gross.csv,2026-09-25,"DERIVED by agent: sum of daily rows (SALEDATE in month) across Retail and delivery data types in CCC dataset a_sales_mtc_gross, CCCLastUpdated 2026-09-08; file downloaded by the author 2026-09-25 with $limit=500000 (complete: annual sums match CCC annual report within 0.4%). Product category ""Buds"", rows recorded in grams only; rows recorded in lb, oz, kg, mg or ea (under 0.2% of Buds dollars) are excluded because their quantities convert to implausible prices."
MA,2022-04,month,41,total_sales_usd_medical,24687821.14,usd,"Massachusetts Cannabis Control Commission Open Data, ""Medical Marijuana Establishments (MMEs) - Facility Sales""",https://masscannabiscontrol.com/resource/a_sales_mtc_gross.csv,2026-09-25,"DERIVED by agent: sum of daily rows (SALEDATE in month) across Retail and delivery data types in CCC dataset a_sales_mtc_gross, CCCLastUpdated 2026-09-08; file downloaded by the author 2026-09-25 with $limit=500000 (complete: annual sums match CCC annual report within 0.4%). All product categories."
MA,2022-04,month,41,flower_sales_usd_medical,11062711.38,usd,"Massachusetts Cannabis Control Commission Open Data, ""Medical Marijuana Establishments (MMEs) - Facility Sales""",https://masscannabiscontrol.com/resource/a_sales_mtc_gross.csv,2026-09-25,"DERIVED by agent: sum of daily rows (SALEDATE in month) across Retail and delivery data types in CCC dataset a_sales_mtc_gross, CCCLastUpdated 2026-09-08; file downloaded by the author 2026-09-25 with $limit=500000 (complete: annual sums match CCC annual report within 0.4%). Product category ""Buds"" (excludes pre-rolls, shake/trim, kief), all units of measure."
MA,2022-04,month,41,flower_sold_grams_medical,1329933.28,grams,"Massachusetts Cannabis Control Commission Open Data, ""Medical Marijuana Establishments (MMEs) - Facility Sales""",https://masscannabiscontrol.com/resource/a_sales_mtc_gross.csv,2026-09-25,"DERIVED by agent: sum of daily rows (SALEDATE in month) across Retail and delivery data types in CCC dataset a_sales_mtc_gross, CCCLastUpdated 2026-09-08; file downloaded by the author 2026-09-25 with $limit=500000 (complete: annual sums match CCC annual report within 0.4%). Product category ""Buds"", rows recorded in grams only; rows recorded in lb, oz, kg, mg or ea (under 0.2% of Buds dollars) are excluded because their quantities convert to implausible prices."
MA,2022-05,month,42,total_sales_usd_medical,23293333.79,usd,"Massachusetts Cannabis Control Commission Open Data, ""Medical Marijuana Establishments (MMEs) - Facility Sales""",https://masscannabiscontrol.com/resource/a_sales_mtc_gross.csv,2026-09-25,"DERIVED by agent: sum of daily rows (SALEDATE in month) across Retail and delivery data types in CCC dataset a_sales_mtc_gross, CCCLastUpdated 2026-09-08; file downloaded by the author 2026-09-25 with $limit=500000 (complete: annual sums match CCC annual report within 0.4%). All product categories."
MA,2022-05,month,42,flower_sales_usd_medical,10302879.86,usd,"Massachusetts Cannabis Control Commission Open Data, ""Medical Marijuana Establishments (MMEs) - Facility Sales""",https://masscannabiscontrol.com/resource/a_sales_mtc_gross.csv,2026-09-25,"DERIVED by agent: sum of daily rows (SALEDATE in month) across Retail and delivery data types in CCC dataset a_sales_mtc_gross, CCCLastUpdated 2026-09-08; file downloaded by the author 2026-09-25 with $limit=500000 (complete: annual sums match CCC annual report within 0.4%). Product category ""Buds"" (excludes pre-rolls, shake/trim, kief), all units of measure."
MA,2022-05,month,42,flower_sold_grams_medical,1228535.76,grams,"Massachusetts Cannabis Control Commission Open Data, ""Medical Marijuana Establishments (MMEs) - Facility Sales""",https://masscannabiscontrol.com/resource/a_sales_mtc_gross.csv,2026-09-25,"DERIVED by agent: sum of daily rows (SALEDATE in month) across Retail and delivery data types in CCC dataset a_sales_mtc_gross, CCCLastUpdated 2026-09-08; file downloaded by the author 2026-09-25 with $limit=500000 (complete: annual sums match CCC annual report within 0.4%). Product category ""Buds"", rows recorded in grams only; rows recorded in lb, oz, kg, mg or ea (under 0.2% of Buds dollars) are excluded because their quantities convert to implausible prices."
MA,2022-06,month,43,total_sales_usd_medical,23152503.49,usd,"Massachusetts Cannabis Control Commission Open Data, ""Medical Marijuana Establishments (MMEs) - Facility Sales""",https://masscannabiscontrol.com/resource/a_sales_mtc_gross.csv,2026-09-25,"DERIVED by agent: sum of daily rows (SALEDATE in month) across Retail and delivery data types in CCC dataset a_sales_mtc_gross, CCCLastUpdated 2026-09-08; file downloaded by the author 2026-09-25 with $limit=500000 (complete: annual sums match CCC annual report within 0.4%). All product categories."
MA,2022-06,month,43,flower_sales_usd_medical,10174001.91,usd,"Massachusetts Cannabis Control Commission Open Data, ""Medical Marijuana Establishments (MMEs) - Facility Sales""",https://masscannabiscontrol.com/resource/a_sales_mtc_gross.csv,2026-09-25,"DERIVED by agent: sum of daily rows (SALEDATE in month) across Retail and delivery data types in CCC dataset a_sales_mtc_gross, CCCLastUpdated 2026-09-08; file downloaded by the author 2026-09-25 with $limit=500000 (complete: annual sums match CCC annual report within 0.4%). Product category ""Buds"" (excludes pre-rolls, shake/trim, kief), all units of measure."
MA,2022-06,month,43,flower_sold_grams_medical,1304649.58,grams,"Massachusetts Cannabis Control Commission Open Data, ""Medical Marijuana Establishments (MMEs) - Facility Sales""",https://masscannabiscontrol.com/resource/a_sales_mtc_gross.csv,2026-09-25,"DERIVED by agent: sum of daily rows (SALEDATE in month) across Retail and delivery data types in CCC dataset a_sales_mtc_gross, CCCLastUpdated 2026-09-08; file downloaded by the author 2026-09-25 with $limit=500000 (complete: annual sums match CCC annual report within 0.4%). Product category ""Buds"", rows recorded in grams only; rows recorded in lb, oz, kg, mg or ea (under 0.2% of Buds dollars) are excluded because their quantities convert to implausible prices."
MA,2022-07,month,44,total_sales_usd_medical,23072464.02,usd,"Massachusetts Cannabis Control Commission Open Data, ""Medical Marijuana Establishments (MMEs) - Facility Sales""",https://masscannabiscontrol.com/resource/a_sales_mtc_gross.csv,2026-09-25,"DERIVED by agent: sum of daily rows (SALEDATE in month) across Retail and delivery data types in CCC dataset a_sales_mtc_gross, CCCLastUpdated 2026-09-08; file downloaded by the author 2026-09-25 with $limit=500000 (complete: annual sums match CCC annual report within 0.4%). All product categories."
MA,2022-07,month,44,flower_sales_usd_medical,9973862.58,usd,"Massachusetts Cannabis Control Commission Open Data, ""Medical Marijuana Establishments (MMEs) - Facility Sales""",https://masscannabiscontrol.com/resource/a_sales_mtc_gross.csv,2026-09-25,"DERIVED by agent: sum of daily rows (SALEDATE in month) across Retail and delivery data types in CCC dataset a_sales_mtc_gross, CCCLastUpdated 2026-09-08; file downloaded by the author 2026-09-25 with $limit=500000 (complete: annual sums match CCC annual report within 0.4%). Product category ""Buds"" (excludes pre-rolls, shake/trim, kief), all units of measure."
MA,2022-07,month,44,flower_sold_grams_medical,1288943.5,grams,"Massachusetts Cannabis Control Commission Open Data, ""Medical Marijuana Establishments (MMEs) - Facility Sales""",https://masscannabiscontrol.com/resource/a_sales_mtc_gross.csv,2026-09-25,"DERIVED by agent: sum of daily rows (SALEDATE in month) across Retail and delivery data types in CCC dataset a_sales_mtc_gross, CCCLastUpdated 2026-09-08; file downloaded by the author 2026-09-25 with $limit=500000 (complete: annual sums match CCC annual report within 0.4%). Product category ""Buds"", rows recorded in grams only; rows recorded in lb, oz, kg, mg or ea (under 0.2% of Buds dollars) are excluded because their quantities convert to implausible prices."
MA,2022-08,month,45,total_sales_usd_medical,22538575.76,usd,"Massachusetts Cannabis Control Commission Open Data, ""Medical Marijuana Establishments (MMEs) - Facility Sales""",https://masscannabiscontrol.com/resource/a_sales_mtc_gross.csv,2026-09-25,"DERIVED by agent: sum of daily rows (SALEDATE in month) across Retail and delivery data types in CCC dataset a_sales_mtc_gross, CCCLastUpdated 2026-09-08; file downloaded by the author 2026-09-25 with $limit=500000 (complete: annual sums match CCC annual report within 0.4%). All product categories."
MA,2022-08,month,45,flower_sales_usd_medical,9734786.1,usd,"Massachusetts Cannabis Control Commission Open Data, ""Medical Marijuana Establishments (MMEs) - Facility Sales""",https://masscannabiscontrol.com/resource/a_sales_mtc_gross.csv,2026-09-25,"DERIVED by agent: sum of daily rows (SALEDATE in month) across Retail and delivery data types in CCC dataset a_sales_mtc_gross, CCCLastUpdated 2026-09-08; file downloaded by the author 2026-09-25 with $limit=500000 (complete: annual sums match CCC annual report within 0.4%). Product category ""Buds"" (excludes pre-rolls, shake/trim, kief), all units of measure."
MA,2022-08,month,45,flower_sold_grams_medical,1326281.1,grams,"Massachusetts Cannabis Control Commission Open Data, ""Medical Marijuana Establishments (MMEs) - Facility Sales""",https://masscannabiscontrol.com/resource/a_sales_mtc_gross.csv,2026-09-25,"DERIVED by agent: sum of daily rows (SALEDATE in month) across Retail and delivery data types in CCC dataset a_sales_mtc_gross, CCCLastUpdated 2026-09-08; file downloaded by the author 2026-09-25 with $limit=500000 (complete: annual sums match CCC annual report within 0.4%). Product category ""Buds"", rows recorded in grams only; rows recorded in lb, oz, kg, mg or ea (under 0.2% of Buds dollars) are excluded because their quantities convert to implausible prices."
MA,2022-09,month,46,total_sales_usd_medical,21488439.48,usd,"Massachusetts Cannabis Control Commission Open Data, ""Medical Marijuana Establishments (MMEs) - Facility Sales""",https://masscannabiscontrol.com/resource/a_sales_mtc_gross.csv,2026-09-25,"DERIVED by agent: sum of daily rows (SALEDATE in month) across Retail and delivery data types in CCC dataset a_sales_mtc_gross, CCCLastUpdated 2026-09-08; file downloaded by the author 2026-09-25 with $limit=500000 (complete: annual sums match CCC annual report within 0.4%). All product categories."
MA,2022-09,month,46,flower_sales_usd_medical,9381272.86,usd,"Massachusetts Cannabis Control Commission Open Data, ""Medical Marijuana Establishments (MMEs) - Facility Sales""",https://masscannabiscontrol.com/resource/a_sales_mtc_gross.csv,2026-09-25,"DERIVED by agent: sum of daily rows (SALEDATE in month) across Retail and delivery data types in CCC dataset a_sales_mtc_gross, CCCLastUpdated 2026-09-08; file downloaded by the author 2026-09-25 with $limit=500000 (complete: annual sums match CCC annual report within 0.4%). Product category ""Buds"" (excludes pre-rolls, shake/trim, kief), all units of measure."
MA,2022-09,month,46,flower_sold_grams_medical,1330721.04,grams,"Massachusetts Cannabis Control Commission Open Data, ""Medical Marijuana Establishments (MMEs) - Facility Sales""",https://masscannabiscontrol.com/resource/a_sales_mtc_gross.csv,2026-09-25,"DERIVED by agent: sum of daily rows (SALEDATE in month) across Retail and delivery data types in CCC dataset a_sales_mtc_gross, CCCLastUpdated 2026-09-08; file downloaded by the author 2026-09-25 with $limit=500000 (complete: annual sums match CCC annual report within 0.4%). Product category ""Buds"", rows recorded in grams only; rows recorded in lb, oz, kg, mg or ea (under 0.2% of Buds dollars) are excluded because their quantities convert to implausible prices."
MA,2022-10,month,47,total_sales_usd_medical,21010054.52,usd,"Massachusetts Cannabis Control Commission Open Data, ""Medical Marijuana Establishments (MMEs) - Facility Sales""",https://masscannabiscontrol.com/resource/a_sales_mtc_gross.csv,2026-09-25,"DERIVED by agent: sum of daily rows (SALEDATE in month) across Retail and delivery data types in CCC dataset a_sales_mtc_gross, CCCLastUpdated 2026-09-08; file downloaded by the author 2026-09-25 with $limit=500000 (complete: annual sums match CCC annual report within 0.4%). All product categories."
MA,2022-10,month,47,flower_sales_usd_medical,9024783.7,usd,"Massachusetts Cannabis Control Commission Open Data, ""Medical Marijuana Establishments (MMEs) - Facility Sales""",https://masscannabiscontrol.com/resource/a_sales_mtc_gross.csv,2026-09-25,"DERIVED by agent: sum of daily rows (SALEDATE in month) across Retail and delivery data types in CCC dataset a_sales_mtc_gross, CCCLastUpdated 2026-09-08; file downloaded by the author 2026-09-25 with $limit=500000 (complete: annual sums match CCC annual report within 0.4%). Product category ""Buds"" (excludes pre-rolls, shake/trim, kief), all units of measure."
MA,2022-10,month,47,flower_sold_grams_medical,1322933.4,grams,"Massachusetts Cannabis Control Commission Open Data, ""Medical Marijuana Establishments (MMEs) - Facility Sales""",https://masscannabiscontrol.com/resource/a_sales_mtc_gross.csv,2026-09-25,"DERIVED by agent: sum of daily rows (SALEDATE in month) across Retail and delivery data types in CCC dataset a_sales_mtc_gross, CCCLastUpdated 2026-09-08; file downloaded by the author 2026-09-25 with $limit=500000 (complete: annual sums match CCC annual report within 0.4%). Product category ""Buds"", rows recorded in grams only; rows recorded in lb, oz, kg, mg or ea (under 0.2% of Buds dollars) are excluded because their quantities convert to implausible prices."
MA,2022-11,month,48,total_sales_usd_medical,20735823.67,usd,"Massachusetts Cannabis Control Commission Open Data, ""Medical Marijuana Establishments (MMEs) - Facility Sales""",https://masscannabiscontrol.com/resource/a_sales_mtc_gross.csv,2026-09-25,"DERIVED by agent: sum of daily rows (SALEDATE in month) across Retail and delivery data types in CCC dataset a_sales_mtc_gross, CCCLastUpdated 2026-09-08; file downloaded by the author 2026-09-25 with $limit=500000 (complete: annual sums match CCC annual report within 0.4%). All product categories."
MA,2022-11,month,48,flower_sales_usd_medical,8898524.71,usd,"Massachusetts Cannabis Control Commission Open Data, ""Medical Marijuana Establishments (MMEs) - Facility Sales""",https://masscannabiscontrol.com/resource/a_sales_mtc_gross.csv,2026-09-25,"DERIVED by agent: sum of daily rows (SALEDATE in month) across Retail and delivery data types in CCC dataset a_sales_mtc_gross, CCCLastUpdated 2026-09-08; file downloaded by the author 2026-09-25 with $limit=500000 (complete: annual sums match CCC annual report within 0.4%). Product category ""Buds"" (excludes pre-rolls, shake/trim, kief), all units of measure."
MA,2022-11,month,48,flower_sold_grams_medical,1368882.61,grams,"Massachusetts Cannabis Control Commission Open Data, ""Medical Marijuana Establishments (MMEs) - Facility Sales""",https://masscannabiscontrol.com/resource/a_sales_mtc_gross.csv,2026-09-25,"DERIVED by agent: sum of daily rows (SALEDATE in month) across Retail and delivery data types in CCC dataset a_sales_mtc_gross, CCCLastUpdated 2026-09-08; file downloaded by the author 2026-09-25 with $limit=500000 (complete: annual sums match CCC annual report within 0.4%). Product category ""Buds"", rows recorded in grams only; rows recorded in lb, oz, kg, mg or ea (under 0.2% of Buds dollars) are excluded because their quantities convert to implausible prices."
MA,2022-12,month,49,total_sales_usd_medical,21989995.58,usd,"Massachusetts Cannabis Control Commission Open Data, ""Medical Marijuana Establishments (MMEs) - Facility Sales""",https://masscannabiscontrol.com/resource/a_sales_mtc_gross.csv,2026-09-25,"DERIVED by agent: sum of daily rows (SALEDATE in month) across Retail and delivery data types in CCC dataset a_sales_mtc_gross, CCCLastUpdated 2026-09-08; file downloaded by the author 2026-09-25 with $limit=500000 (complete: annual sums match CCC annual report within 0.4%). All product categories."
MA,2022-12,month,49,flower_sales_usd_medical,9308193.35,usd,"Massachusetts Cannabis Control Commission Open Data, ""Medical Marijuana Establishments (MMEs) - Facility Sales""",https://masscannabiscontrol.com/resource/a_sales_mtc_gross.csv,2026-09-25,"DERIVED by agent: sum of daily rows (SALEDATE in month) across Retail and delivery data types in CCC dataset a_sales_mtc_gross, CCCLastUpdated 2026-09-08; file downloaded by the author 2026-09-25 with $limit=500000 (complete: annual sums match CCC annual report within 0.4%). Product category ""Buds"" (excludes pre-rolls, shake/trim, kief), all units of measure."
MA,2022-12,month,49,flower_sold_grams_medical,1500154.73,grams,"Massachusetts Cannabis Control Commission Open Data, ""Medical Marijuana Establishments (MMEs) - Facility Sales""",https://masscannabiscontrol.com/resource/a_sales_mtc_gross.csv,2026-09-25,"DERIVED by agent: sum of daily rows (SALEDATE in month) across Retail and delivery data types in CCC dataset a_sales_mtc_gross, CCCLastUpdated 2026-09-08; file downloaded by the author 2026-09-25 with $limit=500000 (complete: annual sums match CCC annual report within 0.4%). Product category ""Buds"", rows recorded in grams only; rows recorded in lb, oz, kg, mg or ea (under 0.2% of Buds dollars) are excluded because their quantities convert to implausible prices."
MA,2023-01,month,50,total_sales_usd_medical,19942839.29,usd,"Massachusetts Cannabis Control Commission Open Data, ""Medical Marijuana Establishments (MMEs) - Facility Sales""",https://masscannabiscontrol.com/resource/a_sales_mtc_gross.csv,2026-09-25,"DERIVED by agent: sum of daily rows (SALEDATE in month) across Retail and delivery data types in CCC dataset a_sales_mtc_gross, CCCLastUpdated 2026-09-08; file downloaded by the author 2026-09-25 with $limit=500000 (complete: annual sums match CCC annual report within 0.4%). All product categories."
MA,2023-01,month,50,flower_sales_usd_medical,8547005.51,usd,"Massachusetts Cannabis Control Commission Open Data, ""Medical Marijuana Establishments (MMEs) - Facility Sales""",https://masscannabiscontrol.com/resource/a_sales_mtc_gross.csv,2026-09-25,"DERIVED by agent: sum of daily rows (SALEDATE in month) across Retail and delivery data types in CCC dataset a_sales_mtc_gross, CCCLastUpdated 2026-09-08; file downloaded by the author 2026-09-25 with $limit=500000 (complete: annual sums match CCC annual report within 0.4%). Product category ""Buds"" (excludes pre-rolls, shake/trim, kief), all units of measure."
MA,2023-01,month,50,flower_sold_grams_medical,1353525.13,grams,"Massachusetts Cannabis Control Commission Open Data, ""Medical Marijuana Establishments (MMEs) - Facility Sales""",https://masscannabiscontrol.com/resource/a_sales_mtc_gross.csv,2026-09-25,"DERIVED by agent: sum of daily rows (SALEDATE in month) across Retail and delivery data types in CCC dataset a_sales_mtc_gross, CCCLastUpdated 2026-09-08; file downloaded by the author 2026-09-25 with $limit=500000 (complete: annual sums match CCC annual report within 0.4%). Product category ""Buds"", rows recorded in grams only; rows recorded in lb, oz, kg, mg or ea (under 0.2% of Buds dollars) are excluded because their quantities convert to implausible prices."
MA,2023-02,month,51,total_sales_usd_medical,18750876.98,usd,"Massachusetts Cannabis Control Commission Open Data, ""Medical Marijuana Establishments (MMEs) - Facility Sales""",https://masscannabiscontrol.com/resource/a_sales_mtc_gross.csv,2026-09-25,"DERIVED by agent: sum of daily rows (SALEDATE in month) across Retail and delivery data types in CCC dataset a_sales_mtc_gross, CCCLastUpdated 2026-09-08; file downloaded by the author 2026-09-25 with $limit=500000 (complete: annual sums match CCC annual report within 0.4%). All product categories."
MA,2023-02,month,51,flower_sales_usd_medical,8071522.97,usd,"Massachusetts Cannabis Control Commission Open Data, ""Medical Marijuana Establishments (MMEs) - Facility Sales""",https://masscannabiscontrol.com/resource/a_sales_mtc_gross.csv,2026-09-25,"DERIVED by agent: sum of daily rows (SALEDATE in month) across Retail and delivery data types in CCC dataset a_sales_mtc_gross, CCCLastUpdated 2026-09-08; file downloaded by the author 2026-09-25 with $limit=500000 (complete: annual sums match CCC annual report within 0.4%). Product category ""Buds"" (excludes pre-rolls, shake/trim, kief), all units of measure."
MA,2023-02,month,51,flower_sold_grams_medical,1313080.79,grams,"Massachusetts Cannabis Control Commission Open Data, ""Medical Marijuana Establishments (MMEs) - Facility Sales""",https://masscannabiscontrol.com/resource/a_sales_mtc_gross.csv,2026-09-25,"DERIVED by agent: sum of daily rows (SALEDATE in month) across Retail and delivery data types in CCC dataset a_sales_mtc_gross, CCCLastUpdated 2026-09-08; file downloaded by the author 2026-09-25 with $limit=500000 (complete: annual sums match CCC annual report within 0.4%). Product category ""Buds"", rows recorded in grams only; rows recorded in lb, oz, kg, mg or ea (under 0.2% of Buds dollars) are excluded because their quantities convert to implausible prices."
MA,2023-03,month,52,total_sales_usd_medical,20564969.6,usd,"Massachusetts Cannabis Control Commission Open Data, ""Medical Marijuana Establishments (MMEs) - Facility Sales""",https://masscannabiscontrol.com/resource/a_sales_mtc_gross.csv,2026-09-25,"DERIVED by agent: sum of daily rows (SALEDATE in month) across Retail and delivery data types in CCC dataset a_sales_mtc_gross, CCCLastUpdated 2026-09-08; file downloaded by the author 2026-09-25 with $limit=500000 (complete: annual sums match CCC annual report within 0.4%). All product categories."
MA,2023-03,month,52,flower_sales_usd_medical,8761947.04,usd,"Massachusetts Cannabis Control Commission Open Data, ""Medical Marijuana Establishments (MMEs) - Facility Sales""",https://masscannabiscontrol.com/resource/a_sales_mtc_gross.csv,2026-09-25,"DERIVED by agent: sum of daily rows (SALEDATE in month) across Retail and delivery data types in CCC dataset a_sales_mtc_gross, CCCLastUpdated 2026-09-08; file downloaded by the author 2026-09-25 with $limit=500000 (complete: annual sums match CCC annual report within 0.4%). Product category ""Buds"" (excludes pre-rolls, shake/trim, kief), all units of measure."
MA,2023-03,month,52,flower_sold_grams_medical,1406330.4,grams,"Massachusetts Cannabis Control Commission Open Data, ""Medical Marijuana Establishments (MMEs) - Facility Sales""",https://masscannabiscontrol.com/resource/a_sales_mtc_gross.csv,2026-09-25,"DERIVED by agent: sum of daily rows (SALEDATE in month) across Retail and delivery data types in CCC dataset a_sales_mtc_gross, CCCLastUpdated 2026-09-08; file downloaded by the author 2026-09-25 with $limit=500000 (complete: annual sums match CCC annual report within 0.4%). Product category ""Buds"", rows recorded in grams only; rows recorded in lb, oz, kg, mg or ea (under 0.2% of Buds dollars) are excluded because their quantities convert to implausible prices."
MA,2023-04,month,53,total_sales_usd_medical,19947646.23,usd,"Massachusetts Cannabis Control Commission Open Data, ""Medical Marijuana Establishments (MMEs) - Facility Sales""",https://masscannabiscontrol.com/resource/a_sales_mtc_gross.csv,2026-09-25,"DERIVED by agent: sum of daily rows (SALEDATE in month) across Retail and delivery data types in CCC dataset a_sales_mtc_gross, CCCLastUpdated 2026-09-08; file downloaded by the author 2026-09-25 with $limit=500000 (complete: annual sums match CCC annual report within 0.4%). All product categories."
MA,2023-04,month,53,flower_sales_usd_medical,8373748.92,usd,"Massachusetts Cannabis Control Commission Open Data, ""Medical Marijuana Establishments (MMEs) - Facility Sales""",https://masscannabiscontrol.com/resource/a_sales_mtc_gross.csv,2026-09-25,"DERIVED by agent: sum of daily rows (SALEDATE in month) across Retail and delivery data types in CCC dataset a_sales_mtc_gross, CCCLastUpdated 2026-09-08; file downloaded by the author 2026-09-25 with $limit=500000 (complete: annual sums match CCC annual report within 0.4%). Product category ""Buds"" (excludes pre-rolls, shake/trim, kief), all units of measure."
MA,2023-04,month,53,flower_sold_grams_medical,1430127.52,grams,"Massachusetts Cannabis Control Commission Open Data, ""Medical Marijuana Establishments (MMEs) - Facility Sales""",https://masscannabiscontrol.com/resource/a_sales_mtc_gross.csv,2026-09-25,"DERIVED by agent: sum of daily rows (SALEDATE in month) across Retail and delivery data types in CCC dataset a_sales_mtc_gross, CCCLastUpdated 2026-09-08; file downloaded by the author 2026-09-25 with $limit=500000 (complete: annual sums match CCC annual report within 0.4%). Product category ""Buds"", rows recorded in grams only; rows recorded in lb, oz, kg, mg or ea (under 0.2% of Buds dollars) are excluded because their quantities convert to implausible prices."
MA,2023-05,month,54,total_sales_usd_medical,19384317.06,usd,"Massachusetts Cannabis Control Commission Open Data, ""Medical Marijuana Establishments (MMEs) - Facility Sales""",https://masscannabiscontrol.com/resource/a_sales_mtc_gross.csv,2026-09-25,"DERIVED by agent: sum of daily rows (SALEDATE in month) across Retail and delivery data types in CCC dataset a_sales_mtc_gross, CCCLastUpdated 2026-09-08; file downloaded by the author 2026-09-25 with $limit=500000 (complete: annual sums match CCC annual report within 0.4%). All product categories."
MA,2023-05,month,54,flower_sales_usd_medical,8068639.29,usd,"Massachusetts Cannabis Control Commission Open Data, ""Medical Marijuana Establishments (MMEs) - Facility Sales""",https://masscannabiscontrol.com/resource/a_sales_mtc_gross.csv,2026-09-25,"DERIVED by agent: sum of daily rows (SALEDATE in month) across Retail and delivery data types in CCC dataset a_sales_mtc_gross, CCCLastUpdated 2026-09-08; file downloaded by the author 2026-09-25 with $limit=500000 (complete: annual sums match CCC annual report within 0.4%). Product category ""Buds"" (excludes pre-rolls, shake/trim, kief), all units of measure."
MA,2023-05,month,54,flower_sold_grams_medical,1375855.8,grams,"Massachusetts Cannabis Control Commission Open Data, ""Medical Marijuana Establishments (MMEs) - Facility Sales""",https://masscannabiscontrol.com/resource/a_sales_mtc_gross.csv,2026-09-25,"DERIVED by agent: sum of daily rows (SALEDATE in month) across Retail and delivery data types in CCC dataset a_sales_mtc_gross, CCCLastUpdated 2026-09-08; file downloaded by the author 2026-09-25 with $limit=500000 (complete: annual sums match CCC annual report within 0.4%). Product category ""Buds"", rows recorded in grams only; rows recorded in lb, oz, kg, mg or ea (under 0.2% of Buds dollars) are excluded because their quantities convert to implausible prices."
MA,2023-06,month,55,total_sales_usd_medical,19095750.11,usd,"Massachusetts Cannabis Control Commission Open Data, ""Medical Marijuana Establishments (MMEs) - Facility Sales""",https://masscannabiscontrol.com/resource/a_sales_mtc_gross.csv,2026-09-25,"DERIVED by agent: sum of daily rows (SALEDATE in month) across Retail and delivery data types in CCC dataset a_sales_mtc_gross, CCCLastUpdated 2026-09-08; file downloaded by the author 2026-09-25 with $limit=500000 (complete: annual sums match CCC annual report within 0.4%). All product categories."
MA,2023-06,month,55,flower_sales_usd_medical,7878892.84,usd,"Massachusetts Cannabis Control Commission Open Data, ""Medical Marijuana Establishments (MMEs) - Facility Sales""",https://masscannabiscontrol.com/resource/a_sales_mtc_gross.csv,2026-09-25,"DERIVED by agent: sum of daily rows (SALEDATE in month) across Retail and delivery data types in CCC dataset a_sales_mtc_gross, CCCLastUpdated 2026-09-08; file downloaded by the author 2026-09-25 with $limit=500000 (complete: annual sums match CCC annual report within 0.4%). Product category ""Buds"" (excludes pre-rolls, shake/trim, kief), all units of measure."
MA,2023-06,month,55,flower_sold_grams_medical,1379960.47,grams,"Massachusetts Cannabis Control Commission Open Data, ""Medical Marijuana Establishments (MMEs) - Facility Sales""",https://masscannabiscontrol.com/resource/a_sales_mtc_gross.csv,2026-09-25,"DERIVED by agent: sum of daily rows (SALEDATE in month) across Retail and delivery data types in CCC dataset a_sales_mtc_gross, CCCLastUpdated 2026-09-08; file downloaded by the author 2026-09-25 with $limit=500000 (complete: annual sums match CCC annual report within 0.4%). Product category ""Buds"", rows recorded in grams only; rows recorded in lb, oz, kg, mg or ea (under 0.2% of Buds dollars) are excluded because their quantities convert to implausible prices."
MA,2023-07,month,56,total_sales_usd_medical,18777934.47,usd,"Massachusetts Cannabis Control Commission Open Data, ""Medical Marijuana Establishments (MMEs) - Facility Sales""",https://masscannabiscontrol.com/resource/a_sales_mtc_gross.csv,2026-09-25,"DERIVED by agent: sum of daily rows (SALEDATE in month) across Retail and delivery data types in CCC dataset a_sales_mtc_gross, CCCLastUpdated 2026-09-08; file downloaded by the author 2026-09-25 with $limit=500000 (complete: annual sums match CCC annual report within 0.4%). All product categories."
MA,2023-07,month,56,flower_sales_usd_medical,7669483.45,usd,"Massachusetts Cannabis Control Commission Open Data, ""Medical Marijuana Establishments (MMEs) - Facility Sales""",https://masscannabiscontrol.com/resource/a_sales_mtc_gross.csv,2026-09-25,"DERIVED by agent: sum of daily rows (SALEDATE in month) across Retail and delivery data types in CCC dataset a_sales_mtc_gross, CCCLastUpdated 2026-09-08; file downloaded by the author 2026-09-25 with $limit=500000 (complete: annual sums match CCC annual report within 0.4%). Product category ""Buds"" (excludes pre-rolls, shake/trim, kief), all units of measure."
MA,2023-07,month,56,flower_sold_grams_medical,1383825.9,grams,"Massachusetts Cannabis Control Commission Open Data, ""Medical Marijuana Establishments (MMEs) - Facility Sales""",https://masscannabiscontrol.com/resource/a_sales_mtc_gross.csv,2026-09-25,"DERIVED by agent: sum of daily rows (SALEDATE in month) across Retail and delivery data types in CCC dataset a_sales_mtc_gross, CCCLastUpdated 2026-09-08; file downloaded by the author 2026-09-25 with $limit=500000 (complete: annual sums match CCC annual report within 0.4%). Product category ""Buds"", rows recorded in grams only; rows recorded in lb, oz, kg, mg or ea (under 0.2% of Buds dollars) are excluded because their quantities convert to implausible prices."
MA,2023-08,month,57,total_sales_usd_medical,18798426.23,usd,"Massachusetts Cannabis Control Commission Open Data, ""Medical Marijuana Establishments (MMEs) - Facility Sales""",https://masscannabiscontrol.com/resource/a_sales_mtc_gross.csv,2026-09-25,"DERIVED by agent: sum of daily rows (SALEDATE in month) across Retail and delivery data types in CCC dataset a_sales_mtc_gross, CCCLastUpdated 2026-09-08; file downloaded by the author 2026-09-25 with $limit=500000 (complete: annual sums match CCC annual report within 0.4%). All product categories."
MA,2023-08,month,57,flower_sales_usd_medical,7709080.13,usd,"Massachusetts Cannabis Control Commission Open Data, ""Medical Marijuana Establishments (MMEs) - Facility Sales""",https://masscannabiscontrol.com/resource/a_sales_mtc_gross.csv,2026-09-25,"DERIVED by agent: sum of daily rows (SALEDATE in month) across Retail and delivery data types in CCC dataset a_sales_mtc_gross, CCCLastUpdated 2026-09-08; file downloaded by the author 2026-09-25 with $limit=500000 (complete: annual sums match CCC annual report within 0.4%). Product category ""Buds"" (excludes pre-rolls, shake/trim, kief), all units of measure."
MA,2023-08,month,57,flower_sold_grams_medical,1425396.76,grams,"Massachusetts Cannabis Control Commission Open Data, ""Medical Marijuana Establishments (MMEs) - Facility Sales""",https://masscannabiscontrol.com/resource/a_sales_mtc_gross.csv,2026-09-25,"DERIVED by agent: sum of daily rows (SALEDATE in month) across Retail and delivery data types in CCC dataset a_sales_mtc_gross, CCCLastUpdated 2026-09-08; file downloaded by the author 2026-09-25 with $limit=500000 (complete: annual sums match CCC annual report within 0.4%). Product category ""Buds"", rows recorded in grams only; rows recorded in lb, oz, kg, mg or ea (under 0.2% of Buds dollars) are excluded because their quantities convert to implausible prices."
MA,2023-09,month,58,total_sales_usd_medical,17892821.31,usd,"Massachusetts Cannabis Control Commission Open Data, ""Medical Marijuana Establishments (MMEs) - Facility Sales""",https://masscannabiscontrol.com/resource/a_sales_mtc_gross.csv,2026-09-25,"DERIVED by agent: sum of daily rows (SALEDATE in month) across Retail and delivery data types in CCC dataset a_sales_mtc_gross, CCCLastUpdated 2026-09-08; file downloaded by the author 2026-09-25 with $limit=500000 (complete: annual sums match CCC annual report within 0.4%). All product categories."
MA,2023-09,month,58,flower_sales_usd_medical,7374854.58,usd,"Massachusetts Cannabis Control Commission Open Data, ""Medical Marijuana Establishments (MMEs) - Facility Sales""",https://masscannabiscontrol.com/resource/a_sales_mtc_gross.csv,2026-09-25,"DERIVED by agent: sum of daily rows (SALEDATE in month) across Retail and delivery data types in CCC dataset a_sales_mtc_gross, CCCLastUpdated 2026-09-08; file downloaded by the author 2026-09-25 with $limit=500000 (complete: annual sums match CCC annual report within 0.4%). Product category ""Buds"" (excludes pre-rolls, shake/trim, kief), all units of measure."
MA,2023-09,month,58,flower_sold_grams_medical,1377996.84,grams,"Massachusetts Cannabis Control Commission Open Data, ""Medical Marijuana Establishments (MMEs) - Facility Sales""",https://masscannabiscontrol.com/resource/a_sales_mtc_gross.csv,2026-09-25,"DERIVED by agent: sum of daily rows (SALEDATE in month) across Retail and delivery data types in CCC dataset a_sales_mtc_gross, CCCLastUpdated 2026-09-08; file downloaded by the author 2026-09-25 with $limit=500000 (complete: annual sums match CCC annual report within 0.4%). Product category ""Buds"", rows recorded in grams only; rows recorded in lb, oz, kg, mg or ea (under 0.2% of Buds dollars) are excluded because their quantities convert to implausible prices."
MA,2023-10,month,59,total_sales_usd_medical,17406043.08,usd,"Massachusetts Cannabis Control Commission Open Data, ""Medical Marijuana Establishments (MMEs) - Facility Sales""",https://masscannabiscontrol.com/resource/a_sales_mtc_gross.csv,2026-09-25,"DERIVED by agent: sum of daily rows (SALEDATE in month) across Retail and delivery data types in CCC dataset a_sales_mtc_gross, CCCLastUpdated 2026-09-08; file downloaded by the author 2026-09-25 with $limit=500000 (complete: annual sums match CCC annual report within 0.4%). All product categories."
MA,2023-10,month,59,flower_sales_usd_medical,7094313.69,usd,"Massachusetts Cannabis Control Commission Open Data, ""Medical Marijuana Establishments (MMEs) - Facility Sales""",https://masscannabiscontrol.com/resource/a_sales_mtc_gross.csv,2026-09-25,"DERIVED by agent: sum of daily rows (SALEDATE in month) across Retail and delivery data types in CCC dataset a_sales_mtc_gross, CCCLastUpdated 2026-09-08; file downloaded by the author 2026-09-25 with $limit=500000 (complete: annual sums match CCC annual report within 0.4%). Product category ""Buds"" (excludes pre-rolls, shake/trim, kief), all units of measure."
MA,2023-10,month,59,flower_sold_grams_medical,1399949.91,grams,"Massachusetts Cannabis Control Commission Open Data, ""Medical Marijuana Establishments (MMEs) - Facility Sales""",https://masscannabiscontrol.com/resource/a_sales_mtc_gross.csv,2026-09-25,"DERIVED by agent: sum of daily rows (SALEDATE in month) across Retail and delivery data types in CCC dataset a_sales_mtc_gross, CCCLastUpdated 2026-09-08; file downloaded by the author 2026-09-25 with $limit=500000 (complete: annual sums match CCC annual report within 0.4%). Product category ""Buds"", rows recorded in grams only; rows recorded in lb, oz, kg, mg or ea (under 0.2% of Buds dollars) are excluded because their quantities convert to implausible prices."
MA,2023-11,month,60,total_sales_usd_medical,17415160.2,usd,"Massachusetts Cannabis Control Commission Open Data, ""Medical Marijuana Establishments (MMEs) - Facility Sales""",https://masscannabiscontrol.com/resource/a_sales_mtc_gross.csv,2026-09-25,"DERIVED by agent: sum of daily rows (SALEDATE in month) across Retail and delivery data types in CCC dataset a_sales_mtc_gross, CCCLastUpdated 2026-09-08; file downloaded by the author 2026-09-25 with $limit=500000 (complete: annual sums match CCC annual report within 0.4%). All product categories."
MA,2023-11,month,60,flower_sales_usd_medical,7110456.58,usd,"Massachusetts Cannabis Control Commission Open Data, ""Medical Marijuana Establishments (MMEs) - Facility Sales""",https://masscannabiscontrol.com/resource/a_sales_mtc_gross.csv,2026-09-25,"DERIVED by agent: sum of daily rows (SALEDATE in month) across Retail and delivery data types in CCC dataset a_sales_mtc_gross, CCCLastUpdated 2026-09-08; file downloaded by the author 2026-09-25 with $limit=500000 (complete: annual sums match CCC annual report within 0.4%). Product category ""Buds"" (excludes pre-rolls, shake/trim, kief), all units of measure."
MA,2023-11,month,60,flower_sold_grams_medical,1381602.5,grams,"Massachusetts Cannabis Control Commission Open Data, ""Medical Marijuana Establishments (MMEs) - Facility Sales""",https://masscannabiscontrol.com/resource/a_sales_mtc_gross.csv,2026-09-25,"DERIVED by agent: sum of daily rows (SALEDATE in month) across Retail and delivery data types in CCC dataset a_sales_mtc_gross, CCCLastUpdated 2026-09-08; file downloaded by the author 2026-09-25 with $limit=500000 (complete: annual sums match CCC annual report within 0.4%). Product category ""Buds"", rows recorded in grams only; rows recorded in lb, oz, kg, mg or ea (under 0.2% of Buds dollars) are excluded because their quantities convert to implausible prices."
MA,2023-12,month,61,total_sales_usd_medical,18712074.68,usd,"Massachusetts Cannabis Control Commission Open Data, ""Medical Marijuana Establishments (MMEs) - Facility Sales""",https://masscannabiscontrol.com/resource/a_sales_mtc_gross.csv,2026-09-25,"DERIVED by agent: sum of daily rows (SALEDATE in month) across Retail and delivery data types in CCC dataset a_sales_mtc_gross, CCCLastUpdated 2026-09-08; file downloaded by the author 2026-09-25 with $limit=500000 (complete: annual sums match CCC annual report within 0.4%). All product categories."
MA,2023-12,month,61,flower_sales_usd_medical,7495974.26,usd,"Massachusetts Cannabis Control Commission Open Data, ""Medical Marijuana Establishments (MMEs) - Facility Sales""",https://masscannabiscontrol.com/resource/a_sales_mtc_gross.csv,2026-09-25,"DERIVED by agent: sum of daily rows (SALEDATE in month) across Retail and delivery data types in CCC dataset a_sales_mtc_gross, CCCLastUpdated 2026-09-08; file downloaded by the author 2026-09-25 with $limit=500000 (complete: annual sums match CCC annual report within 0.4%). Product category ""Buds"" (excludes pre-rolls, shake/trim, kief), all units of measure."
MA,2023-12,month,61,flower_sold_grams_medical,1478578.54,grams,"Massachusetts Cannabis Control Commission Open Data, ""Medical Marijuana Establishments (MMEs) - Facility Sales""",https://masscannabiscontrol.com/resource/a_sales_mtc_gross.csv,2026-09-25,"DERIVED by agent: sum of daily rows (SALEDATE in month) across Retail and delivery data types in CCC dataset a_sales_mtc_gross, CCCLastUpdated 2026-09-08; file downloaded by the author 2026-09-25 with $limit=500000 (complete: annual sums match CCC annual report within 0.4%). Product category ""Buds"", rows recorded in grams only; rows recorded in lb, oz, kg, mg or ea (under 0.2% of Buds dollars) are excluded because their quantities convert to implausible prices."
MA,2024-01,month,62,total_sales_usd_medical,16551202.7,usd,"Massachusetts Cannabis Control Commission Open Data, ""Medical Marijuana Establishments (MMEs) - Facility Sales""",https://masscannabiscontrol.com/resource/a_sales_mtc_gross.csv,2026-09-25,"DERIVED by agent: sum of daily rows (SALEDATE in month) across Retail and delivery data types in CCC dataset a_sales_mtc_gross, CCCLastUpdated 2026-09-08; file downloaded by the author 2026-09-25 with $limit=500000 (complete: annual sums match CCC annual report within 0.4%). All product categories."
MA,2024-01,month,62,flower_sales_usd_medical,6850317.48,usd,"Massachusetts Cannabis Control Commission Open Data, ""Medical Marijuana Establishments (MMEs) - Facility Sales""",https://masscannabiscontrol.com/resource/a_sales_mtc_gross.csv,2026-09-25,"DERIVED by agent: sum of daily rows (SALEDATE in month) across Retail and delivery data types in CCC dataset a_sales_mtc_gross, CCCLastUpdated 2026-09-08; file downloaded by the author 2026-09-25 with $limit=500000 (complete: annual sums match CCC annual report within 0.4%). Product category ""Buds"" (excludes pre-rolls, shake/trim, kief), all units of measure."
MA,2024-01,month,62,flower_sold_grams_medical,1334883.12,grams,"Massachusetts Cannabis Control Commission Open Data, ""Medical Marijuana Establishments (MMEs) - Facility Sales""",https://masscannabiscontrol.com/resource/a_sales_mtc_gross.csv,2026-09-25,"DERIVED by agent: sum of daily rows (SALEDATE in month) across Retail and delivery data types in CCC dataset a_sales_mtc_gross, CCCLastUpdated 2026-09-08; file downloaded by the author 2026-09-25 with $limit=500000 (complete: annual sums match CCC annual report within 0.4%). Product category ""Buds"", rows recorded in grams only; rows recorded in lb, oz, kg, mg or ea (under 0.2% of Buds dollars) are excluded because their quantities convert to implausible prices."
MA,2024-02,month,63,total_sales_usd_medical,16287376.63,usd,"Massachusetts Cannabis Control Commission Open Data, ""Medical Marijuana Establishments (MMEs) - Facility Sales""",https://masscannabiscontrol.com/resource/a_sales_mtc_gross.csv,2026-09-25,"DERIVED by agent: sum of daily rows (SALEDATE in month) across Retail and delivery data types in CCC dataset a_sales_mtc_gross, CCCLastUpdated 2026-09-08; file downloaded by the author 2026-09-25 with $limit=500000 (complete: annual sums match CCC annual report within 0.4%). All product categories."
MA,2024-02,month,63,flower_sales_usd_medical,6725503.1,usd,"Massachusetts Cannabis Control Commission Open Data, ""Medical Marijuana Establishments (MMEs) - Facility Sales""",https://masscannabiscontrol.com/resource/a_sales_mtc_gross.csv,2026-09-25,"DERIVED by agent: sum of daily rows (SALEDATE in month) across Retail and delivery data types in CCC dataset a_sales_mtc_gross, CCCLastUpdated 2026-09-08; file downloaded by the author 2026-09-25 with $limit=500000 (complete: annual sums match CCC annual report within 0.4%). Product category ""Buds"" (excludes pre-rolls, shake/trim, kief), all units of measure."
MA,2024-02,month,63,flower_sold_grams_medical,1359296.41,grams,"Massachusetts Cannabis Control Commission Open Data, ""Medical Marijuana Establishments (MMEs) - Facility Sales""",https://masscannabiscontrol.com/resource/a_sales_mtc_gross.csv,2026-09-25,"DERIVED by agent: sum of daily rows (SALEDATE in month) across Retail and delivery data types in CCC dataset a_sales_mtc_gross, CCCLastUpdated 2026-09-08; file downloaded by the author 2026-09-25 with $limit=500000 (complete: annual sums match CCC annual report within 0.4%). Product category ""Buds"", rows recorded in grams only; rows recorded in lb, oz, kg, mg or ea (under 0.2% of Buds dollars) are excluded because their quantities convert to implausible prices."
MA,2024-03,month,64,total_sales_usd_medical,17237240.62,usd,"Massachusetts Cannabis Control Commission Open Data, ""Medical Marijuana Establishments (MMEs) - Facility Sales""",https://masscannabiscontrol.com/resource/a_sales_mtc_gross.csv,2026-09-25,"DERIVED by agent: sum of daily rows (SALEDATE in month) across Retail and delivery data types in CCC dataset a_sales_mtc_gross, CCCLastUpdated 2026-09-08; file downloaded by the author 2026-09-25 with $limit=500000 (complete: annual sums match CCC annual report within 0.4%). All product categories."
MA,2024-03,month,64,flower_sales_usd_medical,7103871.8,usd,"Massachusetts Cannabis Control Commission Open Data, ""Medical Marijuana Establishments (MMEs) - Facility Sales""",https://masscannabiscontrol.com/resource/a_sales_mtc_gross.csv,2026-09-25,"DERIVED by agent: sum of daily rows (SALEDATE in month) across Retail and delivery data types in CCC dataset a_sales_mtc_gross, CCCLastUpdated 2026-09-08; file downloaded by the author 2026-09-25 with $limit=500000 (complete: annual sums match CCC annual report within 0.4%). Product category ""Buds"" (excludes pre-rolls, shake/trim, kief), all units of measure."
MA,2024-03,month,64,flower_sold_grams_medical,1430667.24,grams,"Massachusetts Cannabis Control Commission Open Data, ""Medical Marijuana Establishments (MMEs) - Facility Sales""",https://masscannabiscontrol.com/resource/a_sales_mtc_gross.csv,2026-09-25,"DERIVED by agent: sum of daily rows (SALEDATE in month) across Retail and delivery data types in CCC dataset a_sales_mtc_gross, CCCLastUpdated 2026-09-08; file downloaded by the author 2026-09-25 with $limit=500000 (complete: annual sums match CCC annual report within 0.4%). Product category ""Buds"", rows recorded in grams only; rows recorded in lb, oz, kg, mg or ea (under 0.2% of Buds dollars) are excluded because their quantities convert to implausible prices."
MA,2024-04,month,65,total_sales_usd_medical,16805672.54,usd,"Massachusetts Cannabis Control Commission Open Data, ""Medical Marijuana Establishments (MMEs) - Facility Sales""",https://masscannabiscontrol.com/resource/a_sales_mtc_gross.csv,2026-09-25,"DERIVED by agent: sum of daily rows (SALEDATE in month) across Retail and delivery data types in CCC dataset a_sales_mtc_gross, CCCLastUpdated 2026-09-08; file downloaded by the author 2026-09-25 with $limit=500000 (complete: annual sums match CCC annual report within 0.4%). All product categories."
MA,2024-04,month,65,flower_sales_usd_medical,6798291.86,usd,"Massachusetts Cannabis Control Commission Open Data, ""Medical Marijuana Establishments (MMEs) - Facility Sales""",https://masscannabiscontrol.com/resource/a_sales_mtc_gross.csv,2026-09-25,"DERIVED by agent: sum of daily rows (SALEDATE in month) across Retail and delivery data types in CCC dataset a_sales_mtc_gross, CCCLastUpdated 2026-09-08; file downloaded by the author 2026-09-25 with $limit=500000 (complete: annual sums match CCC annual report within 0.4%). Product category ""Buds"" (excludes pre-rolls, shake/trim, kief), all units of measure."
MA,2024-04,month,65,flower_sold_grams_medical,1420013.54,grams,"Massachusetts Cannabis Control Commission Open Data, ""Medical Marijuana Establishments (MMEs) - Facility Sales""",https://masscannabiscontrol.com/resource/a_sales_mtc_gross.csv,2026-09-25,"DERIVED by agent: sum of daily rows (SALEDATE in month) across Retail and delivery data types in CCC dataset a_sales_mtc_gross, CCCLastUpdated 2026-09-08; file downloaded by the author 2026-09-25 with $limit=500000 (complete: annual sums match CCC annual report within 0.4%). Product category ""Buds"", rows recorded in grams only; rows recorded in lb, oz, kg, mg or ea (under 0.2% of Buds dollars) are excluded because their quantities convert to implausible prices."
MA,2024-05,month,66,total_sales_usd_medical,16574394.09,usd,"Massachusetts Cannabis Control Commission Open Data, ""Medical Marijuana Establishments (MMEs) - Facility Sales""",https://masscannabiscontrol.com/resource/a_sales_mtc_gross.csv,2026-09-25,"DERIVED by agent: sum of daily rows (SALEDATE in month) across Retail and delivery data types in CCC dataset a_sales_mtc_gross, CCCLastUpdated 2026-09-08; file downloaded by the author 2026-09-25 with $limit=500000 (complete: annual sums match CCC annual report within 0.4%). All product categories."
MA,2024-05,month,66,flower_sales_usd_medical,6669132.28,usd,"Massachusetts Cannabis Control Commission Open Data, ""Medical Marijuana Establishments (MMEs) - Facility Sales""",https://masscannabiscontrol.com/resource/a_sales_mtc_gross.csv,2026-09-25,"DERIVED by agent: sum of daily rows (SALEDATE in month) across Retail and delivery data types in CCC dataset a_sales_mtc_gross, CCCLastUpdated 2026-09-08; file downloaded by the author 2026-09-25 with $limit=500000 (complete: annual sums match CCC annual report within 0.4%). Product category ""Buds"" (excludes pre-rolls, shake/trim, kief), all units of measure."
MA,2024-05,month,66,flower_sold_grams_medical,1420806.94,grams,"Massachusetts Cannabis Control Commission Open Data, ""Medical Marijuana Establishments (MMEs) - Facility Sales""",https://masscannabiscontrol.com/resource/a_sales_mtc_gross.csv,2026-09-25,"DERIVED by agent: sum of daily rows (SALEDATE in month) across Retail and delivery data types in CCC dataset a_sales_mtc_gross, CCCLastUpdated 2026-09-08; file downloaded by the author 2026-09-25 with $limit=500000 (complete: annual sums match CCC annual report within 0.4%). Product category ""Buds"", rows recorded in grams only; rows recorded in lb, oz, kg, mg or ea (under 0.2% of Buds dollars) are excluded because their quantities convert to implausible prices."
MA,2024-06,month,67,total_sales_usd_medical,15562388.53,usd,"Massachusetts Cannabis Control Commission Open Data, ""Medical Marijuana Establishments (MMEs) - Facility Sales""",https://masscannabiscontrol.com/resource/a_sales_mtc_gross.csv,2026-09-25,"DERIVED by agent: sum of daily rows (SALEDATE in month) across Retail and delivery data types in CCC dataset a_sales_mtc_gross, CCCLastUpdated 2026-09-08; file downloaded by the author 2026-09-25 with $limit=500000 (complete: annual sums match CCC annual report within 0.4%). All product categories."
MA,2024-06,month,67,flower_sales_usd_medical,6200673.11,usd,"Massachusetts Cannabis Control Commission Open Data, ""Medical Marijuana Establishments (MMEs) - Facility Sales""",https://masscannabiscontrol.com/resource/a_sales_mtc_gross.csv,2026-09-25,"DERIVED by agent: sum of daily rows (SALEDATE in month) across Retail and delivery data types in CCC dataset a_sales_mtc_gross, CCCLastUpdated 2026-09-08; file downloaded by the author 2026-09-25 with $limit=500000 (complete: annual sums match CCC annual report within 0.4%). Product category ""Buds"" (excludes pre-rolls, shake/trim, kief), all units of measure."
MA,2024-06,month,67,flower_sold_grams_medical,1370129.89,grams,"Massachusetts Cannabis Control Commission Open Data, ""Medical Marijuana Establishments (MMEs) - Facility Sales""",https://masscannabiscontrol.com/resource/a_sales_mtc_gross.csv,2026-09-25,"DERIVED by agent: sum of daily rows (SALEDATE in month) across Retail and delivery data types in CCC dataset a_sales_mtc_gross, CCCLastUpdated 2026-09-08; file downloaded by the author 2026-09-25 with $limit=500000 (complete: annual sums match CCC annual report within 0.4%). Product category ""Buds"", rows recorded in grams only; rows recorded in lb, oz, kg, mg or ea (under 0.2% of Buds dollars) are excluded because their quantities convert to implausible prices."
MA,2024-07,month,68,total_sales_usd_medical,15760758.56,usd,"Massachusetts Cannabis Control Commission Open Data, ""Medical Marijuana Establishments (MMEs) - Facility Sales""",https://masscannabiscontrol.com/resource/a_sales_mtc_gross.csv,2026-09-25,"DERIVED by agent: sum of daily rows (SALEDATE in month) across Retail and delivery data types in CCC dataset a_sales_mtc_gross, CCCLastUpdated 2026-09-08; file downloaded by the author 2026-09-25 with $limit=500000 (complete: annual sums match CCC annual report within 0.4%). All product categories."
MA,2024-07,month,68,flower_sales_usd_medical,6195321.03,usd,"Massachusetts Cannabis Control Commission Open Data, ""Medical Marijuana Establishments (MMEs) - Facility Sales""",https://masscannabiscontrol.com/resource/a_sales_mtc_gross.csv,2026-09-25,"DERIVED by agent: sum of daily rows (SALEDATE in month) across Retail and delivery data types in CCC dataset a_sales_mtc_gross, CCCLastUpdated 2026-09-08; file downloaded by the author 2026-09-25 with $limit=500000 (complete: annual sums match CCC annual report within 0.4%). Product category ""Buds"" (excludes pre-rolls, shake/trim, kief), all units of measure."
MA,2024-07,month,68,flower_sold_grams_medical,1393474.08,grams,"Massachusetts Cannabis Control Commission Open Data, ""Medical Marijuana Establishments (MMEs) - Facility Sales""",https://masscannabiscontrol.com/resource/a_sales_mtc_gross.csv,2026-09-25,"DERIVED by agent: sum of daily rows (SALEDATE in month) across Retail and delivery data types in CCC dataset a_sales_mtc_gross, CCCLastUpdated 2026-09-08; file downloaded by the author 2026-09-25 with $limit=500000 (complete: annual sums match CCC annual report within 0.4%). Product category ""Buds"", rows recorded in grams only; rows recorded in lb, oz, kg, mg or ea (under 0.2% of Buds dollars) are excluded because their quantities convert to implausible prices."
MA,2024-08,month,69,total_sales_usd_medical,15911690.68,usd,"Massachusetts Cannabis Control Commission Open Data, ""Medical Marijuana Establishments (MMEs) - Facility Sales""",https://masscannabiscontrol.com/resource/a_sales_mtc_gross.csv,2026-09-25,"DERIVED by agent: sum of daily rows (SALEDATE in month) across Retail and delivery data types in CCC dataset a_sales_mtc_gross, CCCLastUpdated 2026-09-08; file downloaded by the author 2026-09-25 with $limit=500000 (complete: annual sums match CCC annual report within 0.4%). All product categories."
MA,2024-08,month,69,flower_sales_usd_medical,6272546.35,usd,"Massachusetts Cannabis Control Commission Open Data, ""Medical Marijuana Establishments (MMEs) - Facility Sales""",https://masscannabiscontrol.com/resource/a_sales_mtc_gross.csv,2026-09-25,"DERIVED by agent: sum of daily rows (SALEDATE in month) across Retail and delivery data types in CCC dataset a_sales_mtc_gross, CCCLastUpdated 2026-09-08; file downloaded by the author 2026-09-25 with $limit=500000 (complete: annual sums match CCC annual report within 0.4%). Product category ""Buds"" (excludes pre-rolls, shake/trim, kief), all units of measure."
MA,2024-08,month,69,flower_sold_grams_medical,1431671.17,grams,"Massachusetts Cannabis Control Commission Open Data, ""Medical Marijuana Establishments (MMEs) - Facility Sales""",https://masscannabiscontrol.com/resource/a_sales_mtc_gross.csv,2026-09-25,"DERIVED by agent: sum of daily rows (SALEDATE in month) across Retail and delivery data types in CCC dataset a_sales_mtc_gross, CCCLastUpdated 2026-09-08; file downloaded by the author 2026-09-25 with $limit=500000 (complete: annual sums match CCC annual report within 0.4%). Product category ""Buds"", rows recorded in grams only; rows recorded in lb, oz, kg, mg or ea (under 0.2% of Buds dollars) are excluded because their quantities convert to implausible prices."
MA,2024-09,month,70,total_sales_usd_medical,14347150.08,usd,"Massachusetts Cannabis Control Commission Open Data, ""Medical Marijuana Establishments (MMEs) - Facility Sales""",https://masscannabiscontrol.com/resource/a_sales_mtc_gross.csv,2026-09-25,"DERIVED by agent: sum of daily rows (SALEDATE in month) across Retail and delivery data types in CCC dataset a_sales_mtc_gross, CCCLastUpdated 2026-09-08; file downloaded by the author 2026-09-25 with $limit=500000 (complete: annual sums match CCC annual report within 0.4%). All product categories."
MA,2024-09,month,70,flower_sales_usd_medical,5661499.56,usd,"Massachusetts Cannabis Control Commission Open Data, ""Medical Marijuana Establishments (MMEs) - Facility Sales""",https://masscannabiscontrol.com/resource/a_sales_mtc_gross.csv,2026-09-25,"DERIVED by agent: sum of daily rows (SALEDATE in month) across Retail and delivery data types in CCC dataset a_sales_mtc_gross, CCCLastUpdated 2026-09-08; file downloaded by the author 2026-09-25 with $limit=500000 (complete: annual sums match CCC annual report within 0.4%). Product category ""Buds"" (excludes pre-rolls, shake/trim, kief), all units of measure."
MA,2024-09,month,70,flower_sold_grams_medical,1322967.91,grams,"Massachusetts Cannabis Control Commission Open Data, ""Medical Marijuana Establishments (MMEs) - Facility Sales""",https://masscannabiscontrol.com/resource/a_sales_mtc_gross.csv,2026-09-25,"DERIVED by agent: sum of daily rows (SALEDATE in month) across Retail and delivery data types in CCC dataset a_sales_mtc_gross, CCCLastUpdated 2026-09-08; file downloaded by the author 2026-09-25 with $limit=500000 (complete: annual sums match CCC annual report within 0.4%). Product category ""Buds"", rows recorded in grams only; rows recorded in lb, oz, kg, mg or ea (under 0.2% of Buds dollars) are excluded because their quantities convert to implausible prices."
MA,2024-10,month,71,total_sales_usd_medical,14830975.61,usd,"Massachusetts Cannabis Control Commission Open Data, ""Medical Marijuana Establishments (MMEs) - Facility Sales""",https://masscannabiscontrol.com/resource/a_sales_mtc_gross.csv,2026-09-25,"DERIVED by agent: sum of daily rows (SALEDATE in month) across Retail and delivery data types in CCC dataset a_sales_mtc_gross, CCCLastUpdated 2026-09-08; file downloaded by the author 2026-09-25 with $limit=500000 (complete: annual sums match CCC annual report within 0.4%). All product categories."
MA,2024-10,month,71,flower_sales_usd_medical,5758323.5,usd,"Massachusetts Cannabis Control Commission Open Data, ""Medical Marijuana Establishments (MMEs) - Facility Sales""",https://masscannabiscontrol.com/resource/a_sales_mtc_gross.csv,2026-09-25,"DERIVED by agent: sum of daily rows (SALEDATE in month) across Retail and delivery data types in CCC dataset a_sales_mtc_gross, CCCLastUpdated 2026-09-08; file downloaded by the author 2026-09-25 with $limit=500000 (complete: annual sums match CCC annual report within 0.4%). Product category ""Buds"" (excludes pre-rolls, shake/trim, kief), all units of measure."
MA,2024-10,month,71,flower_sold_grams_medical,1366209.1,grams,"Massachusetts Cannabis Control Commission Open Data, ""Medical Marijuana Establishments (MMEs) - Facility Sales""",https://masscannabiscontrol.com/resource/a_sales_mtc_gross.csv,2026-09-25,"DERIVED by agent: sum of daily rows (SALEDATE in month) across Retail and delivery data types in CCC dataset a_sales_mtc_gross, CCCLastUpdated 2026-09-08; file downloaded by the author 2026-09-25 with $limit=500000 (complete: annual sums match CCC annual report within 0.4%). Product category ""Buds"", rows recorded in grams only; rows recorded in lb, oz, kg, mg or ea (under 0.2% of Buds dollars) are excluded because their quantities convert to implausible prices."
MA,2024-11,month,72,total_sales_usd_medical,14712105.14,usd,"Massachusetts Cannabis Control Commission Open Data, ""Medical Marijuana Establishments (MMEs) - Facility Sales""",https://masscannabiscontrol.com/resource/a_sales_mtc_gross.csv,2026-09-25,"DERIVED by agent: sum of daily rows (SALEDATE in month) across Retail and delivery data types in CCC dataset a_sales_mtc_gross, CCCLastUpdated 2026-09-08; file downloaded by the author 2026-09-25 with $limit=500000 (complete: annual sums match CCC annual report within 0.4%). All product categories."
MA,2024-11,month,72,flower_sales_usd_medical,5652516.3,usd,"Massachusetts Cannabis Control Commission Open Data, ""Medical Marijuana Establishments (MMEs) - Facility Sales""",https://masscannabiscontrol.com/resource/a_sales_mtc_gross.csv,2026-09-25,"DERIVED by agent: sum of daily rows (SALEDATE in month) across Retail and delivery data types in CCC dataset a_sales_mtc_gross, CCCLastUpdated 2026-09-08; file downloaded by the author 2026-09-25 with $limit=500000 (complete: annual sums match CCC annual report within 0.4%). Product category ""Buds"" (excludes pre-rolls, shake/trim, kief), all units of measure."
MA,2024-11,month,72,flower_sold_grams_medical,1404937.53,grams,"Massachusetts Cannabis Control Commission Open Data, ""Medical Marijuana Establishments (MMEs) - Facility Sales""",https://masscannabiscontrol.com/resource/a_sales_mtc_gross.csv,2026-09-25,"DERIVED by agent: sum of daily rows (SALEDATE in month) across Retail and delivery data types in CCC dataset a_sales_mtc_gross, CCCLastUpdated 2026-09-08; file downloaded by the author 2026-09-25 with $limit=500000 (complete: annual sums match CCC annual report within 0.4%). Product category ""Buds"", rows recorded in grams only; rows recorded in lb, oz, kg, mg or ea (under 0.2% of Buds dollars) are excluded because their quantities convert to implausible prices."
MA,2024-12,month,73,total_sales_usd_medical,14619618.78,usd,"Massachusetts Cannabis Control Commission Open Data, ""Medical Marijuana Establishments (MMEs) - Facility Sales""",https://masscannabiscontrol.com/resource/a_sales_mtc_gross.csv,2026-09-25,"DERIVED by agent: sum of daily rows (SALEDATE in month) across Retail and delivery data types in CCC dataset a_sales_mtc_gross, CCCLastUpdated 2026-09-08; file downloaded by the author 2026-09-25 with $limit=500000 (complete: annual sums match CCC annual report within 0.4%). All product categories."
MA,2024-12,month,73,flower_sales_usd_medical,5454913.69,usd,"Massachusetts Cannabis Control Commission Open Data, ""Medical Marijuana Establishments (MMEs) - Facility Sales""",https://masscannabiscontrol.com/resource/a_sales_mtc_gross.csv,2026-09-25,"DERIVED by agent: sum of daily rows (SALEDATE in month) across Retail and delivery data types in CCC dataset a_sales_mtc_gross, CCCLastUpdated 2026-09-08; file downloaded by the author 2026-09-25 with $limit=500000 (complete: annual sums match CCC annual report within 0.4%). Product category ""Buds"" (excludes pre-rolls, shake/trim, kief), all units of measure."
MA,2024-12,month,73,flower_sold_grams_medical,1403984.75,grams,"Massachusetts Cannabis Control Commission Open Data, ""Medical Marijuana Establishments (MMEs) - Facility Sales""",https://masscannabiscontrol.com/resource/a_sales_mtc_gross.csv,2026-09-25,"DERIVED by agent: sum of daily rows (SALEDATE in month) across Retail and delivery data types in CCC dataset a_sales_mtc_gross, CCCLastUpdated 2026-09-08; file downloaded by the author 2026-09-25 with $limit=500000 (complete: annual sums match CCC annual report within 0.4%). Product category ""Buds"", rows recorded in grams only; rows recorded in lb, oz, kg, mg or ea (under 0.2% of Buds dollars) are excluded because their quantities convert to implausible prices."
MA,2025-01,month,74,total_sales_usd_medical,13583594.48,usd,"Massachusetts Cannabis Control Commission Open Data, ""Medical Marijuana Establishments (MMEs) - Facility Sales""",https://masscannabiscontrol.com/resource/a_sales_mtc_gross.csv,2026-09-25,"DERIVED by agent: sum of daily rows (SALEDATE in month) across Retail and delivery data types in CCC dataset a_sales_mtc_gross, CCCLastUpdated 2026-09-08; file downloaded by the author 2026-09-25 with $limit=500000 (complete: annual sums match CCC annual report within 0.4%). All product categories."
MA,2025-01,month,74,flower_sales_usd_medical,5209574.13,usd,"Massachusetts Cannabis Control Commission Open Data, ""Medical Marijuana Establishments (MMEs) - Facility Sales""",https://masscannabiscontrol.com/resource/a_sales_mtc_gross.csv,2026-09-25,"DERIVED by agent: sum of daily rows (SALEDATE in month) across Retail and delivery data types in CCC dataset a_sales_mtc_gross, CCCLastUpdated 2026-09-08; file downloaded by the author 2026-09-25 with $limit=500000 (complete: annual sums match CCC annual report within 0.4%). Product category ""Buds"" (excludes pre-rolls, shake/trim, kief), all units of measure."
MA,2025-01,month,74,flower_sold_grams_medical,1346176.8,grams,"Massachusetts Cannabis Control Commission Open Data, ""Medical Marijuana Establishments (MMEs) - Facility Sales""",https://masscannabiscontrol.com/resource/a_sales_mtc_gross.csv,2026-09-25,"DERIVED by agent: sum of daily rows (SALEDATE in month) across Retail and delivery data types in CCC dataset a_sales_mtc_gross, CCCLastUpdated 2026-09-08; file downloaded by the author 2026-09-25 with $limit=500000 (complete: annual sums match CCC annual report within 0.4%). Product category ""Buds"", rows recorded in grams only; rows recorded in lb, oz, kg, mg or ea (under 0.2% of Buds dollars) are excluded because their quantities convert to implausible prices."
MA,2025-02,month,75,total_sales_usd_medical,12451878.73,usd,"Massachusetts Cannabis Control Commission Open Data, ""Medical Marijuana Establishments (MMEs) - Facility Sales""",https://masscannabiscontrol.com/resource/a_sales_mtc_gross.csv,2026-09-25,"DERIVED by agent: sum of daily rows (SALEDATE in month) across Retail and delivery data types in CCC dataset a_sales_mtc_gross, CCCLastUpdated 2026-09-08; file downloaded by the author 2026-09-25 with $limit=500000 (complete: annual sums match CCC annual report within 0.4%). All product categories."
MA,2025-02,month,75,flower_sales_usd_medical,4735061.33,usd,"Massachusetts Cannabis Control Commission Open Data, ""Medical Marijuana Establishments (MMEs) - Facility Sales""",https://masscannabiscontrol.com/resource/a_sales_mtc_gross.csv,2026-09-25,"DERIVED by agent: sum of daily rows (SALEDATE in month) across Retail and delivery data types in CCC dataset a_sales_mtc_gross, CCCLastUpdated 2026-09-08; file downloaded by the author 2026-09-25 with $limit=500000 (complete: annual sums match CCC annual report within 0.4%). Product category ""Buds"" (excludes pre-rolls, shake/trim, kief), all units of measure."
MA,2025-02,month,75,flower_sold_grams_medical,1240987.83,grams,"Massachusetts Cannabis Control Commission Open Data, ""Medical Marijuana Establishments (MMEs) - Facility Sales""",https://masscannabiscontrol.com/resource/a_sales_mtc_gross.csv,2026-09-25,"DERIVED by agent: sum of daily rows (SALEDATE in month) across Retail and delivery data types in CCC dataset a_sales_mtc_gross, CCCLastUpdated 2026-09-08; file downloaded by the author 2026-09-25 with $limit=500000 (complete: annual sums match CCC annual report within 0.4%). Product category ""Buds"", rows recorded in grams only; rows recorded in lb, oz, kg, mg or ea (under 0.2% of Buds dollars) are excluded because their quantities convert to implausible prices."
MA,2025-03,month,76,total_sales_usd_medical,13471274.44,usd,"Massachusetts Cannabis Control Commission Open Data, ""Medical Marijuana Establishments (MMEs) - Facility Sales""",https://masscannabiscontrol.com/resource/a_sales_mtc_gross.csv,2026-09-25,"DERIVED by agent: sum of daily rows (SALEDATE in month) across Retail and delivery data types in CCC dataset a_sales_mtc_gross, CCCLastUpdated 2026-09-08; file downloaded by the author 2026-09-25 with $limit=500000 (complete: annual sums match CCC annual report within 0.4%). All product categories."
MA,2025-03,month,76,flower_sales_usd_medical,5074981.88,usd,"Massachusetts Cannabis Control Commission Open Data, ""Medical Marijuana Establishments (MMEs) - Facility Sales""",https://masscannabiscontrol.com/resource/a_sales_mtc_gross.csv,2026-09-25,"DERIVED by agent: sum of daily rows (SALEDATE in month) across Retail and delivery data types in CCC dataset a_sales_mtc_gross, CCCLastUpdated 2026-09-08; file downloaded by the author 2026-09-25 with $limit=500000 (complete: annual sums match CCC annual report within 0.4%). Product category ""Buds"" (excludes pre-rolls, shake/trim, kief), all units of measure."
MA,2025-03,month,76,flower_sold_grams_medical,1329114.08,grams,"Massachusetts Cannabis Control Commission Open Data, ""Medical Marijuana Establishments (MMEs) - Facility Sales""",https://masscannabiscontrol.com/resource/a_sales_mtc_gross.csv,2026-09-25,"DERIVED by agent: sum of daily rows (SALEDATE in month) across Retail and delivery data types in CCC dataset a_sales_mtc_gross, CCCLastUpdated 2026-09-08; file downloaded by the author 2026-09-25 with $limit=500000 (complete: annual sums match CCC annual report within 0.4%). Product category ""Buds"", rows recorded in grams only; rows recorded in lb, oz, kg, mg or ea (under 0.2% of Buds dollars) are excluded because their quantities convert to implausible prices."
MA,2025-04,month,77,total_sales_usd_medical,13419679.5,usd,"Massachusetts Cannabis Control Commission Open Data, ""Medical Marijuana Establishments (MMEs) - Facility Sales""",https://masscannabiscontrol.com/resource/a_sales_mtc_gross.csv,2026-09-25,"DERIVED by agent: sum of daily rows (SALEDATE in month) across Retail and delivery data types in CCC dataset a_sales_mtc_gross, CCCLastUpdated 2026-09-08; file downloaded by the author 2026-09-25 with $limit=500000 (complete: annual sums match CCC annual report within 0.4%). All product categories."
MA,2025-04,month,77,flower_sales_usd_medical,4964150.62,usd,"Massachusetts Cannabis Control Commission Open Data, ""Medical Marijuana Establishments (MMEs) - Facility Sales""",https://masscannabiscontrol.com/resource/a_sales_mtc_gross.csv,2026-09-25,"DERIVED by agent: sum of daily rows (SALEDATE in month) across Retail and delivery data types in CCC dataset a_sales_mtc_gross, CCCLastUpdated 2026-09-08; file downloaded by the author 2026-09-25 with $limit=500000 (complete: annual sums match CCC annual report within 0.4%). Product category ""Buds"" (excludes pre-rolls, shake/trim, kief), all units of measure."
MA,2025-04,month,77,flower_sold_grams_medical,1352906.37,grams,"Massachusetts Cannabis Control Commission Open Data, ""Medical Marijuana Establishments (MMEs) - Facility Sales""",https://masscannabiscontrol.com/resource/a_sales_mtc_gross.csv,2026-09-25,"DERIVED by agent: sum of daily rows (SALEDATE in month) across Retail and delivery data types in CCC dataset a_sales_mtc_gross, CCCLastUpdated 2026-09-08; file downloaded by the author 2026-09-25 with $limit=500000 (complete: annual sums match CCC annual report within 0.4%). Product category ""Buds"", rows recorded in grams only; rows recorded in lb, oz, kg, mg or ea (under 0.2% of Buds dollars) are excluded because their quantities convert to implausible prices."
MA,2025-05,month,78,total_sales_usd_medical,13544625.39,usd,"Massachusetts Cannabis Control Commission Open Data, ""Medical Marijuana Establishments (MMEs) - Facility Sales""",https://masscannabiscontrol.com/resource/a_sales_mtc_gross.csv,2026-09-25,"DERIVED by agent: sum of daily rows (SALEDATE in month) across Retail and delivery data types in CCC dataset a_sales_mtc_gross, CCCLastUpdated 2026-09-08; file downloaded by the author 2026-09-25 with $limit=500000 (complete: annual sums match CCC annual report within 0.4%). All product categories."
MA,2025-05,month,78,flower_sales_usd_medical,5063737.35,usd,"Massachusetts Cannabis Control Commission Open Data, ""Medical Marijuana Establishments (MMEs) - Facility Sales""",https://masscannabiscontrol.com/resource/a_sales_mtc_gross.csv,2026-09-25,"DERIVED by agent: sum of daily rows (SALEDATE in month) across Retail and delivery data types in CCC dataset a_sales_mtc_gross, CCCLastUpdated 2026-09-08; file downloaded by the author 2026-09-25 with $limit=500000 (complete: annual sums match CCC annual report within 0.4%). Product category ""Buds"" (excludes pre-rolls, shake/trim, kief), all units of measure."
MA,2025-05,month,78,flower_sold_grams_medical,1333084.1,grams,"Massachusetts Cannabis Control Commission Open Data, ""Medical Marijuana Establishments (MMEs) - Facility Sales""",https://masscannabiscontrol.com/resource/a_sales_mtc_gross.csv,2026-09-25,"DERIVED by agent: sum of daily rows (SALEDATE in month) across Retail and delivery data types in CCC dataset a_sales_mtc_gross, CCCLastUpdated 2026-09-08; file downloaded by the author 2026-09-25 with $limit=500000 (complete: annual sums match CCC annual report within 0.4%). Product category ""Buds"", rows recorded in grams only; rows recorded in lb, oz, kg, mg or ea (under 0.2% of Buds dollars) are excluded because their quantities convert to implausible prices."
MA,2025-06,month,79,total_sales_usd_medical,12927456.58,usd,"Massachusetts Cannabis Control Commission Open Data, ""Medical Marijuana Establishments (MMEs) - Facility Sales""",https://masscannabiscontrol.com/resource/a_sales_mtc_gross.csv,2026-09-25,"DERIVED by agent: sum of daily rows (SALEDATE in month) across Retail and delivery data types in CCC dataset a_sales_mtc_gross, CCCLastUpdated 2026-09-08; file downloaded by the author 2026-09-25 with $limit=500000 (complete: annual sums match CCC annual report within 0.4%). All product categories."
MA,2025-06,month,79,flower_sales_usd_medical,4802661.16,usd,"Massachusetts Cannabis Control Commission Open Data, ""Medical Marijuana Establishments (MMEs) - Facility Sales""",https://masscannabiscontrol.com/resource/a_sales_mtc_gross.csv,2026-09-25,"DERIVED by agent: sum of daily rows (SALEDATE in month) across Retail and delivery data types in CCC dataset a_sales_mtc_gross, CCCLastUpdated 2026-09-08; file downloaded by the author 2026-09-25 with $limit=500000 (complete: annual sums match CCC annual report within 0.4%). Product category ""Buds"" (excludes pre-rolls, shake/trim, kief), all units of measure."
MA,2025-06,month,79,flower_sold_grams_medical,1259852.48,grams,"Massachusetts Cannabis Control Commission Open Data, ""Medical Marijuana Establishments (MMEs) - Facility Sales""",https://masscannabiscontrol.com/resource/a_sales_mtc_gross.csv,2026-09-25,"DERIVED by agent: sum of daily rows (SALEDATE in month) across Retail and delivery data types in CCC dataset a_sales_mtc_gross, CCCLastUpdated 2026-09-08; file downloaded by the author 2026-09-25 with $limit=500000 (complete: annual sums match CCC annual report within 0.4%). Product category ""Buds"", rows recorded in grams only; rows recorded in lb, oz, kg, mg or ea (under 0.2% of Buds dollars) are excluded because their quantities convert to implausible prices."
MA,2025-07,month,80,total_sales_usd_medical,13329942.22,usd,"Massachusetts Cannabis Control Commission Open Data, ""Medical Marijuana Establishments (MMEs) - Facility Sales""",https://masscannabiscontrol.com/resource/a_sales_mtc_gross.csv,2026-09-25,"DERIVED by agent: sum of daily rows (SALEDATE in month) across Retail and delivery data types in CCC dataset a_sales_mtc_gross, CCCLastUpdated 2026-09-08; file downloaded by the author 2026-09-25 with $limit=500000 (complete: annual sums match CCC annual report within 0.4%). All product categories."
MA,2025-07,month,80,flower_sales_usd_medical,4897446.98,usd,"Massachusetts Cannabis Control Commission Open Data, ""Medical Marijuana Establishments (MMEs) - Facility Sales""",https://masscannabiscontrol.com/resource/a_sales_mtc_gross.csv,2026-09-25,"DERIVED by agent: sum of daily rows (SALEDATE in month) across Retail and delivery data types in CCC dataset a_sales_mtc_gross, CCCLastUpdated 2026-09-08; file downloaded by the author 2026-09-25 with $limit=500000 (complete: annual sums match CCC annual report within 0.4%). Product category ""Buds"" (excludes pre-rolls, shake/trim, kief), all units of measure."
MA,2025-07,month,80,flower_sold_grams_medical,1298767.63,grams,"Massachusetts Cannabis Control Commission Open Data, ""Medical Marijuana Establishments (MMEs) - Facility Sales""",https://masscannabiscontrol.com/resource/a_sales_mtc_gross.csv,2026-09-25,"DERIVED by agent: sum of daily rows (SALEDATE in month) across Retail and delivery data types in CCC dataset a_sales_mtc_gross, CCCLastUpdated 2026-09-08; file downloaded by the author 2026-09-25 with $limit=500000 (complete: annual sums match CCC annual report within 0.4%). Product category ""Buds"", rows recorded in grams only; rows recorded in lb, oz, kg, mg or ea (under 0.2% of Buds dollars) are excluded because their quantities convert to implausible prices."
MA,2025-08,month,81,total_sales_usd_medical,13481518.4,usd,"Massachusetts Cannabis Control Commission Open Data, ""Medical Marijuana Establishments (MMEs) - Facility Sales""",https://masscannabiscontrol.com/resource/a_sales_mtc_gross.csv,2026-09-25,"DERIVED by agent: sum of daily rows (SALEDATE in month) across Retail and delivery data types in CCC dataset a_sales_mtc_gross, CCCLastUpdated 2026-09-08; file downloaded by the author 2026-09-25 with $limit=500000 (complete: annual sums match CCC annual report within 0.4%). All product categories."
MA,2025-08,month,81,flower_sales_usd_medical,4974858.81,usd,"Massachusetts Cannabis Control Commission Open Data, ""Medical Marijuana Establishments (MMEs) - Facility Sales""",https://masscannabiscontrol.com/resource/a_sales_mtc_gross.csv,2026-09-25,"DERIVED by agent: sum of daily rows (SALEDATE in month) across Retail and delivery data types in CCC dataset a_sales_mtc_gross, CCCLastUpdated 2026-09-08; file downloaded by the author 2026-09-25 with $limit=500000 (complete: annual sums match CCC annual report within 0.4%). Product category ""Buds"" (excludes pre-rolls, shake/trim, kief), all units of measure."
MA,2025-08,month,81,flower_sold_grams_medical,1326030.53,grams,"Massachusetts Cannabis Control Commission Open Data, ""Medical Marijuana Establishments (MMEs) - Facility Sales""",https://masscannabiscontrol.com/resource/a_sales_mtc_gross.csv,2026-09-25,"DERIVED by agent: sum of daily rows (SALEDATE in month) across Retail and delivery data types in CCC dataset a_sales_mtc_gross, CCCLastUpdated 2026-09-08; file downloaded by the author 2026-09-25 with $limit=500000 (complete: annual sums match CCC annual report within 0.4%). Product category ""Buds"", rows recorded in grams only; rows recorded in lb, oz, kg, mg or ea (under 0.2% of Buds dollars) are excluded because their quantities convert to implausible prices."
MA,2025-09,month,82,total_sales_usd_medical,12051824.96,usd,"Massachusetts Cannabis Control Commission Open Data, ""Medical Marijuana Establishments (MMEs) - Facility Sales""",https://masscannabiscontrol.com/resource/a_sales_mtc_gross.csv,2026-09-25,"DERIVED by agent: sum of daily rows (SALEDATE in month) across Retail and delivery data types in CCC dataset a_sales_mtc_gross, CCCLastUpdated 2026-09-08; file downloaded by the author 2026-09-25 with $limit=500000 (complete: annual sums match CCC annual report within 0.4%). All product categories."
MA,2025-09,month,82,flower_sales_usd_medical,4459905.06,usd,"Massachusetts Cannabis Control Commission Open Data, ""Medical Marijuana Establishments (MMEs) - Facility Sales""",https://masscannabiscontrol.com/resource/a_sales_mtc_gross.csv,2026-09-25,"DERIVED by agent: sum of daily rows (SALEDATE in month) across Retail and delivery data types in CCC dataset a_sales_mtc_gross, CCCLastUpdated 2026-09-08; file downloaded by the author 2026-09-25 with $limit=500000 (complete: annual sums match CCC annual report within 0.4%). Product category ""Buds"" (excludes pre-rolls, shake/trim, kief), all units of measure."
MA,2025-09,month,82,flower_sold_grams_medical,1184845.01,grams,"Massachusetts Cannabis Control Commission Open Data, ""Medical Marijuana Establishments (MMEs) - Facility Sales""",https://masscannabiscontrol.com/resource/a_sales_mtc_gross.csv,2026-09-25,"DERIVED by agent: sum of daily rows (SALEDATE in month) across Retail and delivery data types in CCC dataset a_sales_mtc_gross, CCCLastUpdated 2026-09-08; file downloaded by the author 2026-09-25 with $limit=500000 (complete: annual sums match CCC annual report within 0.4%). Product category ""Buds"", rows recorded in grams only; rows recorded in lb, oz, kg, mg or ea (under 0.2% of Buds dollars) are excluded because their quantities convert to implausible prices."
MA,2025-10,month,83,total_sales_usd_medical,12678938.76,usd,"Massachusetts Cannabis Control Commission Open Data, ""Medical Marijuana Establishments (MMEs) - Facility Sales""",https://masscannabiscontrol.com/resource/a_sales_mtc_gross.csv,2026-09-25,"DERIVED by agent: sum of daily rows (SALEDATE in month) across Retail and delivery data types in CCC dataset a_sales_mtc_gross, CCCLastUpdated 2026-09-08; file downloaded by the author 2026-09-25 with $limit=500000 (complete: annual sums match CCC annual report within 0.4%). All product categories."
MA,2025-10,month,83,flower_sales_usd_medical,4622808.37,usd,"Massachusetts Cannabis Control Commission Open Data, ""Medical Marijuana Establishments (MMEs) - Facility Sales""",https://masscannabiscontrol.com/resource/a_sales_mtc_gross.csv,2026-09-25,"DERIVED by agent: sum of daily rows (SALEDATE in month) across Retail and delivery data types in CCC dataset a_sales_mtc_gross, CCCLastUpdated 2026-09-08; file downloaded by the author 2026-09-25 with $limit=500000 (complete: annual sums match CCC annual report within 0.4%). Product category ""Buds"" (excludes pre-rolls, shake/trim, kief), all units of measure."
MA,2025-10,month,83,flower_sold_grams_medical,1255021.25,grams,"Massachusetts Cannabis Control Commission Open Data, ""Medical Marijuana Establishments (MMEs) - Facility Sales""",https://masscannabiscontrol.com/resource/a_sales_mtc_gross.csv,2026-09-25,"DERIVED by agent: sum of daily rows (SALEDATE in month) across Retail and delivery data types in CCC dataset a_sales_mtc_gross, CCCLastUpdated 2026-09-08; file downloaded by the author 2026-09-25 with $limit=500000 (complete: annual sums match CCC annual report within 0.4%). Product category ""Buds"", rows recorded in grams only; rows recorded in lb, oz, kg, mg or ea (under 0.2% of Buds dollars) are excluded because their quantities convert to implausible prices."
MA,2025-11,month,84,total_sales_usd_medical,12445046.86,usd,"Massachusetts Cannabis Control Commission Open Data, ""Medical Marijuana Establishments (MMEs) - Facility Sales""",https://masscannabiscontrol.com/resource/a_sales_mtc_gross.csv,2026-09-25,"DERIVED by agent: sum of daily rows (SALEDATE in month) across Retail and delivery data types in CCC dataset a_sales_mtc_gross, CCCLastUpdated 2026-09-08; file downloaded by the author 2026-09-25 with $limit=500000 (complete: annual sums match CCC annual report within 0.4%). All product categories."
MA,2025-11,month,84,flower_sales_usd_medical,4471059.86,usd,"Massachusetts Cannabis Control Commission Open Data, ""Medical Marijuana Establishments (MMEs) - Facility Sales""",https://masscannabiscontrol.com/resource/a_sales_mtc_gross.csv,2026-09-25,"DERIVED by agent: sum of daily rows (SALEDATE in month) across Retail and delivery data types in CCC dataset a_sales_mtc_gross, CCCLastUpdated 2026-09-08; file downloaded by the author 2026-09-25 with $limit=500000 (complete: annual sums match CCC annual report within 0.4%). Product category ""Buds"" (excludes pre-rolls, shake/trim, kief), all units of measure."
MA,2025-11,month,84,flower_sold_grams_medical,1231498.68,grams,"Massachusetts Cannabis Control Commission Open Data, ""Medical Marijuana Establishments (MMEs) - Facility Sales""",https://masscannabiscontrol.com/resource/a_sales_mtc_gross.csv,2026-09-25,"DERIVED by agent: sum of daily rows (SALEDATE in month) across Retail and delivery data types in CCC dataset a_sales_mtc_gross, CCCLastUpdated 2026-09-08; file downloaded by the author 2026-09-25 with $limit=500000 (complete: annual sums match CCC annual report within 0.4%). Product category ""Buds"", rows recorded in grams only; rows recorded in lb, oz, kg, mg or ea (under 0.2% of Buds dollars) are excluded because their quantities convert to implausible prices."
MA,2025-12,month,85,total_sales_usd_medical,12838974.6,usd,"Massachusetts Cannabis Control Commission Open Data, ""Medical Marijuana Establishments (MMEs) - Facility Sales""",https://masscannabiscontrol.com/resource/a_sales_mtc_gross.csv,2026-09-25,"DERIVED by agent: sum of daily rows (SALEDATE in month) across Retail and delivery data types in CCC dataset a_sales_mtc_gross, CCCLastUpdated 2026-09-08; file downloaded by the author 2026-09-25 with $limit=500000 (complete: annual sums match CCC annual report within 0.4%). All product categories."
MA,2025-12,month,85,flower_sales_usd_medical,4532741.12,usd,"Massachusetts Cannabis Control Commission Open Data, ""Medical Marijuana Establishments (MMEs) - Facility Sales""",https://masscannabiscontrol.com/resource/a_sales_mtc_gross.csv,2026-09-25,"DERIVED by agent: sum of daily rows (SALEDATE in month) across Retail and delivery data types in CCC dataset a_sales_mtc_gross, CCCLastUpdated 2026-09-08; file downloaded by the author 2026-09-25 with $limit=500000 (complete: annual sums match CCC annual report within 0.4%). Product category ""Buds"" (excludes pre-rolls, shake/trim, kief), all units of measure."
MA,2025-12,month,85,flower_sold_grams_medical,1264364.69,grams,"Massachusetts Cannabis Control Commission Open Data, ""Medical Marijuana Establishments (MMEs) - Facility Sales""",https://masscannabiscontrol.com/resource/a_sales_mtc_gross.csv,2026-09-25,"DERIVED by agent: sum of daily rows (SALEDATE in month) across Retail and delivery data types in CCC dataset a_sales_mtc_gross, CCCLastUpdated 2026-09-08; file downloaded by the author 2026-09-25 with $limit=500000 (complete: annual sums match CCC annual report within 0.4%). Product category ""Buds"", rows recorded in grams only; rows recorded in lb, oz, kg, mg or ea (under 0.2% of Buds dollars) are excluded because their quantities convert to implausible prices."
MA,2026-01,month,86,total_sales_usd_medical,12049308.1,usd,"Massachusetts Cannabis Control Commission Open Data, ""Medical Marijuana Establishments (MMEs) - Facility Sales""",https://masscannabiscontrol.com/resource/a_sales_mtc_gross.csv,2026-09-25,"DERIVED by agent: sum of daily rows (SALEDATE in month) across Retail and delivery data types in CCC dataset a_sales_mtc_gross, CCCLastUpdated 2026-09-08; file downloaded by the author 2026-09-25 with $limit=500000 (complete: annual sums match CCC annual report within 0.4%). All product categories."
MA,2026-01,month,86,flower_sales_usd_medical,4437018.78,usd,"Massachusetts Cannabis Control Commission Open Data, ""Medical Marijuana Establishments (MMEs) - Facility Sales""",https://masscannabiscontrol.com/resource/a_sales_mtc_gross.csv,2026-09-25,"DERIVED by agent: sum of daily rows (SALEDATE in month) across Retail and delivery data types in CCC dataset a_sales_mtc_gross, CCCLastUpdated 2026-09-08; file downloaded by the author 2026-09-25 with $limit=500000 (complete: annual sums match CCC annual report within 0.4%). Product category ""Buds"" (excludes pre-rolls, shake/trim, kief), all units of measure."
MA,2026-01,month,86,flower_sold_grams_medical,1215517.46,grams,"Massachusetts Cannabis Control Commission Open Data, ""Medical Marijuana Establishments (MMEs) - Facility Sales""",https://masscannabiscontrol.com/resource/a_sales_mtc_gross.csv,2026-09-25,"DERIVED by agent: sum of daily rows (SALEDATE in month) across Retail and delivery data types in CCC dataset a_sales_mtc_gross, CCCLastUpdated 2026-09-08; file downloaded by the author 2026-09-25 with $limit=500000 (complete: annual sums match CCC annual report within 0.4%). Product category ""Buds"", rows recorded in grams only; rows recorded in lb, oz, kg, mg or ea (under 0.2% of Buds dollars) are excluded because their quantities convert to implausible prices."
MA,2026-02,month,87,total_sales_usd_medical,11040323.11,usd,"Massachusetts Cannabis Control Commission Open Data, ""Medical Marijuana Establishments (MMEs) - Facility Sales""",https://masscannabiscontrol.com/resource/a_sales_mtc_gross.csv,2026-09-25,"DERIVED by agent: sum of daily rows (SALEDATE in month) across Retail and delivery data types in CCC dataset a_sales_mtc_gross, CCCLastUpdated 2026-09-08; file downloaded by the author 2026-09-25 with $limit=500000 (complete: annual sums match CCC annual report within 0.4%). All product categories."
MA,2026-02,month,87,flower_sales_usd_medical,3977276.75,usd,"Massachusetts Cannabis Control Commission Open Data, ""Medical Marijuana Establishments (MMEs) - Facility Sales""",https://masscannabiscontrol.com/resource/a_sales_mtc_gross.csv,2026-09-25,"DERIVED by agent: sum of daily rows (SALEDATE in month) across Retail and delivery data types in CCC dataset a_sales_mtc_gross, CCCLastUpdated 2026-09-08; file downloaded by the author 2026-09-25 with $limit=500000 (complete: annual sums match CCC annual report within 0.4%). Product category ""Buds"" (excludes pre-rolls, shake/trim, kief), all units of measure."
MA,2026-02,month,87,flower_sold_grams_medical,1099980.85,grams,"Massachusetts Cannabis Control Commission Open Data, ""Medical Marijuana Establishments (MMEs) - Facility Sales""",https://masscannabiscontrol.com/resource/a_sales_mtc_gross.csv,2026-09-25,"DERIVED by agent: sum of daily rows (SALEDATE in month) across Retail and delivery data types in CCC dataset a_sales_mtc_gross, CCCLastUpdated 2026-09-08; file downloaded by the author 2026-09-25 with $limit=500000 (complete: annual sums match CCC annual report within 0.4%). Product category ""Buds"", rows recorded in grams only; rows recorded in lb, oz, kg, mg or ea (under 0.2% of Buds dollars) are excluded because their quantities convert to implausible prices."
MA,2026-03,month,88,total_sales_usd_medical,12007840.66,usd,"Massachusetts Cannabis Control Commission Open Data, ""Medical Marijuana Establishments (MMEs) - Facility Sales""",https://masscannabiscontrol.com/resource/a_sales_mtc_gross.csv,2026-09-25,"DERIVED by agent: sum of daily rows (SALEDATE in month) across Retail and delivery data types in CCC dataset a_sales_mtc_gross, CCCLastUpdated 2026-09-08; file downloaded by the author 2026-09-25 with $limit=500000 (complete: annual sums match CCC annual report within 0.4%). All product categories."
MA,2026-03,month,88,flower_sales_usd_medical,4370332.38,usd,"Massachusetts Cannabis Control Commission Open Data, ""Medical Marijuana Establishments (MMEs) - Facility Sales""",https://masscannabiscontrol.com/resource/a_sales_mtc_gross.csv,2026-09-25,"DERIVED by agent: sum of daily rows (SALEDATE in month) across Retail and delivery data types in CCC dataset a_sales_mtc_gross, CCCLastUpdated 2026-09-08; file downloaded by the author 2026-09-25 with $limit=500000 (complete: annual sums match CCC annual report within 0.4%). Product category ""Buds"" (excludes pre-rolls, shake/trim, kief), all units of measure."
MA,2026-03,month,88,flower_sold_grams_medical,1220233.21,grams,"Massachusetts Cannabis Control Commission Open Data, ""Medical Marijuana Establishments (MMEs) - Facility Sales""",https://masscannabiscontrol.com/resource/a_sales_mtc_gross.csv,2026-09-25,"DERIVED by agent: sum of daily rows (SALEDATE in month) across Retail and delivery data types in CCC dataset a_sales_mtc_gross, CCCLastUpdated 2026-09-08; file downloaded by the author 2026-09-25 with $limit=500000 (complete: annual sums match CCC annual report within 0.4%). Product category ""Buds"", rows recorded in grams only; rows recorded in lb, oz, kg, mg or ea (under 0.2% of Buds dollars) are excluded because their quantities convert to implausible prices."
MA,2026-04,month,89,total_sales_usd_medical,12115022.97,usd,"Massachusetts Cannabis Control Commission Open Data, ""Medical Marijuana Establishments (MMEs) - Facility Sales""",https://masscannabiscontrol.com/resource/a_sales_mtc_gross.csv,2026-09-25,"DERIVED by agent: sum of daily rows (SALEDATE in month) across Retail and delivery data types in CCC dataset a_sales_mtc_gross, CCCLastUpdated 2026-09-08; file downloaded by the author 2026-09-25 with $limit=500000 (complete: annual sums match CCC annual report within 0.4%). All product categories."
MA,2026-04,month,89,flower_sales_usd_medical,4302406.95,usd,"Massachusetts Cannabis Control Commission Open Data, ""Medical Marijuana Establishments (MMEs) - Facility Sales""",https://masscannabiscontrol.com/resource/a_sales_mtc_gross.csv,2026-09-25,"DERIVED by agent: sum of daily rows (SALEDATE in month) across Retail and delivery data types in CCC dataset a_sales_mtc_gross, CCCLastUpdated 2026-09-08; file downloaded by the author 2026-09-25 with $limit=500000 (complete: annual sums match CCC annual report within 0.4%). Product category ""Buds"" (excludes pre-rolls, shake/trim, kief), all units of measure."
MA,2026-04,month,89,flower_sold_grams_medical,1240976.07,grams,"Massachusetts Cannabis Control Commission Open Data, ""Medical Marijuana Establishments (MMEs) - Facility Sales""",https://masscannabiscontrol.com/resource/a_sales_mtc_gross.csv,2026-09-25,"DERIVED by agent: sum of daily rows (SALEDATE in month) across Retail and delivery data types in CCC dataset a_sales_mtc_gross, CCCLastUpdated 2026-09-08; file downloaded by the author 2026-09-25 with $limit=500000 (complete: annual sums match CCC annual report within 0.4%). Product category ""Buds"", rows recorded in grams only; rows recorded in lb, oz, kg, mg or ea (under 0.2% of Buds dollars) are excluded because their quantities convert to implausible prices."
MA,2026-05,month,90,total_sales_usd_medical,11944225.09,usd,"Massachusetts Cannabis Control Commission Open Data, ""Medical Marijuana Establishments (MMEs) - Facility Sales""",https://masscannabiscontrol.com/resource/a_sales_mtc_gross.csv,2026-09-25,"DERIVED by agent: sum of daily rows (SALEDATE in month) across Retail and delivery data types in CCC dataset a_sales_mtc_gross, CCCLastUpdated 2026-09-08; file downloaded by the author 2026-09-25 with $limit=500000 (complete: annual sums match CCC annual report within 0.4%). All product categories."
MA,2026-05,month,90,flower_sales_usd_medical,4253249.24,usd,"Massachusetts Cannabis Control Commission Open Data, ""Medical Marijuana Establishments (MMEs) - Facility Sales""",https://masscannabiscontrol.com/resource/a_sales_mtc_gross.csv,2026-09-25,"DERIVED by agent: sum of daily rows (SALEDATE in month) across Retail and delivery data types in CCC dataset a_sales_mtc_gross, CCCLastUpdated 2026-09-08; file downloaded by the author 2026-09-25 with $limit=500000 (complete: annual sums match CCC annual report within 0.4%). Product category ""Buds"" (excludes pre-rolls, shake/trim, kief), all units of measure."
MA,2026-05,month,90,flower_sold_grams_medical,1214247.47,grams,"Massachusetts Cannabis Control Commission Open Data, ""Medical Marijuana Establishments (MMEs) - Facility Sales""",https://masscannabiscontrol.com/resource/a_sales_mtc_gross.csv,2026-09-25,"DERIVED by agent: sum of daily rows (SALEDATE in month) across Retail and delivery data types in CCC dataset a_sales_mtc_gross, CCCLastUpdated 2026-09-08; file downloaded by the author 2026-09-25 with $limit=500000 (complete: annual sums match CCC annual report within 0.4%). Product category ""Buds"", rows recorded in grams only; rows recorded in lb, oz, kg, mg or ea (under 0.2% of Buds dollars) are excluded because their quantities convert to implausible prices."
MA,2026-06,month,91,total_sales_usd_medical,13021159.49,usd,"Massachusetts Cannabis Control Commission Open Data, ""Medical Marijuana Establishments (MMEs) - Facility Sales""",https://masscannabiscontrol.com/resource/a_sales_mtc_gross.csv,2026-09-25,"DERIVED by agent: sum of daily rows (SALEDATE in month) across Retail and delivery data types in CCC dataset a_sales_mtc_gross, CCCLastUpdated 2026-09-08; file downloaded by the author 2026-09-25 with $limit=500000 (complete: annual sums match CCC annual report within 0.4%). All product categories."
MA,2026-06,month,91,flower_sales_usd_medical,4604932.78,usd,"Massachusetts Cannabis Control Commission Open Data, ""Medical Marijuana Establishments (MMEs) - Facility Sales""",https://masscannabiscontrol.com/resource/a_sales_mtc_gross.csv,2026-09-25,"DERIVED by agent: sum of daily rows (SALEDATE in month) across Retail and delivery data types in CCC dataset a_sales_mtc_gross, CCCLastUpdated 2026-09-08; file downloaded by the author 2026-09-25 with $limit=500000 (complete: annual sums match CCC annual report within 0.4%). Product category ""Buds"" (excludes pre-rolls, shake/trim, kief), all units of measure."
MA,2026-06,month,91,flower_sold_grams_medical,1296334.18,grams,"Massachusetts Cannabis Control Commission Open Data, ""Medical Marijuana Establishments (MMEs) - Facility Sales""",https://masscannabiscontrol.com/resource/a_sales_mtc_gross.csv,2026-09-25,"DERIVED by agent: sum of daily rows (SALEDATE in month) across Retail and delivery data types in CCC dataset a_sales_mtc_gross, CCCLastUpdated 2026-09-08; file downloaded by the author 2026-09-25 with $limit=500000 (complete: annual sums match CCC annual report within 0.4%). Product category ""Buds"", rows recorded in grams only; rows recorded in lb, oz, kg, mg or ea (under 0.2% of Buds dollars) are excluded because their quantities convert to implausible prices."
MA,2026-07,month,92,total_sales_usd_medical,12178935.15,usd,"Massachusetts Cannabis Control Commission Open Data, ""Medical Marijuana Establishments (MMEs) - Facility Sales""",https://masscannabiscontrol.com/resource/a_sales_mtc_gross.csv,2026-09-25,"DERIVED by agent: sum of daily rows (SALEDATE in month) across Retail and delivery data types in CCC dataset a_sales_mtc_gross, CCCLastUpdated 2026-09-08; file downloaded by the author 2026-09-25 with $limit=500000 (complete: annual sums match CCC annual report within 0.4%). All product categories."
MA,2026-07,month,92,flower_sales_usd_medical,4251134.3,usd,"Massachusetts Cannabis Control Commission Open Data, ""Medical Marijuana Establishments (MMEs) - Facility Sales""",https://masscannabiscontrol.com/resource/a_sales_mtc_gross.csv,2026-09-25,"DERIVED by agent: sum of daily rows (SALEDATE in month) across Retail and delivery data types in CCC dataset a_sales_mtc_gross, CCCLastUpdated 2026-09-08; file downloaded by the author 2026-09-25 with $limit=500000 (complete: annual sums match CCC annual report within 0.4%). Product category ""Buds"" (excludes pre-rolls, shake/trim, kief), all units of measure."
MA,2026-07,month,92,flower_sold_grams_medical,1213841.41,grams,"Massachusetts Cannabis Control Commission Open Data, ""Medical Marijuana Establishments (MMEs) - Facility Sales""",https://masscannabiscontrol.com/resource/a_sales_mtc_gross.csv,2026-09-25,"DERIVED by agent: sum of daily rows (SALEDATE in month) across Retail and delivery data types in CCC dataset a_sales_mtc_gross, CCCLastUpdated 2026-09-08; file downloaded by the author 2026-09-25 with $limit=500000 (complete: annual sums match CCC annual report within 0.4%). Product category ""Buds"", rows recorded in grams only; rows recorded in lb, oz, kg, mg or ea (under 0.2% of Buds dollars) are excluded because their quantities convert to implausible prices."
MA,2026-08,month,93,total_sales_usd_medical,11749540.58,usd,"Massachusetts Cannabis Control Commission Open Data, ""Medical Marijuana Establishments (MMEs) - Facility Sales""",https://masscannabiscontrol.com/resource/a_sales_mtc_gross.csv,2026-09-25,"DERIVED by agent: sum of daily rows (SALEDATE in month) across Retail and delivery data types in CCC dataset a_sales_mtc_gross, CCCLastUpdated 2026-09-08; file downloaded by the author 2026-09-25 with $limit=500000 (complete: annual sums match CCC annual report within 0.4%). All product categories."
MA,2026-08,month,93,flower_sales_usd_medical,4108412.71,usd,"Massachusetts Cannabis Control Commission Open Data, ""Medical Marijuana Establishments (MMEs) - Facility Sales""",https://masscannabiscontrol.com/resource/a_sales_mtc_gross.csv,2026-09-25,"DERIVED by agent: sum of daily rows (SALEDATE in month) across Retail and delivery data types in CCC dataset a_sales_mtc_gross, CCCLastUpdated 2026-09-08; file downloaded by the author 2026-09-25 with $limit=500000 (complete: annual sums match CCC annual report within 0.4%). Product category ""Buds"" (excludes pre-rolls, shake/trim, kief), all units of measure."
MA,2026-08,month,93,flower_sold_grams_medical,1164587.25,grams,"Massachusetts Cannabis Control Commission Open Data, ""Medical Marijuana Establishments (MMEs) - Facility Sales""",https://masscannabiscontrol.com/resource/a_sales_mtc_gross.csv,2026-09-25,"DERIVED by agent: sum of daily rows (SALEDATE in month) across Retail and delivery data types in CCC dataset a_sales_mtc_gross, CCCLastUpdated 2026-09-08; file downloaded by the author 2026-09-25 with $limit=500000 (complete: annual sums match CCC annual report within 0.4%). Product category ""Buds"", rows recorded in grams only; rows recorded in lb, oz, kg, mg or ea (under 0.2% of Buds dollars) are excluded because their quantities convert to implausible prices."
